date,close_raw,close_split_adj,div,total_ret
2003-06-30,37.08,9.27,0,0
2003-07-01,38.05,9.5125,0,0.0261596548
2003-07-02,38.69,9.6725,0,0.01681997372
2003-07-03,39,9.75,0,0.008012406307
2003-07-04,39.26,9.815,0,0.006666666667
2003-07-07,41,10.25,0,0.04431991849
2003-07-08,41.19,10.2975,0,0.004634146341
2003-07-09,41.22,10.305,0,0.0007283321194
2003-07-10,40.05,10.0125,0,-0.02838427948
2003-07-11,39.91,9.9775,0,-0.003495630462
2003-07-14,40.66,10.165,0,0.01879228264
2003-07-15,40.19,10.0475,0,-0.01155927201
2003-07-16,40.85,10.2125,0,0.01642199552
2003-07-17,39.8,9.95,0,-0.02570379437
2003-07-18,39.92,9.98,0,0.003015075377
2003-07-21,39.4,9.85,0,-0.0130260521
2003-07-22,39.98,9.995,0,0.01472081218
2003-07-23,40.05,10.0125,0,0.001750875438
2003-07-24,41.23,10.3075,0,0.02946317104
2003-07-25,41.23,10.3075,0,0
2003-07-28,41.58,10.395,0,0.008488964346
2003-07-29,41.02,10.255,0,-0.01346801347
2003-07-30,40.6,10.15,0,-0.01023890785
2003-07-31,40.87,10.2175,0,0.006650246305
2003-08-01,41.6,10.4,0,0.01786151211
2003-08-04,41.4,10.35,0,-0.004807692308
2003-08-05,40.5,10.125,0,-0.02173913043
2003-08-06,40.23,10.0575,0,-0.006666666667
2003-08-07,40.7,10.175,0,0.01168282376
2003-08-08,40.18,10.045,0,-0.01277641278
2003-08-11,40.1,10.025,0,-0.001991040319
2003-08-12,40.55,10.1375,0,0.01122194514
2003-08-13,42.45,10.6125,0,0.04685573366
2003-08-14,42.3,10.575,0,-0.003533568905
2003-08-15,42.72,10.68,0,0.009929078014
2003-08-18,42.8,10.7,0,0.001872659176
2003-08-19,43,10.75,0,0.004672897196
2003-08-20,43.19,10.7975,0,0.004418604651
2003-08-21,44,11,0,0.01875434128
2003-08-22,44.04,11.01,0,0.0009090909091
2003-08-25,44.35,11.0875,0,0.007039055404
2003-08-26,43.46,10.865,0,-0.02006764374
2003-08-27,43.62,10.905,0,0.003681546249
2003-08-28,43.56,10.89,0,-0.001375515818
2003-08-29,44.92,11.23,0,0.03122130395
2003-09-01,45.15,11.2875,0,0.005120213713
2003-09-02,45.52,11.38,0,0.008194905869
2003-09-03,45,11.25,0,-0.01142355009
2003-09-04,44.51,11.1275,0,-0.01088888889
2003-09-05,45.03,11.2575,0,0.01168276792
2003-09-08,45.95,11.4875,0,0.0204308239
2003-09-09,45.7,11.425,0,-0.005440696409
2003-09-10,45.1,11.275,0,-0.01312910284
2003-09-12,45.47,11.3675,0,0.008203991131
2003-09-15,45,11.25,0,-0.01033648559
2003-09-16,45.45,11.3625,0,0.01
2003-09-17,45.79,11.4475,0,0.007480748075
2003-09-18,45.68,11.42,0,-0.002402271238
2003-09-19,45.8,11.45,0,0.002626970228
2003-09-22,45,11.25,0,-0.01746724891
2003-09-23,44.8,11.2,0,-0.004444444444
2003-09-24,44.85,11.2125,0,0.001116071429
2003-09-25,44.85,11.2125,0,0
2003-09-26,44.85,11.2125,0,0
2003-09-29,44.71,11.1775,0,-0.003121516165
2003-09-30,44.7,11.175,0,-0.0002236636099
2003-10-01,44.16,11.04,0,-0.01208053691
2003-10-02,45.05,11.2625,0,0.02015398551
2003-10-03,45.31,11.3275,0,0.00577136515
2003-10-06,46.25,11.5625,0,0.02074597219
2003-10-07,46.28,11.57,0,0.0006486486486
2003-10-08,46,11.5,0,-0.006050129646
2003-10-09,46.14,11.535,0,0.003043478261
2003-10-13,47.19,11.7975,0,0.02275682705
2003-10-14,47.01,11.7525,0,-0.003814367451
2003-10-15,47.05,11.7625,0,0.0008508827909
2003-10-16,47.7,11.925,0,0.01381509033
2003-10-17,47.79,11.9475,0,0.001886792453
2003-10-20,48,12,0,0.004394224733
2003-10-21,47.8,11.95,0,-0.004166666667
2003-10-22,47.8,11.95,0,0
2003-10-23,47.1,11.775,0,-0.01464435146
2003-10-24,46.95,11.7375,0,-0.003184713376
2003-10-27,47,11.75,0,0.001064962726
2003-10-28,47.85,11.9625,0,0.01808510638
2003-10-29,48,12,0,0.003134796238
2003-10-30,48.16,12.04,0,0.003333333333
2003-10-31,48,12,0,-0.003322259136
2003-11-03,48,12,0,0
2003-11-04,48,12,0,0
2003-11-05,48.44,12.11,0,0.009166666667
2003-11-06,47.6,11.9,0,-0.01734104046
2003-11-07,47.78,11.945,0,0.003781512605
2003-11-10,47.51,11.8775,0,-0.005650899958
2003-11-11,47.18,11.795,0,-0.006945906125
2003-11-12,47.02,11.755,0,-0.003391267486
2003-11-13,47.35,11.8375,0,0.007018290089
2003-11-14,47.55,11.8875,0,0.004223864836
2003-11-17,46.7,11.675,0,-0.01787592008
2003-11-18,46.6,11.65,0,-0.002141327623
2003-11-19,45.99,11.4975,0,-0.01309012876
2003-11-20,45.6,11.4,0,-0.008480104371
2003-11-21,45.57,11.3925,0,-0.0006578947368
2003-11-24,45.58,11.395,0,0.0002194426158
2003-11-25,45.95,11.4875,0,0.008117595437
2003-11-26,46,11.5,0,0.001088139282
2003-11-27,45.48,11.37,0,-0.01130434783
2003-11-28,45,11.25,0,-0.01055408971
2003-12-01,46.2,11.55,0,0.02666666667
2003-12-02,46.15,11.5375,0,-0.001082251082
2003-12-03,46.07,11.5175,0,-0.00173347779
2003-12-04,46.2,11.55,0,0.002821792924
2003-12-05,46.27,11.5675,0,0.001515151515
2003-12-08,46.3,11.575,0,0.0006483682732
2003-12-09,46,11.5,0,-0.006479481641
2003-12-10,45.74,11.435,0,-0.005652173913
2003-12-11,45.8,11.45,0,0.001311762134
2003-12-12,46.1,11.525,0,0.006550218341
2003-12-15,46.45,11.6125,0,0.007592190889
2003-12-16,46.18,11.545,0,-0.00581270183
2003-12-17,45.3,11.325,0,-0.01905586834
2003-12-18,45.4,11.35,0,0.002207505519
2003-12-19,45.15,11.2875,0,-0.00550660793
2003-12-22,45.78,11.445,0,0.01395348837
2003-12-23,45.8,11.45,0,0.0004368719965
2003-12-24,45.9,11.475,0,0.002183406114
2003-12-25,45.81,11.4525,0,-0.001960784314
2003-12-26,45.75,11.4375,0,-0.001309757695
2003-12-29,45.42,11.355,0,-0.007213114754
2003-12-30,45.9,11.475,0,0.0105680317
2003-12-31,45.92,11.48,0,0.0004357298475
2004-01-02,47.3,11.825,0,0.03005226481
2004-01-05,47.8,11.95,0,0.01057082452
2004-01-06,47.8,11.95,0,0
2004-01-07,47.8,11.95,0,0
2004-01-08,48.08,12.02,0,0.005857740586
2004-01-09,48.41,12.1025,0,0.006863560732
2004-01-12,48.53,12.1325,0,0.002478826689
2004-01-13,48.48,12.12,0,-0.001030290542
2004-01-14,48.95,12.2375,0,0.009694719472
2004-01-15,48.94,12.235,0,-0.0002042900919
2004-01-16,48.9,12.225,0,-0.0008173273396
2004-01-27,49.11,12.2775,0,0.004294478528
2004-01-28,49.03,12.2575,0,-0.001628996131
2004-01-29,48.6,12.15,0,-0.00877014073
2004-01-30,48.52,12.13,0,-0.001646090535
2004-02-02,48.3,12.075,0,-0.004534212696
2004-02-03,47.66,11.915,0,-0.0132505176
2004-02-04,47.45,11.8625,0,-0.004406210659
2004-02-05,47.45,11.8625,0,0
2004-02-06,47.91,11.9775,0,0.009694415174
2004-02-09,48.5,12.125,0,0.01231475684
2004-02-10,48.54,12.135,0,0.000824742268
2004-02-11,48.37,12.0925,0,-0.003502266172
2004-02-12,48.59,12.1475,0,0.004548273723
2004-02-13,49.46,12.365,0,0.01790491871
2004-02-16,49.2,12.3,0,-0.00525677315
2004-02-17,49.5,12.375,0,0.006097560976
2004-02-18,49.53,12.3825,0,0.0006060606061
2004-02-19,50,12.5,0,0.009489198466
2004-02-20,50,12.5,0,0
2004-02-23,49.56,12.39,0,-0.0088
2004-02-24,49.45,12.3625,0,-0.002219531881
2004-02-25,49.6,12.4,0,0.003033367037
2004-02-26,49.8,12.45,0,0.004032258065
2004-02-27,50.55,12.6375,0,0.01506024096
2004-03-01,51.95,12.9875,0,0.02769535114
2004-03-02,52.8,13.2,0,0.01636188643
2004-03-03,52.7,13.175,0,-0.001893939394
2004-03-04,53.15,13.2875,0,0.008538899431
2004-03-05,52.5,13.125,0,-0.01222953904
2004-03-08,51.85,12.9625,0,-0.01238095238
2004-03-09,52,13,0,0.002892960463
2004-03-10,51.35,12.8375,0,-0.0125
2004-03-11,51.4,12.85,0,0.0009737098345
2004-03-12,50.45,12.6125,0,-0.01848249027
2004-03-15,49.65,12.4125,0,-0.01585728444
2004-03-16,49,12.25,0,-0.01309164149
2004-03-17,49.08,12.27,0,0.001632653061
2004-03-18,50.7,12.675,0,0.03300733496
2004-03-19,51,12.75,0,0.005917159763
2004-03-22,47.43,11.8575,0,-0.07
2004-03-23,46.4,11.6,0,-0.02171621337
2004-03-24,46.95,11.7375,0,0.01185344828
2004-03-25,46.8,11.7,0,-0.003194888179
2004-03-26,46.79,11.6975,0,-0.0002136752137
2004-03-29,49.1,12.275,0,0.0493695234
2004-03-30,49.3,12.325,0,0.004073319756
2004-03-31,48.99,12.2475,0,-0.006288032454
2004-04-01,48.7,12.175,0,-0.005919575424
2004-04-02,48.91,12.2275,0,0.00431211499
2004-04-05,50,12.5,0,0.02228583112
2004-04-06,49.92,12.48,0,-0.0016
2004-04-07,49.87,12.4675,0,-0.001001602564
2004-04-08,50.1,12.525,0,0.004611991177
2004-04-09,49.8,12.45,0,-0.005988023952
2004-04-12,50.95,12.7375,0,0.02309236948
2004-04-13,50.85,12.7125,0,-0.001962708538
2004-04-14,51.4,12.85,0,0.01081612586
2004-04-15,50.4,12.6,0,-0.01945525292
2004-04-16,51.15,12.7875,0,0.01488095238
2004-04-19,50.9,12.725,0,-0.004887585533
2004-04-20,50.9,12.725,0,0
2004-04-21,51.25,12.8125,0,0.006876227898
2004-04-22,50.5,12.625,0,-0.01463414634
2004-04-23,50.8,12.7,0,0.005940594059
2004-04-26,50.9,12.725,0,0.001968503937
2004-04-27,50.4,12.6,0,-0.009823182711
2004-04-28,49.95,12.4875,0,-0.008928571429
2004-04-29,48.69,12.1725,0,-0.02522522523
2004-04-30,47.5,11.875,0,-0.02444033682
2004-05-03,45.95,11.4875,0,-0.03263157895
2004-05-04,47,11.75,0,0.02285092492
2004-05-05,44.7,11.175,0,-0.04893617021
2004-05-06,45.3,11.325,0,0.01342281879
2004-05-07,45.75,11.4375,0,0.009933774834
2004-05-10,44.6,11.15,0,-0.02513661202
2004-05-11,44.72,11.18,0,0.00269058296
2004-05-12,45.5,11.375,0,0.01744186047
2004-05-13,45,11.25,0,-0.01098901099
2004-05-14,44.1,11.025,0,-0.02
2004-05-17,41.02,10.255,0,-0.06984126984
2004-05-18,41.7,10.425,0,0.01657727938
2004-05-19,44.61,11.1525,0,0.06978417266
2004-05-20,44.5,11.125,0,-0.00246581484
2004-05-21,45.21,11.3025,0,0.01595505618
2004-05-24,45.12,11.28,0,-0.00199071002
2004-05-25,44.95,11.2375,0,-0.003767730496
2004-05-26,45.95,11.4875,0,0.02224694105
2004-05-27,45.95,11.4875,0,0
2004-05-28,46.3,11.575,0,0.007616974973
2004-05-31,45.35,11.3375,0,-0.02051835853
2004-06-01,45.2,11.3,0,-0.003307607497
2004-06-02,44.69,11.1725,0,-0.01128318584
2004-06-03,43.64,10.91,0,-0.02349518908
2004-06-04,43.02,10.755,0,-0.0142071494
2004-06-07,45.2,11.3,0,0.05067410507
2004-06-08,45.6,11.4,0,0.008849557522
2004-06-09,45.39,11.3475,0,-0.004605263158
2004-06-10,44.95,11.2375,0,-0.009693765147
2004-06-11,43.44,10.86,0,-0.03359288098
2004-06-14,42.2,10.55,0,-0.02854511971
2004-06-15,43,10.75,0,0.01895734597
2004-06-16,42.35,10.5875,0,-0.01511627907
2004-06-17,43.29,10.8225,0,0.02219598583
2004-06-18,42.6,10.65,0,-0.01593901594
2004-06-21,42.52,10.63,0,-0.001877934272
2004-06-23,43.9,10.975,0,0.03245531515
2004-06-24,44.36,11.09,0,0.01047835991
2004-06-25,44.4,11.1,0,0.0009017132552
2004-06-28,43.72,10.93,0,-0.01531531532
2004-06-29,43.8,10.95,0,0.001829826167
2004-06-30,44.75,11.1875,0,0.02168949772
2004-07-01,44.91,11.2275,0,0.003575418994
2004-07-02,43.92,10.98,0,-0.02204408818
2004-07-05,43.4,10.85,0,-0.01183970856
2004-07-06,43.8,10.95,0,0.009216589862
2004-07-07,43.9,10.975,0,0.002283105023
2004-07-08,43.82,10.955,0,-0.001822323462
2004-07-09,44.35,11.0875,0,0.01209493382
2004-07-12,44.04,11.01,0,-0.006989853439
2004-07-13,43.7,10.925,0,-0.007720254314
2004-07-14,43.32,10.83,0,-0.008695652174
2004-07-15,42.6,10.65,0,-0.01662049861
2004-07-16,42.38,10.595,0,-0.005164319249
2004-07-19,42.37,10.5925,0,-0.0002359603587
2004-07-20,41.2,10.3,0,-0.02761387774
2004-07-21,41.99,10.4975,0,0.01917475728
2004-07-22,41.6,10.4,0,-0.009287925697
2004-07-23,41.58,10.395,0,-0.0004807692308
2004-07-26,41.2,10.3,0,-0.009139009139
2004-07-27,41.86,10.465,0,0.01601941748
2004-07-28,41.74,10.435,0,-0.002866698519
2004-07-29,41.38,10.345,0,-0.008624820316
2004-07-30,41.91,10.4775,0,0.01280811986
2004-08-02,41.65,10.4125,0,-0.006203769983
2004-08-03,41.67,10.4175,0,0.0004801920768
2004-08-04,41.3,10.325,0,-0.008879289657
2004-08-05,42.8,10.7,0,0.03631961259
2004-08-06,42.27,10.5675,0,-0.01238317757
2004-08-09,42.24,10.56,0,-0.0007097232079
2004-08-10,42.02,10.505,0,-0.005208333333
2004-08-11,41.77,10.4425,0,-0.005949547834
2004-08-12,41.78,10.445,0,0.0002394062724
2004-08-13,41.82,10.455,0,0.0009573958832
2004-08-16,41.65,10.4125,0,-0.00406504065
2004-08-17,41.73,10.4325,0,0.001920768307
2004-08-18,42.74,10.685,0,0.02420321112
2004-08-19,44.2,11.05,0,0.03416003744
2004-08-20,44.2,11.05,0,0
2004-08-23,44.45,11.1125,0,0.005656108597
2004-08-26,45.95,11.4875,0,0.03374578178
2004-08-27,45.6,11.4,0,-0.007616974973
2004-08-30,45.59,11.3975,0,-0.0002192982456
2004-08-31,45.15,11.2875,0,-0.009651239307
2004-09-01,45.8,11.45,0,0.01439645626
2004-09-02,45.62,11.405,0,-0.003930131004
2004-09-03,44.84,11.21,0,-0.01709776414
2004-09-06,44.93,11.2325,0,0.002007136485
2004-09-07,45.5,11.375,0,0.01268640107
2004-09-08,45.47,11.3675,0,-0.0006593406593
2004-09-09,45.4,11.35,0,-0.001539476578
2004-09-10,45.45,11.3625,0,0.001101321586
2004-09-13,46.3,11.575,0,0.01870187019
2004-09-14,46.3,11.575,0,0
2004-09-15,45.76,11.44,0,-0.01166306695
2004-09-16,45.76,11.44,0,0
2004-09-17,45.4,11.35,0,-0.007867132867
2004-09-20,45.6,11.4,0,0.004405286344
2004-09-21,46.21,11.5525,0,0.01337719298
2004-09-22,46.33,11.5825,0,0.002596840511
2004-09-23,46.2,11.55,0,-0.002805957263
2004-09-24,45.4,11.35,0,-0.01731601732
2004-09-27,45.4,11.35,0,0
2004-09-29,45.39,11.3475,0,-0.0002202643172
2004-09-30,45.6,11.4,0,0.004626569729
2004-10-01,46.3,11.575,0,0.01535087719
2004-10-04,47.26,11.815,0,0.02073434125
2004-10-05,47.49,11.8725,0,0.004866694879
2004-10-06,47.3,11.825,0,-0.004000842283
2004-10-07,47.5,11.875,0,0.00422832981
2004-10-08,47.5,11.875,0,0
2004-10-11,47.15,11.7875,0,-0.007368421053
2004-10-12,46.28,11.57,0,-0.01845174973
2004-10-13,46.15,11.5375,0,-0.002808988764
2004-10-14,45.16,11.29,0,-0.02145178765
2004-10-15,45.08,11.27,0,-0.001771479185
2004-10-18,45.04,11.26,0,-0.0008873114463
2004-10-19,45.37,11.3425,0,0.007326820604
2004-10-20,45.1,11.275,0,-0.005951068988
2004-10-21,45.17,11.2925,0,0.00155210643
2004-10-22,45.2,11.3,0,0.0006641576267
2004-10-26,44.22,11.055,0,-0.02168141593
2004-10-27,44.15,11.0375,0,-0.00158299412
2004-10-28,44.85,11.2125,0,0.01585503964
2004-10-29,44.72,11.18,0,-0.002898550725
2004-11-01,44.29,11.0725,0,-0.009615384615
2004-11-02,45.2,11.3,0,0.02054639874
2004-11-03,46.02,11.505,0,0.01814159292
2004-11-04,46.2,11.55,0,0.003911342894
2004-11-05,46.93,11.7325,0,0.0158008658
2004-11-08,46.81,11.7025,0,-0.002556999787
2004-11-09,46.81,11.7025,0,0
2004-11-10,46.85,11.7125,0,0.0008545182653
2004-11-11,46,11.5,0,-0.01814300961
2004-11-12,46.51,11.6275,0,0.01108695652
2004-11-15,46.6,11.65,0,0.001935067727
2004-11-16,46.78,11.695,0,0.003862660944
2004-11-17,47.6,11.9,0,0.01752885849
2004-11-18,47.6,11.9,0,0
2004-11-19,47.4,11.85,0,-0.004201680672
2004-11-22,45.75,11.4375,0,-0.03481012658
2004-11-23,45.8,11.45,0,0.001092896175
2004-11-24,46.35,11.5875,0,0.01200873362
2004-11-25,46.03,11.5075,0,-0.00690399137
2004-11-26,45.46,11.365,0,-0.01238322833
2004-11-29,45.55,11.3875,0,0.001979762429
2004-11-30,45.5,11.375,0,-0.001097694841
2004-12-01,45.63,11.4075,0,0.002857142857
2004-12-02,46.06,11.515,0,0.009423624808
2004-12-03,46.4,11.6,0,0.007381676075
2004-12-06,46.6,11.65,0,0.004310344828
2004-12-07,46.64,11.66,0,0.0008583690987
2004-12-08,46.5,11.625,0,-0.003001715266
2004-12-09,46.5,11.625,0,0
2004-12-10,46.43,11.6075,0,-0.001505376344
2004-12-13,46,11.5,0,-0.0092612535
2004-12-14,46.23,11.5575,0,0.005
2004-12-15,47.15,11.7875,0,0.01990049751
2004-12-16,47.3,11.825,0,0.003181336161
2004-12-17,47.18,11.795,0,-0.002536997886
2004-12-20,46.52,11.63,0,-0.01398897838
2004-12-21,46.99,11.7475,0,0.01010318143
2004-12-22,47.2,11.8,0,0.004469035965
2004-12-23,46.96,11.74,0,-0.005084745763
2004-12-24,47.25,11.8125,0,0.006175468484
2004-12-27,47.02,11.755,0,-0.004867724868
2004-12-28,47.2,11.8,0,0.003828158231
2004-12-29,47.98,11.995,0,0.01652542373
2004-12-30,48.07,12.0175,0,0.001875781576
2004-12-31,48.5,12.125,0,0.008945288121
2005-01-03,48.3,12.075,0,-0.00412371134
2005-01-04,47.49,11.8725,0,-0.01677018634
2005-01-05,46.87,11.7175,0,-0.01305538008
2005-01-06,46.87,11.7175,0,0
2005-01-07,46.5,11.625,0,-0.007894175379
2005-01-10,46.68,11.67,0,0.003870967742
2005-01-11,46.9,11.725,0,0.00471293916
2005-01-12,45.95,11.4875,0,-0.02025586354
2005-01-13,45.89,11.4725,0,-0.001305767138
2005-01-14,46.09,11.5225,0,0.004358247984
2005-01-17,46.66,11.665,0,0.01236710783
2005-01-18,46.57,11.6425,0,-0.001928846978
2005-01-19,46.43,11.6075,0,-0.003006227185
2005-01-20,46.29,11.5725,0,-0.003015291837
2005-01-21,45.91,11.4775,0,-0.00820911644
2005-01-24,45.39,11.3475,0,-0.01132650839
2005-01-25,45.37,11.3425,0,-0.0004406256885
2005-01-26,45.83,11.4575,0,0.01013885828
2005-01-27,45.83,11.4575,0,0
2005-01-28,46.3,11.575,0,0.01025529129
2005-01-31,47.09,11.7725,0,0.01706263499
2005-02-01,47.08,11.77,0,-0.000212359312
2005-02-02,47.55,11.8875,0,0.009983007647
2005-02-03,47.67,11.9175,0,0.002523659306
2005-02-14,48.48,12.12,0,0.01699181875
2005-02-15,48.49,12.1225,0,0.0002062706271
2005-02-16,48.4,12.1,0,-0.001856052794
2005-02-17,47.77,11.9425,0,-0.01301652893
2005-02-18,47.95,11.9875,0,0.003768055265
2005-02-21,48.17,12.0425,0,0.004588112617
2005-02-22,47.9,11.975,0,-0.005605148433
2005-02-23,47.9,11.975,0,0
2005-02-24,47.93,11.9825,0,0.0006263048017
2005-02-25,48.63,12.1575,0,0.01460463175
2005-03-01,48.83,12.2075,0,0.004112687641
2005-03-02,48.7,12.175,0,-0.002662297768
2005-03-03,48.5,12.125,0,-0.004106776181
2005-03-04,48.2,12.05,0,-0.00618556701
2005-03-07,48.45,12.1125,0,0.005186721992
2005-03-08,47.9,11.975,0,-0.01135190918
2005-03-09,48.21,12.0525,0,0.006471816284
2005-03-10,48.05,12.0125,0,-0.003318813524
2005-03-11,48.18,12.045,0,0.002705515088
2005-03-14,47.74,11.935,0,-0.009132420091
2005-03-15,47.1,11.775,0,-0.01340594889
2005-03-16,47.29,11.8225,0,0.004033970276
2005-03-17,46.86,11.715,0,-0.009092831465
2005-03-18,46.86,11.715,0,0
2005-03-21,46.87,11.7175,0,0.0002134016219
2005-03-22,46.72,11.68,0,-0.00320034137
2005-03-23,46.5,11.625,0,-0.00470890411
2005-03-24,46.4,11.6,0,-0.002150537634
2005-03-25,46.85,11.7125,0,0.009698275862
2005-03-28,46.71,11.6775,0,-0.002988260406
2005-03-29,46.22,11.555,0,-0.01049025905
2005-03-30,46.23,11.5575,0,0.0002163565556
2005-03-31,46.75,11.6875,0,0.01124810729
2005-04-01,46.75,11.6875,0,0
2005-04-04,46.7,11.675,0,-0.001069518717
2005-04-06,46.65,11.6625,0,-0.001070663812
2005-04-07,46.5,11.625,0,-0.003215434084
2005-04-08,46.65,11.6625,0,0.003225806452
2005-04-11,46.5,11.625,0,-0.003215434084
2005-04-12,46.68,11.67,0,0.003870967742
2005-04-13,46.73,11.6825,0,0.001071122536
2005-04-14,46.5,11.625,0,-0.004921891718
2005-04-15,45.91,11.4775,0,-0.01268817204
2005-04-18,44.6,11.15,0,-0.02853408843
2005-04-19,44.9,11.225,0,0.006726457399
2005-04-20,44.4,11.1,0,-0.01113585746
2005-04-21,44.78,11.195,0,0.008558558559
2005-04-22,44.85,11.2125,0,0.001563197856
2005-04-25,45.11,11.2775,0,0.005797101449
2005-04-26,45.35,11.3375,0,0.005320328087
2005-04-27,45.37,11.3425,0,0.000441014333
2005-04-28,45.5,11.375,0,0.002865329513
2005-04-29,45.78,11.445,0,0.006153846154
2005-05-03,45.94,11.485,0,0.003494975972
2005-05-04,45.8,11.45,0,-0.0030474532
2005-05-05,46.89,11.7225,0,0.02379912664
2005-05-06,46.91,11.7275,0,0.000426530177
2005-05-09,47,11.75,0,0.00191856747
2005-05-10,47,11.75,0,0
2005-05-11,46.8,11.7,0,-0.004255319149
2005-05-12,46.85,11.7125,0,0.001068376068
2005-05-13,47.2,11.8,0,0.007470651014
2005-05-16,46.99,11.7475,0,-0.004449152542
2005-05-17,46.47,11.6175,0,-0.01106618429
2005-05-18,46.69,11.6725,0,0.004734237142
2005-05-19,45.38,11.345,1.85,0.1304347826
2005-05-20,45.26,11.315,0,-0.002644336712
2005-05-23,44.67,11.1675,0,-0.01303579319
2005-05-24,44.85,11.2125,0,0.004029550034
2005-05-25,44.74,11.185,0,-0.002452619844
2005-05-26,45.05,11.2625,0,0.006928922664
2005-05-27,45.44,11.36,0,0.008657047725
2005-05-30,45.42,11.355,0,-0.0004401408451
2005-05-31,45.51,11.3775,0,0.001981505945
2005-06-01,45.15,11.2875,0,-0.007910349374
2005-06-02,45.51,11.3775,0,0.007973421927
2005-06-03,45.92,11.48,0,0.009009009009
2005-06-06,45.94,11.485,0,0.0004355400697
2005-06-07,45.9,11.475,0,-0.0008707009142
2005-06-08,46.07,11.5175,0,0.003703703704
2005-06-09,46.07,11.5175,0,0
2005-06-10,46.4,11.6,0,0.007163012807
2005-06-13,47,11.75,0,0.01293103448
2005-06-14,47,11.75,0,0
2005-06-15,47.07,11.7675,0,0.001489361702
2005-06-16,47.41,11.8525,0,0.00722328447
2005-06-17,47.9,11.975,0,0.01033537228
2005-06-20,47.87,11.9675,0,-0.0006263048017
2005-06-21,47.5,11.875,0,-0.007729266764
2005-06-22,48.28,12.07,0,0.01642105263
2005-06-23,48.26,12.065,0,-0.0004142502071
2005-06-24,47.92,11.98,0,-0.007045171985
2005-06-27,47.62,11.905,0,-0.006260434057
2005-06-28,47.9,11.975,0,0.005879882402
2005-06-29,47.5,11.875,0,-0.008350730689
2005-06-30,47.49,11.8725,0,-0.0002105263158
2005-07-01,47.58,11.895,0,0.001895135818
2005-07-04,47.32,11.83,0,-0.005464480874
2005-07-05,47.03,11.7575,0,-0.006128486898
2005-07-06,47.13,11.7825,0,0.00212630236
2005-07-07,46.86,11.715,0,-0.005728835137
2005-07-08,47.01,11.7525,0,0.003201024328
2005-07-11,47.95,11.9875,0,0.01999574559
2005-07-12,48.4,12.1,0,0.009384775808
2005-07-13,48.57,12.1425,0,0.003512396694
2005-07-14,48.89,12.2225,0,0.006588429071
2005-07-15,48.99,12.2475,0,0.002045408059
2005-07-19,48.95,12.2375,0,-0.0008164931619
2005-07-20,49,12.25,0,0.00102145046
2005-07-21,48.91,12.2275,0,-0.001836734694
2005-07-22,48.7,12.175,0,-0.004293600491
2005-07-25,49,12.25,0,0.006160164271
2005-07-26,48.87,12.2175,0,-0.002653061224
2005-07-27,48.35,12.0875,0,-0.01064047473
2005-07-28,48.59,12.1475,0,0.004963805584
2005-07-29,48.17,12.0425,0,-0.008643753859
2005-08-01,48.33,12.0825,0,0.003321569442
2005-08-02,48.94,12.235,0,0.01262156011
2005-08-03,49.75,12.4375,0,0.01655087863
2005-08-04,49.76,12.44,0,0.0002010050251
2005-08-08,49.18,12.295,0,-0.01165594855
2005-08-09,49.03,12.2575,0,-0.003050020333
2005-08-10,49.1,12.275,0,0.001427697328
2005-08-11,49.05,12.2625,0,-0.001018329939
2005-08-12,49,12.25,0,-0.001019367992
2005-08-15,47.92,11.98,0,-0.02204081633
2005-08-16,48.17,12.0425,0,0.005217028381
2005-08-17,48.23,12.0575,0,0.001245588541
2005-08-18,48.12,12.03,0,-0.00228073813
2005-08-19,47.57,11.8925,0,-0.01142975894
2005-08-22,47.96,11.99,0,0.008198444398
2005-08-23,47.99,11.9975,0,0.0006255212677
2005-08-24,47.69,11.9225,0,-0.006251302355
2005-08-25,47.55,11.8875,0,-0.002935625917
2005-08-26,47.72,11.93,0,0.003575184017
2005-08-29,46.85,11.7125,0,-0.01823134954
2005-08-30,46.84,11.71,0,-0.0002134471718
2005-08-31,46.7,11.675,0,-0.002988898377
2005-09-02,47.33,11.8325,0,0.01349036403
2005-09-05,47.27,11.8175,0,-0.001267694908
2005-09-06,47.55,11.8875,0,0.005923418659
2005-09-07,47.61,11.9025,0,0.001261829653
2005-09-08,47.65,11.9125,0,0.0008401596303
2005-09-09,47.41,11.8525,0,-0.005036726128
2005-09-12,47.81,11.9525,0,0.008437038599
2005-09-13,47.96,11.99,0,0.00313741895
2005-09-14,47.75,11.9375,0,-0.004378648874
2005-09-15,47.53,11.8825,0,-0.004607329843
2005-09-16,47.04,11.76,0,-0.01030927835
2005-09-19,47.19,11.7975,0,0.00318877551
2005-09-20,47.73,11.9325,0,0.01144310235
2005-09-21,47.36,11.84,0,-0.007751937984
2005-09-22,46.42,11.605,0,-0.01984797297
2005-09-23,46.1,11.525,0,-0.006893580353
2005-09-26,46.12,11.53,0,0.0004338394794
2005-09-27,46.33,11.5825,0,0.004553339115
2005-09-28,46.29,11.5725,0,-0.0008633714656
2005-09-29,46.75,11.6875,0,0.00993735148
2005-09-30,47.45,11.8625,0,0.01497326203
2005-10-03,47.69,11.9225,0,0.005057955743
2005-10-04,47.86,11.965,0,0.003564688614
2005-10-05,47.71,11.9275,0,-0.003134141245
2005-10-06,47.47,11.8675,0,-0.005030391951
2005-10-07,47.4,11.85,0,-0.001474615547
2005-10-11,47.4,11.85,0,0
2005-10-12,46.65,11.6625,0,-0.01582278481
2005-10-13,46.4,11.6,0,-0.005359056806
2005-10-14,46.4,11.6,0,0
2005-10-17,45.42,11.355,0,-0.02112068966
2005-10-18,45.5,11.375,0,0.001761338617
2005-10-19,44.24,11.06,0,-0.02769230769
2005-10-20,44.79,11.1975,0,0.01243218807
2005-10-21,44.6,11.15,0,-0.004242018308
2005-10-24,44.57,11.1425,0,-0.0006726457399
2005-10-25,44.84,11.21,0,0.006057886471
2005-10-26,44.71,11.1775,0,-0.002899197145
2005-10-27,44.6,11.15,0,-0.002460299709
2005-10-28,44.5,11.125,0,-0.002242152466
2005-10-31,45.44,11.36,0,0.02112359551
2005-11-01,45.52,11.38,0,0.00176056338
2005-11-02,46.1,11.525,0,0.01274165202
2005-11-03,46.22,11.555,0,0.002603036876
2005-11-04,46.35,11.5875,0,0.002812635223
2005-11-07,46.32,11.58,0,-0.0006472491909
2005-11-08,46.33,11.5825,0,0.0002158894646
2005-11-09,47.13,11.7825,0,0.01726742931
2005-11-10,47.3,11.825,0,0.003607044345
2005-11-11,47.97,11.9925,0,0.01416490486
2005-11-14,48.04,12.01,0,0.001459245362
2005-11-15,47.62,11.905,0,-0.008742714405
2005-11-16,47.71,11.9275,0,0.001889962201
2005-11-17,47.49,11.8725,0,-0.004611192622
2005-11-18,48.15,12.0375,0,0.01389766267
2005-11-21,48.19,12.0475,0,0.0008307372793
2005-11-22,47.85,11.9625,0,-0.007055405686
2005-11-23,48.28,12.07,0,0.008986415883
2005-11-24,48.27,12.0675,0,-0.0002071251036
2005-11-25,48.27,12.0675,0,0
2005-11-28,49.05,12.2625,0,0.01615910503
2005-11-29,48.52,12.13,0,-0.01080530071
2005-11-30,48.79,12.1975,0,0.005564715581
2005-12-01,48.7,12.175,0,-0.001844640295
2005-12-02,49.05,12.2625,0,0.007186858316
2005-12-05,50.35,12.5875,0,0.02650356779
2005-12-06,50.3,12.575,0,-0.0009930486594
2005-12-07,49.9,12.475,0,-0.007952286282
2005-12-08,49.1,12.275,0,-0.01603206413
2005-12-09,49.1,12.275,0,0
2005-12-12,49.1,12.275,0,0
2005-12-13,49.12,12.28,0,0.0004073319756
2005-12-14,48.81,12.2025,0,-0.006311074919
2005-12-15,48.9,12.225,0,0.00184388445
2005-12-16,49.78,12.445,0,0.01799591002
2005-12-19,50.35,12.5875,0,0.01145038168
2005-12-20,50.3,12.575,0,-0.0009930486594
2005-12-21,50.65,12.6625,0,0.006958250497
2005-12-22,50.25,12.5625,0,-0.00789733465
2005-12-23,51,12.75,0,0.01492537313
2005-12-26,51.25,12.8125,0,0.004901960784
2005-12-27,51.4,12.85,0,0.002926829268
2005-12-28,51,12.75,0,-0.007782101167
2005-12-29,51.35,12.8375,0,0.006862745098
2005-12-30,51.25,12.8125,0,-0.001947419669
2006-01-02,50.55,12.6375,0,-0.01365853659
2006-01-03,51.45,12.8625,0,0.0178041543
2006-01-04,51.7,12.925,0,0.004859086492
2006-01-05,52.45,13.1125,0,0.01450676983
2006-01-06,52.3,13.075,0,-0.00285986654
2006-01-09,52.8,13.2,0,0.009560229446
2006-01-10,52.3,13.075,0,-0.00946969697
2006-01-11,52.55,13.1375,0,0.004780114723
2006-01-12,52.7,13.175,0,0.002854424358
2006-01-13,52.45,13.1125,0,-0.004743833017
2006-01-16,52.85,13.2125,0,0.007626310772
2006-01-17,52.85,13.2125,0,0
2006-01-18,50.85,12.7125,0,-0.03784295175
2006-01-19,51.4,12.85,0,0.01081612586
2006-01-20,51.3,12.825,0,-0.001945525292
2006-01-23,50.55,12.6375,0,-0.01461988304
2006-01-24,51,12.75,0,0.008902077151
2006-01-25,51.35,12.8375,0,0.006862745098
2006-02-03,51.6,12.9,0,0.004868549172
2006-02-06,52.35,13.0875,0,0.01453488372
2006-02-07,53,13.25,0,0.01241642789
2006-02-08,52.3,13.075,0,-0.01320754717
2006-02-09,52.2,13.05,0,-0.001912045889
2006-02-10,52.1,13.025,0,-0.001915708812
2006-02-13,52,13,0,-0.001919385797
2006-02-14,52.25,13.0625,0,0.004807692308
2006-02-15,52.05,13.0125,0,-0.003827751196
2006-02-16,53.05,13.2625,0,0.01921229587
2006-02-17,52.95,13.2375,0,-0.001885014138
2006-02-20,52.9,13.225,0,-0.0009442870633
2006-02-21,52.8,13.2,0,-0.001890359168
2006-02-22,52.1,13.025,0,-0.01325757576
2006-02-23,51.7,12.925,0,-0.007677543186
2006-02-24,52.05,13.0125,0,0.006769825919
2006-02-27,52.4,13.1,0,0.006724303554
2006-03-01,52.85,13.2125,0,0.00858778626
2006-03-02,52.85,13.2125,0,0
2006-03-03,52.05,13.0125,0,-0.0151371807
2006-03-06,52.45,13.1125,0,0.007684918348
2006-03-07,51.8,12.95,0,-0.012392755
2006-03-08,51.4,12.85,0,-0.007722007722
2006-03-09,51.65,12.9125,0,0.00486381323
2006-03-10,51.6,12.9,0,-0.000968054211
2006-03-13,51.8,12.95,0,0.003875968992
2006-03-14,51.3,12.825,0,-0.009652509653
2006-03-15,52.15,13.0375,0,0.01656920078
2006-03-16,51.9,12.975,0,-0.004793863854
2006-03-17,52,13,0,0.001926782274
2006-03-20,51.95,12.9875,0,-0.0009615384615
2006-03-21,51.55,12.8875,0,-0.007699711261
2006-03-22,50.75,12.6875,0,-0.01551891368
2006-03-23,50.5,12.625,0,-0.004926108374
2006-03-24,50.9,12.725,0,0.007920792079
2006-03-27,51.05,12.7625,0,0.002946954813
2006-03-28,51.5,12.875,0,0.008814887365
2006-03-29,51.7,12.925,0,0.003883495146
2006-03-30,52.3,13.075,0,0.01160541586
2006-03-31,52.8,13.2,0,0.009560229446
2006-04-03,53.1,13.275,0,0.005681818182
2006-04-04,53.1,13.275,0,0
2006-04-06,53.7,13.425,0,0.01129943503
2006-04-07,53.9,13.475,0,0.003724394786
2006-04-10,54.1,13.525,0,0.003710575139
2006-04-11,53.55,13.3875,0,-0.0101663586
2006-04-12,53.95,13.4875,0,0.007469654528
2006-04-13,54.4,13.6,0,0.008341056534
2006-04-14,55.05,13.7625,0,0.01194852941
2006-04-17,55.2,13.8,0,0.00272479564
2006-04-18,55.3,13.825,0,0.001811594203
2006-04-19,55.7,13.925,0,0.007233273056
2006-04-20,56.1,14.025,0,0.007181328546
2006-04-21,56.25,14.0625,0,0.002673796791
2006-04-24,56.35,14.0875,0,0.001777777778
2006-04-25,55.85,13.9625,0,-0.008873114463
2006-04-26,56.85,14.2125,0,0.01790510295
2006-04-27,56.6,14.15,0,-0.004397537379
2006-04-28,56.8,14.2,0,0.003533568905
2006-05-02,56.8,14.2,0,0
2006-05-03,57.2,14.3,0,0.007042253521
2006-05-04,58,14.5,0,0.01398601399
2006-05-05,58.4,14.6,0,0.006896551724
2006-05-08,59.2,14.8,0,0.01369863014
2006-05-09,58.5,14.625,0,-0.01182432432
2006-05-10,57.4,14.35,0,-0.0188034188
2006-05-11,57.75,14.4375,0,0.006097560976
2006-05-12,57.5,14.375,0,-0.004329004329
2006-05-15,56,14,0,-0.02608695652
2006-05-16,55.2,13.8,0,-0.01428571429
2006-05-17,55.6,13.9,0,0.007246376812
2006-05-18,54.65,13.6625,0,-0.01708633094
2006-05-19,54.75,13.6875,0,0.001829826167
2006-05-22,53.9,13.475,0,-0.01552511416
2006-05-23,53,13.25,0,-0.01669758813
2006-05-24,53.35,13.3375,0,0.006603773585
2006-05-25,53.35,13.3375,0,0
2006-05-26,53.3,13.325,0,-0.0009372071228
2006-05-29,53.6,13.4,0,0.005628517824
2006-05-30,53.4,13.35,0,-0.003731343284
2006-06-01,53.4,13.35,0,0
2006-06-02,54.3,13.575,0,0.01685393258
2006-06-05,52.45,13.1125,0,-0.03406998158
2006-06-06,52.9,13.225,0,0.008579599619
2006-06-07,51.85,12.9625,0,-0.01984877127
2006-06-08,49.99,12.4975,0,-0.03587270974
2006-06-09,50.8,12.7,0,0.01620324065
2006-06-12,50.7,12.675,0,-0.001968503937
2006-06-13,49.6,12.4,0,-0.02169625247
2006-06-14,51.1,12.775,0,0.03024193548
2006-06-15,50.8,12.7,0,-0.005870841487
2006-06-16,51.9,12.975,0,0.02165354331
2006-06-19,51.85,12.9625,0,-0.0009633911368
2006-06-20,50.45,12.6125,0,-0.02700096432
2006-06-21,50.2,12.55,0,-0.004955401388
2006-06-22,51.65,12.9125,0,0.02888446215
2006-06-23,51.15,12.7875,0,-0.00968054211
2006-06-26,51.8,12.95,0,0.01270772239
2006-06-27,51.85,12.9625,0,0.0009652509653
2006-06-28,51.55,12.8875,0,-0.005785920926
2006-06-29,52.2,13.05,0,0.01260911736
2006-06-30,53.1,13.275,0,0.01724137931
2006-07-03,53.05,13.2625,0,-0.0009416195857
2006-07-04,53.35,13.3375,0,0.005655042413
2006-07-05,52.7,13.175,0,-0.0121836926
2006-07-06,52.6,13.15,0,-0.001897533207
2006-07-07,52.3,13.075,0,-0.005703422053
2006-07-10,53.1,13.275,0,0.01529636711
2006-07-11,52.7,13.175,0,-0.007532956685
2006-07-12,52.5,13.125,0,-0.003795066414
2006-07-13,52.1,13.025,0,-0.007619047619
2006-07-14,50.8,12.7,0,-0.02495201536
2006-07-17,49.63,12.4075,0,-0.02303149606
2006-07-18,49.97,12.4925,0,0.006850695144
2006-07-19,49.99,12.4975,0,0.0004002401441
2006-07-20,51.35,12.8375,0,0.02720544109
2006-07-21,51.2,12.8,0,-0.002921129503
2006-07-24,50.6,12.65,0,-0.01171875
2006-07-25,50.85,12.7125,0,0.004940711462
2006-07-26,50.9,12.725,0,0.0009832841691
2006-07-27,51.6,12.9,0,0.0137524558
2006-07-28,51.55,12.8875,0,-0.0009689922481
2006-07-31,51.4,12.85,0,-0.002909796314
2006-08-01,51.45,12.8625,0,0.0009727626459
2006-08-02,51.8,12.95,0,0.006802721088
2006-08-03,51.95,12.9875,0,0.002895752896
2006-08-04,51.45,12.8625,0,-0.009624639076
2006-08-07,51.4,12.85,0,-0.0009718172983
2006-08-08,52.25,13.0625,0,0.01653696498
2006-08-09,53,13.25,0,0.01435406699
2006-08-10,53.1,13.275,0,0.001886792453
2006-08-11,53,13.25,0,-0.001883239171
2006-08-14,53.45,13.3625,0,0.008490566038
2006-08-15,53.5,13.375,0,0.000935453695
2006-08-16,54.3,13.575,0,0.01495327103
2006-08-17,54.75,13.6875,0,0.008287292818
2006-08-18,54.6,13.65,0,-0.002739726027
2006-08-21,52.9,13.225,0,-0.03113553114
2006-08-22,53.4,13.35,0,0.009451795841
2006-08-23,53.5,13.375,0,0.001872659176
2006-08-24,53.15,13.2875,0,-0.006542056075
2006-08-25,53.2,13.3,0,0.0009407337723
2006-08-28,52.55,13.1375,0,-0.01221804511
2006-08-29,52.9,13.225,0,0.006660323501
2006-08-30,53.7,13.425,0,0.01512287335
2006-08-31,54.25,13.5625,0,0.01024208566
2006-09-01,54.35,13.5875,0,0.001843317972
2006-09-04,55.05,13.7625,0,0.01287948482
2006-09-05,55.2,13.8,0,0.00272479564
2006-09-06,54.75,13.6875,0,-0.008152173913
2006-09-07,54.55,13.6375,0,-0.003652968037
2006-09-08,54.7,13.675,0,0.002749770852
2006-09-11,54.75,13.6875,0,0.0009140767824
2006-09-12,54.15,13.5375,0,-0.01095890411
2006-09-13,54.9,13.725,0,0.01385041551
2006-09-14,54.6,13.65,0,-0.005464480874
2006-09-15,55.25,13.8125,0,0.0119047619
2006-09-18,56.9,14.225,0,0.02986425339
2006-09-19,56.95,14.2375,0,0.0008787346221
2006-09-20,56.6,14.15,0,-0.006145741879
2006-09-21,56.75,14.1875,0,0.002650176678
2006-09-22,56.45,14.1125,0,-0.005286343612
2006-09-25,56.6,14.15,0,0.002657218778
2006-09-26,56.6,14.15,0,0
2006-09-27,57,14.25,0,0.007067137809
2006-09-28,56.5,14.125,0,-0.008771929825
2006-09-29,56.35,14.0875,0,-0.002654867257
2006-10-02,56.75,14.1875,0,0.007098491571
2006-10-03,56.9,14.225,0,0.002643171806
2006-10-04,56.25,14.0625,0,-0.01142355009
2006-10-05,57.25,14.3125,0,0.01777777778
2006-10-11,57.3,14.325,0,0.0008733624454
2006-10-12,57,14.25,0,-0.005235602094
2006-10-13,57.65,14.4125,0,0.01140350877
2006-10-14,57.5,14.375,0,-0.002601908066
2006-10-16,58.2,14.55,0,0.01217391304
2006-10-17,57.85,14.4625,0,-0.006013745704
2006-10-18,57,14.25,0,-0.014693172
2006-10-19,56.7,14.175,0,-0.005263157895
2006-10-20,57,14.25,0,0.005291005291
2006-10-23,57,14.25,0,0
2006-10-24,57.5,14.375,0,0.008771929825
2006-10-25,57.4,14.35,0,-0.001739130435
2006-10-26,53.6,13.4,4,0.212543554
2006-10-27,53.9,13.475,0,0.005597014925
2006-10-30,53.15,13.2875,0,-0.01391465677
2006-10-31,53.4,13.35,0,0.004703668862
2006-11-01,53.25,13.3125,0,-0.002808988764
2006-11-02,53.5,13.375,0,0.004694835681
2006-11-03,54.45,13.6125,0,0.01775700935
2006-11-06,53.9,13.475,0,-0.0101010101
2006-11-07,54.3,13.575,0,0.007421150278
2006-11-08,54.15,13.5375,0,-0.002762430939
2006-11-09,53.95,13.4875,0,-0.003693444137
2006-11-10,54,13.5,0,0.0009267840593
2006-11-13,53.6,13.4,0,-0.007407407407
2006-11-14,54.05,13.5125,0,0.008395522388
2006-11-15,54.25,13.5625,0,0.003700277521
2006-11-16,54.4,13.6,0,0.002764976959
2006-11-17,54.4,13.6,0,0
2006-11-20,53.9,13.475,0,-0.009191176471
2006-11-21,54.75,13.6875,0,0.01576994434
2006-11-22,55.1,13.775,0,0.006392694064
2006-11-23,55.25,13.8125,0,0.002722323049
2006-11-24,55.55,13.8875,0,0.005429864253
2006-11-27,55.85,13.9625,0,0.005400540054
2006-11-28,55.65,13.9125,0,-0.003581020591
2006-11-29,55.75,13.9375,0,0.001796945193
2006-11-30,56.3,14.075,0,0.009865470852
2006-12-01,56.6,14.15,0,0.005328596803
2006-12-04,56.95,14.2375,0,0.006183745583
2006-12-05,56.8,14.2,0,-0.002633889377
2006-12-06,57.5,14.375,0,0.01232394366
2006-12-07,57.3,14.325,0,-0.00347826087
2006-12-08,56.55,14.1375,0,-0.01308900524
2006-12-11,56.5,14.125,0,-0.000884173298
2006-12-12,55.3,13.825,0,-0.02123893805
2006-12-13,55.25,13.8125,0,-0.000904159132
2006-12-14,55.6,13.9,0,0.006334841629
2006-12-15,55.95,13.9875,0,0.006294964029
2006-12-18,56.7,14.175,0,0.01340482574
2006-12-19,56.45,14.1125,0,-0.004409171076
2006-12-20,56.5,14.125,0,0.0008857395926
2006-12-21,56.5,14.125,0,0
2006-12-22,56.5,14.125,0,0
2006-12-25,56.4,14.1,0,-0.001769911504
2006-12-26,56.75,14.1875,0,0.006205673759
2006-12-27,57.05,14.2625,0,0.005286343612
2006-12-28,57.1,14.275,0,0.0008764241893
2006-12-29,57.75,14.4375,0,0.01138353765
2007-01-02,58.45,14.6125,0,0.01212121212
2007-01-03,58.7,14.675,0,0.004277159966
2007-01-04,58.65,14.6625,0,-0.0008517887564
2007-01-05,57.9,14.475,0,-0.01278772379
2007-01-08,57.05,14.2625,0,-0.01468048359
2007-01-09,57.3,14.325,0,0.004382120947
2007-01-10,56.5,14.125,0,-0.01396160558
2007-01-11,56.25,14.0625,0,-0.004424778761
2007-01-12,57.5,14.375,0,0.02222222222
2007-01-15,57.9,14.475,0,0.006956521739
2007-01-16,57.55,14.3875,0,-0.006044905009
2007-01-17,58,14.5,0,0.007819287576
2007-01-18,58.4,14.6,0,0.006896551724
2007-01-19,58,14.5,0,-0.006849315068
2007-01-22,57.85,14.4625,0,-0.002586206897
2007-01-23,57.75,14.4375,0,-0.00172860847
2007-01-24,58.6,14.65,0,0.01471861472
2007-01-25,58.75,14.6875,0,0.002559726962
2007-01-26,57.7,14.425,0,-0.01787234043
2007-01-29,57.15,14.2875,0,-0.009532062392
2007-01-30,57.15,14.2875,0,0
2007-01-31,56.7,14.175,0,-0.007874015748
2007-02-01,56.75,14.1875,0,0.0008818342152
2007-02-02,57.4,14.35,0,0.01145374449
2007-02-05,57.3,14.325,0,-0.001742160279
2007-02-06,57.8,14.45,0,0.00872600349
2007-02-07,57.85,14.4625,0,0.0008650519031
2007-02-08,57.8,14.45,0,-0.0008643042351
2007-02-09,57.75,14.4375,0,-0.0008650519031
2007-02-12,57.2,14.3,0,-0.009523809524
2007-02-13,56.7,14.175,0,-0.008741258741
2007-02-14,57.15,14.2875,0,0.007936507937
2007-02-26,57.95,14.4875,0,0.01399825022
2007-02-27,57.75,14.4375,0,-0.003451251079
2007-03-01,56.05,14.0125,0,-0.02943722944
2007-03-02,55.7,13.925,0,-0.006244424621
2007-03-03,55.35,13.8375,0,-0.006283662478
2007-03-05,53.45,13.3625,0,-0.03432700994
2007-03-06,54,13.5,0,0.01028999065
2007-03-07,54.3,13.575,0,0.005555555556
2007-03-08,54.95,13.7375,0,0.01197053407
2007-03-09,54.75,13.6875,0,-0.003639672429
2007-03-12,55.3,13.825,0,0.0100456621
2007-03-13,55.8,13.95,0,0.00904159132
2007-03-14,54.95,13.7375,0,-0.01523297491
2007-03-15,55.75,13.9375,0,0.01455868972
2007-03-16,55.85,13.9625,0,0.001793721973
2007-03-19,56,14,0,0.002685765443
2007-03-20,56.15,14.0375,0,0.002678571429
2007-03-21,56.25,14.0625,0,0.0017809439
2007-03-22,56.9,14.225,0,0.01155555556
2007-03-23,56.7,14.175,0,-0.003514938489
2007-03-26,57.1,14.275,0,0.007054673721
2007-03-27,56.9,14.225,0,-0.00350262697
2007-03-28,56.25,14.0625,0,-0.01142355009
2007-03-29,56.55,14.1375,0,0.005333333333
2007-03-30,56.45,14.1125,0,-0.001768346596
2007-04-02,56.7,14.175,0,0.004428697963
2007-04-03,56.85,14.2125,0,0.002645502646
2007-04-04,57.75,14.4375,0,0.01583113456
2007-04-09,58.15,14.5375,0,0.006926406926
2007-04-10,58.1,14.525,0,-0.0008598452279
2007-04-11,58.5,14.625,0,0.006884681583
2007-04-12,58.25,14.5625,0,-0.004273504274
2007-04-13,57.6,14.4,0,-0.01115879828
2007-04-14,57.75,14.4375,0,0.002604166667
2007-04-16,58,14.5,0,0.004329004329
2007-04-17,57.45,14.3625,0,-0.009482758621
2007-04-18,57.65,14.4125,0,0.003481288077
2007-04-19,56.75,14.1875,0,-0.0156114484
2007-04-20,56.95,14.2375,0,0.003524229075
2007-04-23,57.85,14.4625,0,0.01580333626
2007-04-24,58.1,14.525,0,0.004321521175
2007-04-25,57.6,14.4,0,-0.008605851979
2007-04-26,57.7,14.425,0,0.001736111111
2007-04-27,57.5,14.375,0,-0.003466204506
2007-04-30,56.9,14.225,0,-0.01043478261
2007-05-02,57.55,14.3875,0,0.01142355009
2007-05-03,58.2,14.55,0,0.0112945265
2007-05-04,59.2,14.8,0,0.01718213058
2007-05-07,59.55,14.8875,0,0.005912162162
2007-05-08,59.3,14.825,0,-0.004198152813
2007-05-09,58.95,14.7375,0,-0.005902192243
2007-05-10,59.25,14.8125,0,0.005089058524
2007-05-11,58.6,14.65,0,-0.01097046414
2007-05-14,58.75,14.6875,0,0.002559726962
2007-05-15,58.15,14.5375,0,-0.01021276596
2007-05-16,58.2,14.55,0,0.0008598452279
2007-05-17,58.6,14.65,0,0.006872852234
2007-05-18,58.5,14.625,0,-0.001706484642
2007-05-21,59.6,14.9,0,0.0188034188
2007-05-22,59.8,14.95,0,0.003355704698
2007-05-23,60.05,15.0125,0,0.004180602007
2007-05-24,60.1,15.025,0,0.0008326394671
2007-05-25,59.45,14.8625,0,-0.01081530782
2007-05-28,59.5,14.875,0,0.0008410428932
2007-05-29,59.7,14.925,0,0.003361344538
2007-05-30,59.25,14.8125,0,-0.007537688442
2007-05-31,59.75,14.9375,0,0.008438818565
2007-06-01,60,15,0,0.004184100418
2007-06-04,60.2,15.05,0,0.003333333333
2007-06-05,60.2,15.05,0,0
2007-06-06,60.75,15.1875,0,0.009136212625
2007-06-07,60.9,15.225,0,0.002469135802
2007-06-08,60.7,15.175,0,-0.00328407225
2007-06-11,60.85,15.2125,0,0.002471169687
2007-06-12,61.2,15.3,0,0.005751848809
2007-06-13,61.2,15.3,0,0
2007-06-14,62,15.5,0,0.01307189542
2007-06-15,63.2,15.8,0,0.01935483871
2007-06-20,65.2,16.3,0,0.03164556962
2007-06-21,65.8,16.45,0,0.009202453988
2007-06-22,65.4,16.35,0,-0.006079027356
2007-06-23,64.95,16.2375,0,-0.006880733945
2007-06-25,66.15,16.5375,0,0.01847575058
2007-06-26,65.35,16.3375,0,-0.01209372638
2007-06-27,65,16.25,0,-0.005355776588
2007-06-28,65.2,16.3,0,0.003076923077
2007-06-29,65,16.25,0,-0.003067484663
2007-07-02,65.6,16.4,0,0.009230769231
2007-07-03,66.3,16.575,0,0.01067073171
2007-07-04,66.8,16.7,0,0.00754147813
2007-07-05,67.15,16.7875,0,0.005239520958
2007-07-06,67,16.75,0,-0.002233804914
2007-07-09,68.6,17.15,0,0.02388059701
2007-07-10,68.65,17.1625,0,0.0007288629738
2007-07-11,67.85,16.9625,0,-0.01165331391
2007-07-12,68.2,17.05,0,0.00515843773
2007-07-13,68.8,17.2,0,0.008797653959
2007-07-16,68.5,17.125,0,-0.004360465116
2007-07-17,68.6,17.15,0,0.001459854015
2007-07-18,68.2,17.05,0,-0.00583090379
2007-07-19,68.15,17.0375,0,-0.0007331378299
2007-07-20,69.2,17.3,0,0.01540719002
2007-07-23,68.85,17.2125,0,-0.005057803468
2007-07-24,69.75,17.4375,0,0.01307189542
2007-07-25,69.75,17.4375,0,0
2007-07-26,68.4,17.1,0,-0.01935483871
2007-07-27,65.55,16.3875,0,-0.04166666667
2007-07-30,64.7,16.175,0,-0.01296720061
2007-07-31,66.3,16.575,0,0.02472952087
2007-08-01,63.3,15.825,0,-0.04524886878
2007-08-02,64.4,16.1,0,0.01737756714
2007-08-03,65.3,16.325,0,0.01397515528
2007-08-06,64.65,16.1625,0,-0.009954058193
2007-08-07,63.9,15.975,0,-0.01160092807
2007-08-08,65.2,16.3,0,0.02034428795
2007-08-09,65.75,16.4375,0,0.008435582822
2007-08-10,64,16,0,-0.02661596958
2007-08-13,63.85,15.9625,0,-0.00234375
2007-08-14,64.5,16.125,0,0.01018010963
2007-08-15,62.15,15.5375,0,-0.03643410853
2007-08-16,59.6,14.9,0,-0.04102976669
2007-08-17,59.65,14.9125,0,0.0008389261745
2007-08-20,62.35,15.5875,0,0.04526404023
2007-08-21,61.75,15.4375,0,-0.009623095429
2007-08-22,62.45,15.6125,0,0.01133603239
2007-08-23,64,16,0,0.02481985588
2007-08-24,63.5,15.875,0,-0.0078125
2007-08-27,63.8,15.95,0,0.004724409449
2007-08-28,63.85,15.9625,0,0.0007836990596
2007-08-29,63,15.75,0,-0.01331245106
2007-08-30,63.8,15.95,0,0.0126984127
2007-08-31,65.6,16.4,0,0.02821316614
2007-09-03,65.8,16.45,0,0.003048780488
2007-09-04,65.7,16.425,0,-0.001519756839
2007-09-05,65,16.25,0,-0.01065449011
2007-09-06,65.9,16.475,0,0.01384615385
2007-09-07,65.9,16.475,0,0
2007-09-10,65.4,16.35,0,-0.007587253414
2007-09-11,65.85,16.4625,0,0.006880733945
2007-09-12,65.65,16.4125,0,-0.003037205771
2007-09-13,65.1,16.275,0,-0.008377760853
2007-09-14,66.25,16.5625,0,0.01766513057
2007-09-17,65.25,16.3125,0,-0.01509433962
2007-09-19,65.6,16.4,0,0.005363984674
2007-09-20,66,16.5,0,0.006097560976
2007-09-21,66.9,16.725,0,0.01363636364
2007-09-26,67.95,16.9875,0,0.01569506726
2007-09-27,68.9,17.225,0,0.01398086829
2007-09-28,69.05,17.2625,0,0.002177068215
2007-09-29,69.35,17.3375,0,0.00434467777
2007-10-01,69.35,17.3375,0,0
2007-10-02,70.6,17.65,0,0.01802451334
2007-10-03,71.7,17.925,0,0.01558073654
2007-10-04,71.2,17.8,0,-0.006973500697
2007-10-05,71.2,17.8,0,0
2007-10-08,71.85,17.9625,0,0.009129213483
2007-10-09,71.65,17.9125,0,-0.002783576896
2007-10-11,71.9,17.975,0,0.003489183531
2007-10-12,69.9,17.475,0,-0.02781641168
2007-10-15,70.55,17.6375,0,0.009298998569
2007-10-16,70.9,17.725,0,0.004961020553
2007-10-17,70.4,17.6,0,-0.007052186178
2007-10-18,71.4,17.85,0,0.01420454545
2007-10-19,71.05,17.7625,0,-0.004901960784
2007-10-22,69.45,17.3625,0,-0.02251935257
2007-10-23,70.6,17.65,0,0.01655867531
2007-10-24,67.7,16.925,2.5,0.1005665722
2007-10-25,68.4,17.1,0,0.01033973412
2007-10-26,69.25,17.3125,0,0.01242690058
2007-10-29,70.65,17.6625,0,0.0202166065
2007-10-30,70.45,17.6125,0,-0.002830856334
2007-10-31,70.2,17.55,0,-0.00354861604
2007-11-01,69.45,17.3625,0,-0.01068376068
2007-11-02,67,16.75,0,-0.03527717783
2007-11-05,67.1,16.775,0,0.001492537313
2007-11-06,67.5,16.875,0,0.005961251863
2007-11-07,67.05,16.7625,0,-0.006666666667
2007-11-08,64.9,16.225,0,-0.03206562267
2007-11-09,65.35,16.3375,0,0.006933744222
2007-11-12,63.6,15.9,0,-0.02677888294
2007-11-13,63.5,15.875,0,-0.001572327044
2007-11-14,64.7,16.175,0,0.0188976378
2007-11-15,64.25,16.0625,0,-0.006955177743
2007-11-16,63.05,15.7625,0,-0.0186770428
2007-11-19,62.7,15.675,0,-0.005551149881
2007-11-20,62.5,15.625,0,-0.003189792663
2007-11-21,61.15,15.2875,0,-0.0216
2007-11-22,61.2,15.3,0,0.0008176614881
2007-11-23,60.7,15.175,0,-0.008169934641
2007-11-26,61.95,15.4875,0,0.02059308072
2007-11-27,61,15.25,0,-0.01533494754
2007-11-28,60.3,15.075,0,-0.01147540984
2007-11-29,61.35,15.3375,0,0.01741293532
2007-11-30,61.8,15.45,0,0.007334963325
2007-12-03,61.95,15.4875,0,0.002427184466
2007-12-04,62.55,15.6375,0,0.009685230024
2007-12-05,62.75,15.6875,0,0.003197442046
2007-12-06,62.8,15.7,0,0.000796812749
2007-12-07,63.4,15.85,0,0.009554140127
2007-12-10,62,15.5,0,-0.02208201893
2007-12-11,62.35,15.5875,0,0.00564516129
2007-12-12,61.25,15.3125,0,-0.01764234162
2007-12-13,58.7,14.675,0,-0.04163265306
2007-12-14,58.4,14.6,0,-0.005110732538
2007-12-17,56.7,14.175,0,-0.02910958904
2007-12-18,56.9,14.225,0,0.003527336861
2007-12-19,58.5,14.625,0,0.02811950791
2007-12-20,57.5,14.375,0,-0.01709401709
2007-12-21,58.75,14.6875,0,0.02173913043
2007-12-24,59.15,14.7875,0,0.006808510638
2007-12-25,59.6,14.9,0,0.007607776839
2007-12-26,59.65,14.9125,0,0.0008389261745
2007-12-27,60.9,15.225,0,0.02095557418
2007-12-28,61,15.25,0,0.001642036125
2007-12-31,61.45,15.3625,0,0.00737704918
2008-01-02,60.1,15.025,0,-0.02196908055
2008-01-03,59.1,14.775,0,-0.01663893511
2008-01-04,59.1,14.775,0,0
2008-01-07,56.4,14.1,0,-0.04568527919
2008-01-08,56.95,14.2375,0,0.00975177305
2008-01-09,58,14.5,0,0.01843722564
2008-01-10,57.9,14.475,0,-0.001724137931
2008-01-11,57.65,14.4125,0,-0.004317789292
2008-01-14,58.8,14.7,0,0.01994796184
2008-01-15,61.05,15.2625,0,0.03826530612
2008-01-16,58.4,14.6,0,-0.04340704341
2008-01-17,58.15,14.5375,0,-0.004280821918
2008-01-18,58.5,14.625,0,0.006018916595
2008-01-21,57.7,14.425,0,-0.01367521368
2008-01-22,53.7,13.425,0,-0.06932409012
2008-01-23,53.6,13.4,0,-0.001862197393
2008-01-24,55,13.75,0,0.02611940299
2008-01-25,56.4,14.1,0,0.02545454545
2008-01-28,54.6,13.65,0,-0.03191489362
2008-01-29,55.1,13.775,0,0.009157509158
2008-01-30,54.95,13.7375,0,-0.002722323049
2008-01-31,54.95,13.7375,0,0
2008-02-01,56.4,14.1,0,0.02638762511
2008-02-12,54.95,13.7375,0,-0.02570921986
2008-02-13,54.8,13.7,0,-0.002729754322
2008-02-14,57.8,14.45,0,0.05474452555
2008-02-15,57.3,14.325,0,-0.008650519031
2008-02-18,57.2,14.3,0,-0.001745200698
2008-02-19,58,14.5,0,0.01398601399
2008-02-20,56.9,14.225,0,-0.01896551724
2008-02-21,58.55,14.6375,0,0.02899824253
2008-02-22,58.8,14.7,0,0.004269854825
2008-02-25,60,15,0,0.02040816327
2008-02-26,60.2,15.05,0,0.003333333333
2008-02-27,60.7,15.175,0,0.008305647841
2008-02-29,60.85,15.2125,0,0.002471169687
2008-03-03,59.15,14.7875,0,-0.02793755136
2008-03-04,60.7,15.175,0,0.02620456467
2008-03-05,60.9,15.225,0,0.003294892916
2008-03-06,62.3,15.575,0,0.02298850575
2008-03-07,61.4,15.35,0,-0.01444622793
2008-03-10,59.6,14.9,0,-0.02931596091
2008-03-11,60.1,15.025,0,0.008389261745
2008-03-12,60.65,15.1625,0,0.009151414309
2008-03-13,59.1,14.775,0,-0.02555647156
2008-03-14,58.45,14.6125,0,-0.01099830795
2008-03-17,57.35,14.3375,0,-0.01881950385
2008-03-18,57.9,14.475,0,0.009590235397
2008-03-19,58.5,14.625,0,0.0103626943
2008-03-20,59.95,14.9875,0,0.02478632479
2008-03-21,61.55,15.3875,0,0.02668890742
2008-03-24,64.15,16.0375,0,0.04224207961
2008-03-25,63.05,15.7625,0,-0.01714731099
2008-03-26,62.4,15.6,0,-0.01030927835
2008-03-27,61.2,15.3,0,-0.01923076923
2008-03-28,62,15.5,0,0.01307189542
2008-03-31,60.45,15.1125,0,-0.025
2008-04-01,60.05,15.0125,0,-0.006617038875
2008-04-02,61.75,15.4375,0,0.02830974188
2008-04-03,61.2,15.3,0,-0.008906882591
2008-04-07,62.2,15.55,0,0.01633986928
2008-04-08,61.6,15.4,0,-0.009646302251
2008-04-09,61.6,15.4,0,0
2008-04-10,62.6,15.65,0,0.01623376623
2008-04-11,63.5,15.875,0,0.01437699681
2008-04-14,63.2,15.8,0,-0.004724409449
2008-04-15,63.15,15.7875,0,-0.0007911392405
2008-04-16,64.2,16.05,0,0.01662707838
2008-04-17,64.65,16.1625,0,0.007009345794
2008-04-18,64.4,16.1,0,-0.003866976025
2008-04-21,64.6,16.15,0,0.003105590062
2008-04-22,64.4,16.1,0,-0.003095975232
2008-04-23,63.75,15.9375,0,-0.0100931677
2008-04-24,63.45,15.8625,0,-0.004705882353
2008-04-25,63.5,15.875,0,0.0007880220646
2008-04-28,64.15,16.0375,0,0.01023622047
2008-04-29,63.5,15.875,0,-0.01013250195
2008-04-30,63.9,15.975,0,0.006299212598
2008-05-02,64.2,16.05,0,0.004694835681
2008-05-05,62.95,15.7375,0,-0.01947040498
2008-05-06,63.05,15.7625,0,0.001588562351
2008-05-07,63.6,15.9,0,0.008723235527
2008-05-08,62.7,15.675,0,-0.0141509434
2008-05-09,62.25,15.5625,0,-0.007177033493
2008-05-12,62.7,15.675,0,0.007228915663
2008-05-13,63.9,15.975,0,0.01913875598
2008-05-14,64.15,16.0375,0,0.003912363067
2008-05-15,65.05,16.2625,0,0.01402961808
2008-05-16,65.4,16.35,0,0.005380476556
2008-05-19,65.65,16.4125,0,0.003822629969
2008-05-20,64,16,0,-0.02513328256
2008-05-21,63.4,15.85,0,-0.009375
2008-05-22,63.45,15.8625,0,0.0007886435331
2008-05-23,62.45,15.6125,0,-0.01576044129
2008-05-26,61.6,15.4,0,-0.01361088871
2008-05-27,62.2,15.55,0,0.00974025974
2008-05-28,61.7,15.425,0,-0.008038585209
2008-05-29,62.3,15.575,0,0.009724473258
2008-05-30,62.2,15.55,0,-0.001605136437
2008-06-02,62.6,15.65,0,0.006430868167
2008-06-03,61.6,15.4,0,-0.01597444089
2008-06-04,61.8,15.45,0,0.003246753247
2008-06-05,62.7,15.675,0,0.0145631068
2008-06-06,62.7,15.675,0,0
2008-06-09,61.15,15.2875,0,-0.02472089314
2008-06-10,59.7,14.925,0,-0.02371218316
2008-06-11,59.9,14.975,0,0.003350083752
2008-06-12,58.45,14.6125,0,-0.02420701169
2008-06-13,58.8,14.7,0,0.005988023952
2008-06-16,59.1,14.775,0,0.005102040816
2008-06-17,59.5,14.875,0,0.006768189509
2008-06-18,59.6,14.9,0,0.001680672269
2008-06-19,58.45,14.6125,0,-0.01929530201
2008-06-20,57.2,14.3,0,-0.02138579983
2008-06-23,57.35,14.3375,0,0.002622377622
2008-06-24,56.9,14.225,0,-0.007846556234
2008-06-25,57.5,14.375,0,0.01054481547
2008-06-26,57.05,14.2625,0,-0.007826086957
2008-06-27,55.25,13.8125,0,-0.03155127082
2008-06-30,55,13.75,0,-0.004524886878
2008-07-01,54.9,13.725,0,-0.001818181818
2008-07-02,54.3,13.575,0,-0.01092896175
2008-07-03,54.2,13.55,0,-0.001841620626
2008-07-04,52.6,13.15,0,-0.0295202952
2008-07-07,53.55,13.3875,0,0.0180608365
2008-07-08,51.7,12.925,0,-0.03454715219
2008-07-09,51.45,12.8625,0,-0.004835589942
2008-07-10,51.7,12.925,0,0.004859086492
2008-07-11,52.9,13.225,0,0.02321083172
2008-07-14,52.2,13.05,0,-0.01323251418
2008-07-15,49.9,12.475,0,-0.04406130268
2008-07-16,49.5,12.375,0,-0.008016032064
2008-07-17,52.2,13.05,0,0.05454545455
2008-07-18,51,12.75,0,-0.02298850575
2008-07-21,53.75,13.4375,0,0.05392156863
2008-07-22,52.9,13.225,0,-0.01581395349
2008-07-23,54.3,13.575,0,0.02646502836
2008-07-24,54.65,13.6625,0,0.006445672192
2008-07-25,53.9,13.475,0,-0.01372369625
2008-07-29,51.95,12.9875,0,-0.03617810761
2008-07-30,52.55,13.1375,0,0.01154956689
2008-07-31,52.4,13.1,0,-0.002854424358
2008-08-01,52.4,13.1,0,0
2008-08-04,52.5,13.125,0,0.001908396947
2008-08-05,51.4,12.85,0,-0.02095238095
2008-08-06,53.3,13.325,0,0.03696498054
2008-08-07,53.05,13.2625,0,-0.00469043152
2008-08-08,54.65,13.6625,0,0.0301602262
2008-08-11,55.6,13.9,0,0.01738334858
2008-08-12,55.55,13.8875,0,-0.0008992805755
2008-08-13,55.35,13.8375,0,-0.003600360036
2008-08-14,55.75,13.9375,0,0.007226738934
2008-08-15,54.4,13.6,0,-0.02421524664
2008-08-18,53.35,13.3375,0,-0.01930147059
2008-08-19,52.9,13.225,0,-0.008434864105
2008-08-20,53.4,13.35,0,0.009451795841
2008-08-21,52.55,13.1375,0,-0.015917603
2008-08-22,52.7,13.175,0,0.002854424358
2008-08-25,53.7,13.425,0,0.01897533207
2008-08-26,53.25,13.3125,0,-0.008379888268
2008-08-27,54.1,13.525,0,0.01596244131
2008-08-28,53.7,13.425,0,-0.007393715342
2008-08-29,53.65,13.4125,0,-0.0009310986965
2008-09-01,51.45,12.8625,0,-0.04100652377
2008-09-02,50.6,12.65,0,-0.01652089407
2008-09-03,50,12.5,0,-0.01185770751
2008-09-04,48.99,12.2475,0,-0.0202
2008-09-05,48.58,12.145,0,-0.008369054909
2008-09-08,51.95,12.9875,0,0.06937011116
2008-09-09,49.65,12.4125,0,-0.04427333975
2008-09-10,49.86,12.465,0,0.004229607251
2008-09-11,48.37,12.0925,0,-0.02988367429
2008-09-12,48.87,12.2175,0,0.01033698573
2008-09-15,46.55,11.6375,0,-0.04747288725
2008-09-16,45,11.25,0,-0.03329752954
2008-09-17,45.91,11.4775,0,0.02022222222
2008-09-18,44.5,11.125,0,-0.03071226312
2008-09-19,47.61,11.9025,0,0.06988764045
2008-09-22,48.5,12.125,0,0.01869355177
2008-09-23,48.76,12.19,0,0.005360824742
2008-09-24,48.46,12.115,0,-0.006152584085
2008-09-25,47.7,11.925,0,-0.01568303756
2008-09-26,46.6,11.65,0,-0.02306079665
2008-09-30,44.6,11.15,0,-0.04291845494
2008-10-01,45.6,11.4,0,0.02242152466
2008-10-02,44.55,11.1375,0,-0.02302631579
2008-10-03,44.73,11.1825,0,0.00404040404
2008-10-06,42.7,10.675,0,-0.04538341158
2008-10-07,42.95,10.7375,0,0.005854800937
2008-10-08,40.19,10.0475,0,-0.06426076834
2008-10-09,40.24,10.06,0,0.00124409057
2008-10-13,38.84,9.71,0,-0.03479125249
2008-10-14,41.55,10.3875,0,0.06977342945
2008-10-15,40.57,10.1425,0,-0.02358604091
2008-10-16,39.15,9.7875,0,-0.03500123244
2008-10-17,38.02,9.505,0,-0.0288633461
2008-10-20,38.34,9.585,0,0.00841662283
2008-10-21,38.12,9.53,0,-0.005738132499
2008-10-22,36.79,9.1975,0,-0.03488982162
2008-10-23,35.51,8.8775,0,-0.03479206306
2008-10-24,32.34,8.085,2,0.1360180231
2008-10-27,30.1,7.525,0,-0.06926406926
2008-10-28,32.19,8.0475,0,0.06943521595
2008-10-29,32.19,8.0475,0,0
2008-10-30,34.44,8.61,0,0.06989748369
2008-10-31,36.54,9.135,0,0.06097560976
2008-11-03,36.69,9.1725,0,0.004105090312
2008-11-04,36.64,9.16,0,-0.001362769147
2008-11-05,36.8,9.2,0,0.004366812227
2008-11-06,34.23,8.5575,0,-0.06983695652
2008-11-07,34.39,8.5975,0,0.004674262343
2008-11-10,34.05,8.5125,0,-0.00988659494
2008-11-11,33.46,8.365,0,-0.01732745962
2008-11-12,33.46,8.365,0,0
2008-11-13,31.6,7.9,0,-0.0555887627
2008-11-14,32,8,0,0.01265822785
2008-11-17,32.2,8.05,0,0.00625
2008-11-18,30.9,7.725,0,-0.04037267081
2008-11-19,30.96,7.74,0,0.001941747573
2008-11-20,29.5,7.375,0,-0.04715762274
2008-11-21,30.78,7.695,0,0.04338983051
2008-11-24,29.96,7.49,0,-0.02664067576
2008-11-25,30.6,7.65,0,0.02136181575
2008-11-26,30.95,7.7375,0,0.0114379085
2008-11-27,32.8,8.2,0,0.05977382876
2008-11-28,32.13,8.0325,0,-0.02042682927
2008-12-01,32.5,8.125,0,0.0115157174
2008-12-02,30.6,7.65,0,-0.05846153846
2008-12-03,30.5,7.625,0,-0.003267973856
2008-12-04,30.01,7.5025,0,-0.01606557377
2008-12-05,30.18,7.545,0,0.005664778407
2008-12-08,32.29,8.0725,0,0.06991385023
2008-12-09,32.29,8.0725,0,0
2008-12-10,34.19,8.5475,0,0.05884174667
2008-12-11,33.8,8.45,0,-0.01140684411
2008-12-12,32,8,0,-0.05325443787
2008-12-15,33.51,8.3775,0,0.0471875
2008-12-16,33.51,8.3775,0,0
2008-12-17,33.67,8.4175,0,0.004774694121
2008-12-18,33.79,8.4475,0,0.003564003564
2008-12-19,33.82,8.455,0,0.0008878366381
2008-12-22,32.65,8.1625,0,-0.03459491425
2008-12-23,31.75,7.9375,0,-0.02756508423
2008-12-24,31.8,7.95,0,0.00157480315
2008-12-25,31.83,7.9575,0,0.0009433962264
2008-12-26,31.85,7.9625,0,0.0006283380459
2008-12-29,31.8,7.95,0,-0.001569858713
2008-12-30,33.16,8.29,0,0.0427672956
2008-12-31,32.87,8.2175,0,-0.008745476478
2009-01-05,34.2,8.55,0,0.04046242775
2009-01-06,34.18,8.545,0,-0.0005847953216
2009-01-07,34.63,8.6575,0,0.01316559391
2009-01-08,32.43,8.1075,0,-0.06352873231
2009-01-09,32.22,8.055,0,-0.006475485661
2009-01-10,32.01,8.0025,0,-0.006517690875
2009-01-12,31.96,7.99,0,-0.001562011871
2009-01-13,32.66,8.165,0,0.02190237797
2009-01-14,32.5,8.125,0,-0.004898958971
2009-01-15,31,7.75,0,-0.04615384615
2009-01-16,31.38,7.845,0,0.01225806452
2009-01-17,31.4,7.85,0,0.0006373486297
2009-01-19,31.53,7.8825,0,0.004140127389
2009-01-20,30.7,7.675,0,-0.02632413574
2009-01-21,30.5,7.625,0,-0.00651465798
2009-02-02,30.88,7.72,0,0.01245901639
2009-02-03,31.47,7.8675,0,0.01910621762
2009-02-04,31.69,7.9225,0,0.006990784874
2009-02-05,31.43,7.8575,0,-0.008204480909
2009-02-06,32.2,8.05,0,0.02449888641
2009-02-09,32.5,8.125,0,0.009316770186
2009-02-10,32.7,8.175,0,0.006153846154
2009-02-11,33.25,8.3125,0,0.01681957187
2009-02-12,32.35,8.0875,0,-0.02706766917
2009-02-13,33.28,8.32,0,0.02874806801
2009-02-16,33.21,8.3025,0,-0.002103365385
2009-02-17,32.44,8.11,0,-0.02318578741
2009-02-18,32.49,8.1225,0,0.001541307028
2009-02-19,32.92,8.23,0,0.01323484149
2009-02-20,32.1,8.025,0,-0.02490886999
2009-02-23,32.44,8.11,0,0.01059190031
2009-02-24,32.16,8.04,0,-0.008631319359
2009-02-25,32.74,8.185,0,0.01803482587
2009-02-26,32.8,8.2,0,0.001832620648
2009-02-27,33.05,8.2625,0,0.00762195122
2009-03-02,31.93,7.9825,0,-0.03388804841
2009-03-03,31.95,7.9875,0,0.0006263701848
2009-03-04,32.75,8.1875,0,0.02503912363
2009-03-05,33.45,8.3625,0,0.0213740458
2009-03-06,33.67,8.4175,0,0.006576980568
2009-03-09,33.32,8.33,0,-0.0103950104
2009-03-10,33.48,8.37,0,0.004801920768
2009-03-11,34.25,8.5625,0,0.02299880526
2009-03-12,34.05,8.5125,0,-0.005839416058
2009-03-13,35,8.75,0,0.02790014684
2009-03-16,35.53,8.8825,0,0.01514285714
2009-03-17,36.17,9.0425,0,0.01801294681
2009-03-18,36.1,9.025,0,-0.001935305502
2009-03-19,35.9,8.975,0,-0.005540166205
2009-03-20,35.42,8.855,0,-0.01337047354
2009-03-23,36.57,9.1425,0,0.03246753247
2009-03-24,37.45,9.3625,0,0.02406343998
2009-03-25,37.82,9.455,0,0.009879839786
2009-03-26,38.1,9.525,0,0.007403490217
2009-03-27,37.77,9.4425,0,-0.008661417323
2009-03-30,36.29,9.0725,0,-0.03918453799
2009-03-31,36.64,9.16,0,0.009644530174
2009-04-01,37.29,9.3225,0,0.01774017467
2009-04-02,38.58,9.645,0,0.03459372486
2009-04-03,38.6,9.65,0,0.0005184033178
2009-04-06,38.79,9.6975,0,0.004922279793
2009-04-07,38.8,9.7,0,0.0002577984016
2009-04-08,37.73,9.4325,0,-0.02757731959
2009-04-09,39.28,9.82,0,0.04108136761
2009-04-10,39.97,9.9925,0,0.01756619145
2009-04-13,40.18,10.045,0,0.005253940455
2009-04-14,40.5,10.125,0,0.007964161274
2009-04-15,40.25,10.0625,0,-0.006172839506
2009-04-16,41.2,10.3,0,0.02360248447
2009-04-17,39.88,9.97,0,-0.03203883495
2009-04-20,40.17,10.0425,0,0.007271815446
2009-04-21,40.78,10.195,0,0.01518546179
2009-04-22,40.65,10.1625,0,-0.003187837175
2009-04-23,40.46,10.115,0,-0.00467404674
2009-04-24,40.5,10.125,0,0.0009886307464
2009-04-27,39.52,9.88,0,-0.02419753086
2009-04-28,39.05,9.7625,0,-0.01189271255
2009-04-29,39.4,9.85,0,0.008962868118
2009-04-30,42.15,10.5375,0,0.06979695431
2009-05-04,45.1,11.275,0,0.0699881376
2009-05-05,46.3,11.575,0,0.0266075388
2009-05-06,46.4,11.6,0,0.002159827214
2009-05-07,46.3,11.575,0,-0.002155172414
2009-05-08,45.83,11.4575,0,-0.0101511879
2009-05-11,46.2,11.55,0,0.008073314423
2009-05-12,44.6,11.15,0,-0.03463203463
2009-05-13,44.67,11.1675,0,0.001569506726
2009-05-14,43.65,10.9125,0,-0.02283411686
2009-05-15,44.8,11.2,0,0.02634593356
2009-05-18,45.06,11.265,0,0.005803571429
2009-05-19,46.1,11.525,0,0.02308033733
2009-05-20,46.3,11.575,0,0.004338394794
2009-05-21,45.95,11.4875,0,-0.007559395248
2009-05-22,45.78,11.445,0,-0.003699673558
2009-05-25,45.73,11.4325,0,-0.001092179991
2009-05-26,45.6,11.4,0,-0.002842772797
2009-05-27,48,12,0,0.05263157895
2009-06-01,47.72,11.93,0,-0.005833333333
2009-06-02,47.85,11.9625,0,0.002724224644
2009-06-03,47.79,11.9475,0,-0.001253918495
2009-06-04,46.7,11.675,0,-0.02280811885
2009-06-05,46.62,11.655,0,-0.001713062099
2009-06-06,46.9,11.725,0,0.006006006006
2009-06-08,45.71,11.4275,0,-0.02537313433
2009-06-09,44.45,11.1125,0,-0.02756508423
2009-06-10,44.85,11.2125,0,0.008998875141
2009-06-11,45.25,11.3125,0,0.008918617614
2009-06-12,44.66,11.165,0,-0.01303867403
2009-06-15,43.04,10.76,0,-0.03627407076
2009-06-16,43.05,10.7625,0,0.0002323420074
2009-06-17,42.97,10.7425,0,-0.001858304297
2009-06-18,42.75,10.6875,0,-0.005119851059
2009-06-19,43.25,10.8125,0,0.01169590643
2009-06-22,43.9,10.975,0,0.01502890173
2009-06-23,42.85,10.7125,0,-0.02391799544
2009-06-24,44.08,11.02,0,0.02870478413
2009-06-25,44.58,11.145,0,0.0113430127
2009-06-26,44.6,11.15,0,0.0004486316734
2009-06-29,44.28,11.07,0,-0.007174887892
2009-06-30,44.46,11.115,0,0.00406504065
2009-07-01,45.45,11.3625,0,0.02226720648
2009-07-02,45.9,11.475,0,0.009900990099
2009-07-03,45.8,11.45,0,-0.002178649237
2009-07-06,45.69,11.4225,0,-0.002401746725
2009-07-07,46.19,11.5475,0,0.01094331364
2009-07-08,45.66,11.415,0,-0.0114743451
2009-07-09,46.5,11.625,0,0.01839684625
2009-07-10,46.78,11.695,0,0.006021505376
2009-07-13,45.3,11.325,0,-0.0316374519
2009-07-14,46.14,11.535,0,0.01854304636
2009-07-15,47.05,11.7625,0,0.01972258344
2009-07-16,47.45,11.8625,0,0.008501594049
2009-07-17,47.87,11.9675,0,0.00885142255
2009-07-20,48.5,12.125,0,0.01316064341
2009-07-21,48.4,12.1,0,-0.00206185567
2009-07-22,48.48,12.12,0,0.001652892562
2009-07-23,48.51,12.1275,0,0.0006188118812
2009-07-24,48.38,12.095,0,-0.002679859823
2009-07-27,48.83,12.2075,0,0.0093013642
2009-07-28,49.7,12.425,0,0.01781691583
2009-07-29,49.35,12.3375,0,-0.007042253521
2009-07-30,48.85,12.2125,0,-0.01013171226
2009-07-31,49.02,12.255,0,0.003480040942
2009-08-03,49.19,12.2975,0,0.003467972256
2009-08-04,48.65,12.1625,0,-0.01097784102
2009-08-05,48.05,12.0125,0,-0.01233299075
2009-08-06,48.14,12.035,0,0.001873048907
2009-08-10,48.26,12.065,0,0.002492729539
2009-08-11,48.42,12.105,0,0.003315375052
2009-08-12,48.25,12.0625,0,-0.00351094589
2009-08-13,49.36,12.34,0,0.02300518135
2009-08-14,49.62,12.405,0,0.005267423015
2009-08-17,48.66,12.165,0,-0.01934703748
2009-08-18,48.02,12.005,0,-0.01315248664
2009-08-19,47.86,11.965,0,-0.003331945023
2009-08-20,47.6,11.9,0,-0.005432511492
2009-08-21,47.18,11.795,0,-0.008823529412
2009-08-24,48.7,12.175,0,0.03221704112
2009-08-25,48.33,12.0825,0,-0.007597535934
2009-08-26,48,12,0,-0.006828057107
2009-08-27,47.75,11.9375,0,-0.005208333333
2009-08-28,48.4,12.1,0,0.01361256545
2009-08-31,48.45,12.1125,0,0.001033057851
2009-09-01,50.2,12.55,0,0.03611971104
2009-09-02,50.2,12.55,0,0
2009-09-03,50.45,12.6125,0,0.004980079681
2009-09-04,51.05,12.7625,0,0.01189296333
2009-09-07,51.8,12.95,0,0.01469147894
2009-09-08,52.5,13.125,0,0.01351351351
2009-09-09,52.05,13.0125,0,-0.008571428571
2009-09-10,52.85,13.2125,0,0.0153698367
2009-09-11,52.5,13.125,0,-0.006622516556
2009-09-14,51.85,12.9625,0,-0.01238095238
2009-09-15,52.45,13.1125,0,0.01157184185
2009-09-16,53.2,13.3,0,0.0142993327
2009-09-17,53.15,13.2875,0,-0.0009398496241
2009-09-18,53.3,13.325,0,0.002822201317
2009-09-21,53.15,13.2875,0,-0.002814258912
2009-09-22,52.95,13.2375,0,-0.003762935089
2009-09-23,52.7,13.175,0,-0.004721435316
2009-09-24,52,13,0,-0.01328273245
2009-09-25,52.35,13.0875,0,0.006730769231
2009-09-28,51.8,12.95,0,-0.01050620821
2009-09-29,52.85,13.2125,0,0.02027027027
2009-09-30,53.3,13.325,0,0.008514664144
2009-10-01,53.65,13.4125,0,0.006566604128
2009-10-02,52.7,13.175,0,-0.01770736253
2009-10-05,52.65,13.1625,0,-0.0009487666034
2009-10-06,53.6,13.4,0,0.01804368471
2009-10-07,53.9,13.475,0,0.005597014925
2009-10-08,53.05,13.2625,0,-0.01576994434
2009-10-09,53.35,13.3375,0,0.005655042413
2009-10-12,53.6,13.4,0,0.004686035614
2009-10-13,53.7,13.425,0,0.001865671642
2009-10-14,54.35,13.5875,0,0.01210428305
2009-10-15,54.65,13.6625,0,0.005519779209
2009-10-16,54.65,13.6625,0,0
2009-10-19,54.85,13.7125,0,0.003659652333
2009-10-20,54.9,13.725,0,0.0009115770283
2009-10-21,54.5,13.625,0,-0.007285974499
2009-10-22,53.7,13.425,0,-0.01467889908
2009-10-23,53.25,13.3125,1,0.06610800745
2009-10-26,53.5,13.375,0,0.004694835681
2009-10-27,53.4,13.35,0,-0.001869158879
2009-10-28,52.55,13.1375,0,-0.015917603
2009-10-29,51.55,12.8875,0,-0.01902949572
2009-10-30,51.65,12.9125,0,0.00193986421
2009-11-02,51.35,12.8375,0,-0.005808325266
2009-11-03,51,12.75,0,-0.006815968841
2009-11-04,51.95,12.9875,0,0.01862745098
2009-11-05,51.85,12.9625,0,-0.001924927815
2009-11-06,52.25,13.0625,0,0.007714561234
2009-11-09,52.75,13.1875,0,0.00956937799
2009-11-10,53.15,13.2875,0,0.007582938389
2009-11-11,53.85,13.4625,0,0.01317027281
2009-11-12,53.8,13.45,0,-0.0009285051068
2009-11-13,53.65,13.4125,0,-0.002788104089
2009-11-16,54.55,13.6375,0,0.01677539609
2009-11-17,54.1,13.525,0,-0.008249312557
2009-11-18,54.15,13.5375,0,0.0009242144177
2009-11-19,53.95,13.4875,0,-0.003693444137
2009-11-20,53.45,13.3625,0,-0.009267840593
2009-11-23,53.4,13.35,0,-0.000935453695
2009-11-24,53.65,13.4125,0,0.00468164794
2009-11-25,54,13.5,0,0.006523765144
2009-11-26,53.85,13.4625,0,-0.002777777778
2009-11-27,52.2,13.05,0,-0.03064066852
2009-11-30,52.7,13.175,0,0.009578544061
2009-12-01,53.25,13.3125,0,0.01043643264
2009-12-02,53.4,13.35,0,0.002816901408
2009-12-03,53.45,13.3625,0,0.000936329588
2009-12-04,53.1,13.275,0,-0.006548175865
2009-12-07,53.95,13.4875,0,0.01600753296
2009-12-08,53.7,13.425,0,-0.004633920297
2009-12-09,53.85,13.4625,0,0.002793296089
2009-12-10,53,13.25,0,-0.01578458682
2009-12-11,53.85,13.4625,0,0.01603773585
2009-12-14,53.9,13.475,0,0.0009285051068
2009-12-15,53.75,13.4375,0,-0.002782931354
2009-12-16,53.2,13.3,0,-0.01023255814
2009-12-17,53.4,13.35,0,0.003759398496
2009-12-18,53.25,13.3125,0,-0.002808988764
2009-12-21,53.7,13.425,0,0.008450704225
2009-12-22,54.15,13.5375,0,0.008379888268
2009-12-23,54.55,13.6375,0,0.007386888273
2009-12-24,55.1,13.775,0,0.01008249313
2009-12-25,55.2,13.8,0,0.001814882033
2009-12-28,55.6,13.9,0,0.007246376812
2009-12-29,55.5,13.875,0,-0.001798561151
2009-12-30,55.7,13.925,0,0.003603603604
2009-12-31,56.45,14.1125,0,0.01346499102
2010-01-04,56.5,14.125,0,0.0008857395926
2010-01-05,56.5,14.125,0,0
2010-01-06,57.55,14.3875,0,0.0185840708
2010-01-07,57.4,14.35,0,-0.002606429192
2010-01-08,57.75,14.4375,0,0.006097560976
2010-01-11,57.9,14.475,0,0.002597402597
2010-01-12,57.6,14.4,0,-0.00518134715
2010-01-13,56.75,14.1875,0,-0.01475694444
2010-01-14,57.45,14.3625,0,0.01233480176
2010-01-15,57.8,14.45,0,0.006092254134
2010-01-18,57.5,14.375,0,-0.005190311419
2010-01-19,56.75,14.1875,0,-0.01304347826
2010-01-20,56.4,14.1,0,-0.006167400881
2010-01-21,55.95,13.9875,0,-0.007978723404
2010-01-22,54.4,13.6,0,-0.02770330652
2010-01-25,54.2,13.55,0,-0.003676470588
2010-01-26,52.95,13.2375,0,-0.02306273063
2010-01-27,52.9,13.225,0,-0.0009442870633
2010-01-28,54.05,13.5125,0,0.02173913043
2010-01-29,53,13.25,0,-0.01942645698
2010-02-01,52.4,13.1,0,-0.01132075472
2010-02-02,51.85,12.9625,0,-0.01049618321
2010-02-03,52.75,13.1875,0,0.01735776278
2010-02-04,52.55,13.1375,0,-0.003791469194
2010-02-05,50.75,12.6875,0,-0.03425309229
2010-02-06,51.2,12.8,0,0.008866995074
2010-02-08,50.85,12.7125,0,-0.0068359375
2010-02-09,51.55,12.8875,0,0.01376597837
2010-02-10,52.1,13.025,0,0.01066925315
2010-02-22,52.6,13.15,0,0.009596928983
2010-02-23,52.6,13.15,0,0
2010-02-24,52.25,13.0625,0,-0.006653992395
2010-02-25,51.65,12.9125,0,-0.01148325359
2010-02-26,51.55,12.8875,0,-0.001936108422
2010-03-01,52.8,13.2,0,0.02424830262
2010-03-02,52.65,13.1625,0,-0.002840909091
2010-03-03,52.65,13.1625,0,0
2010-03-04,52.2,13.05,0,-0.008547008547
2010-03-05,52.95,13.2375,0,0.01436781609
2010-03-08,53.65,13.4125,0,0.01322001889
2010-03-09,53.8,13.45,0,0.002795899348
2010-03-10,53.8,13.45,0,0
2010-03-11,53.65,13.4125,0,-0.002788104089
2010-03-12,53.6,13.4,0,-0.0009319664492
2010-03-15,52.85,13.2125,0,-0.01399253731
2010-03-16,53.1,13.275,0,0.004730368969
2010-03-17,54.15,13.5375,0,0.0197740113
2010-03-18,54.4,13.6,0,0.004616805171
2010-03-19,54.25,13.5625,0,-0.002757352941
2010-03-22,53.7,13.425,0,-0.01013824885
2010-03-23,53.35,13.3375,0,-0.006517690875
2010-03-24,53.5,13.375,0,0.002811621368
2010-03-25,53.5,13.375,0,0
2010-03-26,54,13.5,0,0.009345794393
2010-03-29,54.5,13.625,0,0.009259259259
2010-03-30,54.45,13.6125,0,-0.0009174311927
2010-03-31,54.25,13.5625,0,-0.003673094582
2010-04-01,54.75,13.6875,0,0.009216589862
2010-04-02,54.75,13.6875,0,0
2010-04-06,55.3,13.825,0,0.0100456621
2010-04-07,55.4,13.85,0,0.001808318264
2010-04-08,55.05,13.7625,0,-0.006317689531
2010-04-09,55.2,13.8,0,0.00272479564
2010-04-12,55.45,13.8625,0,0.004528985507
2010-04-13,54.8,13.7,0,-0.01172227232
2010-04-14,55.2,13.8,0,0.007299270073
2010-04-15,55.55,13.8875,0,0.00634057971
2010-04-16,55.2,13.8,0,-0.006300630063
2010-04-19,53.65,13.4125,0,-0.02807971014
2010-04-20,53.85,13.4625,0,0.003727865797
2010-04-21,54.55,13.6375,0,0.01299907149
2010-04-22,54.45,13.6125,0,-0.001833180568
2010-04-23,54.75,13.6875,0,0.005509641873
2010-04-26,55.9,13.975,0,0.02100456621
2010-04-27,55.85,13.9625,0,-0.0008944543828
2010-04-28,55.25,13.8125,0,-0.01074306177
2010-04-29,55,13.75,0,-0.004524886878
2010-04-30,54.8,13.7,0,-0.003636363636
2010-05-03,54.45,13.6125,0,-0.006386861314
2010-05-04,54.5,13.625,0,0.0009182736455
2010-05-05,53,13.25,0,-0.02752293578
2010-05-06,51.95,12.9875,0,-0.01981132075
2010-05-07,51.95,12.9875,0,0
2010-05-10,52.4,13.1,0,0.008662175168
2010-05-11,52.2,13.05,0,-0.003816793893
2010-05-12,52.1,13.025,0,-0.001915708812
2010-05-13,53.25,13.3125,0,0.02207293666
2010-05-14,53.1,13.275,0,-0.002816901408
2010-05-17,51.9,12.975,0,-0.02259887006
2010-05-18,52,13,0,0.001926782274
2010-05-19,51.45,12.8625,0,-0.01057692308
2010-05-20,50.8,12.7,0,-0.01263362488
2010-05-21,49.75,12.4375,0,-0.02066929134
2010-05-24,50.45,12.6125,0,0.01407035176
2010-05-25,49.12,12.28,0,-0.02636273538
2010-05-26,49.32,12.33,0,0.004071661238
2010-05-27,49.66,12.415,0,0.006893755069
2010-05-28,49.87,12.4675,0,0.004228755538
2010-05-31,50.1,12.525,0,0.004611991177
2010-06-01,49.83,12.4575,0,-0.005389221557
2010-06-02,49.05,12.2625,0,-0.01565322095
2010-06-03,50.2,12.55,0,0.02344546381
2010-06-04,50.05,12.5125,0,-0.002988047809
2010-06-07,48.74,12.185,0,-0.02617382617
2010-06-08,48.56,12.14,0,-0.003693065244
2010-06-09,48.18,12.045,0,-0.007825370675
2010-06-10,48.85,12.2125,0,0.01390618514
2010-06-11,49.62,12.405,0,0.01576253838
2010-06-14,50.35,12.5875,0,0.01471180975
2010-06-15,50.7,12.675,0,0.006951340616
2010-06-17,51.05,12.7625,0,0.006903353057
2010-06-18,50.9,12.725,0,-0.002938295788
2010-06-21,52,13,0,0.02161100196
2010-06-22,51.7,12.925,0,-0.005769230769
2010-06-23,51.15,12.7875,0,-0.01063829787
2010-06-24,51.3,12.825,0,0.00293255132
2010-06-25,50.6,12.65,0,-0.01364522417
2010-06-28,50.8,12.7,0,0.00395256917
2010-06-29,50.5,12.625,0,-0.005905511811
2010-06-30,49.55,12.3875,0,-0.01881188119
2010-07-01,49.19,12.2975,0,-0.007265388496
2010-07-02,49.49,12.3725,0,0.006098800569
2010-07-05,50.5,12.625,0,0.02040816327
2010-07-06,51.4,12.85,0,0.01782178218
2010-07-07,51.3,12.825,0,-0.001945525292
2010-07-08,52.05,13.0125,0,0.01461988304
2010-07-09,52.35,13.0875,0,0.005763688761
2010-07-12,52.3,13.075,0,-0.0009551098376
2010-07-13,52.15,13.0375,0,-0.002868068834
2010-07-14,53.15,13.2875,0,0.01917545542
2010-07-15,53.25,13.3125,0,0.001881467545
2010-07-16,52.9,13.225,0,-0.006572769953
2010-07-19,52.75,13.1875,0,-0.002835538752
2010-07-20,53.2,13.3,0,0.008530805687
2010-07-21,52.9,13.225,0,-0.005639097744
2010-07-22,52.95,13.2375,0,0.0009451795841
2010-07-23,53.7,13.425,0,0.01416430595
2010-07-26,53.85,13.4625,0,0.002793296089
2010-07-27,53.6,13.4,0,-0.004642525534
2010-07-28,54.05,13.5125,0,0.008395522388
2010-07-29,54.1,13.525,0,0.0009250693802
2010-07-30,53.9,13.475,0,-0.003696857671
2010-08-02,54.95,13.7375,0,0.01948051948
2010-08-03,55.2,13.8,0,0.004549590537
2010-08-04,55.1,13.775,0,-0.001811594203
2010-08-05,55.05,13.7625,0,-0.0009074410163
2010-08-06,55.2,13.8,0,0.00272479564
2010-08-09,55.5,13.875,0,0.005434782609
2010-08-10,55.4,13.85,0,-0.001801801802
2010-08-11,54.7,13.675,0,-0.01263537906
2010-08-12,54.25,13.5625,0,-0.008226691042
2010-08-13,54.85,13.7125,0,0.01105990783
2010-08-16,55,13.75,0,0.002734731085
2010-08-17,54.95,13.7375,0,-0.0009090909091
2010-08-18,54.65,13.6625,0,-0.005459508644
2010-08-19,54.95,13.7375,0,0.0054894785
2010-08-20,54.95,13.7375,0,0
2010-08-23,55.3,13.825,0,0.006369426752
2010-08-24,54.95,13.7375,0,-0.006329113924
2010-08-25,53.95,13.4875,0,-0.01819836215
2010-08-26,53.6,13.4,0,-0.006487488415
2010-08-27,53.85,13.4625,0,0.004664179104
2010-08-30,54.1,13.525,0,0.004642525534
2010-08-31,53.3,13.325,0,-0.01478743068
2010-09-01,53.7,13.425,0,0.007504690432
2010-09-02,54,13.5,0,0.005586592179
2010-09-03,54.55,13.6375,0,0.01018518519
2010-09-06,54.95,13.7375,0,0.007332722273
2010-09-07,54.85,13.7125,0,-0.001819836215
2010-09-08,54.75,13.6875,0,-0.001823154057
2010-09-09,54.75,13.6875,0,0
2010-09-10,55.25,13.8125,0,0.009132420091
2010-09-13,56.8,14.2,0,0.02805429864
2010-09-14,57,14.25,0,0.003521126761
2010-09-15,57.25,14.3125,0,0.004385964912
2010-09-16,56.65,14.1625,0,-0.01048034934
2010-09-17,57.3,14.325,0,0.01147396293
2010-09-20,57.25,14.3125,0,-0.000872600349
2010-09-21,57.35,14.3375,0,0.001746724891
2010-09-23,57.35,14.3375,0,0
2010-09-24,57,14.25,0,-0.006102877071
2010-09-27,57.5,14.375,0,0.008771929825
2010-09-28,57.4,14.35,0,-0.001739130435
2010-09-29,57.8,14.45,0,0.006968641115
2010-09-30,57.7,14.425,0,-0.001730103806
2010-10-01,57.75,14.4375,0,0.0008665511265
2010-10-04,57.75,14.4375,0,0
2010-10-05,57.4,14.35,0,-0.006060606061
2010-10-06,57.75,14.4375,0,0.006097560976
2010-10-07,57.95,14.4875,0,0.003463203463
2010-10-08,57.6,14.4,0,-0.006039689387
2010-10-11,56.95,14.2375,0,-0.01128472222
2010-10-12,56.2,14.05,0,-0.01316944688
2010-10-13,56.55,14.1375,0,0.006227758007
2010-10-14,57.45,14.3625,0,0.01591511936
2010-10-15,57.35,14.3375,0,-0.001740644038
2010-10-18,56.2,14.05,0,-0.02005231037
2010-10-19,56.05,14.0125,0,-0.002669039146
2010-10-20,56.7,14.175,0,0.01159678858
2010-10-21,56.75,14.1875,0,0.0008818342152
2010-10-22,57.1,14.275,0,0.006167400881
2010-10-25,56.1,14.025,2.2,0.1366024518
2010-10-26,56.35,14.0875,0,0.004456327986
2010-10-27,56.05,14.0125,0,-0.005323868678
2010-10-28,56.5,14.125,0,0.008028545941
2010-10-29,56,14,0,-0.008849557522
2010-11-01,56.8,14.2,0,0.01428571429
2010-11-02,56.8,14.2,0,0
2010-11-03,56.7,14.175,0,-0.00176056338
2010-11-04,57.05,14.2625,0,0.006172839506
2010-11-05,57.65,14.4125,0,0.01051709027
2010-11-08,57.55,14.3875,0,-0.001734605377
2010-11-09,57.7,14.425,0,0.002606429192
2010-11-10,57.65,14.4125,0,-0.0008665511265
2010-11-11,57.5,14.375,0,-0.002601908066
2010-11-12,56.35,14.0875,0,-0.02
2010-11-15,56.15,14.0375,0,-0.003549245785
2010-11-16,56.75,14.1875,0,0.0106856634
2010-11-17,56.5,14.125,0,-0.004405286344
2010-11-18,56.6,14.15,0,0.001769911504
2010-11-19,56.65,14.1625,0,0.0008833922261
2010-11-22,57.35,14.3375,0,0.01235657546
2010-11-23,56.9,14.225,0,-0.007846556234
2010-11-24,56.85,14.2125,0,-0.0008787346221
2010-11-25,57.1,14.275,0,0.004397537379
2010-11-26,56.8,14.2,0,-0.005253940455
2010-11-29,56.9,14.225,0,0.00176056338
2010-11-30,57.1,14.275,0,0.003514938489
2010-12-01,58,14.5,0,0.01576182137
2010-12-02,58.45,14.6125,0,0.00775862069
2010-12-03,59,14.75,0,0.009409751925
2010-12-06,59.15,14.7875,0,0.002542372881
2010-12-07,59.1,14.775,0,-0.0008453085376
2010-12-08,59.1,14.775,0,0
2010-12-09,59.7,14.925,0,0.01015228426
2010-12-10,59.3,14.825,0,-0.006700167504
2010-12-13,59.45,14.8625,0,0.002529510961
2010-12-14,59.3,14.825,0,-0.00252312868
2010-12-15,59.6,14.9,0,0.005059021922
2010-12-16,59.7,14.925,0,0.001677852349
2010-12-17,60.2,15.05,0,0.00837520938
2010-12-20,59.9,14.975,0,-0.004983388704
2010-12-21,60.05,15.0125,0,0.002504173623
2010-12-22,60.05,15.0125,0,0
2010-12-23,60.45,15.1125,0,0.006661115737
2010-12-24,60.2,15.05,0,-0.004135649297
2010-12-27,60.45,15.1125,0,0.00415282392
2010-12-28,60.35,15.0875,0,-0.001654259719
2010-12-29,60.5,15.125,0,0.002485501243
2010-12-30,60.8,15.2,0,0.004958677686
2010-12-31,61.4,15.35,0,0.009868421053
2011-01-03,61.45,15.3625,0,0.0008143322476
2011-01-04,61.3,15.325,0,-0.00244100895
2011-01-05,60.3,15.075,0,-0.0163132137
2011-01-06,60.2,15.05,0,-0.001658374793
2011-01-07,59.65,14.9125,0,-0.009136212625
2011-01-10,59.85,14.9625,0,0.003352891869
2011-01-11,60.85,15.2125,0,0.01670843776
2011-01-12,61.1,15.275,0,0.004108463435
2011-01-13,61.05,15.2625,0,-0.0008183306056
2011-01-14,61,15.25,0,-0.000819000819
2011-01-17,60.85,15.2125,0,-0.002459016393
2011-01-18,61.35,15.3375,0,0.008216926869
2011-01-19,62.05,15.5125,0,0.01140994295
2011-01-20,61.65,15.4125,0,-0.006446414182
2011-01-21,61,15.25,0,-0.01054339011
2011-01-24,60.95,15.2375,0,-0.0008196721311
2011-01-25,61.45,15.3625,0,0.008203445447
2011-01-26,62,15.5,0,0.008950366151
2011-01-27,62.45,15.6125,0,0.007258064516
2011-01-28,63,15.75,0,0.008807045637
2011-02-08,62.6,15.65,0,-0.006349206349
2011-02-09,62,15.5,0,-0.009584664537
2011-02-10,60.85,15.2125,0,-0.0185483871
2011-02-11,58.9,14.725,0,-0.03204601479
2011-02-14,59.4,14.85,0,0.008488964346
2011-02-15,59.75,14.9375,0,0.005892255892
2011-02-16,59.85,14.9625,0,0.001673640167
2011-02-17,59.65,14.9125,0,-0.003341687552
2011-02-18,60.65,15.1625,0,0.01676445935
2011-02-21,60.65,15.1625,0,0
2011-02-22,59.85,14.9625,0,-0.01319043693
2011-02-23,59,14.75,0,-0.0142021721
2011-02-24,59,14.75,0,0
2011-02-25,59.5,14.875,0,0.008474576271
2011-03-01,59.95,14.9875,0,0.00756302521
2011-03-02,59.45,14.8625,0,-0.00834028357
2011-03-03,60.2,15.05,0,0.0126156434
2011-03-04,60.65,15.1625,0,0.007475083056
2011-03-07,60.2,15.05,0,-0.007419620775
2011-03-08,60.25,15.0625,0,0.0008305647841
2011-03-09,60.2,15.05,0,-0.0008298755187
2011-03-10,59.5,14.875,0,-0.01162790698
2011-03-11,58.85,14.7125,0,-0.01092436975
2011-03-14,58.8,14.7,0,-0.000849617672
2011-03-15,57.5,14.375,0,-0.02210884354
2011-03-16,57.3,14.325,0,-0.00347826087
2011-03-17,57.3,14.325,0,0
2011-03-18,57.75,14.4375,0,0.007853403141
2011-03-21,58.1,14.525,0,0.006060606061
2011-03-22,58.4,14.6,0,0.005163511188
2011-03-23,58.5,14.625,0,0.001712328767
2011-03-24,58.75,14.6875,0,0.004273504274
2011-03-25,59.35,14.8375,0,0.01021276596
2011-03-28,59.15,14.7875,0,-0.003369839933
2011-03-29,59.25,14.8125,0,0.001690617075
2011-03-30,59.6,14.9,0,0.005907172996
2011-03-31,59.55,14.8875,0,-0.0008389261745
2011-04-01,59.85,14.9625,0,0.005037783375
2011-04-06,61.15,15.2875,0,0.02172096909
2011-04-07,61.3,15.325,0,0.002452984464
2011-04-08,61.1,15.275,0,-0.003262642741
2011-04-11,61.1,15.275,0,0
2011-04-12,60.05,15.0125,0,-0.01718494272
2011-04-13,60.4,15.1,0,0.00582847627
2011-04-14,60.35,15.0875,0,-0.0008278145695
2011-04-15,59.65,14.9125,0,-0.0115990058
2011-04-18,59.55,14.8875,0,-0.001676445935
2011-04-19,59.2,14.8,0,-0.005877413938
2011-04-20,60.3,15.075,0,0.01858108108
2011-04-21,61.7,15.425,0,0.0232172471
2011-04-22,61.6,15.4,0,-0.001620745543
2011-04-25,61.45,15.3625,0,-0.002435064935
2011-04-26,61.2,15.3,0,-0.004068348251
2011-04-27,62.15,15.5375,0,0.01552287582
2011-04-28,62.15,15.5375,0,0
2011-04-29,62,15.5,0,-0.002413515688
2011-05-03,62.15,15.5375,0,0.002419354839
2011-05-04,61.8,15.45,0,-0.005631536605
2011-05-05,62.25,15.5625,0,0.007281553398
2011-05-06,61.95,15.4875,0,-0.004819277108
2011-05-09,62.3,15.575,0,0.005649717514
2011-05-10,62.3,15.575,0,0
2011-05-11,62.05,15.5125,0,-0.004012841091
2011-05-12,62.25,15.5625,0,0.003223207091
2011-05-13,62.05,15.5125,0,-0.003212851406
2011-05-16,61.3,15.325,0,-0.01208702659
2011-05-17,61.25,15.3125,0,-0.0008156606852
2011-05-18,61.6,15.4,0,0.005714285714
2011-05-19,61.05,15.2625,0,-0.008928571429
2011-05-20,61.1,15.275,0,0.000819000819
2011-05-23,60.35,15.0875,0,-0.01227495908
2011-05-24,60.45,15.1125,0,0.001657000829
2011-05-25,60.25,15.0625,0,-0.003308519438
2011-05-26,60.85,15.2125,0,0.009958506224
2011-05-27,60.6,15.15,0,-0.004108463435
2011-05-30,60.5,15.125,0,-0.001650165017
2011-05-31,62,15.5,0,0.02479338843
2011-06-01,62.35,15.5875,0,0.00564516129
2011-06-02,61.9,15.475,0,-0.007217321572
2011-06-03,62.2,15.55,0,0.004846526656
2011-06-07,62.2,15.55,0,0
2011-06-08,62,15.5,0,-0.003215434084
2011-06-09,62,15.5,0,0
2011-06-10,60.55,15.1375,0,-0.02338709677
2011-06-13,59.75,14.9375,0,-0.0132122213
2011-06-14,60.75,15.1875,0,0.01673640167
2011-06-15,60.5,15.125,0,-0.004115226337
2011-06-16,59.4,14.85,0,-0.01818181818
2011-06-17,59.2,14.8,0,-0.003367003367
2011-06-20,58.6,14.65,0,-0.01013513514
2011-06-21,59.05,14.7625,0,0.007679180887
2011-06-22,59.2,14.8,0,0.002540220152
2011-06-23,58.65,14.6625,0,-0.009290540541
2011-06-24,58.2,14.55,0,-0.007672634271
2011-06-27,57.8,14.45,0,-0.006872852234
2011-06-28,57.65,14.4125,0,-0.002595155709
2011-06-29,58.65,14.6625,0,0.01734605377
2011-06-30,58.85,14.7125,0,0.003410059676
2011-07-01,59.7,14.925,0,0.01444350042
2011-07-04,60.05,15.0125,0,0.005862646566
2011-07-05,59.95,14.9875,0,-0.001665278934
2011-07-06,60.6,15.15,0,0.01084236864
2011-07-07,60.35,15.0875,0,-0.004125412541
2011-07-08,60.05,15.0125,0,-0.004971002486
2011-07-11,59.65,14.9125,0,-0.006661115737
2011-07-12,58.7,14.675,0,-0.01592623638
2011-07-13,58.7,14.675,0,0
2011-07-14,58.9,14.725,0,0.003407155026
2011-07-15,59.2,14.8,0,0.005093378608
2011-07-18,59,14.75,0,-0.003378378378
2011-07-19,58.9,14.725,0,-0.001694915254
2011-07-20,60.45,15.1125,0,0.02631578947
2011-07-21,60.6,15.15,0,0.002481389578
2011-07-22,61,15.25,0,0.006600660066
2011-07-25,60.4,15.1,0,-0.009836065574
2011-07-26,61.2,15.3,0,0.01324503311
2011-07-27,61.35,15.3375,0,0.002450980392
2011-07-28,60.85,15.2125,0,-0.00814995925
2011-07-29,59.9,14.975,0,-0.01561216105
2011-08-01,60.35,15.0875,0,0.007512520868
2011-08-02,59.55,14.8875,0,-0.01325600663
2011-08-03,58.6,14.65,0,-0.01595298069
2011-08-04,57.85,14.4625,0,-0.01279863481
2011-08-05,54.45,13.6125,0,-0.05877268799
2011-08-08,53.5,13.375,0,-0.01744719927
2011-08-09,53,13.25,0,-0.009345794393
2011-08-10,54.1,13.525,0,0.02075471698
2011-08-11,54.1,13.525,0,0
2011-08-12,53.55,13.3875,0,-0.0101663586
2011-08-15,54.6,13.65,0,0.01960784314
2011-08-16,54.35,13.5875,0,-0.004578754579
2011-08-17,53.95,13.4875,0,-0.007359705612
2011-08-18,52.95,13.2375,0,-0.01853568119
2011-08-19,51.1,12.775,0,-0.03493862134
2011-08-22,51.5,12.875,0,0.00782778865
2011-08-23,53.3,13.325,0,0.03495145631
2011-08-24,52.6,13.15,0,-0.01313320826
2011-08-25,52.35,13.0875,0,-0.004752851711
2011-08-26,53.05,13.2625,0,0.01337153773
2011-08-29,53.8,13.45,0,0.01413760603
2011-08-30,54.2,13.55,0,0.007434944238
2011-08-31,54.55,13.6375,0,0.006457564576
2011-09-01,55.15,13.7875,0,0.01099908341
2011-09-02,55.15,13.7875,0,0
2011-09-05,53.6,13.4,0,-0.02810516772
2011-09-06,52.55,13.1375,0,-0.01958955224
2011-09-07,53.55,13.3875,0,0.01902949572
2011-09-08,53.7,13.425,0,0.002801120448
2011-09-09,54.15,13.5375,0,0.008379888268
2011-09-13,52.65,13.1625,0,-0.02770083102
2011-09-14,51.6,12.9,0,-0.01994301994
2011-09-15,52.85,13.2125,0,0.0242248062
2011-09-16,54.1,13.525,0,0.02365184484
2011-09-19,53.2,13.3,0,-0.01663585952
2011-09-20,53.4,13.35,0,0.003759398496
2011-09-21,53.6,13.4,0,0.003745318352
2011-09-22,52.1,13.025,0,-0.02798507463
2011-09-23,50.35,12.5875,0,-0.03358925144
2011-09-26,49.32,12.33,0,-0.02045680238
2011-09-27,51.1,12.775,0,0.03609083536
2011-09-28,51.15,12.7875,0,0.0009784735812
2011-09-29,51.6,12.9,0,0.008797653959
2011-09-30,51.65,12.9125,0,0.0009689922481
2011-10-03,50.3,12.575,0,-0.0261374637
2011-10-04,50.75,12.6875,0,0.008946322068
2011-10-05,50.25,12.5625,0,-0.009852216749
2011-10-06,51.25,12.8125,0,0.01990049751
2011-10-07,51.55,12.8875,0,0.005853658537
2011-10-11,53,13.25,0,0.02812803104
2011-10-12,52.85,13.2125,0,-0.002830188679
2011-10-13,52.8,13.2,0,-0.0009460737938
2011-10-14,52.45,13.1125,0,-0.006628787879
2011-10-17,53.1,13.275,0,0.012392755
2011-10-18,52.55,13.1375,0,-0.01035781544
2011-10-19,52.35,13.0875,0,-0.003805899144
2011-10-20,51.75,12.9375,0,-0.01146131805
2011-10-21,51.95,12.9875,0,0.0038647343
2011-10-24,53.6,13.4,0,0.03176130895
2011-10-25,53.6,13.4,0,0
2011-10-26,52.15,13.0375,1.95,0.1184701493
2011-10-27,52.25,13.0625,0,0.001917545542
2011-10-28,52.4,13.1,0,0.002870813397
2011-10-31,52.2,13.05,0,-0.003816793893
2011-11-01,52.55,13.1375,0,0.006704980843
2011-11-02,52.4,13.1,0,-0.002854424358
2011-11-03,51.45,12.8625,0,-0.01812977099
2011-11-04,52.3,13.075,0,0.01652089407
2011-11-07,52.4,13.1,0,0.001912045889
2011-11-08,52.15,13.0375,0,-0.004770992366
2011-11-09,52.2,13.05,0,0.0009587727709
2011-11-10,50.55,12.6375,0,-0.0316091954
2011-11-11,50.9,12.725,0,0.006923837784
2011-11-14,52.15,13.0375,0,0.02455795678
2011-11-15,51.85,12.9625,0,-0.005752636625
2011-11-16,51.2,12.8,0,-0.01253616201
2011-11-17,51.35,12.8375,0,0.0029296875
2011-11-18,50.3,12.575,0,-0.02044790652
2011-11-21,49.23,12.3075,0,-0.02127236581
2011-11-22,49.02,12.255,0,-0.004265691651
2011-11-23,47.85,11.9625,0,-0.02386780906
2011-11-24,47.86,11.965,0,0.0002089864159
2011-11-25,47.44,11.86,0,-0.008775595487
2011-11-28,48.29,12.0725,0,0.01791736931
2011-11-29,48.72,12.18,0,0.0089045351
2011-11-30,48.08,12.02,0,-0.013136289
2011-12-01,50.3,12.575,0,0.04617304493
2011-12-02,49.82,12.455,0,-0.009542743539
2011-12-05,49.66,12.415,0,-0.003211561622
2011-12-06,48.69,12.1725,0,-0.0195328232
2011-12-07,49.2,12.3,0,0.01047443007
2011-12-08,48.86,12.215,0,-0.006910569106
2011-12-09,48.24,12.06,0,-0.01268931641
2011-12-12,48.8,12.2,0,0.01160862355
2011-12-13,48.55,12.1375,0,-0.00512295082
2011-12-14,48.59,12.1475,0,0.0008238928939
2011-12-15,47.5,11.875,0,-0.0224325993
2011-12-16,47.7,11.925,0,0.004210526316
2011-12-19,46.74,11.685,0,-0.02012578616
2011-12-20,47,11.75,0,0.005562687206
2011-12-21,49.28,12.32,0,0.0485106383
2011-12-22,49.16,12.29,0,-0.002435064935
2011-12-23,50,12.5,0,0.01708706265
2011-12-26,49.95,12.4875,0,-0.001
2011-12-27,49.85,12.4625,0,-0.002002002002
2011-12-28,49.57,12.3925,0,-0.005616850552
2011-12-29,49.61,12.4025,0,0.0008069396813
2011-12-30,49.81,12.4525,0,0.004031445273
2012-01-02,49.06,12.265,0,-0.01505721743
2012-01-03,49.7,12.425,0,0.01304525071
2012-01-04,50,12.5,0,0.006036217304
2012-01-05,50.15,12.5375,0,0.003
2012-01-06,50,12.5,0,-0.002991026919
2012-01-09,49.81,12.4525,0,-0.0038
2012-01-10,50.7,12.675,0,0.01786789801
2012-01-11,50.65,12.6625,0,-0.0009861932939
2012-01-12,50.75,12.6875,0,0.001974333662
2012-01-13,50.85,12.7125,0,0.00197044335
2012-01-16,50.05,12.5125,0,-0.01573254671
2012-01-17,50.55,12.6375,0,0.00999000999
2012-01-18,50.4,12.6,0,-0.00296735905
2012-01-30,51.8,12.95,0,0.02777777778
2012-01-31,51.95,12.9875,0,0.002895752896
2012-02-01,52.3,13.075,0,0.006737247353
2012-02-02,52.9,13.225,0,0.01147227533
2012-02-03,53.05,13.2625,0,0.002835538752
2012-02-04,53.65,13.4125,0,0.01131008483
2012-02-06,53.2,13.3,0,-0.008387698043
2012-02-07,53.3,13.325,0,0.001879699248
2012-02-08,54.45,13.6125,0,0.02157598499
2012-02-09,54.4,13.6,0,-0.0009182736455
2012-02-10,53.95,13.4875,0,-0.008272058824
2012-02-13,54.2,13.55,0,0.004633920297
2012-02-14,54,13.5,0,-0.0036900369
2012-02-15,54.9,13.725,0,0.01666666667
2012-02-16,54.25,13.5625,0,-0.01183970856
2012-02-17,54.75,13.6875,0,0.009216589862
2012-02-20,54.7,13.675,0,-0.0009132420091
2012-02-21,54.5,13.625,0,-0.00365630713
2012-02-22,54.85,13.7125,0,0.006422018349
2012-02-23,54.6,13.65,0,-0.004557885141
2012-02-24,54.75,13.6875,0,0.002747252747
2012-02-29,56,14,0,0.02283105023
2012-03-01,55.9,13.975,0,-0.001785714286
2012-03-02,55.6,13.9,0,-0.005366726297
2012-03-03,55.4,13.85,0,-0.003597122302
2012-03-05,54.85,13.7125,0,-0.009927797834
2012-03-06,54.6,13.65,0,-0.004557885141
2012-03-07,54.4,13.6,0,-0.003663003663
2012-03-08,54.7,13.675,0,0.005514705882
2012-03-09,54.95,13.7375,0,0.004570383912
2012-03-12,54.35,13.5875,0,-0.01091901729
2012-03-13,55.1,13.775,0,0.01379944802
2012-03-14,55.9,13.975,0,0.01451905626
2012-03-15,55.65,13.9125,0,-0.004472271914
2012-03-16,55.4,13.85,0,-0.004492362983
2012-03-19,55.25,13.8125,0,-0.002707581227
2012-03-20,54.85,13.7125,0,-0.007239819005
2012-03-21,54.85,13.7125,0,0
2012-03-22,55.6,13.9,0,0.01367365542
2012-03-23,55.45,13.8625,0,-0.002697841727
2012-03-26,54.55,13.6375,0,-0.01623083859
2012-03-27,55.25,13.8125,0,0.01283226398
2012-03-28,55.45,13.8625,0,0.003619909502
2012-03-29,54.7,13.675,0,-0.01352569883
2012-03-30,54.9,13.725,0,0.00365630713
2012-04-02,54.7,13.675,0,-0.00364298725
2012-04-03,54.25,13.5625,0,-0.008226691042
2012-04-05,53.65,13.4125,0,-0.01105990783
2012-04-06,53.75,13.4375,0,0.001863932898
2012-04-09,53.1,13.275,0,-0.01209302326
2012-04-10,53.1,13.275,0,0
2012-04-11,53.3,13.325,0,0.003766478343
2012-04-12,53.35,13.3375,0,0.0009380863039
2012-04-13,53.95,13.4875,0,0.01124648547
2012-04-16,53.8,13.45,0,-0.002780352178
2012-04-17,52.9,13.225,0,-0.01672862454
2012-04-18,53,13.25,0,0.001890359168
2012-04-19,53.05,13.2625,0,0.0009433962264
2012-04-20,52.35,13.0875,0,-0.01319509896
2012-04-23,52.3,13.075,0,-0.0009551098376
2012-04-24,52.4,13.1,0,0.001912045889
2012-04-25,52.7,13.175,0,0.00572519084
2012-04-26,52.3,13.075,0,-0.007590132827
2012-04-27,52.2,13.05,0,-0.001912045889
2012-04-30,52.05,13.0125,0,-0.002873563218
2012-05-02,53.35,13.3375,0,0.02497598463
2012-05-03,53.1,13.275,0,-0.004686035614
2012-05-04,53.2,13.3,0,0.001883239171
2012-05-07,52.05,13.0125,0,-0.02161654135
2012-05-08,52.05,13.0125,0,0
2012-05-09,51.7,12.925,0,-0.006724303554
2012-05-10,51.7,12.925,0,0
2012-05-11,51.15,12.7875,0,-0.01063829787
2012-05-14,51.2,12.8,0,0.0009775171065
2012-05-15,51.2,12.8,0,0
2012-05-16,50.2,12.55,0,-0.01953125
2012-05-17,50.8,12.7,0,0.01195219124
2012-05-18,49.67,12.4175,0,-0.02224409449
2012-05-21,49.95,12.4875,0,0.005637205557
2012-05-22,50.4,12.6,0,0.009009009009
2012-05-23,49.49,12.3725,0,-0.01805555556
2012-05-24,49.38,12.345,0,-0.002222671247
2012-05-25,49.01,12.2525,0,-0.00749291211
2012-05-28,49.47,12.3675,0,0.009385839625
2012-05-29,50.7,12.675,0,0.02486355367
2012-05-30,50.1,12.525,0,-0.01183431953
2012-05-31,50.15,12.5375,0,0.000998003992
2012-06-01,49.15,12.2875,0,-0.01994017946
2012-06-04,47.68,11.92,0,-0.02990844354
2012-06-05,48.3,12.075,0,0.0130033557
2012-06-06,48.63,12.1575,0,0.006832298137
2012-06-07,48.74,12.185,0,0.002261978203
2012-06-08,48,12,0,-0.01518260156
2012-06-11,48.99,12.2475,0,0.020625
2012-06-12,48.61,12.1525,0,-0.007756685038
2012-06-13,48.71,12.1775,0,0.002057189879
2012-06-14,48.78,12.195,0,0.001437076576
2012-06-15,49.4,12.35,0,0.0127101271
2012-06-18,50.2,12.55,0,0.01619433198
2012-06-19,49.91,12.4775,0,-0.00577689243
2012-06-20,50.45,12.6125,0,0.01081947506
2012-06-21,50.15,12.5375,0,-0.005946481665
2012-06-22,49.56,12.39,0,-0.01176470588
2012-06-25,49.2,12.3,0,-0.007263922518
2012-06-26,48.99,12.2475,0,-0.004268292683
2012-06-27,49.45,12.3625,0,0.009389671362
2012-06-28,49.53,12.3825,0,0.001617795753
2012-06-29,50.2,12.55,0,0.01352715526
2012-07-02,50.6,12.65,0,0.00796812749
2012-07-03,51.2,12.8,0,0.01185770751
2012-07-04,51.4,12.85,0,0.00390625
2012-07-05,51.3,12.825,0,-0.001945525292
2012-07-06,51,12.75,0,-0.005847953216
2012-07-09,50.95,12.7375,0,-0.0009803921569
2012-07-10,50.4,12.6,0,-0.01079489696
2012-07-11,50.55,12.6375,0,0.002976190476
2012-07-12,49.65,12.4125,0,-0.0178041543
2012-07-13,49.5,12.375,0,-0.003021148036
2012-07-16,49.5,12.375,0,0
2012-07-17,49.85,12.4625,0,0.007070707071
2012-07-18,49.2,12.3,0,-0.01303911735
2012-07-19,50.2,12.55,0,0.02032520325
2012-07-20,50.15,12.5375,0,-0.0009960159363
2012-07-23,49.25,12.3125,0,-0.01794616152
2012-07-24,49.12,12.28,0,-0.002639593909
2012-07-25,48.86,12.215,0,-0.005293159609
2012-07-26,48.94,12.235,0,0.00163733115
2012-07-27,49.92,12.48,0,0.02002451982
2012-07-30,50.25,12.5625,0,0.006610576923
2012-07-31,51.1,12.775,0,0.01691542289
2012-08-01,51.2,12.8,0,0.001956947162
2012-08-03,50.9,12.725,0,-0.005859375
2012-08-06,51.55,12.8875,0,0.01277013752
2012-08-07,51.6,12.9,0,0.0009699321048
2012-08-08,51.75,12.9375,0,0.002906976744
2012-08-09,52.85,13.2125,0,0.02125603865
2012-08-10,52.8,13.2,0,-0.0009460737938
2012-08-13,53,13.25,0,0.003787878788
2012-08-14,53.25,13.3125,0,0.004716981132
2012-08-15,53.05,13.2625,0,-0.003755868545
2012-08-16,53.2,13.3,0,0.002827521206
2012-08-17,52.95,13.2375,0,-0.00469924812
2012-08-20,52.8,13.2,0,-0.00283286119
2012-08-21,53.4,13.35,0,0.01136363636
2012-08-22,53.35,13.3375,0,-0.000936329588
2012-08-23,53.3,13.325,0,-0.0009372071228
2012-08-24,53.1,13.275,0,-0.003752345216
2012-08-27,53.2,13.3,0,0.001883239171
2012-08-28,52.5,13.125,0,-0.01315789474
2012-08-29,52.7,13.175,0,0.00380952381
2012-08-30,52.55,13.1375,0,-0.00284629981
2012-08-31,52.75,13.1875,0,0.003805899144
2012-09-03,53.15,13.2875,0,0.007582938389
2012-09-04,53.05,13.2625,0,-0.001881467545
2012-09-05,52.35,13.0875,0,-0.01319509896
2012-09-06,52.15,13.0375,0,-0.003820439351
2012-09-07,52.95,13.2375,0,0.01534036433
2012-09-10,53.35,13.3375,0,0.007554296506
2012-09-11,53.3,13.325,0,-0.0009372071228
2012-09-12,54.05,13.5125,0,0.01407129456
2012-09-13,54.15,13.5375,0,0.00185013876
2012-09-14,55.5,13.875,0,0.02493074792
2012-09-17,55.6,13.9,0,0.001801801802
2012-09-18,55.4,13.85,0,-0.003597122302
2012-09-19,55.65,13.9125,0,0.004512635379
2012-09-20,55.25,13.8125,0,-0.007187780773
2012-09-21,55.45,13.8625,0,0.003619909502
2012-09-24,55.5,13.875,0,0.0009017132552
2012-09-25,55.3,13.825,0,-0.003603603604
2012-09-26,54.9,13.725,0,-0.007233273056
2012-09-27,55.1,13.775,0,0.00364298725
2012-09-28,55.15,13.7875,0,0.0009074410163
2012-10-01,55,13.75,0,-0.002719854941
2012-10-02,55.25,13.8125,0,0.004545454545
2012-10-03,55,13.75,0,-0.004524886878
2012-10-04,55.05,13.7625,0,0.0009090909091
2012-10-05,55.1,13.775,0,0.0009082652134
2012-10-08,54.65,13.6625,0,-0.008166969147
2012-10-09,54.4,13.6,0,-0.004574565416
2012-10-11,53.3,13.325,0,-0.02022058824
2012-10-12,53.15,13.2875,0,-0.002814258912
2012-10-15,53.25,13.3125,0,0.001881467545
2012-10-16,53.5,13.375,0,0.004694835681
2012-10-17,53.4,13.35,0,-0.001869158879
2012-10-18,53.65,13.4125,0,0.00468164794
2012-10-19,53.25,13.3125,0,-0.007455731594
2012-10-22,52.9,13.225,0,-0.006572769953
2012-10-23,52.9,13.225,0,0
2012-10-24,51,12.75,1.85,0.1039697543
2012-10-25,50.5,12.625,0,-0.009803921569
2012-10-26,49.91,12.4775,0,-0.01168316832
2012-10-29,50,12.5,0,0.001803245843
2012-10-30,50.45,12.6125,0,0.009
2012-10-31,50.4,12.6,0,-0.0009910802775
2012-11-01,50.35,12.5875,0,-0.0009920634921
2012-11-02,50.7,12.675,0,0.006951340616
2012-11-05,50.5,12.625,0,-0.003944773176
2012-11-06,50.9,12.725,0,0.007920792079
2012-11-07,51.15,12.7875,0,0.004911591356
2012-11-08,50.75,12.6875,0,-0.007820136852
2012-11-09,51.1,12.775,0,0.006896551724
2012-11-12,50.9,12.725,0,-0.003913894325
2012-11-13,50.05,12.5125,0,-0.01669941061
2012-11-14,50.15,12.5375,0,0.001998001998
2012-11-15,50,12.5,0,-0.002991026919
2012-11-16,49.94,12.485,0,-0.0012
2012-11-19,50.25,12.5625,0,0.006207448939
2012-11-20,50.35,12.5875,0,0.001990049751
2012-11-21,49.97,12.4925,0,-0.007547169811
2012-11-22,50.2,12.55,0,0.004602761657
2012-11-23,51.7,12.925,0,0.02988047809
2012-11-26,52.2,13.05,0,0.009671179884
2012-11-27,52.4,13.1,0,0.003831417625
2012-11-28,52.45,13.1125,0,0.0009541984733
2012-11-29,53.1,13.275,0,0.012392755
2012-11-30,53.55,13.3875,0,0.008474576271
2012-12-03,53.5,13.375,0,-0.0009337068161
2012-12-04,53.45,13.3625,0,-0.0009345794393
2012-12-05,53.75,13.4375,0,0.00561272217
2012-12-06,53.6,13.4,0,-0.002790697674
2012-12-07,53.9,13.475,0,0.005597014925
2012-12-10,53.7,13.425,0,-0.003710575139
2012-12-11,53.65,13.4125,0,-0.0009310986965
2012-12-12,54.1,13.525,0,0.008387698043
2012-12-13,54.7,13.675,0,0.01109057301
2012-12-14,54.2,13.55,0,-0.009140767824
2012-12-17,53.5,13.375,0,-0.01291512915
2012-12-18,53.55,13.3875,0,0.0009345794393
2012-12-19,53.7,13.425,0,0.002801120448
2012-12-20,53.05,13.2625,0,-0.01210428305
2012-12-21,52.8,13.2,0,-0.004712535344
2012-12-22,52.95,13.2375,0,0.002840909091
2012-12-24,52.7,13.175,0,-0.004721435316
2012-12-25,53.6,13.4,0,0.01707779886
2012-12-26,53.5,13.375,0,-0.001865671642
2012-12-27,53.45,13.3625,0,-0.0009345794393
2012-12-28,53.8,13.45,0,0.006548175865
2013-01-02,54.4,13.6,0,0.01115241636
2013-01-03,54.85,13.7125,0,0.008272058824
2013-01-04,54.5,13.625,0,-0.006381039198
2013-01-07,54.25,13.5625,0,-0.004587155963
2013-01-08,53.9,13.475,0,-0.006451612903
2013-01-09,54.1,13.525,0,0.003710575139
2013-01-10,54.5,13.625,0,0.007393715342
2013-01-11,54.45,13.6125,0,-0.0009174311927
2013-01-14,54.5,13.625,0,0.0009182736455
2013-01-15,54,13.5,0,-0.009174311927
2013-01-16,53.7,13.425,0,-0.005555555556
2013-01-17,53.3,13.325,0,-0.007448789572
2013-01-18,53.95,13.4875,0,0.01219512195
2013-01-21,53.9,13.475,0,-0.0009267840593
2013-01-22,54.05,13.5125,0,0.002782931354
2013-01-23,54,13.5,0,-0.0009250693802
2013-01-24,53.7,13.425,0,-0.005555555556
2013-01-25,53.5,13.375,0,-0.003724394786
2013-01-28,53.75,13.4375,0,0.004672897196
2013-01-29,54.5,13.625,0,0.01395348837
2013-01-30,54.6,13.65,0,0.001834862385
2013-01-31,54.6,13.65,0,0
2013-02-01,54.8,13.7,0,0.003663003663
2013-02-04,55.2,13.8,0,0.007299270073
2013-02-05,55,13.75,0,-0.003623188406
2013-02-06,55.4,13.85,0,0.007272727273
2013-02-18,55.6,13.9,0,0.003610108303
2013-02-19,55.65,13.9125,0,0.0008992805755
2013-02-20,56.1,14.025,0,0.008086253369
2013-02-21,55.7,13.925,0,-0.007130124777
2013-02-22,55.5,13.875,0,-0.003590664273
2013-02-23,55.8,13.95,0,0.005405405405
2013-02-25,55.7,13.925,0,-0.001792114695
2013-02-26,55.1,13.775,0,-0.01077199282
2013-02-27,55.2,13.8,0,0.001814882033
2013-03-01,55.4,13.85,0,0.003623188406
2013-03-04,54.75,13.6875,0,-0.01173285199
2013-03-05,55.2,13.8,0,0.008219178082
2013-03-06,55.45,13.8625,0,0.004528985507
2013-03-07,55.4,13.85,0,-0.0009017132552
2013-03-08,55.8,13.95,0,0.007220216606
2013-03-11,55.9,13.975,0,0.001792114695
2013-03-12,55.55,13.8875,0,-0.00626118068
2013-03-13,55.65,13.9125,0,0.001800180018
2013-03-14,55.6,13.9,0,-0.0008984725966
2013-03-15,55.2,13.8,0,-0.007194244604
2013-03-18,54.5,13.625,0,-0.01268115942
2013-03-19,54.6,13.65,0,0.001834862385
2013-03-20,54.25,13.5625,0,-0.00641025641
2013-03-21,54.3,13.575,0,0.0009216589862
2013-03-22,54.15,13.5375,0,-0.002762430939
2013-03-25,54.55,13.6375,0,0.007386888273
2013-03-26,54.55,13.6375,0,0
2013-03-27,54.7,13.675,0,0.002749770852
2013-03-28,54.55,13.6375,0,-0.002742230347
2013-03-29,55.1,13.775,0,0.01008249313
2013-04-01,55,13.75,0,-0.001814882033
2013-04-02,54.85,13.7125,0,-0.002727272727
2013-04-03,55,13.75,0,0.002734731085
2013-04-08,53.85,13.4625,0,-0.02090909091
2013-04-09,53.7,13.425,0,-0.00278551532
2013-04-10,53.8,13.45,0,0.001862197393
2013-04-11,54.35,13.5875,0,0.01022304833
2013-04-12,54.35,13.5875,0,0
2013-04-15,53.9,13.475,0,-0.008279668813
2013-04-16,54,13.5,0,0.00185528757
2013-04-17,53.9,13.475,0,-0.001851851852
2013-04-18,53.85,13.4625,0,-0.0009276437848
2013-04-19,55.45,13.8625,0,0.02971216342
2013-04-22,55.4,13.85,0,-0.0009017132552
2013-04-23,55.1,13.775,0,-0.005415162455
2013-04-24,55.55,13.8875,0,0.008166969147
2013-04-25,55.65,13.9125,0,0.001800180018
2013-04-26,55.85,13.9625,0,0.003593890386
2013-04-29,55.8,13.95,0,-0.0008952551477
2013-04-30,56.4,14.1,0,0.01075268817
2013-05-02,56.55,14.1375,0,0.002659574468
2013-05-03,56.65,14.1625,0,0.001768346596
2013-05-06,56.9,14.225,0,0.004413062665
2013-05-07,57.1,14.275,0,0.003514938489
2013-05-08,57.85,14.4625,0,0.01313485114
2013-05-09,58.2,14.55,0,0.006050129646
2013-05-10,57.9,14.475,0,-0.005154639175
2013-05-13,57.75,14.4375,0,-0.002590673575
2013-05-14,57.9,14.475,0,0.002597402597
2013-05-15,57.95,14.4875,0,0.0008635578584
2013-05-16,58.7,14.675,0,0.01294219154
2013-05-17,58.4,14.6,0,-0.005110732538
2013-05-20,58.3,14.575,0,-0.001712328767
2013-05-21,58.3,14.575,0,0
2013-05-22,58.25,14.5625,0,-0.0008576329331
2013-05-23,57,14.25,0,-0.02145922747
2013-05-24,56.85,14.2125,0,-0.002631578947
2013-05-27,57.35,14.3375,0,0.008795074758
2013-05-28,57.15,14.2875,0,-0.003487358326
2013-05-29,57.65,14.4125,0,0.008748906387
2013-05-30,56.95,14.2375,0,-0.01214223764
2013-05-31,56.95,14.2375,0,0
2013-06-03,56.7,14.175,0,-0.004389815628
2013-06-04,56.6,14.15,0,-0.00176366843
2013-06-05,56.6,14.15,0,0
2013-06-06,55.9,13.975,0,-0.01236749117
2013-06-07,56.05,14.0125,0,0.002683363148
2013-06-10,56.5,14.125,0,0.008028545941
2013-06-11,56.35,14.0875,0,-0.002654867257
2013-06-13,55,13.75,0,-0.02395740905
2013-06-14,54.8,13.7,0,-0.003636363636
2013-06-17,55.15,13.7875,0,0.006386861314
2013-06-18,55.4,13.85,0,0.004533091568
2013-06-19,55.3,13.825,0,-0.001805054152
2013-06-20,54.25,13.5625,0,-0.01898734177
2013-06-21,53.6,13.4,0,-0.01198156682
2013-06-24,53.4,13.35,0,-0.003731343284
2013-06-25,53,13.25,0,-0.007490636704
2013-06-26,53.7,13.425,0,0.01320754717
2013-06-27,54.35,13.5875,0,0.01210428305
2013-06-28,55.1,13.775,0,0.01379944802
2013-07-01,55.6,13.9,0,0.009074410163
2013-07-02,55.5,13.875,0,-0.001798561151
2013-07-03,54.85,13.7125,0,-0.01171171171
2013-07-04,54.95,13.7375,0,0.001823154057
2013-07-05,56.05,14.0125,0,0.02001819836
2013-07-08,55,13.75,0,-0.01873327386
2013-07-09,55.65,13.9125,0,0.01181818182
2013-07-10,55.8,13.95,0,0.00269541779
2013-07-11,57.2,14.3,0,0.02508960573
2013-07-12,57.35,14.3375,0,0.002622377622
2013-07-15,57.5,14.375,0,0.002615518745
2013-07-16,57.5,14.375,0,0
2013-07-17,57.6,14.4,0,0.001739130435
2013-07-18,57.2,14.3,0,-0.006944444444
2013-07-19,55.95,13.9875,0,-0.02185314685
2013-07-22,56.15,14.0375,0,0.003574620197
2013-07-23,57.05,14.2625,0,0.0160284951
2013-07-24,56.9,14.225,0,-0.002629272568
2013-07-25,57,14.25,0,0.001757469244
2013-07-26,56.9,14.225,0,-0.001754385965
2013-07-29,56.5,14.125,0,-0.007029876977
2013-07-30,56.95,14.2375,0,0.00796460177
2013-07-31,56.6,14.15,0,-0.006145741879
2013-08-01,56.2,14.05,0,-0.007067137809
2013-08-02,56.55,14.1375,0,0.006227758007
2013-08-05,56.7,14.175,0,0.002652519894
2013-08-06,55.9,13.975,0,-0.01410934744
2013-08-07,55.1,13.775,0,-0.01431127013
2013-08-08,54.9,13.725,0,-0.003629764065
2013-08-09,54.85,13.7125,0,-0.0009107468124
2013-08-12,55,13.75,0,0.002734731085
2013-08-13,55.55,13.8875,0,0.01
2013-08-14,55.4,13.85,0,-0.002700270027
2013-08-15,55,13.75,0,-0.007220216606
2013-08-16,55.25,13.8125,0,0.004545454545
2013-08-19,55.1,13.775,0,-0.002714932127
2013-08-20,54.6,13.65,0,-0.009074410163
2013-08-22,54.15,13.5375,0,-0.008241758242
2013-08-23,54.85,13.7125,0,0.01292705448
2013-08-26,55.1,13.775,0,0.004557885141
2013-08-27,54.6,13.65,0,-0.009074410163
2013-08-28,54.75,13.6875,0,0.002747252747
2013-08-29,55.5,13.875,0,0.01369863014
2013-08-30,55.85,13.9625,0,0.006306306306
2013-09-02,56.3,14.075,0,0.008057296329
2013-09-03,56.65,14.1625,0,0.00621669627
2013-09-04,56.55,14.1375,0,-0.001765225066
2013-09-05,56.9,14.225,0,0.006189213086
2013-09-06,57,14.25,0,0.001757469244
2013-09-09,57.2,14.3,0,0.00350877193
2013-09-10,57.35,14.3375,0,0.002622377622
2013-09-11,57.5,14.375,0,0.002615518745
2013-09-12,57.55,14.3875,0,0.0008695652174
2013-09-13,57.1,14.275,0,-0.007819287576
2013-09-14,57.1,14.275,0,0
2013-09-16,57.8,14.45,0,0.0122591944
2013-09-17,57.75,14.4375,0,-0.0008650519031
2013-09-18,57.55,14.3875,0,-0.003463203463
2013-09-23,58,14.5,0,0.007819287576
2013-09-24,58.05,14.5125,0,0.0008620689655
2013-09-25,57.8,14.45,0,-0.004306632214
2013-09-26,57.25,14.3125,0,-0.009515570934
2013-09-27,57.4,14.35,0,0.002620087336
2013-09-30,57.15,14.2875,0,-0.004355400697
2013-10-01,57.15,14.2875,0,0
2013-10-02,57.35,14.3375,0,0.003499562555
2013-10-03,58.55,14.6375,0,0.02092414996
2013-10-04,58.45,14.6125,0,-0.00170794193
2013-10-07,57.9,14.475,0,-0.009409751925
2013-10-08,58.35,14.5875,0,0.007772020725
2013-10-09,58.2,14.55,0,-0.002570694087
2013-10-11,58.45,14.6125,0,0.004295532646
2013-10-14,58,14.5,0,-0.007698887938
2013-10-15,58.5,14.625,0,0.008620689655
2013-10-16,58.25,14.5625,0,-0.004273504274
2013-10-17,58.55,14.6375,0,0.005150214592
2013-10-18,59.05,14.7625,0,0.00853970965
2013-10-21,59,14.75,0,-0.0008467400508
2013-10-22,59,14.75,0,0
2013-10-23,58.7,14.675,0,-0.005084745763
2013-10-24,57.55,14.3875,1.35,0.07240204429
2013-10-25,57.1,14.275,0,-0.007819287576
2013-10-28,57.5,14.375,0,0.00700525394
2013-10-29,57.75,14.4375,0,0.004347826087
2013-10-30,57.9,14.475,0,0.002597402597
2013-10-31,57.9,14.475,0,0
2013-11-01,57.6,14.4,0,-0.00518134715
2013-11-04,57.35,14.3375,0,-0.004340277778
2013-11-05,56.8,14.2,0,-0.009590235397
2013-11-06,56.8,14.2,0,0
2013-11-07,56.65,14.1625,0,-0.00264084507
2013-11-08,56.45,14.1125,0,-0.003530450132
2013-11-11,56.3,14.075,0,-0.002657218778
2013-11-12,56.5,14.125,0,0.003552397869
2013-11-13,55.75,13.9375,0,-0.01327433628
2013-11-14,55.9,13.975,0,0.00269058296
2013-11-15,56.15,14.0375,0,0.004472271914
2013-11-18,56.45,14.1125,0,0.005342831701
2013-11-19,56.8,14.2,0,0.006200177148
2013-11-20,56.45,14.1125,0,-0.006161971831
2013-11-21,55.45,13.8625,0,-0.01771479185
2013-11-22,55.5,13.875,0,0.0009017132552
2013-11-25,56.25,14.0625,0,0.01351351351
2013-11-26,56.7,14.175,0,0.008
2013-11-27,57,14.25,0,0.005291005291
2013-11-28,57.35,14.3375,0,0.006140350877
2013-11-29,57.55,14.3875,0,0.003487358326
2013-12-02,57.45,14.3625,0,-0.001737619461
2013-12-03,57.5,14.375,0,0.0008703220191
2013-12-04,57.45,14.3625,0,-0.0008695652174
2013-12-05,57.1,14.275,0,-0.006092254134
2013-12-06,57.15,14.2875,0,0.0008756567426
2013-12-09,57.65,14.4125,0,0.008748906387
2013-12-10,57.8,14.45,0,0.002601908066
2013-12-11,57.85,14.4625,0,0.0008650519031
2013-12-12,57.4,14.35,0,-0.007778738116
2013-12-13,57.35,14.3375,0,-0.0008710801394
2013-12-16,56.9,14.225,0,-0.007846556234
2013-12-17,57.2,14.3,0,0.005272407733
2013-12-18,57,14.25,0,-0.003496503497
2013-12-19,57.35,14.3375,0,0.006140350877
2013-12-20,57.45,14.3625,0,0.001743679163
2013-12-23,57.85,14.4625,0,0.006962576153
2013-12-24,57.8,14.45,0,-0.0008643042351
2013-12-25,57.85,14.4625,0,0.0008650519031
2013-12-26,57.85,14.4625,0,0
2013-12-27,58.3,14.575,0,0.007778738116
2013-12-30,58.8,14.7,0,0.008576329331
2013-12-31,58.7,14.675,0,-0.001700680272
2014-01-02,58.55,14.6375,0,-0.002555366269
2014-01-03,57.85,14.4625,0,-0.01195559351
2014-01-06,57.7,14.425,0,-0.002592912705
2014-01-07,57.7,14.425,0,0
2014-01-08,57.8,14.45,0,0.001733102253
2014-01-09,57.55,14.3875,0,-0.004325259516
2014-01-10,57.55,14.3875,0,0
2014-01-13,57.9,14.475,0,0.006081668115
2014-01-14,57.8,14.45,0,-0.001727115717
2014-01-15,58.4,14.6,0,0.01038062284
2014-01-16,58.55,14.6375,0,0.002568493151
2014-01-17,58.65,14.6625,0,0.00170794193
2014-01-20,58.8,14.7,0,0.002557544757
2014-01-21,58.55,14.6375,0,-0.00425170068
2014-01-22,58.65,14.6625,0,0.00170794193
2014-01-23,58.5,14.625,0,-0.002557544757
2014-01-24,58.65,14.6625,0,0.002564102564
2014-01-27,57.6,14.4,0,-0.0179028133
2014-02-05,55.8,13.95,0,-0.03125
2014-02-06,56,14,0,0.003584229391
2014-02-07,56.6,14.15,0,0.01071428571
2014-02-10,56.6,14.15,0,0
2014-02-11,56.95,14.2375,0,0.006183745583
2014-02-12,57.55,14.3875,0,0.01053555751
2014-02-13,57.4,14.35,0,-0.002606429192
2014-02-14,57.95,14.4875,0,0.009581881533
2014-02-17,57.95,14.4875,0,0
2014-02-18,58.15,14.5375,0,0.003451251079
2014-02-19,58.15,14.5375,0,0
2014-02-20,57.65,14.4125,0,-0.008598452279
2014-02-21,58.2,14.55,0,0.009540329575
2014-02-24,57.9,14.475,0,-0.005154639175
2014-02-25,58.15,14.5375,0,0.004317789292
2014-02-26,58.4,14.6,0,0.004299226139
2014-02-27,58.3,14.575,0,-0.001712328767
2014-03-03,57.95,14.4875,0,-0.006003430532
2014-03-04,57.7,14.425,0,-0.004314063848
2014-03-05,58.3,14.575,0,0.01039861352
2014-03-06,59.15,14.7875,0,0.01457975986
2014-03-07,59.4,14.85,0,0.004226542688
2014-03-10,59.05,14.7625,0,-0.005892255892
2014-03-11,59.35,14.8375,0,0.005080440305
2014-03-12,58.8,14.7,0,-0.009267059815
2014-03-13,59.75,14.9375,0,0.01615646259
2014-03-14,59.15,14.7875,0,-0.010041841
2014-03-17,59.05,14.7625,0,-0.001690617075
2014-03-18,59.4,14.85,0,0.005927180356
2014-03-19,59.25,14.8125,0,-0.002525252525
2014-03-20,58.5,14.625,0,-0.01265822785
2014-03-21,58.5,14.625,0,0
2014-03-24,58.65,14.6625,0,0.002564102564
2014-03-25,59.15,14.7875,0,0.00852514919
2014-03-26,59.7,14.925,0,0.009298393914
2014-03-27,59.8,14.95,0,0.001675041876
2014-03-28,59.9,14.975,0,0.001672240803
2014-03-31,60.1,15.025,0,0.003338898164
2014-04-01,60.6,15.15,0,0.008319467554
2014-04-02,60.8,15.2,0,0.003300330033
2014-04-03,60.65,15.1625,0,-0.002467105263
2014-04-07,60.5,15.125,0,-0.002473206925
2014-04-08,60.8,15.2,0,0.004958677686
2014-04-09,61,15.25,0,0.003289473684
2014-04-10,61.2,15.3,0,0.003278688525
2014-04-11,61.15,15.2875,0,-0.0008169934641
2014-04-14,61.05,15.2625,0,-0.001635322976
2014-04-15,61.35,15.3375,0,0.004914004914
2014-04-16,61.3,15.325,0,-0.000814995925
2014-04-17,61.15,15.2875,0,-0.002446982055
2014-04-18,61.55,15.3875,0,0.006541291905
2014-04-21,61.55,15.3875,0,0
2014-04-22,61.75,15.4375,0,0.003249390739
2014-04-23,61.65,15.4125,0,-0.001619433198
2014-04-24,61.75,15.4375,0,0.001622060016
2014-04-25,60.7,15.175,0,-0.01700404858
2014-04-28,61.25,15.3125,0,0.009060955519
2014-04-29,61.35,15.3375,0,0.001632653061
2014-04-30,61,15.25,0,-0.005704971475
2014-05-02,61.3,15.325,0,0.004918032787
2014-05-05,61.2,15.3,0,-0.00163132137
2014-05-06,61.55,15.3875,0,0.005718954248
2014-05-07,61.4,15.35,0,-0.002437043054
2014-05-08,61.85,15.4625,0,0.007328990228
2014-05-09,61.45,15.3625,0,-0.006467259499
2014-05-12,61.15,15.2875,0,-0.004882017901
2014-05-13,61.45,15.3625,0,0.004905968929
2014-05-14,61.8,15.45,0,0.005695687551
2014-05-15,61.75,15.4375,0,-0.0008090614887
2014-05-16,61.85,15.4625,0,0.001619433198
2014-05-19,61.85,15.4625,0,0
2014-05-20,62.1,15.525,0,0.004042037187
2014-05-21,61.8,15.45,0,-0.004830917874
2014-05-22,62.65,15.6625,0,0.01375404531
2014-05-23,62.75,15.6875,0,0.001596169194
2014-05-26,63.05,15.7625,0,0.004780876494
2014-05-27,63.1,15.775,0,0.0007930214116
2014-05-28,63.7,15.925,0,0.009508716323
2014-05-29,63.4,15.85,0,-0.004709576138
2014-05-30,63.1,15.775,0,-0.004731861199
2014-06-03,63.15,15.7875,0,0.0007923930269
2014-06-04,63.4,15.85,0,0.003958828187
2014-06-05,63.4,15.85,0,0
2014-06-06,63.55,15.8875,0,0.002365930599
2014-06-09,63.8,15.95,0,0.003933910307
2014-06-10,64.2,16.05,0,0.006269592476
2014-06-11,64.15,16.0375,0,-0.0007788161994
2014-06-12,64,16,0,-0.00233826968
2014-06-13,63.85,15.9625,0,-0.00234375
2014-06-16,63.9,15.975,0,0.0007830853563
2014-06-17,64.35,16.0875,0,0.007042253521
2014-06-18,64.5,16.125,0,0.002331002331
2014-06-19,64.95,16.2375,0,0.006976744186
2014-06-20,64.75,16.1875,0,-0.003079291763
2014-06-23,64.7,16.175,0,-0.0007722007722
2014-06-24,64.8,16.2,0,0.001545595054
2014-06-25,64.65,16.1625,0,-0.002314814815
2014-06-26,65.35,16.3375,0,0.01082753287
2014-06-27,65.35,16.3375,0,0
2014-06-30,65.95,16.4875,0,0.009181331293
2014-07-01,66.55,16.6375,0,0.009097801365
2014-07-02,67.1,16.775,0,0.00826446281
2014-07-03,67.7,16.925,0,0.008941877794
2014-07-04,67.7,16.925,0,0
2014-07-07,67.6,16.9,0,-0.001477104874
2014-07-08,67.75,16.9375,0,0.002218934911
2014-07-09,67.85,16.9625,0,0.00147601476
2014-07-10,68.35,17.0875,0,0.007369196758
2014-07-11,68.3,17.075,0,-0.0007315288954
2014-07-14,68.7,17.175,0,0.005856515373
2014-07-15,68.95,17.2375,0,0.003639010189
2014-07-16,68.35,17.0875,0,-0.008701957941
2014-07-17,67.5,16.875,0,-0.01243599122
2014-07-18,67.5,16.875,0,0
2014-07-21,67.5,16.875,0,0
2014-07-22,68.1,17.025,0,0.008888888889
2014-07-24,68.4,17.1,0,0.004405286344
2014-07-25,67.65,16.9125,0,-0.01096491228
2014-07-28,67.5,16.875,0,-0.0022172949
2014-07-29,67.45,16.8625,0,-0.0007407407407
2014-07-30,67.85,16.9625,0,0.005930318755
2014-07-31,66.75,16.6875,0,-0.01621223287
2014-08-01,66.25,16.5625,0,-0.007490636704
2014-08-04,66.6,16.65,0,0.005283018868
2014-08-05,65.25,16.3125,0,-0.02027027027
2014-08-06,65.7,16.425,0,0.006896551724
2014-08-07,65.7,16.425,0,0
2014-08-08,65.7,16.425,0,0
2014-08-11,66.05,16.5125,0,0.005327245053
2014-08-12,66.1,16.525,0,0.000757002271
2014-08-13,66.75,16.6875,0,0.009833585477
2014-08-14,67.1,16.775,0,0.005243445693
2014-08-15,67.1,16.775,0,0
2014-08-18,66.9,16.725,0,-0.002980625931
2014-08-19,67.75,16.9375,0,0.01270553064
2014-08-20,68,17,0,0.0036900369
2014-08-21,67.9,16.975,0,-0.001470588235
2014-08-22,68.75,17.1875,0,0.01251840943
2014-08-25,68.65,17.1625,0,-0.001454545455
2014-08-26,68.6,17.15,0,-0.0007283321194
2014-08-27,69.25,17.3125,0,0.009475218659
2014-08-28,69.35,17.3375,0,0.001444043321
2014-08-29,69.2,17.3,0,-0.002162941601
2014-09-01,69.8,17.45,0,0.008670520231
2014-09-02,68.75,17.1875,0,-0.01504297994
2014-09-03,69.25,17.3125,0,0.007272727273
2014-09-04,69,17.25,0,-0.003610108303
2014-09-05,69,17.25,0,0
2014-09-09,69.25,17.3125,0,0.003623188406
2014-09-10,68.65,17.1625,0,-0.008664259928
2014-09-11,68.4,17.1,0,-0.003641660597
2014-09-12,67.75,16.9375,0,-0.009502923977
2014-09-15,67.75,16.9375,0,0
2014-09-16,67.2,16.8,0,-0.008118081181
2014-09-17,67.7,16.925,0,0.00744047619
2014-09-18,67.85,16.9625,0,0.002215657312
2014-09-19,68,17,0,0.002210759027
2014-09-22,66.95,16.7375,0,-0.01544117647
2014-09-23,66.8,16.7,0,-0.002240477969
2014-09-24,66.55,16.6375,0,-0.00374251497
2014-09-25,65.95,16.4875,0,-0.009015777611
2014-09-26,65.6,16.4,0,-0.005307050796
2014-09-29,65.4,16.35,0,-0.003048780488
2014-09-30,65.3,16.325,0,-0.001529051988
2014-10-01,65.5,16.375,0,0.003062787136
2014-10-02,65.5,16.375,0,0
2014-10-03,66.7,16.675,0,0.01832061069
2014-10-06,66.65,16.6625,0,-0.0007496251874
2014-10-07,66.1,16.525,0,-0.008252063016
2014-10-08,65.7,16.425,0,-0.006051437216
2014-10-09,66,16.5,0,0.004566210046
2014-10-13,64,16,0,-0.0303030303
2014-10-14,64.55,16.1375,0,0.00859375
2014-10-15,64.1,16.025,0,-0.006971340046
2014-10-16,64,16,0,-0.001560062402
2014-10-17,63.35,15.8375,0,-0.01015625
2014-10-20,64.6,16.15,0,0.01973164957
2014-10-21,64.3,16.075,0,-0.004643962848
2014-10-22,65.3,16.325,0,0.01555209953
2014-10-23,65.05,16.2625,0,-0.00382848392
2014-10-24,63.05,15.7625,1.55,0.06456571868
2014-10-27,63.25,15.8125,0,0.003172085646
2014-10-28,64.35,16.0875,0,0.01739130435
2014-10-29,65,16.25,0,0.0101010101
2014-10-30,64.8,16.2,0,-0.003076923077
2014-10-31,65.3,16.325,0,0.007716049383
2014-11-03,65.6,16.4,0,0.004594180704
2014-11-04,65.65,16.4125,0,0.000762195122
2014-11-05,65.5,16.375,0,-0.002284843869
2014-11-06,65.1,16.275,0,-0.006106870229
2014-11-07,65.2,16.3,0,0.00153609831
2014-11-10,66.15,16.5375,0,0.01457055215
2014-11-11,65.95,16.4875,0,-0.003023431595
2014-11-12,65,16.25,0,-0.01440485216
2014-11-13,65.65,16.4125,0,0.01
2014-11-14,65.7,16.425,0,0.000761614623
2014-11-17,65.1,16.275,0,-0.009132420091
2014-11-18,64.9,16.225,0,-0.003072196621
2014-11-19,65.85,16.4625,0,0.01463790447
2014-11-20,66.6,16.65,0,0.01138952164
2014-11-21,66.65,16.6625,0,0.0007507507508
2014-11-24,66.8,16.7,0,0.002250562641
2014-11-25,66.85,16.7125,0,0.000748502994
2014-11-26,66.85,16.7125,0,0
2014-11-27,67.5,16.875,0,0.009723261032
2014-11-28,67.5,16.875,0,0
2014-12-01,66.8,16.7,0,-0.01037037037
2014-12-02,65.8,16.45,0,-0.01497005988
2014-12-03,66.85,16.7125,0,0.01595744681
2014-12-04,67.1,16.775,0,0.003739715782
2014-12-05,66.85,16.7125,0,-0.003725782414
2014-12-08,66.35,16.5875,0,-0.007479431563
2014-12-09,66.2,16.55,0,-0.002260738508
2014-12-10,65.3,16.325,0,-0.01359516616
2014-12-11,65.25,16.3125,0,-0.0007656967841
2014-12-12,65.3,16.325,0,0.0007662835249
2014-12-15,65.1,16.275,0,-0.003062787136
2014-12-16,64.55,16.1375,0,-0.008448540707
2014-12-17,63.55,15.8875,0,-0.01549186677
2014-12-18,63.7,15.925,0,0.002360346184
2014-12-19,65.2,16.3,0,0.02354788069
2014-12-22,66,16.5,0,0.01226993865
2014-12-23,65.8,16.45,0,-0.00303030303
2014-12-24,66.3,16.575,0,0.007598784195
2014-12-25,66.3,16.575,0,0
2014-12-26,66.45,16.6125,0,0.002262443439
2014-12-27,66.6,16.65,0,0.002257336343
2014-12-29,67.2,16.8,0,0.009009009009
2014-12-30,66.85,16.7125,0,-0.005208333333
2014-12-31,66.85,16.7125,0,0
2015-01-05,66.55,16.6375,0,-0.004487658938
2015-01-06,64.9,16.225,0,-0.02479338843
2015-01-07,65,16.25,0,0.001540832049
2015-01-08,66.5,16.625,0,0.02307692308
2015-01-09,66.15,16.5375,0,-0.005263157895
2015-01-12,65.75,16.4375,0,-0.00604686319
2015-01-13,65.95,16.4875,0,0.003041825095
2015-01-14,65.6,16.4,0,-0.005307050796
2015-01-15,65.8,16.45,0,0.003048780488
2015-01-16,65.5,16.375,0,-0.004559270517
2015-01-19,66.25,16.5625,0,0.01145038168
2015-01-20,66.75,16.6875,0,0.007547169811
2015-01-21,67.25,16.8125,0,0.007490636704
2015-01-22,67.6,16.9,0,0.005204460967
2015-01-23,68.7,17.175,0,0.01627218935
2015-01-26,68.7,17.175,0,0
2015-01-27,69.15,17.2875,0,0.006550218341
2015-01-28,69.15,17.2875,0,0
2015-01-29,68.3,17.075,0,-0.01229211858
2015-01-30,68,17,0,-0.00439238653
2015-02-02,68.15,17.0375,0,0.002205882353
2015-02-03,68.65,17.1625,0,0.007336757153
2015-02-04,69.4,17.35,0,0.01092498179
2015-02-05,69.1,17.275,0,-0.004322766571
2015-02-06,68.75,17.1875,0,-0.00506512301
2015-02-09,68.5,17.125,0,-0.003636363636
2015-02-10,68.25,17.0625,0,-0.003649635036
2015-02-11,69,17.25,0,0.01098901099
2015-02-12,69,17.25,0,0
2015-02-13,69.45,17.3625,0,0.00652173913
2015-02-24,70.25,17.5625,0,0.01151907847
2015-02-25,70.8,17.7,0,0.007829181495
2015-02-26,70.3,17.575,0,-0.007062146893
2015-03-02,70,17.5,0,-0.00426742532
2015-03-03,69.9,17.475,0,-0.001428571429
2015-03-04,69.95,17.4875,0,0.0007153075823
2015-03-05,69.7,17.425,0,-0.003573981415
2015-03-06,69.8,17.45,0,0.00143472023
2015-03-09,69.1,17.275,0,-0.0100286533
2015-03-10,68.95,17.2375,0,-0.002170767004
2015-03-11,69.05,17.2625,0,0.001450326323
2015-03-12,69.65,17.4125,0,0.008689355539
2015-03-13,69.45,17.3625,0,-0.002871500359
2015-03-16,68.9,17.225,0,-0.007919366451
2015-03-17,69.15,17.2875,0,0.003628447025
2015-03-18,69.9,17.475,0,0.01084598698
2015-03-19,70.65,17.6625,0,0.01072961373
2015-03-20,70.55,17.6375,0,-0.001415428167
2015-03-23,70.75,17.6875,0,0.002834868887
2015-03-24,70.5,17.625,0,-0.003533568905
2015-03-25,70.25,17.5625,0,-0.003546099291
2015-03-26,69.4,17.35,0,-0.01209964413
2015-03-27,68.75,17.1875,0,-0.009365994236
2015-03-30,68.8,17.2,0,0.0007272727273
2015-03-31,69.05,17.2625,0,0.00363372093
2015-04-01,68.65,17.1625,0,-0.005792903693
2015-04-02,69.5,17.375,0,0.01238164603
2015-04-07,69.6,17.4,0,0.001438848921
2015-04-08,69,17.25,0,-0.008620689655
2015-04-09,69.1,17.275,0,0.001449275362
2015-04-10,69.65,17.4125,0,0.007959479016
2015-04-13,69.85,17.4625,0,0.002871500359
2015-04-14,69.5,17.375,0,-0.005010737294
2015-04-15,68.65,17.1625,0,-0.01223021583
2015-04-16,69.7,17.425,0,0.01529497451
2015-04-17,69.05,17.2625,0,-0.009325681492
2015-04-20,68.95,17.2375,0,-0.001448225923
2015-04-21,68.95,17.2375,0,0
2015-04-22,69.65,17.4125,0,0.01015228426
2015-04-23,71.5,17.875,0,0.02656137832
2015-04-24,72.2,18.05,0,0.00979020979
2015-04-27,72.75,18.1875,0,0.007617728532
2015-04-28,72.6,18.15,0,-0.00206185567
2015-04-29,71.8,17.95,0,-0.01101928375
2015-04-30,71.45,17.8625,0,-0.004874651811
2015-05-04,71.6,17.9,0,0.002099370189
2015-05-05,71.2,17.8,0,-0.005586592179
2015-05-06,71.3,17.825,0,0.001404494382
2015-05-07,70.45,17.6125,0,-0.01192145863
2015-05-08,70.5,17.625,0,0.0007097232079
2015-05-11,70.85,17.7125,0,0.004964539007
2015-05-12,70.7,17.675,0,-0.002117148906
2015-05-13,71.1,17.775,0,0.005657708628
2015-05-14,70.1,17.525,0,-0.01406469761
2015-05-15,70,17.5,0,-0.001426533524
2015-05-18,70.25,17.5625,0,0.003571428571
2015-05-19,71.3,17.825,0,0.01494661922
2015-05-20,70.8,17.7,0,-0.007012622721
2015-05-21,70.15,17.5375,0,-0.00918079096
2015-05-22,70.7,17.675,0,0.007840342124
2015-05-25,70.7,17.675,0,0
2015-05-26,71,17.75,0,0.004243281471
2015-05-27,71.15,17.7875,0,0.002112676056
2015-05-28,71.5,17.875,0,0.004919184821
2015-05-29,71.1,17.775,0,-0.005594405594
2015-06-01,70.5,17.625,0,-0.008438818565
2015-06-02,70.4,17.6,0,-0.001418439716
2015-06-03,69.95,17.4875,0,-0.006392045455
2015-06-04,68.6,17.15,0,-0.01929949964
2015-06-05,68.45,17.1125,0,-0.002186588921
2015-06-08,68.9,17.225,0,0.006574141709
2015-06-09,68.35,17.0875,0,-0.007982583454
2015-06-10,68.65,17.1625,0,0.004389173372
2015-06-11,68.85,17.2125,0,0.002913328478
2015-06-12,68.8,17.2,0,-0.0007262164125
2015-06-15,68.65,17.1625,0,-0.002180232558
2015-06-16,68.2,17.05,0,-0.006554989075
2015-06-17,68.5,17.125,0,0.004398826979
2015-06-18,68.4,17.1,0,-0.001459854015
2015-06-22,69.35,17.3375,0,0.01388888889
2015-06-23,69.55,17.3875,0,0.002883922134
2015-06-24,69.65,17.4125,0,0.001437814522
2015-06-25,70.45,17.6125,0,0.01148600144
2015-06-26,70.45,17.6125,0,0
2015-06-29,68.8,17.2,0,-0.02342086586
2015-06-30,69.4,17.35,0,0.008720930233
2015-07-01,70.05,17.5125,0,0.009365994236
2015-07-02,70.1,17.525,0,0.0007137758744
2015-07-03,70.1,17.525,0,0
2015-07-06,69.3,17.325,0,-0.01141226819
2015-07-07,69.6,17.4,0,0.004329004329
2015-07-08,67.5,16.875,0,-0.03017241379
2015-07-09,67.1,16.775,0,-0.005925925926
2015-07-13,68.1,17.025,0,0.01490312966
2015-07-14,68.1,17.025,0,0
2015-07-15,68.25,17.0625,0,0.002202643172
2015-07-16,68.6,17.15,0,0.005128205128
2015-07-17,68.5,17.125,0,-0.001457725948
2015-07-20,68,17,0,-0.007299270073
2015-07-21,68.65,17.1625,0,0.009558823529
2015-07-22,67.8,16.95,0,-0.01238164603
2015-07-23,67.15,16.7875,0,-0.009587020649
2015-07-24,66.75,16.6875,0,-0.005956813105
2015-07-27,65.8,16.45,0,-0.01423220974
2015-07-28,65.85,16.4625,0,0.0007598784195
2015-07-29,65.4,16.35,0,-0.006833712984
2015-07-30,66.5,16.625,0,0.01681957187
2015-07-31,66.15,16.5375,0,-0.005263157895
2015-08-03,65.25,16.3125,0,-0.01360544218
2015-08-04,65.3,16.325,0,0.0007662835249
2015-08-05,65.7,16.425,0,0.006125574273
2015-08-06,65,16.25,0,-0.01065449011
2015-08-07,64.7,16.175,0,-0.004615384615
2015-08-10,64.55,16.1375,0,-0.002318392581
2015-08-11,64.55,16.1375,0,0
2015-08-12,63.45,15.8625,0,-0.01704105345
2015-08-13,63.55,15.8875,0,0.001576044129
2015-08-14,63.3,15.825,0,-0.003933910307
2015-08-17,62.9,15.725,0,-0.006319115324
2015-08-18,62.55,15.6375,0,-0.005564387917
2015-08-19,61.6,15.4,0,-0.01518784972
2015-08-20,61.4,15.35,0,-0.003246753247
2015-08-21,59.8,14.95,0,-0.02605863192
2015-08-24,57.5,14.375,0,-0.03846153846
2015-08-25,60,15,0,0.04347826087
2015-08-26,60.35,15.0875,0,0.005833333333
2015-08-27,60.15,15.0375,0,-0.003314001657
2015-08-28,61.8,15.45,0,0.02743142145
2015-08-31,62.3,15.575,0,0.008090614887
2015-09-01,61.75,15.4375,0,-0.008828250401
2015-09-02,62.1,15.525,0,0.005668016194
2015-09-03,62.15,15.5375,0,0.0008051529791
2015-09-04,61.35,15.3375,0,-0.01287208367
2015-09-07,61.25,15.3125,0,-0.00162999185
2015-09-08,61.45,15.3625,0,0.003265306122
2015-09-09,64.15,16.0375,0,0.04393816111
2015-09-10,63.45,15.8625,0,-0.01091192518
2015-09-11,63.5,15.875,0,0.0007880220646
2015-09-14,63.65,15.9125,0,0.002362204724
2015-09-15,63.15,15.7875,0,-0.007855459544
2015-09-16,63.9,15.975,0,0.01187648456
2015-09-17,65,16.25,0,0.0172143975
2015-09-18,64.85,16.2125,0,-0.002307692308
2015-09-21,63.45,15.8625,0,-0.02158828065
2015-09-22,63.8,15.95,0,0.005516154452
2015-09-23,62.35,15.5875,0,-0.02272727273
2015-09-24,62,15.5,0,-0.005613472334
2015-09-25,62.25,15.5625,0,0.004032258065
2015-09-30,62.4,15.6,0,0.002409638554
2015-10-01,63.6,15.9,0,0.01923076923
2015-10-02,63.25,15.8125,0,-0.005503144654
2015-10-05,63.4,15.85,0,0.002371541502
2015-10-06,63.9,15.975,0,0.007886435331
2015-10-07,64.85,16.2125,0,0.01486697966
2015-10-08,64.7,16.175,0,-0.002313030069
2015-10-12,65.55,16.3875,0,0.01313755796
2015-10-13,65.3,16.325,0,-0.003813882532
2015-10-14,65.05,16.2625,0,-0.00382848392
2015-10-15,66,16.5,0,0.01460415065
2015-10-16,65.75,16.4375,0,-0.003787878788
2015-10-19,65.95,16.4875,0,0.003041825095
2015-10-20,65.95,16.4875,0,0
2015-10-21,65.5,16.375,0,-0.006823351024
2015-10-22,65.5,16.375,0,0
2015-10-23,65.9,16.475,0,0.006106870229
2015-10-26,64.55,16.1375,2,0.1009104704
2015-10-27,64.2,16.05,0,-0.005422153369
2015-10-28,63.75,15.9375,0,-0.007009345794
2015-10-29,63.3,15.825,0,-0.007058823529
2015-10-30,63.2,15.8,0,-0.001579778831
2015-11-02,63.3,15.825,0,0.001582278481
2015-11-03,64.3,16.075,0,0.01579778831
2015-11-04,65.55,16.3875,0,0.01944012442
2015-11-05,65.4,16.35,0,-0.002288329519
2015-11-06,64.1,16.025,0,-0.01987767584
2015-11-09,63.65,15.9125,0,-0.007020280811
2015-11-10,62.9,15.725,0,-0.01178318932
2015-11-11,62.15,15.5375,0,-0.01192368839
2015-11-12,62.25,15.5625,0,0.001609010459
2015-11-13,61.6,15.4,0,-0.01044176707
2015-11-16,61.15,15.2875,0,-0.007305194805
2015-11-17,62.35,15.5875,0,0.01962387572
2015-11-18,61.4,15.35,0,-0.01523656776
2015-11-19,62.3,15.575,0,0.01465798046
2015-11-20,62.3,15.575,0,0
2015-11-23,62.6,15.65,0,0.00481540931
2015-11-24,61.95,15.4875,0,-0.01038338658
2015-11-25,61.95,15.4875,0,0
2015-11-26,62.8,15.7,0,0.01372074253
2015-11-27,61.95,15.4875,0,-0.01353503185
2015-11-30,61.2,15.3,0,-0.01210653753
2015-12-01,62.4,15.6,0,0.01960784314
2015-12-02,62.3,15.575,0,-0.001602564103
2015-12-03,62.4,15.6,0,0.001605136437
2015-12-04,61.75,15.4375,0,-0.01041666667
2015-12-07,62.5,15.625,0,0.01214574899
2015-12-08,61.5,15.375,0,-0.016
2015-12-09,60.75,15.1875,0,-0.01219512195
2015-12-10,60.55,15.1375,0,-0.00329218107
2015-12-11,59.85,14.9625,0,-0.01156069364
2015-12-14,59.4,14.85,0,-0.007518796992
2015-12-15,59.45,14.8625,0,0.0008417508418
2015-12-16,60.35,15.0875,0,0.01513877208
2015-12-17,61.05,15.2625,0,0.0115990058
2015-12-18,60.75,15.1875,0,-0.004914004914
2015-12-21,60.65,15.1625,0,-0.001646090535
2015-12-22,60.8,15.2,0,0.002473206925
2015-12-23,60.9,15.225,0,0.001644736842
2015-12-24,61.2,15.3,0,0.004926108374
2015-12-25,61.6,15.4,0,0.006535947712
2015-12-28,61.45,15.3625,0,-0.002435064935
2015-12-29,61,15.25,0,-0.007323026851
2015-12-30,60.55,15.1375,0,-0.00737704918
2015-12-31,60.75,15.1875,0,0.003303055326
2016-01-04,59.55,14.8875,0,-0.01975308642
2016-01-05,59.05,14.7625,0,-0.008396305626
2016-01-06,58.45,14.6125,0,-0.01016088061
2016-01-07,57.35,14.3375,0,-0.01881950385
2016-01-08,57.45,14.3625,0,0.001743679163
2016-01-11,56.55,14.1375,0,-0.01566579634
2016-01-12,56.5,14.125,0,-0.000884173298
2016-01-13,57.15,14.2875,0,0.01150442478
2016-01-14,56.7,14.175,0,-0.007874015748
2016-01-15,56.7,14.175,0,0
2016-01-18,57.1,14.275,0,0.007054673721
2016-01-19,57.25,14.3125,0,0.002626970228
2016-01-20,55.9,13.975,0,-0.02358078603
2016-01-21,55.8,13.95,0,-0.001788908766
2016-01-22,56.55,14.1375,0,0.01344086022
2016-01-25,57.55,14.3875,0,0.01768346596
2016-01-26,57,14.25,0,-0.009556907037
2016-01-27,57.25,14.3125,0,0.004385964912
2016-01-28,57.55,14.3875,0,0.005240174672
2016-01-29,59,14.75,0,0.02519548219
2016-01-30,59.55,14.8875,0,0.009322033898
2016-02-01,59.55,14.8875,0,0
2016-02-02,59.35,14.8375,0,-0.00335852225
2016-02-03,58.95,14.7375,0,-0.006739679865
2016-02-15,59,14.75,0,0.0008481764207
2016-02-16,60.25,15.0625,0,0.02118644068
2016-02-17,59.95,14.9875,0,-0.004979253112
2016-02-18,60.9,15.225,0,0.01584653878
2016-02-19,60.85,15.2125,0,-0.0008210180624
2016-02-22,60.8,15.2,0,-0.0008216926869
2016-02-23,60.85,15.2125,0,0.0008223684211
2016-02-24,60.3,15.075,0,-0.009038619556
2016-02-25,61.1,15.275,0,0.01326699834
2016-02-26,61.25,15.3125,0,0.002454991817
2016-03-01,61.85,15.4625,0,0.009795918367
2016-03-02,62.35,15.5875,0,0.008084074373
2016-03-03,62.95,15.7375,0,0.009623095429
2016-03-04,63.1,15.775,0,0.002382843527
2016-03-07,63.1,15.775,0,0
2016-03-08,63.05,15.7625,0,-0.0007923930269
2016-03-09,63.1,15.775,0,0.0007930214116
2016-03-10,63.25,15.8125,0,0.002377179081
2016-03-11,63.55,15.8875,0,0.004743083004
2016-03-14,64,16,0,0.007081038552
2016-03-15,63.05,15.7625,0,-0.01484375
2016-03-16,63.6,15.9,0,0.008723235527
2016-03-17,64.3,16.075,0,0.01100628931
2016-03-18,64.7,16.175,0,0.006220839813
2016-03-21,64.6,16.15,0,-0.001545595054
2016-03-22,64.4,16.1,0,-0.003095975232
2016-03-23,64.35,16.0875,0,-0.0007763975155
2016-03-24,64.35,16.0875,0,0
2016-03-25,64.05,16.0125,0,-0.004662004662
2016-03-28,64.1,16.025,0,0.0007806401249
2016-03-29,63.65,15.9125,0,-0.007020280811
2016-03-30,64.7,16.175,0,0.01649646504
2016-03-31,64.65,16.1625,0,-0.000772797527
2016-04-01,63.9,15.975,0,-0.01160092807
2016-04-06,62.4,15.6,0,-0.0234741784
2016-04-07,62.15,15.5375,0,-0.004006410256
2016-04-08,62.75,15.6875,0,0.009654062751
2016-04-11,63,15.75,0,0.003984063745
2016-04-12,62.95,15.7375,0,-0.0007936507937
2016-04-13,64.05,16.0125,0,0.01747418586
2016-04-14,64.25,16.0625,0,0.0031225605
2016-04-15,64.25,16.0625,0,0
2016-04-18,63.85,15.9625,0,-0.006225680934
2016-04-19,63.6,15.9,0,-0.003915426782
2016-04-20,62.65,15.6625,0,-0.01493710692
2016-04-21,62.95,15.7375,0,0.004788507582
2016-04-22,63.2,15.8,0,0.003971405878
2016-04-25,63.25,15.8125,0,0.0007911392405
2016-04-26,63.5,15.875,0,0.00395256917
2016-04-27,63.4,15.85,0,-0.00157480315
2016-04-28,62.4,15.6,0,-0.01577287066
2016-04-29,61.6,15.4,0,-0.01282051282
2016-05-03,60.75,15.1875,0,-0.0137987013
2016-05-04,60.1,15.025,0,-0.01069958848
2016-05-05,60.2,15.05,0,0.001663893511
2016-05-06,59.7,14.925,0,-0.008305647841
2016-05-09,59.7,14.925,0,0
2016-05-10,60,15,0,0.005025125628
2016-05-11,59.85,14.9625,0,-0.0025
2016-05-12,59.8,14.95,0,-0.0008354218881
2016-05-13,59.15,14.7875,0,-0.01086956522
2016-05-16,59.6,14.9,0,0.007607776839
2016-05-17,60.05,15.0125,0,0.00755033557
2016-05-18,59.95,14.9875,0,-0.001665278934
2016-05-19,59.65,14.9125,0,-0.005004170142
2016-05-20,60,15,0,0.005867560771
2016-05-23,62,15.5,0,0.03333333333
2016-05-24,61.35,15.3375,0,-0.01048387097
2016-05-25,62,15.5,0,0.01059494703
2016-05-26,62.15,15.5375,0,0.002419354839
2016-05-27,62.6,15.65,0,0.007240547064
2016-05-30,63.15,15.7875,0,0.008785942492
2016-05-31,63.15,15.7875,0,0
2016-06-01,63.7,15.925,0,0.008709422011
2016-06-02,63.7,15.925,0,0
2016-06-03,63.85,15.9625,0,0.002354788069
2016-06-04,63.95,15.9875,0,0.001566170713
2016-06-06,64.05,16.0125,0,0.001563721658
2016-06-07,64.9,16.225,0,0.01327088212
2016-06-08,65.25,16.3125,0,0.005392912173
2016-06-13,63.75,15.9375,0,-0.02298850575
2016-06-14,64.15,16.0375,0,0.006274509804
2016-06-15,64.25,16.0625,0,0.001558846454
2016-06-16,63.35,15.8375,0,-0.0140077821
2016-06-17,64.05,16.0125,0,0.01104972376
2016-06-20,64.5,16.125,0,0.007025761124
2016-06-21,64.75,16.1875,0,0.003875968992
2016-06-22,64.95,16.2375,0,0.003088803089
2016-06-23,64.8,16.2,0,-0.002309468822
2016-06-24,63.1,15.775,0,-0.0262345679
2016-06-27,63.75,15.9375,0,0.01030110935
2016-06-28,64,16,0,0.003921568627
2016-06-29,64.7,16.175,0,0.0109375
2016-06-30,65.45,16.3625,0,0.01159196291
2016-07-01,66.25,16.5625,0,0.01222307105
2016-07-04,66.3,16.575,0,0.0007547169811
2016-07-05,66.1,16.525,0,-0.003016591252
2016-07-06,64.9,16.225,0,-0.01815431165
2016-07-07,65.7,16.425,0,0.01232665639
2016-07-11,67,16.75,0,0.0197869102
2016-07-12,67.6,16.9,0,0.008955223881
2016-07-13,67.65,16.9125,0,0.0007396449704
2016-07-14,67.7,16.925,0,0.0007390983001
2016-07-15,68.5,17.125,0,0.011816839
2016-07-18,69.15,17.2875,0,0.009489051095
2016-07-19,69.25,17.3125,0,0.001446131598
2016-07-20,69.2,17.3,0,-0.0007220216606
2016-07-21,69.55,17.3875,0,0.005057803468
2016-07-22,69.3,17.325,0,-0.003594536305
2016-07-25,69,17.25,0,-0.004329004329
2016-07-26,69.4,17.35,0,0.005797101449
2016-07-27,69.7,17.425,0,0.004322766571
2016-07-28,69.05,17.2625,0.85,0.03945480631
2016-07-29,68.55,17.1375,0,-0.007241129616
2016-08-01,69.3,17.325,0,0.01094091904
2016-08-02,69.3,17.325,0,0
2016-08-03,68.75,17.1875,0,-0.007936507937
2016-08-04,68.9,17.225,0,0.002181818182
2016-08-05,69.6,17.4,0,0.01015965167
2016-08-08,70.05,17.5125,0,0.006465517241
2016-08-09,70.4,17.6,0,0.004996431121
2016-08-10,70.6,17.65,0,0.002840909091
2016-08-11,69.95,17.4875,0,-0.009206798867
2016-08-12,70.2,17.55,0,0.003573981415
2016-08-15,70.35,17.5875,0,0.002136752137
2016-08-16,69.95,17.4875,0,-0.005685856432
2016-08-17,70.05,17.5125,0,0.001429592566
2016-08-18,69.9,17.475,0,-0.002141327623
2016-08-19,69.2,17.3,0,-0.01001430615
2016-08-22,68.7,17.175,0,-0.007225433526
2016-08-23,69.4,17.35,0,0.01018922853
2016-08-24,69.2,17.3,0,-0.00288184438
2016-08-25,70,17.5,0,0.01156069364
2016-08-26,70.1,17.525,0,0.001428571429
2016-08-29,70.05,17.5125,0,-0.0007132667618
2016-08-30,70,17.5,0,-0.0007137758744
2016-08-31,69.4,17.35,0,-0.008571428571
2016-09-01,69.05,17.2625,0,-0.005043227666
2016-09-02,69.15,17.2875,0,0.001448225923
2016-09-05,70.3,17.575,0,0.01663051338
2016-09-06,70.85,17.7125,0,0.007823613087
2016-09-07,71.85,17.9625,0,0.01411432604
2016-09-08,71.6,17.9,0,-0.00347947112
2016-09-09,70.4,17.6,0,-0.01675977654
2016-09-10,69.4,17.35,0,-0.01420454545
2016-09-12,68.85,17.2125,0,-0.007925072046
2016-09-13,68.85,17.2125,0,0
2016-09-14,68.45,17.1125,0,-0.0058097313
2016-09-19,71,17.75,0,0.03725346969
2016-09-20,70.9,17.725,0,-0.001408450704
2016-09-21,71.25,17.8125,0,0.004936530324
2016-09-22,71.4,17.85,0,0.002105263158
2016-09-23,71.9,17.975,0,0.00700280112
2016-09-26,71,17.75,0,-0.01251738526
2016-09-29,71.9,17.975,0,0.01267605634
2016-09-30,70.95,17.7375,0,-0.01321279555
2016-10-03,71.45,17.8625,0,0.00704721635
2016-10-04,71.75,17.9375,0,0.004198740378
2016-10-05,71.5,17.875,0,-0.003484320557
2016-10-06,71.7,17.925,0,0.002797202797
2016-10-07,71.65,17.9125,0,-0.0006973500697
2016-10-11,71.45,17.8625,0,-0.002791346825
2016-10-12,72.25,18.0625,0,0.01119664101
2016-10-13,71.7,17.925,0,-0.007612456747
2016-10-14,71.45,17.8625,0,-0.003486750349
2016-10-17,71.45,17.8625,0,0
2016-10-18,71.95,17.9875,0,0.00699790063
2016-10-19,72.35,18.0875,0,0.005559416261
2016-10-20,72.65,18.1625,0,0.004146510021
2016-10-21,72.6,18.15,0,-0.0006882312457
2016-10-24,72.7,18.175,0,0.001377410468
2016-10-25,73.4,18.35,0,0.009628610729
2016-10-26,73,18.25,0,-0.005449591281
2016-10-27,72.6,18.15,0,-0.005479452055
2016-10-28,72.6,18.15,0,0
2016-10-31,72.6,18.15,0,0
2016-11-01,72.6,18.15,0,0
2016-11-02,71.75,17.9375,0,-0.01170798898
2016-11-03,71.2,17.8,0,-0.007665505226
2016-11-04,71,17.75,0,-0.002808988764
2016-11-07,72,18,0,0.01408450704
2016-11-08,72.35,18.0875,0,0.004861111111
2016-11-09,70,17.5,0,-0.03248099516
2016-11-10,72,18,0,0.02857142857
2016-11-11,70.05,17.5125,0,-0.02708333333
2016-11-14,70.1,17.525,0,0.0007137758744
2016-11-15,69.9,17.475,0,-0.002853067047
2016-11-16,70,17.5,0,0.001430615165
2016-11-17,70.2,17.55,0,0.002857142857
2016-11-18,70.4,17.6,0,0.002849002849
2016-11-21,70.5,17.625,0,0.001420454545
2016-11-22,71.45,17.8625,0,0.0134751773
2016-11-23,71.8,17.95,0,0.004898530441
2016-11-24,71.4,17.85,0,-0.005571030641
2016-11-25,71.35,17.8375,0,-0.000700280112
2016-11-28,71.75,17.9375,0,0.005606166783
2016-11-29,71.65,17.9125,0,-0.001393728223
2016-11-30,71.7,17.925,0,0.0006978367062
2016-12-01,72,18,0,0.004184100418
2016-12-02,71.2,17.8,0,-0.01111111111
2016-12-05,71.1,17.775,0,-0.001404494382
2016-12-06,72,18,0,0.01265822785
2016-12-07,72,18,0,0
2016-12-08,72.9,18.225,0,0.0125
2016-12-09,73.15,18.2875,0,0.003429355281
2016-12-12,72.85,18.2125,0,-0.004101161996
2016-12-13,72.95,18.2375,0,0.001372683596
2016-12-14,73.1,18.275,0,0.002056202879
2016-12-15,73,18.25,0,-0.001367989056
2016-12-16,72.3,18.075,0,-0.009589041096
2016-12-19,71.85,17.9625,0,-0.00622406639
2016-12-20,71.75,17.9375,0,-0.001391788448
2016-12-21,71.7,17.925,0,-0.0006968641115
2016-12-22,70.8,17.7,0,-0.01255230126
2016-12-23,70.55,17.6375,0,-0.003531073446
2016-12-26,70.8,17.7,0,0.003543586109
2016-12-27,70.75,17.6875,0,-0.0007062146893
2016-12-28,71.6,17.9,0,0.01201413428
2016-12-29,71.25,17.8125,0,-0.004888268156
2016-12-30,71.8,17.95,0,0.007719298246
2017-01-03,71.9,17.975,0,0.00139275766
2017-01-04,71.85,17.9625,0,-0.0006954102921
2017-01-05,72.5,18.125,0,0.009046624913
2017-01-06,72.65,18.1625,0,0.002068965517
2017-01-09,72.45,18.1125,0,-0.002752924983
2017-01-10,72.4,18.1,0,-0.0006901311249
2017-01-11,72.4,18.1,0,0
2017-01-12,73.15,18.2875,0,0.01035911602
2017-01-13,72.6,18.15,0,-0.007518796992
2017-01-16,72,18,0,-0.00826446281
2017-01-17,72.3,18.075,0,0.004166666667
2017-01-18,72.15,18.0375,0,-0.002074688797
2017-01-19,71.95,17.9875,0,-0.002772002772
2017-01-20,72.15,18.0375,0,0.002779708131
2017-01-23,72.75,18.1875,0,0.008316008316
2017-01-24,73.3,18.325,0,0.007560137457
2017-02-02,72.9,18.225,0,-0.005457025921
2017-02-03,72.85,18.2125,0,-0.0006858710562
2017-02-06,73.25,18.3125,0,0.005490734386
2017-02-07,73.3,18.325,0,0.0006825938567
2017-02-08,71.75,17.9375,1.7,0.07162346521
2017-02-09,72,18,0,0.003484320557
2017-02-10,72.8,18.2,0,0.01111111111
2017-02-13,72.95,18.2375,0,0.00206043956
2017-02-14,73.2,18.3,0,0.003427004798
2017-02-15,73.9,18.475,0,0.00956284153
2017-02-16,73.45,18.3625,0,-0.006089309878
2017-02-17,73.35,18.3375,0,-0.001361470388
2017-02-18,73.5,18.375,0,0.002044989775
2017-02-20,73.1,18.275,0,-0.005442176871
2017-02-21,73.25,18.3125,0,0.002051983584
2017-02-22,73.3,18.325,0,0.0006825938567
2017-02-23,73.1,18.275,0,-0.00272851296
2017-02-24,73.15,18.2875,0,0.000683994528
2017-03-01,72.35,18.0875,0,-0.01093643199
2017-03-02,72.55,18.1375,0,0.002764340014
2017-03-03,72.1,18.025,0,-0.006202618884
2017-03-06,72.15,18.0375,0,0.000693481276
2017-03-07,72.45,18.1125,0,0.004158004158
2017-03-08,72.85,18.2125,0,0.005521048999
2017-03-09,72.05,18.0125,0,-0.01098146877
2017-03-10,72,18,0,-0.000693962526
2017-03-13,72.5,18.125,0,0.006944444444
2017-03-14,73,18.25,0,0.006896551724
2017-03-15,72.85,18.2125,0,-0.002054794521
2017-03-16,73.8,18.45,0,0.01304049417
2017-03-17,74,18.5,0,0.0027100271
2017-03-20,73.95,18.4875,0,-0.0006756756757
2017-03-21,74.9,18.725,0,0.01284651792
2017-03-22,74.2,18.55,0,-0.009345794393
2017-03-23,74.35,18.5875,0,0.002021563342
2017-03-24,74.25,18.5625,0,-0.001344989913
2017-03-27,74.2,18.55,0,-0.0006734006734
2017-03-28,74.25,18.5625,0,0.0006738544474
2017-03-29,74,18.5,0,-0.003367003367
2017-03-30,73.9,18.475,0,-0.001351351351
2017-03-31,73.7,18.425,0,-0.002706359946
2017-04-05,74.65,18.6625,0,0.01289009498
2017-04-06,74.4,18.6,0,-0.003348961822
2017-04-07,74.1,18.525,0,-0.004032258065
2017-04-10,74.2,18.55,0,0.001349527665
2017-04-11,73.9,18.475,0,-0.004043126685
2017-04-12,74.05,18.5125,0,0.002029769959
2017-04-13,74.4,18.6,0,0.004726536124
2017-04-14,73.55,18.3875,0,-0.01142473118
2017-04-17,73.6,18.4,0,0.0006798096533
2017-04-18,73.6,18.4,0,0
2017-04-19,72.8,18.2,0,-0.01086956522
2017-04-20,72.8,18.2,0,0
2017-04-21,73.5,18.375,0,0.009615384615
2017-04-24,73.65,18.4125,0,0.002040816327
2017-04-25,74.35,18.5875,0,0.009504412763
2017-04-26,74.55,18.6375,0,0.002689979825
2017-04-27,74.5,18.625,0,-0.0006706908115
2017-04-28,74.55,18.6375,0,0.0006711409396
2017-05-02,75.2,18.8,0,0.00871898055
2017-05-03,75.55,18.8875,0,0.004654255319
2017-05-04,75.65,18.9125,0,0.001323626737
2017-05-05,75.15,18.7875,0,-0.006609385327
2017-05-08,75.7,18.925,0,0.007318695941
2017-05-09,75.95,18.9875,0,0.003302509908
2017-05-10,76.25,19.0625,0,0.003949967084
2017-05-11,76.5,19.125,0,0.003278688525
2017-05-12,76.3,19.075,0,-0.002614379085
2017-05-15,76.5,19.125,0,0.002621231979
2017-05-16,76.5,19.125,0,0
2017-05-17,76.3,19.075,0,-0.002614379085
2017-05-18,75.9,18.975,0,-0.005242463958
2017-05-19,75.85,18.9625,0,-0.0006587615283
2017-05-22,76.05,19.0125,0,0.002636783125
2017-05-23,76.35,19.0875,0,0.003944773176
2017-05-24,76.3,19.075,0,-0.0006548788474
2017-05-25,77,19.25,0,0.009174311927
2017-05-26,76.95,19.2375,0,-0.0006493506494
2017-05-31,76.5,19.125,0,-0.005847953216
2017-06-01,76.9,19.225,0,0.00522875817
2017-06-02,77.2,19.3,0,0.003901170351
2017-06-03,77.4,19.35,0,0.002590673575
2017-06-05,78,19.5,0,0.007751937984
2017-06-06,77.95,19.4875,0,-0.000641025641
2017-06-07,77.95,19.4875,0,0
2017-06-08,78.25,19.5625,0,0.003848620911
2017-06-09,78,19.5,0,-0.003194888179
2017-06-12,77.15,19.2875,0,-0.0108974359
2017-06-13,77.25,19.3125,0,0.00129617628
2017-06-14,76.85,19.2125,0,-0.005177993528
2017-06-15,76.9,19.225,0,0.0006506180872
2017-06-16,77.7,19.425,0,0.01040312094
2017-06-19,78.55,19.6375,0,0.01093951094
2017-06-20,79.45,19.8625,0,0.01145767027
2017-06-21,79.55,19.8875,0,0.001258653241
2017-06-22,79.75,19.9375,0,0.002514142049
2017-06-23,79.7,19.925,0,-0.0006269592476
2017-06-26,81.4,20.35,0,0.02132998745
2017-06-27,81.3,20.325,0,-0.001228501229
2017-06-28,80.55,20.1375,0,-0.009225092251
2017-06-29,80.65,20.1625,0,0.001241464929
2017-06-30,80.4,20.1,0,-0.003099814011
2017-07-03,80.45,20.1125,0,0.0006218905473
2017-07-04,80,20,0,-0.005593536358
2017-07-05,80.75,20.1875,0,0.009375
2017-07-06,80.4,20.1,0,-0.004334365325
2017-07-07,79.95,19.9875,0,-0.005597014925
2017-07-10,80.35,20.0875,0,0.005003126954
2017-07-11,81.55,20.3875,0,0.01493466086
2017-07-12,81.55,20.3875,0,0
2017-07-13,82.2,20.55,0,0.007970570202
2017-07-14,82.05,20.5125,0,-0.001824817518
2017-07-17,82.2,20.55,0,0.001828153565
2017-07-18,82.4,20.6,0,0.002433090024
2017-07-19,82.7,20.675,0,0.003640776699
2017-07-20,82.65,20.6625,0,-0.0006045949214
2017-07-21,82.1,20.525,0,-0.006654567453
2017-07-24,82.3,20.575,0,0.002436053593
2017-07-25,82.45,20.6125,0,0.001822600243
2017-07-26,82.15,20.5375,0,-0.00363856883
2017-07-27,83,20.75,0,0.01034692635
2017-07-28,82.1,20.525,0,-0.01084337349
2017-07-31,81.35,20.3375,0.7,0.02496954933
2017-08-01,81.8,20.45,0,0.00553165335
2017-08-02,82.5,20.625,0,0.008557457213
2017-08-03,82.2,20.55,0,-0.003636363636
2017-08-04,82.35,20.5875,0,0.001824817518
2017-08-07,82.95,20.7375,0,0.007285974499
2017-08-08,82.9,20.725,0,-0.0006027727547
2017-08-09,82.15,20.5375,0,-0.009047044632
2017-08-10,81.6,20.4,0,-0.006695069994
2017-08-11,81.25,20.3125,0,-0.004289215686
2017-08-14,80.75,20.1875,0,-0.006153846154
2017-08-15,81.3,20.325,0,0.006811145511
2017-08-16,81,20.25,0,-0.0036900369
2017-08-17,81.65,20.4125,0,0.008024691358
2017-08-18,81.15,20.2875,0,-0.006123698714
2017-08-21,81.05,20.2625,0,-0.00123228589
2017-08-22,81.85,20.4625,0,0.009870450339
2017-08-23,81.75,20.4375,0,-0.001221747098
2017-08-24,82.55,20.6375,0,0.009785932722
2017-08-25,82.7,20.675,0,0.001817080557
2017-08-28,82.55,20.6375,0,-0.001813784764
2017-08-29,82.3,20.575,0,-0.003028467595
2017-08-30,82.7,20.675,0,0.004860267315
2017-08-31,82.95,20.7375,0,0.003022974607
2017-09-01,83,20.75,0,0.0006027727547
2017-09-04,82.85,20.7125,0,-0.001807228916
2017-09-05,82.95,20.7375,0,0.001207000604
2017-09-06,82.6,20.65,0,-0.004219409283
2017-09-07,82.25,20.5625,0,-0.004237288136
2017-09-08,82.7,20.675,0,0.00547112462
2017-09-11,82.55,20.6375,0,-0.001813784764
2017-09-12,82.85,20.7125,0,0.003634161114
2017-09-13,82.3,20.575,0,-0.006638503319
2017-09-14,82.35,20.5875,0,0.0006075334143
2017-09-15,82.35,20.5875,0,0
2017-09-18,83.15,20.7875,0,0.009714632665
2017-09-19,82.75,20.6875,0,-0.004810583283
2017-09-20,82.2,20.55,0,-0.00664652568
2017-09-21,82.7,20.675,0,0.006082725061
2017-09-22,81.6,20.4,0,-0.01330108827
2017-09-25,80.95,20.2375,0,-0.007965686275
2017-09-26,80.3,20.075,0,-0.008029647931
2017-09-27,80.7,20.175,0,0.00498132005
2017-09-28,80.4,20.1,0,-0.003717472119
2017-09-29,80.65,20.1625,0,0.003109452736
2017-09-30,81.2,20.3,0,0.006819590825
2017-10-02,81.5,20.375,0,0.003694581281
2017-10-03,81.5,20.375,0,0
2017-10-05,81.85,20.4625,0,0.004294478528
2017-10-06,82.1,20.525,0,0.003054367746
2017-10-11,83.4,20.85,0,0.01583434836
2017-10-12,84.2,21.05,0,0.009592326139
2017-10-13,84.05,21.0125,0,-0.001781472684
2017-10-16,84.5,21.125,0,0.005353955979
2017-10-17,84.3,21.075,0,-0.002366863905
2017-10-18,84.6,21.15,0,0.003558718861
2017-10-19,84.9,21.225,0,0.003546099291
2017-10-20,84.55,21.1375,0,-0.004122497055
2017-10-23,84.5,21.125,0,-0.0005913660556
2017-10-24,84.4,21.1,0,-0.001183431953
2017-10-25,84.35,21.0875,0,-0.0005924170616
2017-10-26,84.25,21.0625,0,-0.001185536455
2017-10-27,84.3,21.075,0,0.0005934718101
2017-10-30,84.95,21.2375,0,0.007710557533
2017-10-31,85.2,21.3,0,0.002942907593
2017-11-01,85.1,21.275,0,-0.00117370892
2017-11-02,84.8,21.2,0,-0.003525264395
2017-11-03,84.7,21.175,0,-0.001179245283
2017-11-06,84.85,21.2125,0,0.001770956316
2017-11-07,85.3,21.325,0,0.005303476724
2017-11-08,84.95,21.2375,0,-0.004103165299
2017-11-09,84.4,21.1,0,-0.006474396704
2017-11-10,84.55,21.1375,0,0.001777251185
2017-11-13,84.3,21.075,0,-0.002956830278
2017-11-14,84.15,21.0375,0,-0.001779359431
2017-11-15,83.3,20.825,0,-0.0101010101
2017-11-16,83.6,20.9,0,0.003601440576
2017-11-17,84.35,21.0875,0,0.008971291866
2017-11-20,84,21,0,-0.004149377593
2017-11-21,84.75,21.1875,0,0.008928571429
2017-11-22,85.15,21.2875,0,0.004719764012
2017-11-23,85.2,21.3,0,0.0005871990605
2017-11-24,85.15,21.2875,0,-0.0005868544601
2017-11-27,84.15,21.0375,0,-0.01174398121
2017-11-28,83.6,20.9,0,-0.006535947712
2017-11-29,83.7,20.925,0,0.001196172249
2017-11-30,82.25,20.5625,0,-0.01732377539
2017-12-01,82.6,20.65,0,0.004255319149
2017-12-04,82.9,20.725,0,0.003631961259
2017-12-05,82.25,20.5625,0,-0.007840772014
2017-12-06,80.85,20.2125,0,-0.0170212766
2017-12-07,80.9,20.225,0,0.0006184291899
2017-12-08,80.9,20.225,0,0
2017-12-11,81.5,20.375,0,0.007416563659
2017-12-12,80.95,20.2375,0,-0.006748466258
2017-12-13,81,20.25,0,0.0006176652254
2017-12-14,81.75,20.4375,0,0.009259259259
2017-12-15,81.1,20.275,0,-0.007951070336
2017-12-18,81.2,20.3,0,0.001233045623
2017-12-19,80.8,20.2,0,-0.004926108374
2017-12-20,81.05,20.2625,0,0.003094059406
2017-12-21,81,20.25,0,-0.0006169031462
2017-12-22,81.3,20.325,0,0.003703703704
2017-12-25,81.45,20.3625,0,0.00184501845
2017-12-26,80.65,20.1625,0,-0.009821976673
2017-12-27,80.9,20.225,0,0.003099814011
2017-12-28,81.7,20.425,0,0.009888751545
2017-12-29,82.15,20.5375,0,0.005507955936
2018-01-02,82.6,20.65,0,0.00547778454
2018-01-03,83.35,20.8375,0,0.009079903148
2018-01-04,83.5,20.875,0,0.001799640072
2018-01-05,83.75,20.9375,0,0.002994011976
2018-01-08,84.1,21.025,0,0.004179104478
2018-01-09,84.15,21.0375,0,0.000594530321
2018-01-10,83.75,20.9375,0,-0.004753416518
2018-01-11,83.4,20.85,0,-0.004179104478
2018-01-12,84.1,21.025,0,0.008393285372
2018-01-15,84.65,21.1625,0,0.006539833532
2018-01-16,85,21.25,0,0.00413467218
2018-01-17,85.15,21.2875,0,0.001764705882
2018-01-18,86.3,21.575,0,0.01350557839
2018-01-19,87.15,21.7875,0,0.009849362688
2018-01-22,87.95,21.9875,0,0.009179575445
2018-01-23,88.3,22.075,0,0.003979533826
2018-01-24,87.2,21.8,0,-0.01245753114
2018-01-25,87.45,21.8625,0,0.002866972477
2018-01-26,87.5,21.875,0,0.0005717552887
2018-01-29,85.55,21.3875,2.2,0.07828571429
2018-01-30,84.55,21.1375,0,-0.01168907072
2018-01-31,84.65,21.1625,0,0.001182732111
2018-02-01,85.25,21.3125,0,0.007088009451
2018-02-02,84.9,21.225,0,-0.004105571848
2018-02-05,83.6,20.9,0,-0.01531213192
2018-02-06,79.65,19.9125,0,-0.04724880383
2018-02-07,80.65,20.1625,0,0.01255492781
2018-02-08,80.6,20.15,0,-0.0006199628022
2018-02-09,79.05,19.7625,0,-0.01923076923
2018-02-12,79.7,19.925,0,0.008222643896
2018-02-21,81.5,20.375,0,0.0225846926
2018-02-22,81,20.25,0,-0.006134969325
2018-02-23,82,20.5,0,0.01234567901
2018-02-26,82.4,20.6,0,0.00487804878
2018-02-27,82.35,20.5875,0,-0.0006067961165
2018-03-01,81.75,20.4375,0,-0.007285974499
2018-03-02,81.15,20.2875,0,-0.007339449541
2018-03-05,80.75,20.1875,0,-0.004929143561
2018-03-06,82.15,20.5375,0,0.0173374613
2018-03-07,81.8,20.45,0,-0.004260499087
2018-03-08,82.75,20.6875,0,0.01161369193
2018-03-09,82.85,20.7125,0,0.001208459215
2018-03-12,84.15,21.0375,0,0.01569100785
2018-03-13,84.95,21.2375,0,0.009506833036
2018-03-14,84.3,21.075,0,-0.007651559741
2018-03-15,84.25,21.0625,0,-0.0005931198102
2018-03-16,83.9,20.975,0,-0.004154302671
2018-03-19,83.85,20.9625,0,-0.0005959475566
2018-03-20,83.8,20.95,0,-0.0005963029219
2018-03-21,83.85,20.9625,0,0.0005966587112
2018-03-22,83.55,20.8875,0,-0.003577817531
2018-03-23,82.1,20.525,0,-0.01735487732
2018-03-26,82.2,20.55,0,0.001218026797
2018-03-27,83.4,20.85,0,0.01459854015
2018-03-28,82.25,20.5625,0,-0.01378896882
2018-03-29,82.1,20.525,0,-0.001823708207
2018-03-30,82.85,20.7125,0,0.009135200974
2018-03-31,82.95,20.7375,0,0.001207000604
2018-04-02,82.25,20.5625,0,-0.008438818565
2018-04-03,81.5,20.375,0,-0.009118541033
2018-04-09,82.2,20.55,0,0.008588957055
2018-04-10,82.5,20.625,0,0.003649635036
2018-04-11,82.85,20.7125,0,0.004242424242
2018-04-12,82.5,20.625,0,-0.004224502112
2018-04-13,82.5,20.625,0,0
2018-04-16,82.3,20.575,0,-0.002424242424
2018-04-17,81.4,20.35,0,-0.01093560146
2018-04-18,81.6,20.4,0,0.002457002457
2018-04-19,82.65,20.6625,0,0.01286764706
2018-04-20,80.75,20.1875,0,-0.02298850575
2018-04-23,79.95,19.9875,0,-0.009907120743
2018-04-24,79.55,19.8875,0,-0.005003126954
2018-04-25,79.3,19.825,0,-0.003142677561
2018-04-26,79.05,19.7625,0,-0.00315258512
2018-04-27,79.2,19.8,0,0.001897533207
2018-04-30,80,20,0,0.0101010101
2018-05-02,79.4,19.85,0,-0.0075
2018-05-03,78.55,19.6375,0,-0.01070528967
2018-05-04,78.95,19.7375,0,0.005092297899
2018-05-07,79.5,19.875,0,0.006966434452
2018-05-08,80,20,0,0.006289308176
2018-05-09,80.45,20.1125,0,0.005625
2018-05-10,80.65,20.1625,0,0.002486016159
2018-05-11,81.6,20.4,0,0.01177929324
2018-05-14,82.5,20.625,0,0.01102941176
2018-05-15,81.65,20.4125,0,-0.0103030303
2018-05-16,81.75,20.4375,0,0.001224739743
2018-05-17,81.2,20.3,0,-0.006727828746
2018-05-18,80.95,20.2375,0,-0.003078817734
2018-05-21,82.05,20.5125,0,0.01358863496
2018-05-22,81.75,20.4375,0,-0.00365630713
2018-05-23,81.35,20.3375,0,-0.004892966361
2018-05-24,81.55,20.3875,0,0.0024585126
2018-05-25,81.85,20.4625,0,0.003678724709
2018-05-28,82.2,20.55,0,0.004276114844
2018-05-29,81.85,20.4625,0,-0.004257907543
2018-05-30,80.4,20.1,0,-0.01771533293
2018-05-31,80.75,20.1875,0,0.004353233831
2018-06-01,81.35,20.3375,0,0.007430340557
2018-06-04,82.6,20.65,0,0.01536570375
2018-06-05,82.5,20.625,0,-0.001210653753
2018-06-06,83.3,20.825,0,0.009696969697
2018-06-07,83.45,20.8625,0,0.001800720288
2018-06-08,82.55,20.6375,0,-0.01078490114
2018-06-11,82.65,20.6625,0,0.001211387038
2018-06-12,82.5,20.625,0,-0.001814882033
2018-06-13,83,20.75,0,0.006060606061
2018-06-14,81.75,20.4375,0,-0.01506024096
2018-06-15,81.95,20.4875,0,0.00244648318
2018-06-19,80.6,20.15,0,-0.01647345943
2018-06-20,81.5,20.375,0,0.0111662531
2018-06-21,81.25,20.3125,0,-0.003067484663
2018-06-22,81.15,20.2875,0,-0.001230769231
2018-06-25,80.9,20.225,0,-0.003080714726
2018-06-26,80.7,20.175,0,-0.002472187886
2018-06-27,80.4,20.1,0,-0.003717472119
2018-06-28,80.05,20.0125,0,-0.004353233831
2018-06-29,81.45,20.3625,0,0.01748906933
2018-07-02,81.05,20.2625,0,-0.004910988336
2018-07-03,81.15,20.2875,0,0.001233806292
2018-07-04,81.4,20.35,0,0.003080714726
2018-07-05,80.75,20.1875,0,-0.007985257985
2018-07-06,80.95,20.2375,0,0.002476780186
2018-07-09,82.25,20.5625,0,0.01605929586
2018-07-10,82.45,20.6125,0,0.002431610942
2018-07-11,81.7,20.425,0,-0.009096422074
2018-07-12,82.65,20.6625,0,0.01162790698
2018-07-13,83.35,20.8375,0,0.008469449486
2018-07-16,83,20.75,0,-0.004199160168
2018-07-17,82.55,20.6375,0,-0.005421686747
2018-07-18,83.05,20.7625,0,0.006056935191
2018-07-19,83.3,20.825,0,0.003010234798
2018-07-20,84.65,21.1625,0,0.01620648259
2018-07-23,84.55,21.1375,0.7,0.03189604253
2018-07-24,84.7,21.175,0,0.001774098167
2018-07-25,84.75,21.1875,0,0.0005903187721
2018-07-26,85,21.25,0,0.002949852507
2018-07-27,85.7,21.425,0,0.008235294118
2018-07-30,85.55,21.3875,0,-0.001750291715
2018-07-31,85.55,21.3875,0,0
2018-08-01,86.15,21.5375,0,0.007013442431
2018-08-02,84.85,21.2125,0,-0.01508995937
2018-08-03,85.55,21.3875,0,0.008249852681
2018-08-06,85.7,21.425,0,0.001753360608
2018-08-07,85.5,21.375,0,-0.002333722287
2018-08-08,86.15,21.5375,0,0.007602339181
2018-08-09,86.15,21.5375,0,0
2018-08-10,85.7,21.425,0,-0.005223447475
2018-08-13,83.95,20.9875,0,-0.02042007001
2018-08-14,84.55,21.1375,0,0.007147111376
2018-08-15,83.75,20.9375,0,-0.009461856889
2018-08-16,83.8,20.95,0,0.0005970149254
2018-08-17,83.65,20.9125,0,-0.001789976134
2018-08-20,83.95,20.9875,0,0.003586371787
2018-08-21,84.55,21.1375,0,0.007147111376
2018-08-22,84.65,21.1625,0,0.001182732111
2018-08-23,85.05,21.2625,0,0.004725339634
2018-08-24,84.8,21.2,0,-0.002939447384
2018-08-27,85.55,21.3875,0,0.008844339623
2018-08-28,86.25,21.5625,0,0.008182349503
2018-08-29,87.25,21.8125,0,0.0115942029
2018-08-30,87.55,21.8875,0,0.003438395415
2018-08-31,86.95,21.7375,0,-0.006853226728
2018-09-03,86.45,21.6125,0,-0.005750431282
2018-09-04,87,21.75,0,0.006362058994
2018-09-05,87,21.75,0,0
2018-09-06,86.5,21.625,0,-0.005747126437
2018-09-07,86.4,21.6,0,-0.001156069364
2018-09-10,86,21.5,0,-0.00462962963
2018-09-11,85.65,21.4125,0,-0.004069767442
2018-09-12,85.55,21.3875,0,-0.001167542323
2018-09-13,84.95,21.2375,0,-0.007013442431
2018-09-14,86.5,21.625,0,0.01824602707
2018-09-17,85.85,21.4625,0,-0.007514450867
2018-09-18,85.4,21.35,0,-0.005241700641
2018-09-19,86.15,21.5375,0,0.008782201405
2018-09-20,85.9,21.475,0,-0.002901915264
2018-09-21,86.85,21.7125,0,0.01105937136
2018-09-25,87.1,21.775,0,0.002878526195
2018-09-26,86.9,21.725,0,-0.002296211251
2018-09-27,87.35,21.8375,0,0.005178365938
2018-09-28,86.9,21.725,0,-0.005151688609
2018-10-01,87.35,21.8375,0,0.005178365938
2018-10-02,86.05,21.5125,0,-0.01488265598
2018-10-03,85.95,21.4875,0,-0.001162115049
2018-10-04,84.9,21.225,0,-0.01221640489
2018-10-05,83.45,20.8625,0,-0.01707891637
2018-10-08,83,20.75,0,-0.005392450569
2018-10-09,83.25,20.8125,0,0.003012048193
2018-10-11,77.4,19.35,0,-0.07027027027
2018-10-12,80.05,20.0125,0,0.0342377261
2018-10-15,79.2,19.8,0,-0.01061836352
2018-10-16,79.3,19.825,0,0.001262626263
2018-10-17,79.4,19.85,0,0.001261034048
2018-10-18,79.15,19.7875,0,-0.00314861461
2018-10-19,79.3,19.825,0,0.001895135818
2018-10-22,79.2,19.8,0,-0.001261034048
2018-10-23,77.75,19.4375,0,-0.01830808081
2018-10-24,77.4,19.35,0,-0.004501607717
2018-10-25,75.5,18.875,0,-0.02454780362
2018-10-26,75.4,18.85,0,-0.001324503311
2018-10-29,75.75,18.9375,0,0.004641909814
2018-10-30,75.95,18.9875,0,0.002640264026
2018-10-31,77.55,19.3875,0,0.02106649111
2018-11-01,78.4,19.6,0,0.01096067054
2018-11-02,78.65,19.6625,0,0.00318877551
2018-11-05,78.25,19.5625,0,-0.005085823268
2018-11-06,78,19.5,0,-0.003194888179
2018-11-07,78.4,19.6,0,0.005128205128
2018-11-08,78.85,19.7125,0,0.005739795918
2018-11-09,77.8,19.45,0,-0.01331642359
2018-11-12,78,19.5,0,0.002570694087
2018-11-13,77.1,19.275,0,-0.01153846154
2018-11-14,77.35,19.3375,0,0.003242542153
2018-11-15,77.6,19.4,0,0.003232062056
2018-11-16,76.95,19.2375,0,-0.00837628866
2018-11-19,76.7,19.175,0,-0.003248862898
2018-11-20,76,19,0,-0.009126466754
2018-11-21,76,19,0,0
2018-11-22,75.6,18.9,0,-0.005263157895
2018-11-23,75.35,18.8375,0,-0.003306878307
2018-11-26,76.15,19.0375,0,0.01061712011
2018-11-27,76.05,19.0125,0,-0.001313197636
2018-11-28,76.9,19.225,0,0.01117685733
2018-11-29,77.05,19.2625,0,0.001950585176
2018-11-30,76.75,19.1875,0,-0.0038935756
2018-12-03,78.8,19.7,0,0.02671009772
2018-12-04,78.25,19.5625,0,-0.006979695431
2018-12-05,76.65,19.1625,0,-0.02044728435
2018-12-06,75.1,18.775,0,-0.02022178735
2018-12-07,75.45,18.8625,0,0.00466045273
2018-12-10,74.45,18.6125,0,-0.01325381047
2018-12-11,75.05,18.7625,0,0.008059100067
2018-12-12,76.2,19.05,0,0.01532311792
2018-12-13,76.3,19.075,0,0.001312335958
2018-12-14,75.35,18.8375,0,-0.0124508519
2018-12-17,75.95,18.9875,0,0.00796284008
2018-12-18,75.3,18.825,0,-0.008558262014
2018-12-19,75.9,18.975,0,0.00796812749
2018-12-20,75.05,18.7625,0,-0.01119894598
2018-12-21,75.2,18.8,0,0.001998667555
2018-12-22,74.85,18.7125,0,-0.004654255319
2018-12-24,74.7,18.675,0,-0.002004008016
2018-12-25,73.75,18.4375,0,-0.01271753681
2018-12-26,73.55,18.3875,0,-0.002711864407
2018-12-27,75.05,18.7625,0,0.0203942896
2018-12-28,75.5,18.875,0,0.005996002665
2019-01-02,74.05,18.5125,0,-0.01920529801
2019-01-03,73.35,18.3375,0,-0.009453072248
2019-01-04,72.2,18.05,0,-0.01567825494
2019-01-07,73.95,18.4875,0,0.02423822715
2019-01-08,73.65,18.4125,0,-0.004056795132
2019-01-09,75,18.75,0,0.0183299389
2019-01-10,74.8,18.7,0,-0.002666666667
2019-01-11,75.5,18.875,0,0.00935828877
2019-01-14,75,18.75,0,-0.006622516556
2019-01-15,75.65,18.9125,0,0.008666666667
2019-01-16,75.55,18.8875,0,-0.001321877065
2019-01-17,75.55,18.8875,0,0
2019-01-18,75.95,18.9875,0,0.005294506949
2019-01-21,76.5,19.125,0,0.00724160632
2019-01-22,74.05,18.5125,2.3,0.08823529412
2019-01-23,73.7,18.425,0,-0.004726536124
2019-01-24,74.05,18.5125,0,0.004748982361
2019-01-25,75,18.75,0,0.01282916948
2019-01-28,75.15,18.7875,0,0.002
2019-01-29,74.5,18.625,0,-0.008649367931
2019-01-30,74.35,18.5875,0,-0.002013422819
2019-02-11,75.15,18.7875,0,0.0107599193
2019-02-12,75.65,18.9125,0,0.006653359947
2019-02-13,75.5,18.875,0,-0.001982815598
2019-02-14,75.25,18.8125,0,-0.003311258278
2019-02-15,75.05,18.7625,0,-0.002657807309
2019-02-18,75.65,18.9125,0,0.00799467022
2019-02-19,75.5,18.875,0,-0.001982815598
2019-02-20,76.35,19.0875,0,0.01125827815
2019-02-21,77.1,19.275,0,0.009823182711
2019-02-22,76.95,19.2375,0,-0.001945525292
2019-02-25,77.5,19.375,0,0.007147498376
2019-02-26,77.7,19.425,0,0.002580645161
2019-02-27,77.65,19.4125,0,-0.0006435006435
2019-03-04,76.95,19.2375,0,-0.009014810045
2019-03-05,76.75,19.1875,0,-0.002599090318
2019-03-06,76.95,19.2375,0,0.002605863192
2019-03-07,76.65,19.1625,0,-0.003898635478
2019-03-08,76,19,0,-0.008480104371
2019-03-11,76.15,19.0375,0,0.001973684211
2019-03-12,77.25,19.3125,0,0.014445174
2019-03-13,77.1,19.275,0,-0.001941747573
2019-03-14,77.05,19.2625,0,-0.0006485084306
2019-03-15,77.6,19.4,0,0.007138221934
2019-03-18,78.1,19.525,0,0.006443298969
2019-03-19,78.4,19.6,0,0.003841229193
2019-03-20,78.5,19.625,0,0.001275510204
2019-03-21,79.15,19.7875,0,0.008280254777
2019-03-22,79.35,19.8375,0,0.002526847757
2019-03-25,78.15,19.5375,0,-0.01512287335
2019-03-26,78.65,19.6625,0,0.006397952655
2019-03-27,78.5,19.625,0,-0.001907183725
2019-03-28,78.5,19.625,0,0
2019-03-29,79.15,19.7875,0,0.008280254777
2019-04-01,79.85,19.9625,0,0.008843967151
2019-04-02,80.15,20.0375,0,0.003757044458
2019-04-03,80.15,20.0375,0,0
2019-04-08,80.9,20.225,0,0.009357454772
2019-04-09,81.4,20.35,0,0.006180469716
2019-04-10,81.5,20.375,0,0.001228501229
2019-04-11,81.15,20.2875,0,-0.004294478528
2019-04-12,81.1,20.275,0,-0.0006161429452
2019-04-15,81.85,20.4625,0,0.00924784217
2019-04-16,82.1,20.525,0,0.003054367746
2019-04-17,82.75,20.6875,0,0.007917174178
2019-04-18,82.7,20.675,0,-0.0006042296073
2019-04-19,82.8,20.7,0,0.001209189843
2019-04-22,82.7,20.675,0,-0.001207729469
2019-04-23,83.05,20.7625,0,0.00423216445
2019-04-24,83.2,20.8,0,0.001806140879
2019-04-25,83.4,20.85,0,0.002403846154
2019-04-26,82.45,20.6125,0,-0.01139088729
2019-04-29,82.8,20.7,0,0.004244996968
2019-04-30,82.8,20.7,0,0
2019-05-02,83,20.75,0,0.002415458937
2019-05-03,83.75,20.9375,0,0.009036144578
2019-05-06,82.3,20.575,0,-0.01731343284
2019-05-07,83.15,20.7875,0,0.01032806804
2019-05-08,82.55,20.6375,0,-0.007215874925
2019-05-09,81.55,20.3875,0,-0.01211387038
2019-05-10,81.5,20.375,0,-0.0006131207848
2019-05-13,80.15,20.0375,0,-0.01656441718
2019-05-14,79.65,19.9125,0,-0.006238303182
2019-05-15,79.75,19.9375,0,0.001255492781
2019-05-16,79.05,19.7625,0,-0.008777429467
2019-05-17,78.25,19.5625,0,-0.0101201771
2019-05-20,78.2,19.55,0,-0.0006389776358
2019-05-21,78.4,19.6,0,0.002557544757
2019-05-22,78.4,19.6,0,0
2019-05-23,76.95,19.2375,0,-0.01849489796
2019-05-24,77.35,19.3375,0,0.005198180637
2019-05-27,77.15,19.2875,0,-0.002585649644
2019-05-28,77.1,19.275,0,-0.00064808814
2019-05-29,76.75,19.1875,0,-0.004539559014
2019-05-30,77.4,19.35,0,0.008469055375
2019-05-31,78.45,19.6125,0,0.01356589147
2019-06-03,78.55,19.6375,0,0.001274697259
2019-06-04,78.05,19.5125,0,-0.006365372374
2019-06-05,78.3,19.575,0,0.003203074952
2019-06-06,77.7,19.425,0,-0.007662835249
2019-06-10,79.05,19.7625,0,0.01737451737
2019-06-11,79.4,19.85,0,0.004427577483
2019-06-12,79.7,19.925,0,0.003778337531
2019-06-13,79.05,19.7625,0,-0.008155583438
2019-06-14,78.9,19.725,0,-0.001897533207
2019-06-17,78.7,19.675,0,-0.002534854246
2019-06-18,78.9,19.725,0,0.002541296061
2019-06-19,80.75,20.1875,0,0.02344740177
2019-06-20,80.85,20.2125,0,0.001238390093
2019-06-21,80.85,20.2125,0,0
2019-06-24,81.2,20.3,0,0.004329004329
2019-06-25,80.75,20.1875,0,-0.005541871921
2019-06-26,80.35,20.0875,0,-0.004953560372
2019-06-27,81.5,20.375,0,0.01431238332
2019-06-28,80.9,20.225,0,-0.00736196319
2019-07-01,82.65,20.6625,0,0.021631644
2019-07-02,82.45,20.6125,0,-0.00241984271
2019-07-03,81.5,20.375,0,-0.01152213463
2019-07-04,82,20.5,0,0.006134969325
2019-07-05,81.9,20.475,0,-0.001219512195
2019-07-08,81.6,20.4,0,-0.003663003663
2019-07-09,81.5,20.375,0,-0.001225490196
2019-07-10,82.2,20.55,0,0.008588957055
2019-07-11,82.85,20.7125,0,0.007907542579
2019-07-12,82.75,20.6875,0,-0.001207000604
2019-07-15,83.2,20.8,0,0.005438066465
2019-07-16,83.35,20.8375,0,0.001802884615
2019-07-17,82.8,20.7,0,-0.006598680264
2019-07-18,82.7,20.675,0,-0.001207729469
2019-07-19,83,20.75,0.7,0.03748488513
2019-07-22,83.4,20.85,0,0.004819277108
2019-07-23,83.6,20.9,0,0.002398081535
2019-07-24,83.55,20.8875,0,-0.0005980861244
2019-07-25,83.8,20.95,0,0.002992220227
2019-07-26,83.25,20.8125,0,-0.006563245823
2019-07-29,83.45,20.8625,0,0.002402402402
2019-07-30,83.2,20.8,0,-0.002995805872
2019-07-31,82.8,20.7,0,-0.004807692308
2019-08-01,82.3,20.575,0,-0.006038647343
2019-08-02,80.95,20.2375,0,-0.01640340219
2019-08-05,80.15,20.0375,0,-0.009882643607
2019-08-06,80.1,20.025,0,-0.0006238303182
2019-08-07,79.7,19.925,0,-0.004993757803
2019-08-08,80.65,20.1625,0,0.01191969887
2019-08-12,80.6,20.15,0,-0.0006199628022
2019-08-13,79.7,19.925,0,-0.0111662531
2019-08-14,80.3,20.075,0,0.007528230866
2019-08-15,79.4,19.85,0,-0.01120797011
2019-08-16,80.35,20.0875,0,0.01196473552
2019-08-19,80.8,20.2,0,0.005600497822
2019-08-20,81,20.25,0,0.002475247525
2019-08-21,81.1,20.275,0,0.001234567901
2019-08-22,80.9,20.225,0,-0.002466091245
2019-08-23,81,20.25,0,0.001236093943
2019-08-26,79.65,19.9125,0,-0.01666666667
2019-08-27,79.85,19.9625,0,0.002510985562
2019-08-28,80.4,20.1,0,0.00688791484
2019-08-29,80.55,20.1375,0,0.001865671642
2019-08-30,81.85,20.4625,0,0.01613904407
2019-09-02,81.9,20.475,0,0.0006108735492
2019-09-03,81.2,20.3,0,-0.008547008547
2019-09-04,82.15,20.5375,0,0.01169950739
2019-09-05,83,20.75,0,0.01034692635
2019-09-06,83.5,20.875,0,0.006024096386
2019-09-09,83.8,20.95,0,0.003592814371
2019-09-10,83.4,20.85,0,-0.00477326969
2019-09-11,83.45,20.8625,0,0.0005995203837
2019-09-12,83.9,20.975,0,0.005392450569
2019-09-16,84.4,21.1,0,0.005959475566
2019-09-17,84.25,21.0625,0,-0.001777251185
2019-09-18,84.95,21.2375,0,0.008308605341
2019-09-19,84.45,21.1125,0,-0.005885815185
2019-09-20,84.7,21.175,0,0.002960331557
2019-09-23,84.5,21.125,0,-0.002361275089
2019-09-24,84.65,21.1625,0,0.001775147929
2019-09-25,84.1,21.025,0,-0.006497341996
2019-09-26,84.3,21.075,0,0.002378121284
2019-09-27,84.6,21.15,0,0.003558718861
2019-10-01,85.95,21.4875,0,0.01595744681
2019-10-02,85.65,21.4125,0,-0.003490401396
2019-10-03,84.8,21.2,0,-0.009924109749
2019-10-04,85.15,21.2875,0,0.004127358491
2019-10-07,85.45,21.3625,0,0.003523194363
2019-10-08,86.5,21.625,0,0.01228788765
2019-10-09,85.8,21.45,0,-0.008092485549
2019-10-14,87.55,21.8875,0,0.0203962704
2019-10-15,87.7,21.925,0,0.001713306682
2019-10-16,88.1,22.025,0,0.004561003421
2019-10-17,88.15,22.0375,0,0.0005675368899
2019-10-18,87.95,21.9875,0,-0.002268859898
2019-10-21,87.85,21.9625,0,-0.001137009665
2019-10-22,88.7,22.175,0,0.009675583381
2019-10-23,88.45,22.1125,0,-0.00281848929
2019-10-24,88.8,22.2,0,0.003957037875
2019-10-25,88.8,22.2,0,0
2019-10-28,89.2,22.3,0,0.004504504505
2019-10-29,89.45,22.3625,0,0.002802690583
2019-10-30,89.85,22.4625,0,0.00447177194
2019-10-31,90.1,22.525,0,0.002782415136
2019-11-01,90.1,22.525,0,0
2019-11-04,92.2,23.05,0,0.02330743618
2019-11-05,92.9,23.225,0,0.007592190889
2019-11-06,93.35,23.3375,0,0.004843918192
2019-11-07,92.85,23.2125,0,-0.005356186395
2019-11-08,92.55,23.1375,0,-0.003231017771
2019-11-11,91.15,22.7875,0,-0.0151269584
2019-11-12,92,23,0,0.009325287987
2019-11-13,91.45,22.8625,0,-0.00597826087
2019-11-14,91.4,22.85,0,-0.0005467468562
2019-11-15,92.3,23.075,0,0.009846827133
2019-11-18,92.9,23.225,0,0.006500541712
2019-11-19,93.6,23.4,0,0.007534983854
2019-11-20,93.25,23.3125,0,-0.003739316239
2019-11-21,92.5,23.125,0,-0.008042895442
2019-11-22,92.55,23.1375,0,0.0005405405405
2019-11-25,92.6,23.15,0,0.0005402485143
2019-11-26,92.85,23.2125,0,0.002699784017
2019-11-27,93.2,23.3,0,0.003769520732
2019-11-28,92.95,23.2375,0,-0.002682403433
2019-11-29,91.5,22.875,0,-0.01559978483
2019-12-02,92.05,23.0125,0,0.006010928962
2019-12-03,92.05,23.0125,0,0
2019-12-04,91.7,22.925,0,-0.003802281369
2019-12-05,92.9,23.225,0,0.01308615049
2019-12-06,93.05,23.2625,0,0.001614639397
2019-12-09,93.65,23.4125,0,0.006448146158
2019-12-10,93,23.25,0,-0.006940736786
2019-12-11,93.75,23.4375,0,0.008064516129
2019-12-12,95.85,23.9625,0,0.0224
2019-12-13,96.9,24.225,0,0.01095461659
2019-12-16,96.85,24.2125,0,-0.000515995872
2019-12-17,98.15,24.5375,0,0.01342281879
2019-12-18,98.2,24.55,0,0.0005094243505
2019-12-19,97.65,24.4125,0,-0.005600814664
2019-12-20,96.95,24.2375,0,-0.007168458781
2019-12-23,97.15,24.2875,0,0.00206291903
2019-12-24,97.2,24.3,0,0.0005146680391
2019-12-25,97.35,24.3375,0,0.001543209877
2019-12-26,97.35,24.3375,0,0
2019-12-27,98,24.5,0,0.00667693888
2019-12-30,97.8,24.45,0,-0.002040816327
2019-12-31,96.95,24.2375,0,-0.008691206544
2020-01-02,97.65,24.4125,0,0.007220216606
2020-01-03,97.65,24.4125,0,0
2020-01-06,96.4,24.1,0,-0.01280081925
2020-01-07,96.1,24.025,0,-0.003112033195
2020-01-08,95.65,23.9125,0,-0.004682622268
2020-01-09,96.95,24.2375,0,0.01359121798
2020-01-10,97.3,24.325,0,0.003610108303
2020-01-13,98,24.5,0,0.007194244604
2020-01-14,98.6,24.65,0,0.00612244898
2020-01-15,97.6,24.4,0,-0.01014198783
2020-01-16,97.3,24.325,0,-0.003073770492
2020-01-17,97.3,24.325,0,0
2020-01-20,97.7,24.425,0,0.004110996917
2020-01-30,92.15,23.0375,0,-0.05680655067
2020-01-31,89.95,22.4875,2.9,0.1020075963
2020-02-03,89.05,22.2625,0,-0.01000555864
2020-02-04,90.6,22.65,0,0.01740595171
2020-02-05,90.85,22.7125,0,0.002759381898
2020-02-06,92.3,23.075,0,0.01596037424
2020-02-07,91.2,22.8,0,-0.0119176598
2020-02-10,91,22.75,0,-0.002192982456
2020-02-11,91.75,22.9375,0,0.008241758242
2020-02-12,92.65,23.1625,0,0.009809264305
2020-02-13,92.8,23.2,0,0.001618996222
2020-02-14,92.95,23.2375,0,0.00161637931
2020-02-17,92.3,23.075,0,-0.006993006993
2020-02-18,91.05,22.7625,0,-0.01354279523
2020-02-19,92.1,23.025,0,0.01153212521
2020-02-20,91.7,22.925,0,-0.00434310532
2020-02-21,91.25,22.8125,0,-0.004907306434
2020-02-24,90.1,22.525,0,-0.01260273973
2020-02-25,90.35,22.5875,0,0.002774694784
2020-02-26,89.45,22.3625,0,-0.00996126176
2020-02-27,88.65,22.1625,0,-0.008943543879
2020-03-02,87.35,21.8375,0,-0.0146644106
2020-03-03,88.6,22.15,0,0.01431024614
2020-03-04,89.2,22.3,0,0.006772009029
2020-03-05,90.2,22.55,0,0.01121076233
2020-03-06,88.35,22.0875,0,-0.02050997783
2020-03-09,85.85,21.4625,0,-0.02829654782
2020-03-10,86.3,21.575,0,0.005241700641
2020-03-11,85.3,21.325,0,-0.01158748552
2020-03-12,82.15,20.5375,0,-0.03692848769
2020-03-13,81,20.25,0,-0.01399878271
2020-03-16,77.3,19.325,0,-0.04567901235
2020-03-17,74.85,18.7125,0,-0.03169469599
2020-03-18,72.8,18.2,0,-0.02738810955
2020-03-19,68.55,17.1375,0,-0.05837912088
2020-03-20,74,18.5,0,0.07950401167
2020-03-23,70.8,17.7,0,-0.04324324324
2020-03-24,74.25,18.5625,0,0.04872881356
2020-03-25,76.85,19.2125,0,0.03501683502
2020-03-26,77.2,19.3,0,0.00455432661
2020-03-27,76.6,19.15,0,-0.007772020725
2020-03-30,75.85,18.9625,0,-0.009791122715
2020-03-31,76.15,19.0375,0,0.003955174687
2020-04-01,75.9,18.975,0,-0.003282994091
2020-04-06,77.05,19.2625,0,0.01515151515
2020-04-07,78.5,19.625,0,0.01881894873
2020-04-08,79.6,19.9,0,0.01401273885
2020-04-09,79.25,19.8125,0,-0.004396984925
2020-04-10,79.3,19.825,0,0.0006309148265
2020-04-13,78.8,19.7,0,-0.00630517024
2020-04-14,80.95,20.2375,0,0.02728426396
2020-04-15,81.2,20.3,0,0.003088326127
2020-04-16,80.8,20.2,0,-0.004926108374
2020-04-17,83.25,20.8125,0,0.03032178218
2020-04-20,83,20.75,0,-0.003003003003
2020-04-21,80.6,20.15,0,-0.02891566265
2020-04-22,80.6,20.15,0,0
2020-04-23,80.9,20.225,0,0.003722084367
2020-04-24,80.9,20.225,0,0
2020-04-27,82.55,20.6375,0,0.02039555006
2020-04-28,82.55,20.6375,0,0
2020-04-29,83.7,20.925,0,0.01393095094
2020-04-30,85.5,21.375,0,0.02150537634
2020-05-04,83,20.75,0,-0.02923976608
2020-05-05,83.4,20.85,0,0.004819277108
2020-05-06,83.5,20.875,0,0.001199040767
2020-05-07,83.85,20.9625,0,0.004191616766
2020-05-08,84.35,21.0875,0,0.005963029219
2020-05-11,85.05,21.2625,0,0.008298755187
2020-05-12,84.05,21.0125,0,-0.01175778954
2020-05-13,84.3,21.075,0,0.002974419988
2020-05-14,83.3,20.825,0,-0.0118623962
2020-05-15,83.85,20.9625,0,0.006602641056
2020-05-18,83.15,20.7875,0,-0.008348240906
2020-05-19,83.9,20.975,0,0.009019843656
2020-05-20,83.8,20.95,0,-0.001191895113
2020-05-21,84.5,21.125,0,0.008353221957
2020-05-22,82.95,20.7375,0,-0.01834319527
2020-05-25,83.5,20.875,0,0.006630500301
2020-05-26,84.45,21.1125,0,0.01137724551
2020-05-27,84.35,21.0875,0,-0.001184132623
2020-05-28,83.85,20.9625,0,-0.005927682276
2020-05-29,84.45,21.1125,0,0.007155635063
2020-06-01,84.9,21.225,0,0.005328596803
2020-06-02,85.3,21.325,0,0.004711425206
2020-06-03,86.8,21.7,0,0.01758499414
2020-06-04,87.6,21.9,0,0.009216589862
2020-06-05,88.35,22.0875,0,0.008561643836
2020-06-08,89.5,22.375,0,0.013016412
2020-06-09,89.6,22.4,0,0.001117318436
2020-06-10,90.45,22.6125,0,0.009486607143
2020-06-11,89.05,22.2625,0,-0.01547816473
2020-06-12,88.25,22.0625,0,-0.008983717013
2020-06-15,87,21.75,0,-0.01416430595
2020-06-16,88.9,22.225,0,0.02183908046
2020-06-17,89,22.25,0,0.001124859393
2020-06-18,88.9,22.225,0,-0.001123595506
2020-06-19,88.85,22.2125,0,-0.0005624296963
2020-06-22,89.05,22.2625,0,0.002250984806
2020-06-23,89.45,22.3625,0,0.004491858506
2020-06-24,90,22.5,0,0.006148686417
2020-06-29,89.1,22.275,0,-0.01
2020-06-30,89.9,22.475,0,0.008978675645
2020-07-01,90.5,22.625,0,0.006674082314
2020-07-02,91.5,22.875,0,0.01104972376
2020-07-03,92.55,23.1375,0,0.01147540984
2020-07-06,94.15,23.5375,0,0.01728795246
2020-07-07,94.5,23.625,0,0.003717472119
2020-07-08,95.15,23.7875,0,0.006878306878
2020-07-09,95.45,23.8625,0,0.003152916448
2020-07-10,94.65,23.6625,0,-0.008381351493
2020-07-13,96.05,24.0125,0,0.0147913365
2020-07-14,96.65,24.1625,0,0.006246746486
2020-07-15,97.05,24.2625,0,0.004138644594
2020-07-16,96.1,24.025,0,-0.009788768676
2020-07-17,97.2,24.3,0,0.01144640999
2020-07-20,97.05,24.2625,0,-0.001543209877
2020-07-21,98.7,24.675,0.7,0.04585265327
2020-07-22,98.95,24.7375,0,0.002532928065
2020-07-23,98.85,24.7125,0,-0.00101061142
2020-07-24,98.5,24.625,0,-0.00354071826
2020-07-27,103.3,25.825,0,0.04873096447
2020-07-28,103.6,25.9,0,0.002904162633
2020-07-29,102.55,25.6375,0,-0.01013513514
2020-07-30,104.05,26.0125,0,0.01462701121
2020-07-31,103.8,25.95,0,-0.002402691014
2020-08-03,102,25.5,0,-0.01734104046
2020-08-04,103.3,25.825,0,0.01274509804
2020-08-05,104.3,26.075,0,0.00968054211
2020-08-06,105.4,26.35,0,0.01054650048
2020-08-07,104.65,26.1625,0,-0.007115749526
2020-08-10,105.6,26.4,0,0.009077878643
2020-08-11,104.8,26.2,0,-0.007575757576
2020-08-12,103.25,25.8125,0,-0.01479007634
2020-08-13,104.25,26.0625,0,0.009685230024
2020-08-14,104.5,26.125,0,0.002398081535
2020-08-17,105.6,26.4,0,0.01052631579
2020-08-18,105,26.25,0,-0.005681818182
2020-08-19,104.25,26.0625,0,-0.007142857143
2020-08-20,100.6,25.15,0,-0.03501199041
2020-08-21,102.8,25.7,0,0.02186878728
2020-08-24,103.1,25.775,0,0.002918287938
2020-08-25,103.9,25.975,0,0.007759456838
2020-08-26,104.3,26.075,0,0.00384985563
2020-08-27,104.55,26.1375,0,0.002396931927
2020-08-28,103.5,25.875,0,-0.01004304161
2020-08-31,101.8,25.45,0,-0.01642512077
2020-09-01,103.35,25.8375,0,0.0152259332
2020-09-02,103,25.75,0,-0.003386550556
2020-09-03,103.3,25.825,0,0.002912621359
2020-09-04,102.55,25.6375,0,-0.007260406583
2020-09-07,102.4,25.6,0,-0.001462701121
2020-09-08,103,25.75,0,0.005859375
2020-09-09,102.3,25.575,0,-0.006796116505
2020-09-10,103.2,25.8,0,0.008797653959
2020-09-11,103.25,25.8125,0,0.000484496124
2020-09-14,104.55,26.1375,0,0.01259079903
2020-09-15,104.95,26.2375,0,0.003825920612
2020-09-16,106.55,26.6375,0,0.01524535493
2020-09-17,105.4,26.35,0,-0.0107930549
2020-09-18,105.3,26.325,0,-0.0009487666034
2020-09-21,104.45,26.1125,0,-0.008072174739
2020-09-22,103.1,25.775,0,-0.01292484442
2020-09-23,102.95,25.7375,0,-0.001454898157
2020-09-24,100.45,25.1125,0,-0.02428363283
2020-09-25,100.65,25.1625,0,0.001991040319
2020-09-28,102.3,25.575,0,0.01639344262
2020-09-29,102.55,25.6375,0,0.002443792766
2020-09-30,103,25.75,0,0.004388103364
2020-10-05,103.05,25.7625,0,0.0004854368932
2020-10-06,104.25,26.0625,0,0.01164483261
2020-10-07,104.8,26.2,0,0.005275779376
2020-10-08,106.2,26.55,0,0.01335877863
2020-10-12,107.05,26.7625,0,0.008003766478
2020-10-13,107.1,26.775,0,0.0004670714619
2020-10-14,106.7,26.675,0,-0.003734827264
2020-10-15,105.7,26.425,0,-0.009372071228
2020-10-16,105.25,26.3125,0,-0.004257332072
2020-10-19,106.6,26.65,0,0.01282660333
2020-10-20,106,26.5,0,-0.005628517824
2020-10-21,105.95,26.4875,0,-0.0004716981132
2020-10-22,106.1,26.525,0,0.001415762152
2020-10-23,106.1,26.525,0,0
2020-10-26,106.1,26.525,0,0
2020-10-27,105.5,26.375,0,-0.005655042413
2020-10-28,105,26.25,0,-0.004739336493
2020-10-29,103.85,25.9625,0,-0.01095238095
2020-10-30,103,25.75,0,-0.008184882041
2020-11-02,103.4,25.85,0,0.003883495146
2020-11-03,104.6,26.15,0,0.01160541586
2020-11-04,106.15,26.5375,0,0.01481835564
2020-11-05,106.05,26.5125,0,-0.0009420631182
2020-11-06,106.7,26.675,0,0.006129184347
2020-11-09,108.1,27.025,0,0.01312089972
2020-11-10,107.1,26.775,0,-0.009250693802
2020-11-11,108.75,27.1875,0,0.01540616246
2020-11-12,108.8,27.2,0,0.0004597701149
2020-11-13,109.25,27.3125,0,0.004136029412
2020-11-16,112.8,28.2,0,0.03249427918
2020-11-17,113.6,28.4,0,0.007092198582
2020-11-18,114.35,28.5875,0,0.006602112676
2020-11-19,114.15,28.5375,0,-0.001749016178
2020-11-20,114,28.5,0,-0.001314060447
2020-11-23,115.45,28.8625,0,0.01271929825
2020-11-24,114.9,28.725,0,-0.004763967085
2020-11-25,113.95,28.4875,0,-0.008268059182
2020-11-26,114.85,28.7125,0,0.007898200965
2020-11-27,114.65,28.6625,0,-0.001741401828
2020-11-30,113.3,28.325,0,-0.01177496729
2020-12-01,114.3,28.575,0,0.008826125331
2020-12-02,115.4,28.85,0,0.009623797025
2020-12-03,115.4,28.85,0,0
2020-12-04,117.3,29.325,0,0.0164644714
2020-12-07,118.4,29.6,0,0.009377664109
2020-12-08,120.05,30.0125,0,0.01393581081
2020-12-09,120.05,30.0125,0,0
2020-12-10,118.6,29.65,0,-0.01207830071
2020-12-11,118.75,29.6875,0,0.001264755481
2020-12-14,118.25,29.5625,0,-0.004210526316
2020-12-15,117.05,29.2625,0,-0.01014799154
2020-12-16,119.25,29.8125,0,0.01879538659
2020-12-17,118.6,29.65,0,-0.005450733753
2020-12-18,118.2,29.55,0,-0.003372681282
2020-12-21,119.35,29.8375,0,0.00972927242
2020-12-22,118,29.5,0,-0.01131126938
2020-12-23,118.15,29.5375,0,0.001271186441
2020-12-24,118.8,29.7,0,0.005501481168
2020-12-25,118.95,29.7375,0,0.001262626263
2020-12-28,120,30,0,0.008827238335
2020-12-29,119.9,29.975,0,-0.0008333333333
2020-12-30,121.6,30.4,0,0.01417848207
2020-12-31,122.25,30.5625,0,0.005345394737
2021-01-04,124.35,31.0875,0,0.01717791411
2021-01-05,124.6,31.15,0,0.002010454363
2021-01-06,125.95,31.4875,0,0.01083467095
2021-01-07,128.9,32.225,0,0.02342199285
2021-01-08,131.2,32.8,0,0.01784328937
2021-01-11,132.3,33.075,0,0.008384146341
2021-01-12,132.1,33.025,0,-0.001511715797
2021-01-13,135.3,33.825,0,0.02422407267
2021-01-14,134.05,33.5125,0,-0.009238728751
2021-01-15,134.5,33.625,0,0.00335695636
2021-01-18,134.4,33.6,0,-0.0007434944238
2021-01-19,137.95,34.4875,0,0.02641369048
2021-01-20,138.2,34.55,0,0.001812250816
2021-01-21,143,35.75,0,0.03473227207
2021-01-22,137.45,34.3625,3.05,0.0465034965
2021-01-25,135.6,33.9,0,-0.0134594398
2021-01-26,132.85,33.2125,0,-0.02028023599
2021-01-27,133.05,33.2625,0,0.001505457283
2021-01-28,130.35,32.5875,0,-0.02029312289
2021-01-29,128.2,32.05,0,-0.01649405447
2021-02-01,130.75,32.6875,0,0.01989079563
2021-02-02,134.45,33.6125,0,0.02829827916
2021-02-03,134.35,33.5875,0,-0.0007437709186
2021-02-04,133.55,33.3875,0,-0.005954596204
2021-02-05,134.8,33.7,0,0.009359790341
2021-02-17,140.55,35.1375,0,0.04265578635
2021-02-18,140.35,35.0875,0,-0.001422981145
2021-02-19,138.85,34.7125,0,-0.0106875668
2021-02-22,138.8,34.7,0,-0.0003601008282
2021-02-23,138.5,34.625,0,-0.002161383285
2021-02-24,136.45,34.1125,0,-0.01480144404
2021-02-25,137.55,34.3875,0,0.008061561011
2021-02-26,133.4,33.35,0,-0.03017084696
2021-03-02,133.45,33.3625,0,0.0003748125937
2021-03-03,135.4,33.85,0,0.01461221431
2021-03-04,132.75,33.1875,0,-0.01957163959
2021-03-05,131.95,32.9875,0,-0.006026365348
2021-03-08,131.85,32.9625,0,-0.0007578628268
2021-03-09,131.35,32.8375,0,-0.003792188093
2021-03-10,131.9,32.975,0,0.004187285877
2021-03-11,134.7,33.675,0,0.02122820318
2021-03-12,135.25,33.8125,0,0.004083147736
2021-03-15,134.9,33.725,0,-0.00258780037
2021-03-16,135.35,33.8375,0,0.003335804299
2021-03-17,134.2,33.55,0,-0.00849649058
2021-03-18,134.9,33.725,0,0.00521609538
2021-03-19,132.8,33.2,0,-0.01556708673
2021-03-22,133.4,33.35,0,0.004518072289
2021-03-23,133.6,33.4,0,0.001499250375
2021-03-24,131.5,32.875,0,-0.01571856287
2021-03-25,131.95,32.9875,0,0.003422053232
2021-03-26,134.35,33.5875,0,0.01818870784
2021-03-29,135.45,33.8625,0,0.00818756978
2021-03-30,135.9,33.975,0,0.003322259136
2021-03-31,134.75,33.6875,0,-0.008462104489
2021-04-01,135.75,33.9375,0,0.007421150278
2021-04-06,137.65,34.4125,0,0.01399631676
2021-04-07,137.8,34.45,0,0.001089720305
2021-04-08,138.25,34.5625,0,0.003265602322
2021-04-09,137.95,34.4875,0,-0.002169981917
2021-04-12,137.15,34.2875,0,-0.00579920261
2021-04-13,137.15,34.2875,0,0
2021-04-14,137.9,34.475,0,0.005468465184
2021-04-15,139.05,34.7625,0,0.00833937636
2021-04-16,139.25,34.8125,0,0.001438331535
2021-04-19,139.5,34.875,0,0.001795332136
2021-04-20,139.25,34.8125,0,-0.001792114695
2021-04-21,138,34.5,0,-0.008976660682
2021-04-22,137.9,34.475,0,-0.0007246376812
2021-04-23,139.15,34.7875,0,0.009064539521
2021-04-26,141.2,35.3,0,0.01473230327
2021-04-27,141.25,35.3125,0,0.0003541076487
2021-04-28,140.4,35.1,0,-0.006017699115
2021-04-29,140.6,35.15,0,0.001424501425
2021-05-03,138.25,34.5625,0,-0.0167140825
2021-05-04,137.05,34.2625,0,-0.008679927667
2021-05-05,135.75,33.9375,0,-0.009485589201
2021-05-06,136.95,34.2375,0,0.008839779006
2021-05-07,139.4,34.85,0,0.01788974078
2021-05-10,138.45,34.6125,0,-0.00681492109
2021-05-11,133.25,33.3125,0,-0.03755868545
2021-05-12,129.4,32.35,0,-0.02889305816
2021-05-13,127.5,31.875,0,-0.01468315301
2021-05-14,128.95,32.2375,0,0.01137254902
2021-05-17,126.5,31.625,0,-0.01899961225
2021-05-18,132.3,33.075,0,0.04584980237
2021-05-19,131.4,32.85,0,-0.006802721088
2021-05-20,130.5,32.625,0,-0.006849315068
2021-05-21,132.35,33.0875,0,0.01417624521
2021-05-24,132.15,33.0375,0,-0.001511144692
2021-05-25,134.4,33.6,0,0.0170261067
2021-05-26,134.5,33.625,0,0.000744047619
2021-05-27,133.55,33.3875,0,-0.007063197026
2021-05-28,135.8,33.95,0,0.01684762261
2021-05-31,137.1,34.275,0,0.009572901325
2021-06-01,137.7,34.425,0,0.004376367615
2021-06-02,137.7,34.425,0,0
2021-06-03,137.6,34.4,0,-0.0007262164125
2021-06-04,136.95,34.2375,0,-0.004723837209
2021-06-07,137.3,34.325,0,0.002555677254
2021-06-08,136.5,34.125,0,-0.005826656956
2021-06-09,135.5,33.875,0,-0.007326007326
2021-06-10,137.6,34.4,0,0.01549815498
2021-06-11,138.1,34.525,0,0.00363372093
2021-06-15,138.85,34.7125,0,0.005430847212
2021-06-16,138.7,34.675,0,-0.001080302485
2021-06-17,138.3,34.575,0,-0.002883922134
2021-06-18,138,34.5,0,-0.002169197397
2021-06-21,134.7,33.675,0,-0.02391304348
2021-06-22,134.85,33.7125,0,0.001113585746
2021-06-23,137.05,34.2625,0,0.01631442343
2021-06-24,136.7,34.175,0,-0.002553812477
2021-06-25,136.95,34.2375,0,0.001828822238
2021-06-28,137.2,34.3,0,0.001825483753
2021-06-29,137.6,34.4,0,0.002915451895
2021-06-30,138.95,34.7375,0,0.009811046512
2021-07-01,138.3,34.575,0,-0.004677941706
2021-07-02,138.3,34.575,0,0
2021-07-05,139.6,34.9,0,0.009399855387
2021-07-06,139.75,34.9375,0,0.001074498567
2021-07-07,139,34.75,0,-0.005366726297
2021-07-08,138.85,34.7125,0,-0.001079136691
2021-07-09,137.75,34.4375,0,-0.007922218221
2021-07-12,139,34.75,0,0.009074410163
2021-07-13,140.15,35.0375,0,0.008273381295
2021-07-14,140.5,35.125,0,0.002497324295
2021-07-15,141.8,35.45,0,0.009252669039
2021-07-16,139.9,34.975,0,-0.01339915374
2021-07-19,138.3,34.575,0,-0.01143674053
2021-07-20,137.2,34.3,0,-0.007953723789
2021-07-21,136.7,34.175,0.35,0.006559766764
2021-07-22,137.65,34.4125,0,0.006949524506
2021-07-23,137.65,34.4125,0,0
2021-07-26,136.45,34.1125,0,-0.008717762441
2021-07-27,136.4,34.1,0,-0.0003664345914
2021-07-28,134.25,33.5625,0,-0.01576246334
2021-07-29,136.5,34.125,0,0.01675977654
2021-07-30,136.05,34.0125,0,-0.003296703297
2021-08-02,137.9,34.475,0,0.01359794193
2021-08-03,138.45,34.6125,0,0.003988397389
2021-08-04,139.25,34.8125,0,0.005778259299
2021-08-05,139,34.75,0,-0.001795332136
2021-08-06,138.8,34.7,0,-0.001438848921
2021-08-09,138.4,34.6,0,-0.00288184438
2021-08-10,137.65,34.4125,0,-0.005419075145
2021-08-11,137.2,34.3,0,-0.003269160915
2021-08-12,136.95,34.2375,0,-0.001822157434
2021-08-13,135.65,33.9125,0,-0.009492515517
2021-08-16,135.35,33.8375,0,-0.002211573903
2021-08-17,134.35,33.5875,0,-0.007388252678
2021-08-18,134.9,33.725,0,0.00409378489
2021-08-19,131.8,32.95,0,-0.02297998517
2021-08-20,130.75,32.6875,0,-0.007966616085
2021-08-23,134.35,33.5875,0,0.0275334608
2021-08-24,134.75,33.6875,0,0.002977298102
2021-08-25,136.05,34.0125,0,0.009647495362
2021-08-26,137,34.25,0,0.006982726939
2021-08-27,138.15,34.5375,0,0.008394160584
2021-08-30,139.5,34.875,0,0.009771986971
2021-08-31,140.35,35.0875,0,0.006093189964
2021-09-01,141,35.25,0,0.004631278945
2021-09-02,139.9,34.975,0,-0.00780141844
2021-09-03,141.9,35.475,0,0.01429592566
2021-09-06,142.55,35.6375,0,0.004580690627
2021-09-07,141.9,35.475,0,-0.004559803578
2021-09-08,140.65,35.1625,0,-0.008809020437
2021-09-09,140.3,35.075,0,-0.002488446498
2021-09-10,141.95,35.4875,0,0.01176051319
2021-09-13,141.45,35.3625,0,-0.003522367031
2021-09-14,141.6,35.4,0,0.001060445387
2021-09-15,140.75,35.1875,0,-0.006002824859
2021-09-16,140.1,35.025,0,-0.004618117229
2021-09-17,140.5,35.125,0,0.002855103498
2021-09-22,137.2,34.3,0,-0.02348754448
2021-09-23,138,34.5,0,0.00583090379
2021-09-24,139.65,34.9125,0,0.01195652174
2021-09-27,140,35,0,0.002506265664
2021-09-28,139,34.75,0,-0.007142857143
2021-09-29,136,34,0,-0.02158273381
2021-09-30,137.05,34.2625,0,0.007720588235
2021-10-01,133.95,33.4875,0,-0.02261948194
2021-10-04,133.15,33.2875,0,-0.005972377753
2021-10-05,132.95,33.2375,0,-0.00150206534
2021-10-06,133,33.25,0,0.0003760812335
2021-10-07,135.35,33.8375,0,0.01766917293
2021-10-08,134.2,33.55,0,-0.00849649058
2021-10-12,132.85,33.2125,0,-0.01005961252
2021-10-13,132.4,33.1,0,-0.003387278886
2021-10-14,132.75,33.1875,0,0.002643504532
2021-10-15,136.25,34.0625,0,0.0263653484
2021-10-18,135.85,33.9625,0,-0.002935779817
2021-10-19,136.95,34.2375,0,0.008097165992
2021-10-20,136.6,34.15,0,-0.002555677254
2021-10-21,136.1,34.025,0,-0.003660322108
2021-10-22,136.5,34.125,0,0.00293901543
2021-10-25,136.4,34.1,0,-0.0007326007326
2021-10-26,137.55,34.3875,0,0.008431085044
2021-10-27,137.55,34.3875,0,0
2021-10-28,137.15,34.2875,0,-0.002908033442
2021-10-29,135.8,33.95,0,-0.009843237331
2021-11-01,136.5,34.125,0,0.005154639175
2021-11-02,136.25,34.0625,0,-0.001831501832
2021-11-03,136.6,34.15,0,0.002568807339
2021-11-04,136.15,34.0375,0,-0.003294289898
2021-11-05,138.1,34.525,0,0.01432243849
2021-11-08,139.2,34.8,0,0.007965242578
2021-11-09,140.7,35.175,0,0.01077586207
2021-11-10,140.5,35.125,0,-0.001421464108
2021-11-11,139.25,34.8125,0,-0.008896797153
2021-11-12,139.7,34.925,0,0.003231597846
2021-11-15,140.95,35.2375,0,0.008947745168
2021-11-16,141.2,35.3,0,0.001773678609
2021-11-17,141.65,35.4125,0,0.003186968839
2021-11-18,142.45,35.6125,0,0.005647723262
2021-11-19,142.8,35.7,0,0.002457002457
2021-11-22,142.45,35.6125,0,-0.002450980392
2021-11-23,141.1,35.275,0,-0.009477009477
2021-11-24,140.5,35.125,0,-0.004252303331
2021-11-25,140.45,35.1125,0,-0.0003558718861
2021-11-26,138.15,34.5375,0,-0.0163759345
2021-11-29,138.15,34.5375,0,0
2021-11-30,138,34.5,0,-0.00108577633
2021-12-01,140.3,35.075,0,0.01666666667
2021-12-02,141.8,35.45,0,0.01069137562
2021-12-03,141.75,35.4375,0,-0.0003526093089
2021-12-06,141.35,35.3375,0,-0.002821869489
2021-12-07,141.8,35.45,0,0.003183586841
2021-12-08,142.35,35.5875,0,0.003878702398
2021-12-09,142,35.5,0,-0.002458728486
2021-12-10,141.95,35.4875,0,-0.0003521126761
2021-12-13,141.5,35.375,0,-0.003170130328
2021-12-14,140.1,35.025,0,-0.009893992933
2021-12-15,140.3,35.075,0,0.001427551749
2021-12-16,142.05,35.5125,0,0.01247327156
2021-12-17,141.9,35.475,0,-0.001055966209
2021-12-20,140.65,35.1625,0,-0.008809020437
2021-12-21,141.85,35.4625,0,0.008531816566
2021-12-22,141.85,35.4625,0,0
2021-12-23,142.65,35.6625,0,0.00563976031
2021-12-24,143.05,35.7625,0,0.002804065896
2021-12-27,144.15,36.0375,0,0.007689619014
2021-12-28,145.3,36.325,0,0.007977800902
2021-12-29,145.95,36.4875,0,0.004473503097
2021-12-30,145.5,36.375,0,-0.003083247688
2022-01-03,146.4,36.6,0,0.00618556701
2022-01-04,149.6,37.4,0,0.0218579235
2022-01-05,149.3,37.325,0,-0.002005347594
2022-01-06,147.9,36.975,0,-0.009377093101
2022-01-07,146.6,36.65,0,-0.008789722786
2022-01-10,147.55,36.8875,0,0.006480218281
2022-01-11,148.3,37.075,0,0.005083022704
2022-01-12,149.55,37.3875,0,0.008428860418
2022-01-13,150.3,37.575,0,0.005015045135
2022-01-14,150.3,37.575,0,0
2022-01-17,152,38,0,0.01131071191
2022-01-18,150.3,37.575,0,-0.01118421053
2022-01-19,148.5,37.125,0,-0.0119760479
2022-01-20,149.1,37.275,0,0.00404040404
2022-01-21,142.65,35.6625,3.2,0.04258886653
2022-01-24,144,36,0,0.009463722397
2022-01-25,141.65,35.4125,0,-0.01631944444
2022-01-26,141.55,35.3875,0,-0.0007059654077
2022-02-07,142.3,35.575,0,0.005298481102
2022-02-08,142.9,35.725,0,0.004216444132
2022-02-09,143.4,35.85,0,0.003498950315
2022-02-10,145.05,36.2625,0,0.01150627615
2022-02-11,144.95,36.2375,0,-0.0006894174423
2022-02-14,142.7,35.675,0,-0.015522594
2022-02-15,142.05,35.5125,0,-0.004555010512
2022-02-16,144.4,36.1,0,0.01654347061
2022-02-17,144.5,36.125,0,0.0006925207756
2022-02-18,144.1,36.025,0,-0.00276816609
2022-02-21,143.8,35.95,0,-0.002081887578
2022-02-22,141.85,35.4625,0,-0.0135605007
2022-02-23,142.25,35.5625,0,0.002819880155
2022-02-24,138.8,34.7,0,-0.02425307557
2022-02-25,138.5,34.625,0,-0.002161383285
2022-03-01,140.45,35.1125,0,0.01407942238
2022-03-02,139.65,34.9125,0,-0.005695977216
2022-03-03,139.95,34.9875,0,0.002148227712
2022-03-04,138.45,34.6125,0,-0.01071811361
2022-03-07,134,33.5,0,-0.03214156735
2022-03-08,131.15,32.7875,0,-0.02126865672
2022-03-09,132.5,33.125,0,0.010293557
2022-03-10,136.35,34.0875,0,0.02905660377
2022-03-11,134.4,33.6,0,-0.01430143014
2022-03-14,134.4,33.6,0,0
2022-03-15,131.65,32.9125,0,-0.02046130952
2022-03-16,132.2,33.05,0,0.004177744018
2022-03-17,136.4,34.1,0,0.03177004539
2022-03-18,136.1,34.025,0,-0.00219941349
2022-03-21,137,34.25,0,0.006612784717
2022-03-22,136.8,34.2,0,-0.001459854015
2022-03-23,138.1,34.525,0,0.009502923977
2022-03-24,138,34.5,0,-0.0007241129616
2022-03-25,138.2,34.55,0,0.001449275362
2022-03-28,136.7,34.175,0,-0.01085383502
2022-03-29,136.85,34.2125,0,0.001097293343
2022-03-30,138.55,34.6375,0,0.01242236025
2022-03-31,138.1,34.525,0,-0.003247924937
2022-04-01,136.95,34.2375,0,-0.008327299059
2022-04-06,136.25,34.0625,0,-0.005111354509
2022-04-07,133.8,33.45,0,-0.01798165138
2022-04-08,134.55,33.6375,0,0.005605381166
2022-04-11,132.45,33.1125,0,-0.01560758082
2022-04-12,132.55,33.1375,0,0.0007550018875
2022-04-13,135.05,33.7625,0,0.01886080724
2022-04-14,134.55,33.6375,0,-0.003702332469
2022-04-15,132.25,33.0625,0,-0.01709401709
2022-04-18,131.55,32.8875,0,-0.005293005671
2022-04-19,132,33,0,0.003420752566
2022-04-20,132.65,33.1625,0,0.004924242424
2022-04-21,132.75,33.1875,0,0.0007538635507
2022-04-22,131.6,32.9,0,-0.008662900188
2022-04-25,129.25,32.3125,0,-0.01785714286
2022-04-26,129.25,32.3125,0,0
2022-04-27,126.55,31.6375,0,-0.02088974855
2022-04-28,127.1,31.775,0,0.004346108258
2022-04-29,128.75,32.1875,0,0.01298190401
2022-05-03,127.8,31.95,0,-0.007378640777
2022-05-04,127.8,31.95,0,0
2022-05-05,129.25,32.3125,0,0.0113458529
2022-05-06,126.65,31.6625,0,-0.02011605416
2022-05-09,124.55,31.1375,0,-0.0165811291
2022-05-10,124,31,0,-0.00441589723
2022-05-11,124.2,31.05,0,0.001612903226
2022-05-12,121.25,30.3125,0,-0.02375201288
2022-05-13,122.35,30.5875,0,0.009072164948
2022-05-16,123,30.75,0,0.005312627707
2022-05-17,124.35,31.0875,0,0.01097560976
2022-05-18,125.7,31.425,0,0.01085645356
2022-05-19,123.3,30.825,0,-0.01909307876
2022-05-20,124.65,31.1625,0,0.01094890511
2022-05-23,124.9,31.225,0,0.002005615724
2022-05-24,123.5,30.875,0,-0.01120896717
2022-05-25,124.45,31.1125,0,0.007692307692
2022-05-26,122.9,30.725,0,-0.01245480112
2022-05-27,125.5,31.375,0,0.0211554109
2022-05-30,128.55,32.1375,0,0.02430278884
2022-05-31,129.8,32.45,0,0.009723842863
2022-06-01,129.15,32.2875,0,-0.00500770416
2022-06-02,127.8,31.95,0,-0.01045296167
2022-06-06,128.7,32.175,0,0.007042253521
2022-06-07,127.4,31.85,0,-0.0101010101
2022-06-08,128.8,32.2,0,0.01098901099
2022-06-09,128.4,32.1,0,-0.003105590062
2022-06-10,127.1,31.775,0,-0.01012461059
2022-06-13,123.55,30.8875,0,-0.02793076318
2022-06-14,123.35,30.8375,0,-0.001618777823
2022-06-15,122.75,30.6875,0,-0.00486420754
2022-06-16,122.5,30.625,0,-0.002036659878
2022-06-17,120.85,30.2125,0,-0.01346938776
2022-06-20,119.75,29.9375,0,-0.009102192801
2022-06-21,122.2,30.55,0,0.02045929019
2022-06-22,119.5,29.875,0,-0.02209492635
2022-06-23,117.9,29.475,0,-0.01338912134
2022-06-24,118.15,29.5375,0,0.002120441052
2022-06-27,120.95,30.2375,0,0.02369868811
2022-06-28,119.8,29.95,0,-0.009508061182
2022-06-29,118.8,29.7,0,-0.008347245409
2022-06-30,115.8,28.95,0,-0.02525252525
2022-07-01,111.55,27.8875,0,-0.03670120898
2022-07-04,110.45,27.6125,0,-0.009861048857
2022-07-05,111,27.75,0,0.004979628791
2022-07-06,108.85,27.2125,0,-0.01936936937
2022-07-07,112.1,28.025,0,0.0298576022
2022-07-08,113.25,28.3125,0,0.01025869759
2022-07-11,112.25,28.0625,0,-0.008830022075
2022-07-12,109.55,27.3875,0,-0.02405345212
2022-07-13,113.45,28.3625,0,0.03560018257
2022-07-14,114,28.5,0,0.004847950639
2022-07-15,115.5,28.875,0,0.01315789474
2022-07-18,114.2,28.55,1.8,0.05108225108
2022-07-19,114.3,28.575,0,0.0008756567426
2022-07-20,115.05,28.7625,0,0.00656167979
2022-07-21,116.35,29.0875,0,0.01129943503
2022-07-22,116.8,29.2,0,0.003867640739
2022-07-25,116.7,29.175,0,-0.0008561643836
2022-07-26,115.65,28.9125,0,-0.008997429306
2022-07-27,116.7,29.175,0,0.009079118029
2022-07-28,116.9,29.225,0,0.001713796058
2022-07-29,118,29.5,0,0.009409751925
2022-08-01,117.65,29.4125,0,-0.002966101695
2022-08-02,115.55,28.8875,0,-0.01784955376
2022-08-03,116.25,29.0625,0,0.006057983557
2022-08-04,116.55,29.1375,0,0.002580645161
2022-08-05,119.5,29.875,0,0.02531102531
2022-08-08,119.25,29.8125,0,-0.002092050209
2022-08-09,119.15,29.7875,0,-0.0008385744235
2022-08-10,117.9,29.475,0,-0.01049097776
2022-08-11,120.05,30.0125,0,0.01823579304
2022-08-12,120.8,30.2,0,0.006247396918
2022-08-15,121.9,30.475,0,0.009105960265
2022-08-16,122.1,30.525,0,0.001640689089
2022-08-17,122.15,30.5375,0,0.0004095004095
2022-08-18,121.35,30.3375,0,-0.006549324601
2022-08-19,121.55,30.3875,0,0.001648125258
2022-08-22,119.8,29.95,0,-0.01439736734
2022-08-23,118.2,29.55,0,-0.01335559265
2022-08-24,117.9,29.475,0,-0.002538071066
2022-08-25,119,29.75,0,0.009329940628
2022-08-26,119.6,29.9,0,0.005042016807
2022-08-29,116.55,29.1375,0,-0.02550167224
2022-08-30,116.75,29.1875,0,0.001716001716
2022-08-31,117.6,29.4,0,0.007280513919
2022-09-01,115.15,28.7875,0,-0.02083333333
2022-09-02,113.9,28.475,0,-0.01085540599
2022-09-05,114.15,28.5375,0,0.002194907814
2022-09-06,114.9,28.725,0,0.006570302234
2022-09-07,112.2,28.05,0,-0.02349869452
2022-09-08,113,28.25,0,0.007130124777
2022-09-12,115.4,28.85,0,0.02123893805
2022-09-13,116,29,0,0.005199306759
2022-09-14,113.65,28.4125,0,-0.02025862069
2022-09-15,113.85,28.4625,0,0.001759788825
2022-09-16,112.55,28.1375,0,-0.01141853316
2022-09-19,112.05,28.0125,0,-0.004442470013
2022-09-20,113.05,28.2625,0,0.008924587238
2022-09-21,112.1,28.025,0,-0.008403361345
2022-09-22,110.75,27.6875,0,-0.01204281891
2022-09-23,109.7,27.425,0,-0.009480812641
2022-09-26,107.65,26.9125,0,-0.01868732908
2022-09-27,107.5,26.875,0,-0.001393404552
2022-09-28,105.25,26.3125,0,-0.02093023256
2022-09-29,104.9,26.225,0,-0.003325415677
2022-09-30,103.45,25.8625,0,-0.01382268827
2022-10-03,102.2,25.55,0,-0.01208313195
2022-10-04,104.8,26.2,0,0.02544031311
2022-10-05,107.25,26.8125,0,0.0233778626
2022-10-06,108,27,0,0.006993006993
2022-10-07,106.2,26.55,0,-0.01666666667
2022-10-11,100.7,25.175,0,-0.05178907721
2022-10-12,100.2,25.05,0,-0.004965243297
2022-10-13,99,24.75,0,-0.0119760479
2022-10-14,101.85,25.4625,0,0.02878787879
2022-10-17,99.95,24.9875,0,-0.01865488463
2022-10-18,101.1,25.275,0,0.01150575288
2022-10-19,99.75,24.9375,0,-0.01335311573
2022-10-20,99.2,24.8,0,-0.005513784461
2022-10-21,98.9,24.725,0,-0.003024193548
2022-10-24,98.6,24.65,0,-0.003033367037
2022-10-25,96.7,24.175,0,-0.01926977688
2022-10-26,97.6,24.4,0,0.009307135471
2022-10-27,99,24.75,0,0.0143442623
2022-10-28,97.75,24.4375,0,-0.01262626263
2022-10-31,99.05,24.7625,0,0.01329923274
2022-11-01,99.6,24.9,0,0.005552751136
2022-11-02,100,25,0,0.004016064257
2022-11-03,98.7,24.675,0,-0.013
2022-11-04,98.85,24.7125,0,0.001519756839
2022-11-07,100.55,25.1375,0,0.01719777441
2022-11-08,101.6,25.4,0,0.01044256589
2022-11-09,104.5,26.125,0,0.02854330709
2022-11-10,103.5,25.875,0,-0.00956937799
2022-11-11,109,27.25,0,0.05314009662
2022-11-14,110,27.5,0,0.009174311927
2022-11-15,114.7,28.675,0,0.04272727273
2022-11-16,114.5,28.625,0,-0.001743679163
2022-11-17,114.55,28.6375,0,0.0004366812227
2022-11-18,114.25,28.5625,0,-0.002618943693
2022-11-21,113.85,28.4625,0,-0.003501094092
2022-11-22,114.8,28.7,0,0.008344312692
2022-11-23,115.6,28.9,0,0.006968641115
2022-11-24,116.7,29.175,0,0.009515570934
2022-11-25,116.7,29.175,0,0
2022-11-28,114.35,28.5875,0,-0.02013710368
2022-11-29,115.4,28.85,0,0.009182334937
2022-11-30,116.35,29.0875,0,0.008232235702
2022-12-01,118.35,29.5875,0,0.0171895144
2022-12-02,117.3,29.325,0,-0.008871989861
2022-12-05,117.45,29.3625,0,0.001278772379
2022-12-06,115.3,28.825,0,-0.01830566198
2022-12-07,114.6,28.65,0,-0.00607111882
2022-12-08,113.25,28.3125,0,-0.01178010471
2022-12-09,115,28.75,0,0.01545253863
2022-12-12,113.9,28.475,0,-0.009565217391
2022-12-13,113.4,28.35,0,-0.004389815628
2022-12-14,114.8,28.7,0,0.01234567901
2022-12-15,114.9,28.725,0,0.0008710801394
2022-12-16,113,28.25,0,-0.01653611836
2022-12-19,112.35,28.0875,0,-0.005752212389
2022-12-20,110.3,27.575,0,-0.01824655096
2022-12-21,110.75,27.6875,0,0.004079782412
2022-12-22,112.6,28.15,0,0.01670428894
2022-12-23,110.7,27.675,0,-0.01687388988
2022-12-26,111.1,27.775,0,0.003613369467
2022-12-27,111.6,27.9,0,0.004500450045
2022-12-28,110,27.5,0,-0.01433691756
2022-12-29,109.5,27.375,0,-0.004545454545
2022-12-30,110.2,27.55,0,0.006392694064
2023-01-03,110.75,27.6875,0,0.00499092559
2023-01-04,110.5,27.625,0,-0.002257336343
2023-01-05,111.3,27.825,0,0.007239819005
2023-01-06,111.8,27.95,0,0.004492362983
2023-01-09,115.8,28.95,0,0.03577817531
2023-01-10,116.25,29.0625,0,0.003886010363
2023-01-11,116.35,29.0875,0,0.0008602150538
2023-01-12,115.85,28.9625,0,-0.004297378599
2023-01-13,117.2,29.3,0,0.01165299957
2023-01-16,118.1,29.525,0,0.007679180887
2023-01-17,118.1,29.525,0,0
2023-01-30,120.7,30.175,2.6,0.1100762066
2023-01-31,118.3,29.575,0,-0.01988400994
2023-02-01,119,29.75,0,0.005917159763
2023-02-02,121,30.25,0,0.01680672269
2023-02-03,121,30.25,0,0
2023-02-06,119.25,29.8125,0,-0.01446280992
2023-02-07,119,29.75,0,-0.002096436059
2023-02-08,120.85,30.2125,0,0.01554621849
2023-02-09,120.9,30.225,0,0.0004137360364
2023-02-10,121,30.25,0,0.0008271298594
2023-02-13,120.75,30.1875,0,-0.002066115702
2023-02-14,121.65,30.4125,0,0.007453416149
2023-02-15,118.85,29.7125,0,-0.02301685162
2023-02-16,120.3,30.075,0,0.01220025242
2023-02-17,118.75,29.6875,0,-0.01288445553
2023-02-20,119,29.75,0,0.002105263158
2023-02-21,118.95,29.7375,0,-0.0004201680672
2023-02-22,117.65,29.4125,0,-0.01092896175
2023-02-23,119.4,29.85,0,0.01487462813
2023-02-24,118.8,29.7,0,-0.005025125628
2023-03-01,119.35,29.8375,0,0.00462962963
2023-03-02,119.25,29.8125,0,-0.0008378718056
2023-03-03,119.35,29.8375,0,0.0008385744235
2023-03-06,120.5,30.125,0,0.009635525765
2023-03-07,121.3,30.325,0,0.006639004149
2023-03-08,120.3,30.075,0,-0.008244023083
2023-03-09,120.2,30.05,0,-0.0008312551953
2023-03-10,118.3,29.575,0,-0.01580698835
2023-03-13,118.8,29.7,0,0.004226542688
2023-03-14,117.5,29.375,0,-0.01094276094
2023-03-15,117.6,29.4,0,0.0008510638298
2023-03-16,117.05,29.2625,0,-0.004676870748
2023-03-17,118.95,29.7375,0,0.01623237933
2023-03-20,118.1,29.525,0,-0.007145859605
2023-03-21,118.65,29.6625,0,0.004657070279
2023-03-22,120.9,30.225,0,0.01896333755
2023-03-23,121.85,30.4625,0,0.007857733664
2023-03-24,122.2,30.55,0,0.002872384079
2023-03-27,121.45,30.3625,0,-0.006137479542
2023-03-28,120.4,30.1,0,-0.008645533141
2023-03-29,120.6,30.15,0,0.001661129568
2023-03-30,121.2,30.3,0,0.004975124378
2023-03-31,121.6,30.4,0,0.003300330033
2023-04-06,121,30.25,0,-0.004934210526
2023-04-07,121,30.25,0,0
2023-04-10,121,30.25,0,0
2023-04-11,120.85,30.2125,0,-0.001239669421
2023-04-12,120.55,30.1375,0,-0.002482416218
2023-04-13,119.5,29.875,0,-0.008710078805
2023-04-14,120.65,30.1625,0,0.009623430962
2023-04-17,120.35,30.0875,0,-0.002486531289
2023-04-18,119.95,29.9875,0,-0.003323639385
2023-04-19,119.05,29.7625,0,-0.007503126303
2023-04-20,118.9,29.725,0,-0.001259974801
2023-04-21,118.6,29.65,0,-0.00252312868
2023-04-24,118.15,29.5375,0,-0.003794266442
2023-04-25,116.6,29.15,0,-0.01311891663
2023-04-26,116.1,29.025,0,-0.004288164666
2023-04-27,116,29,0,-0.0008613264427
2023-04-28,117.4,29.35,0,0.01206896552
2023-05-02,117.7,29.425,0,0.002555366269
2023-05-03,117.2,29.3,0,-0.00424808836
2023-05-04,117.5,29.375,0,0.002559726962
2023-05-05,117.8,29.45,0,0.002553191489
2023-05-08,118.55,29.6375,0,0.00636672326
2023-05-09,118.9,29.725,0,0.002952340784
2023-05-10,117.8,29.45,0,-0.009251471825
2023-05-11,117.55,29.3875,0,-0.002122241087
2023-05-12,117.2,29.3,0,-0.002977456402
2023-05-15,117.2,29.3,0,0
2023-05-16,118.6,29.65,0,0.01194539249
2023-05-17,120.55,30.1375,0,0.01644182125
2023-05-18,122.15,30.5375,0,0.01327250104
2023-05-19,122.5,30.625,0,0.002865329513
2023-05-22,122.3,30.575,0,-0.001632653061
2023-05-23,122.2,30.55,0,-0.0008176614881
2023-05-24,121.6,30.4,0,-0.004909983633
2023-05-25,123.05,30.7625,0,0.01192434211
2023-05-26,125.95,31.4875,0,0.02356765542
2023-05-29,126.75,31.6875,0,0.006351726876
2023-05-30,126.75,31.6875,0,0
2023-05-31,126.15,31.5375,0,-0.004733727811
2023-06-01,125.15,31.2875,0,-0.007927070947
2023-06-02,126.75,31.6875,0,0.01278465841
2023-06-05,126.35,31.5875,0,-0.00315581854
2023-06-06,126.7,31.675,0,0.002770083102
2023-06-07,128.1,32.025,0,0.01104972376
2023-06-08,126.85,31.7125,0,-0.009758001561
2023-06-09,127.8,31.95,0,0.007489160426
2023-06-12,129,32.25,0,0.009389671362
2023-06-13,131.55,32.8875,0,0.01976744186
2023-06-14,131.5,32.875,0,-0.0003800836184
2023-06-15,131.9,32.975,0,0.003041825095
2023-06-16,131.55,32.8875,0,-0.002653525398
2023-06-19,131.25,32.8125,0,-0.00228050171
2023-06-20,130.55,32.6375,0,-0.005333333333
2023-06-21,130.55,32.6375,0,0
2023-06-26,129.75,32.4375,0,-0.006127920337
2023-06-27,128.9,32.225,0,-0.00655105973
2023-06-28,129.1,32.275,0,0.00155159038
2023-06-29,129.05,32.2625,0,-0.0003872966692
2023-06-30,129.1,32.275,0,0.0003874467261
2023-07-03,130.7,32.675,0,0.01239349342
2023-07-04,131,32.75,0,0.002295332823
2023-07-05,130.8,32.7,0,-0.001526717557
2023-07-06,127.9,31.975,0,-0.02217125382
2023-07-07,127.7,31.925,0,-0.001563721658
2023-07-10,127.45,31.8625,0,-0.001957713391
2023-07-11,129.2,32.3,0,0.01373087485
2023-07-12,129.45,32.3625,0,0.00193498452
2023-07-13,130.9,32.725,0,0.011201236
2023-07-14,132.25,33.0625,0,0.0103132162
2023-07-17,132,33,0,-0.001890359168
2023-07-18,129.85,32.4625,1.9,0.04128787879
2023-07-19,128.75,32.1875,0,-0.008471313054
2023-07-20,129.35,32.3375,0,0.004660194175
2023-07-21,127.2,31.8,0,-0.01662156939
2023-07-24,127.25,31.8125,0,0.000393081761
2023-07-25,128.85,32.2125,0,0.01257367387
2023-07-26,128.5,32.125,0,-0.002716336826
2023-07-27,129.5,32.375,0,0.007782101167
2023-07-28,129.5,32.375,0,0
2023-07-31,128.8,32.2,0,-0.005405405405
2023-08-01,129.45,32.3625,0,0.005046583851
2023-08-02,127.85,31.9625,0,-0.01235998455
2023-08-04,127.25,31.8125,0,-0.004692999609
2023-08-07,128.5,32.125,0,0.009823182711
2023-08-08,127,31.75,0,-0.01167315175
2023-08-09,127.2,31.8,0,0.00157480315
2023-08-10,126.4,31.6,0,-0.006289308176
2023-08-11,126.3,31.575,0,-0.0007911392405
2023-08-14,124.5,31.125,0,-0.01425178147
2023-08-15,124.7,31.175,0,0.001606425703
2023-08-16,124.05,31.0125,0,-0.005212510024
2023-08-17,124.6,31.15,0,0.00443369609
2023-08-18,123.85,30.9625,0,-0.006019261637
2023-08-21,123,30.75,0,-0.006863140896
2023-08-22,124,31,0,0.008130081301
2023-08-23,124.85,31.2125,0,0.00685483871
2023-08-24,127,31.75,0,0.0172206648
2023-08-25,124.55,31.1375,0,-0.01929133858
2023-08-28,125.35,31.3375,0,0.006423123244
2023-08-29,126.05,31.5125,0,0.005584363781
2023-08-30,126.6,31.65,0,0.004363347878
2023-08-31,125.7,31.425,0,-0.007109004739
2023-09-01,125.9,31.475,0,0.001591089897
2023-09-04,126.75,31.6875,0,0.006751389992
2023-09-05,126.45,31.6125,0,-0.002366863905
2023-09-06,126,31.5,0,-0.003558718861
2023-09-07,124.85,31.2125,0,-0.009126984127
2023-09-08,124.3,31.075,0,-0.004405286344
2023-09-11,123.8,30.95,0,-0.004022526146
2023-09-12,125.05,31.2625,0,0.01009693053
2023-09-13,125.2,31.3,0,0.001199520192
2023-09-14,126.95,31.7375,0,0.01397763578
2023-09-15,127.35,31.8375,0,0.00315084679
2023-09-18,126,31.5,0,-0.01060070671
2023-09-19,125.45,31.3625,0,-0.004365079365
2023-09-20,124.75,31.1875,0,-0.005579912316
2023-09-21,122.75,30.6875,0,-0.01603206413
2023-09-22,122.65,30.6625,0,-0.0008146639511
2023-09-25,123.55,30.8875,0,0.007337953526
2023-09-26,122.1,30.525,0,-0.01173613921
2023-09-27,122.15,30.5375,0,0.0004095004095
2023-09-28,122.65,30.6625,0,0.004093327876
2023-10-02,124.25,31.0625,0,0.01304525071
2023-10-03,123.5,30.875,0,-0.006036217304
2023-10-04,121.9,30.475,0,-0.01295546559
2023-10-05,123.65,30.9125,0,0.01435602953
2023-10-06,124.1,31.025,0,0.003639304488
2023-10-11,126.25,31.5625,0,0.01732473811
2023-10-12,127.3,31.825,0,0.008316831683
2023-10-13,126.95,31.7375,0,-0.002749410841
2023-10-16,126.25,31.5625,0,-0.005513981883
2023-10-17,126.55,31.6375,0,0.002376237624
2023-10-18,124.8,31.2,0,-0.01382852627
2023-10-19,124.85,31.2125,0,0.0004006410256
2023-10-20,125.4,31.35,0,0.004405286344
2023-10-23,123.85,30.9625,0,-0.01236044657
2023-10-24,123.95,30.9875,0,0.0008074283407
2023-10-25,124.2,31.05,0,0.002016942315
2023-10-26,121.75,30.4375,0,-0.01972624799
2023-10-27,122.3,30.575,0,0.004517453799
2023-10-30,122,30.5,0,-0.002452984464
2023-10-31,121.15,30.2875,0,-0.006967213115
2023-11-01,121.75,30.4375,0,0.004952538176
2023-11-02,124.5,31.125,0,0.02258726899
2023-11-03,125.45,31.3625,0,0.007630522088
2023-11-06,126.55,31.6375,0,0.008768433639
2023-11-07,126.5,31.625,0,-0.0003951007507
2023-11-08,127.2,31.8,0,0.005533596838
2023-11-09,127.25,31.8125,0,0.000393081761
2023-11-10,126.75,31.6875,0,-0.003929273084
2023-11-13,128.7,32.175,0,0.01538461538
2023-11-14,129,32.25,0,0.002331002331
2023-11-15,130.55,32.6375,0,0.01201550388
2023-11-16,130.6,32.65,0,0.0003829950211
2023-11-17,131,32.75,0,0.003062787136
2023-11-20,130.95,32.7375,0,-0.0003816793893
2023-11-21,132.55,33.1375,0,0.01221840397
2023-11-22,131.35,32.8375,0,-0.009053187476
2023-11-23,131.3,32.825,0,-0.0003806623525
2023-11-24,131.2,32.8,0,-0.000761614623
2023-11-27,130.35,32.5875,0,-0.006478658537
2023-11-28,131.25,32.8125,0,0.006904487917
2023-11-29,131.15,32.7875,0,-0.0007619047619
2023-11-30,131.35,32.8375,0,0.001524971407
2023-12-01,131.8,32.95,0,0.003425961172
2023-12-04,131.3,32.825,0,-0.003793626707
2023-12-05,130.35,32.5875,0,-0.007235338919
2023-12-06,130.8,32.7,0,0.003452243959
2023-12-07,130,32.5,0,-0.006116207951
2023-12-08,131.05,32.7625,0,0.008076923077
2023-12-11,131.2,32.8,0,0.001144601297
2023-12-12,131.5,32.875,0,0.002286585366
2023-12-13,131.55,32.8875,0,0.0003802281369
2023-12-14,133.15,33.2875,0,0.01216267579
2023-12-15,133.7,33.425,0,0.004130679685
2023-12-18,133.9,33.475,0,0.001495886313
2023-12-19,133.4,33.35,0,-0.003734129948
2023-12-20,133.75,33.4375,0,0.002623688156
2023-12-21,132.6,33.15,0,-0.008598130841
2023-12-22,132.95,33.2375,0,0.002639517345
2023-12-25,133.5,33.375,0,0.004136893569
2023-12-26,134.25,33.5625,0,0.005617977528
2023-12-27,135.75,33.9375,0,0.01117318436
2023-12-28,135.75,33.9375,0,0
2023-12-29,135.45,33.8625,0,-0.002209944751
2024-01-02,134.9,33.725,0,-0.004060538944
2024-01-03,132.55,33.1375,0,-0.01742031134
2024-01-04,132.5,33.125,0,-0.0003772161449
2024-01-05,132.15,33.0375,0,-0.002641509434
2024-01-08,132.75,33.1875,0,0.004540295119
2024-01-09,133,33.25,0,0.001883239171
2024-01-10,132.3,33.075,0,-0.005263157895
2024-01-11,132.85,33.2125,0,0.004157218443
2024-01-12,132.65,33.1625,0,-0.001505457283
2024-01-15,133,33.25,0,0.002638522427
2024-01-16,131.65,32.9125,0,-0.01015037594
2024-01-17,127.45,31.8625,3,0.05924800608
2024-01-18,128.3,32.075,0,0.006669282071
2024-01-19,132.9,33.225,0,0.03585346843
2024-01-22,133.8,33.45,0,0.006772009029
2024-01-23,134.05,33.5125,0,0.001868460389
2024-01-24,134,33.5,0,-0.0003729951511
2024-01-25,135.65,33.9125,0,0.01231343284
2024-01-26,135.65,33.9125,0,0
2024-01-29,136.5,34.125,0,0.00626612606
2024-01-30,136.15,34.0375,0,-0.002564102564
2024-01-31,134.35,33.5875,0,-0.01322071245
2024-02-01,134.35,33.5875,0,0
2024-02-02,135.1,33.775,0,0.005582433941
2024-02-05,135.95,33.9875,0,0.006291635825
2024-02-15,142.35,35.5875,0,0.04707613093
2024-02-16,141.3,35.325,0,-0.007376185458
2024-02-19,141.1,35.275,0,-0.001415428167
2024-02-20,141.65,35.4125,0,0.00389794472
2024-02-21,141.2,35.3,0,-0.003176844335
2024-02-22,142.8,35.7,0,0.01133144476
2024-02-23,143.75,35.9375,0,0.006652661064
2024-02-26,143.95,35.9875,0,0.001391304348
2024-02-27,143.35,35.8375,0,-0.004168113928
2024-02-29,143.3,35.825,0,-0.0003487966516
2024-03-01,142.8,35.7,0,-0.003489183531
2024-03-04,146.95,36.7375,0,0.02906162465
2024-03-05,148.15,37.0375,0,0.008166042872
2024-03-06,148.85,37.2125,0,0.004724940938
2024-03-07,152.3,38.075,0,0.02317769567
2024-03-08,154.45,38.6125,0,0.01411687459
2024-03-11,152.9,38.225,0,-0.01003561023
2024-03-12,154.5,38.625,0,0.01046435579
2024-03-13,155.25,38.8125,0,0.004854368932
2024-03-14,155.1,38.775,0,-0.0009661835749
2024-03-15,153,38.25,0,-0.01353965184
2024-03-18,154.4,38.6,0,0.009150326797
2024-03-19,154.05,38.5125,0,-0.002266839378
2024-03-20,153.2,38.3,0,-0.005517689062
2024-03-21,157.4,39.35,0,0.0274151436
2024-03-22,157.2,39.3,0,-0.00127064803
2024-03-25,157.5,39.375,0,0.001908396947
2024-03-26,157.6,39.4,0,0.0006349206349
2024-03-27,157.65,39.4125,0,0.0003172588832
2024-03-28,156.9,39.225,0,-0.00475737393
2024-03-29,157.9,39.475,0,0.006373486297
2024-04-01,157.4,39.35,0,-0.003166561115
2024-04-02,159.65,39.9125,0,0.01429479034
2024-04-03,158.55,39.6375,0,-0.006890072033
2024-04-08,159.45,39.8625,0,0.005676442763
2024-04-09,163.25,40.8125,0,0.02383192223
2024-04-10,163,40.75,0,-0.001531393568
2024-04-11,162.5,40.625,0,-0.003067484663
2024-04-12,162.1,40.525,0,-0.002461538462
2024-04-15,160,40,0,-0.01295496607
2024-04-16,155.65,38.9125,0,-0.0271875
2024-04-17,157.4,39.35,0,0.01124317379
2024-04-18,158.95,39.7375,0,0.009847522236
2024-04-19,150.9,37.725,0,-0.05064485687
2024-04-22,150.45,37.6125,0,-0.002982107356
2024-04-23,151.9,37.975,0,0.009637753406
2024-04-24,156.35,39.0875,0,0.0292955892
2024-04-25,153.5,38.375,0,-0.01822833387
2024-04-26,156,39,0,0.01628664495
2024-04-29,158.8,39.7,0,0.01794871795
2024-04-30,158.25,39.5625,0,-0.003463476071
2024-05-02,156.15,39.0375,0,-0.01327014218
2024-05-03,156.95,39.2375,0,0.005123278898
2024-05-06,159.2,39.8,0,0.01433577572
2024-05-07,160.1,40.025,0,0.005653266332
2024-05-08,160.7,40.175,0,0.003747657714
2024-05-09,160.5,40.125,0,-0.001244555072
2024-05-10,161.65,40.4125,0,0.007165109034
2024-05-13,163.3,40.825,0,0.01020723786
2024-05-14,164.4,41.1,0,0.006736068585
2024-05-15,166.65,41.6625,0,0.01368613139
2024-05-16,167.45,41.8625,0,0.004800480048
2024-05-17,167.25,41.8125,0,-0.001194386384
2024-05-20,167.2,41.8,0,-0.0002989536622
2024-05-21,167,41.75,0,-0.001196172249
2024-05-22,170,42.5,0,0.01796407186
2024-05-23,171.3,42.825,0,0.007647058824
2024-05-24,170.6,42.65,0,-0.004086398132
2024-05-27,172.95,43.2375,0,0.01377491208
2024-05-28,173.2,43.3,0,0.001445504481
2024-05-29,170.85,42.7125,0,-0.01356812933
2024-05-30,167.9,41.975,0,-0.01726660814
2024-05-31,166,41.5,0,-0.01131625968
2024-06-03,169.55,42.3875,0,0.02138554217
2024-06-04,166.85,41.7125,0,-0.01592450605
2024-06-05,168.45,42.1125,0,0.009589451603
2024-06-06,174.2,43.55,0,0.03413475809
2024-06-07,172.85,43.2125,0,-0.007749712974
2024-06-11,173.3,43.325,0,0.002603413364
2024-06-12,176.4,44.1,0,0.0178880554
2024-06-13,178.95,44.7375,0,0.01445578231
2024-06-14,180,45,0,0.005867560771
2024-06-17,180,45,0,0
2024-06-18,183,45.75,0,0.01666666667
2024-06-19,187.95,46.9875,0,0.02704918033
2024-06-20,189.75,47.4375,0,0.009577015164
2024-06-21,188.6,47.15,0,-0.006060606061
2024-06-24,184,46,0,-0.0243902439
2024-06-25,183.9,45.975,0,-0.0005434782609
2024-06-26,185.35,46.3375,0,0.007884719956
2024-06-27,185.3,46.325,0,-0.0002697599137
2024-06-28,186.45,46.6125,0,0.006206152186
2024-07-01,186.6,46.65,0,0.0008045052293
2024-07-02,185.35,46.3375,0,-0.006698821008
2024-07-03,187.6,46.9,0,0.01213919612
2024-07-04,192.5,48.125,0,0.02611940299
2024-07-05,191.8,47.95,0,-0.003636363636
2024-07-08,197.85,49.4625,0,0.03154327424
2024-07-09,197.65,49.4125,0,-0.001010866818
2024-07-10,198.35,49.5875,0,0.003541613964
2024-07-11,202.75,50.6875,0,0.02218300983
2024-07-12,196.35,49.0875,0,-0.03156596794
2024-07-15,196.7,49.175,0,0.001782531194
2024-07-16,196.85,49.2125,1,0.02109811896
2024-07-17,194.1,48.525,0,-0.01397002794
2024-07-18,190.6,47.65,0,-0.0180319423
2024-07-19,186.25,46.5625,0,-0.02282266527
2024-07-22,180.7,45.175,0,-0.02979865772
2024-07-23,186.3,46.575,0,0.03099059214
2024-07-26,179,44.75,0,-0.03918411165
2024-07-29,180.6,45.15,0,0.008938547486
2024-07-30,180.6,45.15,0,0
2024-07-31,180.85,45.2125,0,0.00138427464
2024-08-01,184,46,0,0.01741774952
2024-08-02,174.7,43.675,0,-0.05054347826
2024-08-05,158.75,39.6875,0,-0.09129937035
2024-08-06,167.5,41.875,0,0.05511811024
2024-08-07,174.15,43.5375,0,0.03970149254
2024-08-08,170.55,42.6375,0,-0.02067183463
2024-08-09,175.85,43.9625,0,0.03107593081
2024-08-12,178.05,44.5125,0,0.0125106625
2024-08-13,178.5,44.625,0,0.002527379949
2024-08-14,180.75,45.1875,0,0.01260504202
2024-08-15,179.35,44.8375,0,-0.007745504841
2024-08-16,183.4,45.85,0,0.02258154447
2024-08-19,183.65,45.9125,0,0.001363140676
2024-08-20,183.75,45.9375,0,0.0005445140212
2024-08-21,181.8,45.45,0,-0.0106122449
2024-08-22,180.85,45.2125,0,-0.005225522552
2024-08-23,180.95,45.2375,0,0.0005529444291
2024-08-26,181.25,45.3125,0,0.001657916552
2024-08-27,180.45,45.1125,0,-0.004413793103
2024-08-28,183,45.75,0,0.01413133832
2024-08-29,180.5,45.125,0,-0.01366120219
2024-08-30,181.35,45.3375,0,0.004709141274
2024-09-02,180.85,45.2125,0,-0.002757099531
2024-09-03,180.05,45.0125,0,-0.004423555433
2024-09-04,171.25,42.8125,0,-0.04887531241
2024-09-05,172.3,43.075,0,0.006131386861
2024-09-06,174.75,43.6875,0,0.01421938479
2024-09-09,172.05,43.0125,0,-0.01545064378
2024-09-10,172.35,43.0875,0,0.001743679163
2024-09-11,171.85,42.9625,0,-0.002901073397
2024-09-12,178.3,44.575,0,0.03753273203
2024-09-13,178.4,44.6,0,0.0005608524958
2024-09-16,178.75,44.6875,0,0.001961883408
2024-09-18,177.85,44.4625,0,-0.005034965035
2024-09-19,180.15,45.0375,0,0.01293224627
2024-09-20,182.45,45.6125,0,0.0127671385
2024-09-23,183.25,45.8125,0,0.004384762949
2024-09-24,185,46.25,0,0.009549795362
2024-09-25,187.75,46.9375,0,0.01486486486
2024-09-26,189.3,47.325,0,0.008255659121
2024-09-27,188.9,47.225,0,-0.002113048072
2024-09-30,183.95,45.9875,0,-0.02620434092
2024-10-01,183.6,45.9,0,-0.001902690949
2024-10-04,183.6,45.9,0,0
2024-10-07,188.15,47.0375,0,0.02478213508
2024-10-08,187.25,46.8125,0,-0.004783417486
2024-10-09,189,47.25,0,0.009345794393
2024-10-11,192.15,48.0375,0,0.01666666667
2024-10-14,192.3,48.075,0,0.0007806401249
2024-10-15,196.4,49.1,0,0.02132085283
2024-10-16,193,48.25,0,-0.01731160896
2024-10-17,193.3,48.325,0,0.001554404145
2024-10-18,198.1,49.525,0,0.02483186756
2024-10-21,198.05,49.5125,0,-0.0002523977789
2024-10-22,197.3,49.325,0,-0.003786922494
2024-10-23,196,49,0,-0.006588950836
2024-10-24,194.8,48.7,0,-0.00612244898
2024-10-25,196.4,49.1,0,0.008213552361
2024-10-28,196.05,49.0125,0,-0.001782077393
2024-10-29,191.5,47.875,0,-0.02320836521
2024-10-30,191.8,47.95,0,0.001566579634
2024-11-01,190.5,47.625,0,-0.006777893639
2024-11-04,192.95,48.2375,0,0.01286089239
2024-11-05,193.65,48.4125,0,0.003627882871
2024-11-06,195.2,48.8,0,0.008004131164
2024-11-07,197.45,49.3625,0,0.01152663934
2024-11-08,199,49.75,0,0.00785008863
2024-11-11,199.1,49.775,0,0.0005025125628
2024-11-12,194,48.5,0,-0.02561526871
2024-11-13,192.75,48.1875,0,-0.006443298969
2024-11-14,191,47.75,0,-0.009079118029
2024-11-15,192.35,48.0875,0,0.007068062827
2024-11-18,189.65,47.4125,0,-0.01403691188
2024-11-19,192.25,48.0625,0,0.0137094648
2024-11-20,191.45,47.8625,0,-0.004161248375
2024-11-21,189.35,47.3375,0,-0.01096892139
2024-11-22,193.05,48.2625,0,0.0195405334
2024-11-25,192.35,48.0875,0,-0.003626003626
2024-11-26,189.85,47.4625,0,-0.01299714063
2024-11-27,187.1,46.775,0,-0.01448511983
2024-11-28,186.8,46.7,0,-0.001603420631
2024-11-29,187.25,46.8125,0,0.002408993576
2024-12-02,191.7,47.925,0,0.02376502003
2024-12-03,194.3,48.575,0,0.01356285863
2024-12-04,195.45,48.8625,0,0.00591868245
2024-12-05,196.5,49.125,0,0.005372217959
2024-12-06,195.75,48.9375,0,-0.003816793893
2024-12-09,196,49,0,0.001277139208
2024-12-10,194.6,48.65,0,-0.007142857143
2024-12-11,192.9,48.225,0,-0.008735868448
2024-12-12,195.15,48.7875,0,0.01166407465
2024-12-13,195.3,48.825,0,0.0007686395081
2024-12-16,196.1,49.025,0,0.004096262161
2024-12-17,197.1,49.275,0,0.005099439062
2024-12-18,197.1,49.275,0,0
2024-12-19,194.4,48.6,0,-0.01369863014
2024-12-20,192.6,48.15,0,-0.009259259259
2024-12-23,197.25,49.3125,0,0.02414330218
2024-12-24,197.8,49.45,0,0.00278833967
2024-12-25,198.4,49.6,0,0.003033367037
2024-12-26,198.25,49.5625,0,-0.0007560483871
2024-12-27,198.9,49.725,0,0.003278688525
2024-12-30,197.8,49.45,0,-0.005530417295
2024-12-31,195.75,48.9375,0,-0.01036400404
2025-01-02,194.05,48.5125,0,-0.008684546616
2025-01-03,196,49,0,0.01004895645
2025-01-06,202.15,50.5375,0,0.03137755102
2025-01-07,204.4,51.1,0,0.01113034875
2025-01-08,201.35,50.3375,0,-0.01492172211
2025-01-09,199.05,49.7625,0,-0.01142289546
2025-01-10,199,49.75,0,-0.0002511931675
2025-01-13,194.4,48.6,0,-0.02311557789
2025-01-14,195.6,48.9,0,0.006172839506
2025-01-15,194.1,48.525,0,-0.007668711656
2025-01-16,198.05,49.5125,0,0.02035033488
2025-01-17,196.3,49.075,2.7,0.04569553143
2025-01-20,198.3,49.575,0,0.01018848701
2025-01-21,198.7,49.675,0,0.002017145739
2025-01-22,201.3,50.325,0,0.01308505284
2025-02-03,192.7,48.175,0,-0.04272230502
2025-02-04,193.85,48.4625,0,0.005967825636
2025-02-05,196.8,49.2,0,0.01521795202
2025-02-06,197.65,49.4125,0,0.004319105691
2025-02-07,198.55,49.6375,0,0.004553503668
2025-02-10,196.3,49.075,0,-0.01133215815
2025-02-11,197.5,49.375,0,0.006113092206
2025-02-12,197.2,49.3,0,-0.001518987342
2025-02-13,196.35,49.0875,0,-0.004310344828
2025-02-14,194,48.5,0,-0.01196842373
2025-02-17,196.95,49.2375,0,0.01520618557
2025-02-18,197.65,49.4125,0,0.003554201574
2025-02-19,197.3,49.325,0,-0.001770806982
2025-02-20,196.55,49.1375,0,-0.00380131779
2025-02-21,197.95,49.4875,0,0.007122869499
2025-02-24,196.2,49.05,0,-0.008840616317
2025-02-25,193.65,48.4125,0,-0.0129969419
2025-02-26,194.7,48.675,0,0.005422153369
2025-02-27,192.5,48.125,0,-0.01129943503
2025-03-03,188.05,47.0125,0,-0.02311688312
2025-03-04,186.8,46.7,0,-0.006647168306
2025-03-05,189.25,47.3125,0,0.01311563169
2025-03-06,188.1,47.025,0,-0.00607661823
2025-03-07,186.35,46.5875,0,-0.009303561935
2025-03-10,185.25,46.3125,0,-0.005902870942
2025-03-11,182,45.5,0,-0.01754385965
2025-03-12,182.8,45.7,0,0.004395604396
2025-03-13,181.1,45.275,0,-0.009299781182
2025-03-14,180.5,45.125,0,-0.003313086692
2025-03-17,182.05,45.5125,0,0.008587257618
2025-03-18,182.8,45.7,0,0.004119747322
2025-03-19,180.55,45.1375,0,-0.01230853392
2025-03-20,184.45,46.1125,0,0.02160066464
2025-03-21,182.95,45.7375,0,-0.008132285172
2025-03-24,182.75,45.6875,0,-0.001093194862
2025-03-25,184.65,46.1625,0,0.01039671683
2025-03-26,184.5,46.125,0,-0.0008123476848
2025-03-27,181,45.25,0,-0.0189701897
2025-03-28,179.2,44.8,0,-0.009944751381
2025-03-31,172.75,43.1875,0,-0.03599330357
2025-04-01,176.3,44.075,0,0.02054992764
2025-04-02,176,44,0,-0.001701644923
2025-04-07,158.4,39.6,0,-0.1
2025-04-08,153.25,38.3125,0,-0.03251262626
2025-04-09,146.2,36.55,0,-0.04600326264
2025-04-10,160.8,40.2,0,0.09986320109
2025-04-11,164.55,41.1375,0,0.02332089552
2025-04-14,163.7,40.925,0,-0.00516560316
2025-04-15,165.35,41.3375,0,0.01007941356
2025-04-16,162.35,40.5875,0,-0.01814333233
2025-04-17,160.55,40.1375,0,-0.01108715738
2025-04-18,160.9,40.225,0,0.002180006229
2025-04-21,158.6,39.65,0,-0.01429459291
2025-04-22,155.95,38.9875,0,-0.01670870113
2025-04-23,162.85,40.7125,0,0.0442449503
2025-04-24,161.9,40.475,0,-0.005833589193
2025-04-25,165.75,41.4375,0,0.02378011118
2025-04-28,167.15,41.7875,0,0.008446455505
2025-04-29,167.8,41.95,0,0.003888722704
2025-04-30,168.6,42.15,0,0.004767580453
2025-05-02,173.5,43.375,0,0.0290628707
2025-05-05,171.95,42.9875,0,-0.008933717579
2025-05-06,171,42.75,0,-0.005524861878
2025-05-07,170.35,42.5875,0,-0.003801169591
2025-05-08,172.6,43.15,0,0.01320810097
2025-05-09,174.75,43.6875,0,0.01245654693
2025-05-12,176.7,44.175,0,0.01115879828
2025-05-13,178.85,44.7125,0,0.01216751556
2025-05-14,182.9,45.725,0,0.02264467431
2025-05-15,182.5,45.625,0,-0.002186987425
2025-05-16,183,45.75,0,0.002739726027
2025-05-19,180.45,45.1125,0,-0.01393442623
2025-05-20,180.8,45.2,0,0.001939595456
2025-05-21,183.6,45.9,0,0.01548672566
2025-05-22,181.6,45.4,0,-0.01089324619
2025-05-23,180.85,45.2125,0,-0.004129955947
2025-05-26,180.65,45.1625,0,-0.001105888858
2025-05-27,179.05,44.7625,0,-0.008856905619
2025-05-28,179.35,44.8375,0,0.001675509634
2025-05-29,179.75,44.9375,0,0.002230275997
2025-06-02,175.9,43.975,0,-0.021418637
2025-06-03,177.15,44.2875,0,0.007106310404
2025-06-04,181.3,45.325,0,0.02342647474
2025-06-05,181.65,45.4125,0,0.001930501931
2025-06-06,181.95,45.4875,0,0.001651527663
2025-06-09,183.7,45.925,0,0.00961802693
2025-06-10,188.65,47.1625,0,0.02694610778
2025-06-18,47.57,47.57,0,0.008640339253
2025-06-19,47.1,47.1,0,-0.009880176582
2025-06-20,47.03,47.03,0,-0.001486199575
2025-06-23,46.64,46.64,0,-0.008292579205
2025-06-24,47.49,47.49,0,0.01822469983
2025-06-25,48.18,48.18,0,0.01452937461
2025-06-26,48.24,48.24,0,0.001245330012
2025-06-27,48.29,48.29,0,0.001036484245
2025-06-30,48.36,48.36,0,0.001449575481
2025-07-01,48.64,48.64,0,0.005789909016
2025-07-02,48.65,48.65,0,0.0002055921053
2025-07-03,49.32,49.32,0,0.01377183967
2025-07-04,48.86,48.86,0,-0.009326845093
2025-07-07,48.57,48.57,0,-0.00593532542
2025-07-08,48.35,48.35,0,-0.004529544987
2025-07-09,48.85,48.85,0,0.01034126163
2025-07-10,49.41,49.41,0,0.01146366428
2025-07-11,49.62,49.62,0,0.004250151791
2025-07-14,49.33,49.33,0,-0.005844417574
2025-07-15,50,50,0,0.01358199878
2025-07-16,50.4,50.4,0,0.008
2025-07-17,50.7,50.7,0,0.005952380952
2025-07-18,51.45,51.45,0,0.01479289941
2025-07-21,50.9,50.9,0.36,-0.003692905734
2025-07-22,50.55,50.55,0,-0.006876227898
2025-07-23,50.7,50.7,0,0.00296735905
2025-07-24,51,51,0,0.005917159763
2025-07-25,50.9,50.9,0,-0.001960784314
2025-07-28,51.05,51.05,0,0.002946954813
2025-07-29,50.45,50.45,0,-0.01175318315
2025-07-30,51,51,0,0.01090188305
2025-07-31,51.55,51.55,0,0.01078431373
2025-08-01,51.1,51.1,0,-0.008729388943
2025-08-04,50.8,50.8,0,-0.005870841487
2025-08-05,51.45,51.45,0,0.01279527559
2025-08-06,51,51,0,-0.008746355685
2025-08-07,52.45,52.45,0,0.02843137255
2025-08-08,52.45,52.45,0,0
2025-08-11,52.85,52.85,0,0.007626310772
2025-08-12,52.9,52.9,0,0.0009460737938
2025-08-13,53.35,53.35,0,0.008506616257
2025-08-14,53.15,53.15,0,-0.003748828491
2025-08-15,53.15,53.15,0,0
2025-08-18,53.3,53.3,0,0.002822201317
2025-08-19,53.2,53.2,0,-0.001876172608
2025-08-20,51.7,51.7,0,-0.02819548872
2025-08-21,52,52,0,0.00580270793
2025-08-22,51.75,51.75,0,-0.004807692308
2025-08-25,52.7,52.7,0,0.01835748792
2025-08-26,52.75,52.75,0,0.0009487666034
2025-08-27,53,53,0,0.004739336493
2025-08-28,52.5,52.5,0,-0.009433962264
2025-08-29,52.5,52.5,0,0
2025-09-01,52,52,0,-0.009523809524
2025-09-02,52,52,0,0
2025-09-03,51.95,51.95,0,-0.0009615384615
2025-09-04,52.3,52.3,0,0.006737247353
2025-09-05,52.85,52.85,0,0.01051625239
2025-09-08,53.35,53.35,0,0.009460737938
2025-09-09,53.9,53.9,0,0.01030927835
2025-09-10,54.95,54.95,0,0.01948051948
2025-09-11,55.45,55.45,0,0.009099181074
2025-09-12,56,56,0,0.009918845807
2025-09-15,56,56,0,0
2025-09-16,56.75,56.75,0,0.01339285714
2025-09-17,56.35,56.35,0,-0.00704845815
2025-09-18,56.95,56.95,0,0.01064773736
2025-09-19,57,57,0,0.0008779631255
2025-09-22,57.4,57.4,0,0.00701754386
2025-09-23,58.45,58.45,0,0.01829268293
2025-09-24,58.4,58.4,0,-0.0008554319932
2025-09-25,58.2,58.2,0,-0.003424657534
2025-09-26,57.25,57.25,0,-0.01632302405
2025-09-30,57.8,57.8,0,0.0096069869
2025-10-01,58.1,58.1,0,0.005190311419
2025-10-02,59.2,59.2,0,0.01893287435
2025-10-03,60.05,60.05,0,0.01435810811
2025-10-07,61.7,61.7,0,0.02747710241
2025-10-08,61.15,61.15,0,-0.008914100486
2025-10-09,61.6,61.6,0,0.007358953393
2025-10-13,61,61,0,-0.00974025974
2025-10-14,60.7,60.7,0,-0.004918032787
2025-10-15,61.8,61.8,0,0.01812191104
2025-10-16,63,63,0,0.01941747573
2025-10-17,62.05,62.05,0,-0.01507936508
2025-10-20,63.1,63.1,0,0.01692183723
2025-10-21,63.2,63.2,0,0.001584786054
2025-10-22,62.7,62.7,0,-0.007911392405
2025-10-23,62.35,62.35,0,-0.005582137161
2025-10-27,63.8,63.8,0,0.02325581395
2025-10-28,63.35,63.35,0,-0.007053291536
2025-10-29,64.4,64.4,0,0.01657458564
2025-10-30,64.4,64.4,0,0
2025-10-31,64.75,64.75,0,0.005434782609
2025-11-03,64.15,64.15,0,-0.009266409266
2025-11-04,63.95,63.95,0,-0.003117692907
2025-11-05,63.15,63.15,0,-0.01250977326
2025-11-06,63.3,63.3,0,0.002375296912
2025-11-07,62.55,62.55,0,-0.01184834123
2025-11-10,63.35,63.35,0,0.01278976819
2025-11-11,62.9,62.9,0,-0.007103393844
2025-11-12,63.2,63.2,0,0.004769475358
2025-11-13,62.9,62.9,0,-0.004746835443
2025-11-14,61.7,61.7,0,-0.01907790143
2025-11-17,61.9,61.9,0,0.003241491086
2025-11-18,60.45,60.45,0,-0.02342487884
2025-11-19,60.05,60.05,0,-0.006617038875
2025-11-20,61.9,61.9,0,0.03080766028
2025-11-21,59.85,59.85,0,-0.03311793215
2025-11-24,59.55,59.55,0,-0.005012531328
2025-11-25,60.35,60.35,0,0.013434089
2025-11-26,61.35,61.35,0,0.01657000829
2025-11-27,61.9,61.9,0,0.008964955175
2025-11-28,62.35,62.35,0,0.007269789984
2025-12-01,61.5,61.5,0,-0.01363271852
2025-12-02,61.7,61.7,0,0.00325203252
2025-12-03,62.3,62.3,0,0.009724473258
2025-12-04,62.2,62.2,0,-0.001605136437
2025-12-05,62.75,62.75,0,0.00884244373
2025-12-08,63.7,63.7,0,0.01513944223
2025-12-09,63.6,63.6,0,-0.001569858713
2025-12-10,64.05,64.05,0,0.007075471698
2025-12-11,63.35,63.35,0,-0.01092896175
2025-12-12,63.45,63.45,0,0.001578531965
2025-12-15,62.8,62.8,0,-0.01024428684
2025-12-16,62.25,62.25,0,-0.008757961783
2025-12-17,61.9,61.9,0,-0.00562248996
2025-12-18,61.9,61.9,0,0
2025-12-19,62.5,62.5,0,0.009693053312
2025-12-22,63.4,63.4,0,0.0144
2025-12-23,63.7,63.7,0,0.004731861199
2025-12-24,63.85,63.85,0,0.002354788069
2025-12-26,64.4,64.4,0,0.008613938919
2025-12-29,65.25,65.25,0,0.01319875776
2025-12-30,65.15,65.15,0,-0.00153256705
2025-12-31,65.6,65.6,0,0.006907137375
2026-01-02,66.95,66.95,0,0.02057926829
2026-01-05,69.5,69.5,0,0.03808812547
2026-01-06,70.4,70.4,0,0.01294964029
2026-01-07,69.85,69.85,0,-0.0078125
2026-01-08,70.1,70.1,0,0.003579098067
2026-01-09,69.85,69.85,0,-0.003566333809
2026-01-12,70.35,70.35,0,0.007158196135
2026-01-13,70.7,70.7,0,0.004975124378
2026-01-14,70.75,70.75,0,0.0007072135785
2026-01-15,70.65,70.65,0,-0.001413427562
2026-01-16,72,72,0,0.01910828025
2026-01-19,72.6,72.6,0,0.008333333333
2026-01-20,72.6,72.6,0,0
2026-01-21,71.85,71.85,0,-0.01033057851
2026-01-22,71.8,71.8,1,0.01322199026
2026-01-23,72.25,72.25,0,0.006267409471
2026-01-26,72.25,72.25,0,0
2026-01-27,73.05,73.05,0,0.01107266436
2026-01-28,74.2,74.2,0,0.01574264203
2026-01-29,73.75,73.75,0,-0.006064690027
2026-01-30,72.6,72.6,0,-0.01559322034
2026-02-02,71.5,71.5,0,-0.01515151515
2026-02-03,72.95,72.95,0,0.02027972028
2026-02-04,72.9,72.9,0,-0.0006854009596
2026-02-05,72,72,0,-0.01234567901
2026-02-06,71.9,71.9,0,-0.001388888889
2026-02-09,73.95,73.95,0,0.02851182197
2026-02-10,75.5,75.5,0,0.02096010818
2026-02-11,77.2,77.2,0,0.02251655629
2026-02-23,77.4,77.4,0,0.002590673575
2026-02-24,79.4,79.4,0,0.02583979328
2026-02-25,81.1,81.1,0,0.02141057935
2026-02-26,81.15,81.15,0,0.0006165228113
2026-03-02,80.35,80.35,0,-0.009858287123
2026-03-03,78.75,78.75,0,-0.01991288114
2026-03-04,75.6,75.6,0,-0.04
2026-03-05,77.4,77.4,0,0.02380952381
2026-03-06,76.85,76.85,0,-0.007105943152
2026-03-09,73.6,73.6,0,-0.04229017567
2026-03-10,75.2,75.2,0,0.02173913043
2026-03-11,78.2,78.2,0,0.03989361702
2026-03-12,76.6,76.6,0,-0.02046035806
2026-03-13,75.95,75.95,0,-0.008485639687
2026-03-16,75.6,75.6,0,-0.004608294931
2026-03-17,76.65,76.65,0,0.01388888889
2026-03-18,77.8,77.8,0,0.01500326158
2026-03-19,76,76,0,-0.02313624679
2026-03-20,75.9,75.9,0,-0.001315789474
2026-03-23,74.25,74.25,0,-0.02173913043
2026-03-24,74.4,74.4,0,0.00202020202
2026-03-25,76.2,76.2,0,0.02419354839
2026-03-26,75.8,75.8,0,-0.005249343832
2026-03-27,75,75,0,-0.01055408971
2026-03-30,73.9,73.9,0,-0.01466666667
2026-03-31,72.35,72.35,0,-0.02097428958
2026-04-01,75.45,75.45,0,0.04284727021
2026-04-02,73.95,73.95,0,-0.01988071571
2026-04-07,75.3,75.3,0,0.01825557809
2026-04-08,79.2,79.2,0,0.05179282869
2026-04-09,79.15,79.15,0,-0.0006313131313
2026-04-10,80.75,80.75,0,0.02021478206
2026-04-13,80.6,80.6,0,-0.001857585139
2026-04-14,83.1,83.1,0,0.03101736973
2026-04-15,84.15,84.15,0,0.01263537906
2026-04-16,85,85,0,0.0101010101
2026-04-17,84.15,84.15,0,-0.01
2026-04-20,84.55,84.55,0,0.004753416518
2026-04-21,86,86,0,0.01714961561
2026-04-22,86.35,86.35,0,0.004069767442
2026-04-23,86.35,86.35,0,0
2026-04-24,89.95,89.95,0,0.04169079328
2026-04-27,93,93,0,0.03390772651
2026-04-28,92,92,0,-0.01075268817
2026-04-29,90.75,90.75,0,-0.01358695652
2026-04-30,90.5,90.5,0,-0.002754820937
2026-05-04,94.6,94.6,0,0.0453038674
2026-05-05,94.6,94.6,0,0
2026-05-06,95.75,95.75,0,0.0121564482
2026-05-07,97.7,97.7,0,0.02036553525
2026-05-08,97,97,0,-0.007164790174
2026-05-11,96.9,96.9,0,-0.001030927835
2026-05-12,96.85,96.85,0,-0.000515995872
2026-05-13,95.5,95.5,0,-0.01393908105
2026-05-14,96.05,96.05,0,0.005759162304
2026-05-15,95.4,95.4,0,-0.006767308693
2026-05-18,94.9,94.9,0,-0.005241090147
2026-05-19,93.1,93.1,0,-0.01896733404
2026-05-20,92.5,92.5,0,-0.006444683136
2026-05-21,95.85,95.85,0,0.03621621622
2026-05-22,97.3,97.3,0,0.01512780386
2026-05-25,100.8,100.8,0,0.03597122302
2026-05-26,100.1,100.1,0,-0.006944444444
2026-05-27,102.55,102.55,0,0.02447552448
2026-05-28,100.5,100.5,0,-0.01999024866
2026-05-29,105.4,105.4,0,0.04875621891
2026-06-01,105.5,105.5,0,0.0009487666034
2026-06-02,105.7,105.7,0,0.001895734597
2026-06-03,107.6,107.6,0,0.01797540208
2026-06-04,106.1,106.1,0,-0.01394052045
2026-06-05,104.15,104.15,0,-0.01837888784
2026-06-08,100.95,100.95,0,-0.03072491599
2026-06-09,103.5,103.5,0,0.02526002972
2026-06-10,100.25,100.25,0,-0.03140096618
2026-06-11,99.85,99.85,0,-0.003990024938
2026-06-12,101.95,101.95,0,0.02103154732
2026-06-15,105.25,105.25,0,0.03236880824
2026-06-16,105.9,105.9,0,0.006175771971
2026-06-17,106,106,0,0.0009442870633
2026-06-18,107.3,107.3,0,0.01226415094
2026-06-22,111.15,111.15,0,0.03588070829
2026-06-23,110.1,110.1,0,-0.009446693657
2026-06-24,107.15,107.15,0,-0.0267938238
2026-06-25,107.2,107.2,0,0.0004666355576
2026-06-26,103.1,103.1,0,-0.03824626866
2026-06-29,104.45,104.45,0,0.01309408341
2026-06-30,107.8,107.8,0,0.03207276209
2026-07-01,109.35,109.35,0,0.01437847866
2026-07-02,108.8,108.8,0,-0.005029721079
2026-07-03,108.35,108.35,0,-0.004136029412
2026-07-06,108.25,108.25,0,-0.0009229349331
2026-07-07,106.2,106.2,0,-0.01893764434
2026-07-08,106.05,106.05,0,-0.001412429379
2026-07-09,105.8,105.8,0,-0.002357378595
2026-07-13,106,106,0,0.001890359168
2026-07-14,104.4,104.4,0,-0.01509433962
2026-07-15,106.3,106.3,0,0.01819923372
2026-07-16,106.4,106.4,0,0.0009407337723
2026-07-17,100.15,100.15,0,-0.0587406015
2026-07-20,99.2,99.2,0,-0.009485771343
2026-07-21,102.5,102.5,0.6,0.03931451613
2026-07-22,103.85,103.85,0,0.01317073171
2026-07-23,103.9,103.9,0,0.0004814636495
2026-07-24,101.7,101.7,0,-0.02117420597
2026-07-27,101.45,101.45,0,-0.002458210423
2026-07-28,97.15,97.15,0,-0.04238541153
2026-07-29,93.7,93.7,0,-0.0355120947
2026-07-30,93.5,93.5,0,-0.002134471718
2026-07-31,102.85,102.85,0,0.1
2026-08-03,102,102,0,-0.00826446281
2026-08-04,100.65,100.65,0,-0.01323529412
2026-08-05,103.8,103.8,0,0.03129657228
2026-08-06,103.3,103.3,0,-0.004816955684
2026-08-07,102.85,102.85,0,-0.00435624395
2026-08-10,104.25,104.25,0,0.01361205639
2026-08-11,104.6,104.6,0,0.003357314149
2026-08-12,105.2,105.2,0,0.005736137667
2026-08-13,106.7,106.7,0,0.01425855513
2026-08-14,106.4,106.4,0,-0.002811621368
2026-08-17,106.45,106.45,0,0.000469924812
2026-08-18,104.9,104.9,0,-0.01456082668
2026-08-19,103.1,103.1,0,-0.01715919924
2026-08-20,103.8,103.8,0,0.006789524733
2026-08-21,104.65,104.65,0,0.008188824663
2026-08-24,103.8,103.8,0,-0.00812231247
2026-08-25,104.4,104.4,0,0.005780346821
2026-08-26,105.9,105.9,0,0.01436781609
2026-08-27,106.05,106.05,0,0.001416430595
2026-08-28,106.95,106.95,0,0.008486562942
2026-08-31,106.25,106.25,0,-0.00654511454
2026-09-01,108.45,108.45,0,0.02070588235
2026-09-02,106.8,106.8,0,-0.01521438451
2026-09-03,106.2,106.2,0,-0.005617977528
2026-09-04,107.9,107.9,0,0.01600753296
2026-09-07,109.9,109.9,0,0.01853568119
2026-09-08,109.65,109.65,0,-0.002274795268
2026-09-09,109.65,109.65,0,0
2026-09-10,109.15,109.15,0,-0.00455996352
2026-09-11,107.7,107.7,0,-0.01328447091
2026-09-14,106.9,106.9,0,-0.007428040854
2026-09-15,106.25,106.25,0,-0.006080449018
2026-09-16,106.9,106.9,0,0.006117647059
2026-09-17,108.05,108.05,0,0.01075771749
2026-09-18,109.85,109.85,0,0.01665895419
2026-09-21,111.35,111.35,0,0.01365498407
2026-09-22,111.85,111.85,0,0.004490345757
2026-09-23,112.45,112.45,0,0.005364327224
2026-09-24,112.4,112.4,0,-0.0004446420631
2026-09-29,111.3,111.3,0,-0.009786476868
2026-09-30,112.05,112.05,0,0.006738544474
2026-10-01,112.9,112.9,0,0.007585899152
2026-10-02,112.8,112.8,0,-0.0008857395926
