date,close_raw,close_split_adj,div,total_ret,total_ret_fixed
2006-08-31,26.55,26.55,0,0,0
2006-09-01,26.62,26.62,0,0.00263653484,0.00263653484
2006-09-04,26.99,26.99,0,0.01389932382,0.01389932382
2006-09-05,26.92,26.92,0,-0.002593553168,-0.002593553168
2006-09-06,26.6,26.6,0,-0.01188707281,-0.01188707281
2006-09-07,26.75,26.75,0,0.005639097744,0.005639097744
2006-09-08,26.87,26.87,0,0.004485981308,0.004485981308
2006-09-11,26.93,26.93,0,0.002232973576,0.002232973576
2006-09-12,26.75,26.75,0,-0.006683995544,-0.006683995544
2006-09-13,26.62,26.62,0,-0.004859813084,-0.004859813084
2006-09-14,26.28,26.28,0,-0.01277235162,-0.01277235162
2006-09-15,26.59,26.59,0,0.01179604262,0.01179604262
2006-09-18,27.6,27.6,0,0.03798420459,0.03798420459
2006-09-19,27.67,27.67,0,0.002536231884,0.002536231884
2006-09-20,27.64,27.64,0,-0.001084206722,-0.001084206722
2006-09-21,27.71,27.71,0,0.002532561505,0.002532561505
2006-09-22,27.73,27.73,0,0.0007217610971,0.0007217610971
2006-09-25,27.91,27.91,0,0.006491164803,0.006491164803
2006-09-26,27.83,27.83,0,-0.002866356145,-0.002866356145
2006-09-27,28.09,28.09,0,0.00934243622,0.00934243622
2006-09-28,27.87,27.87,0,-0.007831968672,-0.007831968672
2006-09-29,27.96,27.96,0,0.003229278794,0.003229278794
2006-10-02,28.27,28.27,0,0.01108726753,0.01108726753
2006-10-03,28.3,28.3,0,0.001061195614,0.001061195614
2006-10-04,27.95,27.95,0,-0.01236749117,-0.01236749117
2006-10-05,28.34,28.34,0,0.01395348837,0.01395348837
2006-10-11,28.48,28.48,0,0.004940014114,0.004940014114
2006-10-12,28.48,28.48,0,0,0
2006-10-13,28.85,28.85,0,0.01299157303,0.01299157303
2006-10-14,28.94,28.94,0,0.003119584055,0.003119584055
2006-10-16,29.04,29.04,0,0.003455425017,0.003455425017
2006-10-17,28.77,28.77,0,-0.009297520661,-0.009297520661
2006-10-18,28.59,28.59,0,-0.006256517205,-0.006256517205
2006-10-19,28.6,28.6,0,0.0003497726478,0.0003497726478
2006-10-20,28.85,28.85,0,0.008741258741,0.008741258741
2006-10-23,28.72,28.72,0,-0.004506065858,-0.004506065858
2006-10-24,28.82,28.82,0,0.00348189415,0.00348189415
2006-10-25,28.76,28.76,0,-0.002081887578,-0.002081887578
2006-10-26,28.81,28.81,0,0.00173852573,0.00173852573
2006-10-27,28.6,28.6,0,-0.007289135717,-0.007289135717
2006-10-30,28.34,28.34,0,-0.009090909091,-0.009090909091
2006-10-31,28.37,28.37,0,0.001058574453,0.001058574453
2006-11-01,28.43,28.43,0,0.002114910116,0.002114910116
2006-11-02,28.6,28.6,0,0.005979599015,0.005979599015
2006-11-03,29.1,29.1,0,0.01748251748,0.01748251748
2006-11-06,28.99,28.99,0,-0.003780068729,-0.003780068729
2006-11-07,29.14,29.14,0,0.005174197999,0.005174197999
2006-11-08,29.18,29.18,0,0.001372683596,0.001372683596
2006-11-09,29.07,29.07,0,-0.003769705278,-0.003769705278
2006-11-10,29.1,29.1,0,0.001031991744,0.001031991744
2006-11-13,29.08,29.08,0,-0.0006872852234,-0.0006872852234
2006-11-14,29.28,29.28,0,0.006877579092,0.006877579092
2006-11-15,29.4,29.4,0,0.004098360656,0.004098360656
2006-11-16,29.5,29.5,0,0.003401360544,0.003401360544
2006-11-17,29.6,29.6,0,0.003389830508,0.003389830508
2006-11-20,29.68,29.68,0,0.002702702703,0.002702702703
2006-11-21,29.85,29.85,0,0.005727762803,0.005727762803
2006-11-22,30.09,30.09,0,0.008040201005,0.008040201005
2006-11-23,30.29,30.29,0,0.006646726487,0.006646726487
2006-11-24,30.71,30.71,0,0.01386596236,0.01386596236
2006-11-27,30.98,30.98,0,0.008791924455,0.008791924455
2006-11-28,30.89,30.89,0,-0.002905100065,-0.002905100065
2006-11-29,30.8,30.8,0,-0.00291356426,-0.00291356426
2006-11-30,31.24,31.24,0,0.01428571429,0.01428571429
2006-12-01,31.45,31.45,0,0.006722151088,0.006722151088
2006-12-04,31.62,31.62,0,0.005405405405,0.005405405405
2006-12-05,31.3,31.3,0,-0.0101201771,-0.0101201771
2006-12-06,31.77,31.77,0,0.01501597444,0.01501597444
2006-12-07,31.63,31.63,0,-0.004406672962,-0.004406672962
2006-12-08,31.5,31.5,0,-0.004110022131,-0.004110022131
2006-12-11,31.51,31.51,0,0.0003174603175,0.0003174603175
2006-12-12,31.28,31.28,0,-0.007299270073,-0.007299270073
2006-12-13,31.2,31.2,0,-0.002557544757,-0.002557544757
2006-12-14,31.29,31.29,0,0.002884615385,0.002884615385
2006-12-15,31.46,31.46,0,0.005433045702,0.005433045702
2006-12-18,31.69,31.69,0,0.007310870947,0.007310870947
2006-12-19,31.69,31.69,0,0,0
2006-12-20,31.92,31.92,0,0.007257810035,0.007257810035
2006-12-21,31.76,31.76,0,-0.005012531328,-0.005012531328
2006-12-22,31.85,31.85,0,0.002833753149,0.002833753149
2006-12-25,31.9,31.9,0,0.001569858713,0.001569858713
2006-12-26,32.43,32.43,0,0.01661442006,0.01661442006
2006-12-27,32.62,32.62,0,0.005858772741,0.005858772741
2006-12-28,32.57,32.57,0,-0.001532801962,-0.001532801962
2006-12-29,33,33,0,0.01320233344,0.01320233344
2007-01-02,33.15,33.15,0,0.004545454545,0.004545454545
2007-01-03,33.15,33.15,0,0,0
2007-01-04,32.99,32.99,0,-0.004826546003,-0.004826546003
2007-01-05,32.66,32.66,0,-0.01000303122,-0.01000303122
2007-01-08,32.3,32.3,0,-0.01102265769,-0.01102265769
2007-01-09,32.53,32.53,0,0.007120743034,0.007120743034
2007-01-10,32.18,32.18,0,-0.01075929911,-0.01075929911
2007-01-11,31.63,31.63,0,-0.01709136109,-0.01709136109
2007-01-12,32,32,0,0.0116977553,0.0116977553
2007-01-15,32.35,32.35,0,0.0109375,0.0109375
2007-01-16,32.35,32.35,0,0,0
2007-01-17,32.26,32.26,0,-0.002782071097,-0.002782071097
2007-01-18,32.75,32.75,0,0.01518908865,0.01518908865
2007-01-19,32.7,32.7,0,-0.001526717557,-0.001526717557
2007-01-22,32.7,32.7,0,0,0
2007-01-23,32.6,32.6,0,-0.003058103976,-0.003058103976
2007-01-24,32.8,32.8,0,0.006134969325,0.006134969325
2007-01-25,32.7,32.7,0,-0.003048780488,-0.003048780488
2007-01-26,32.51,32.51,0,-0.005810397554,-0.005810397554
2007-01-29,32.21,32.21,0,-0.009227929868,-0.009227929868
2007-01-30,32.15,32.15,0,-0.001862775536,-0.001862775536
2007-01-31,31.72,31.72,0,-0.0133748056,-0.0133748056
2007-02-01,31.89,31.89,0,0.005359394704,0.005359394704
2007-02-02,32.16,32.16,0,0.008466603951,0.008466603951
2007-02-05,32.15,32.15,0,-0.0003109452736,-0.0003109452736
2007-02-06,32.44,32.44,0,0.009020217729,0.009020217729
2007-02-07,32.31,32.31,0,-0.004007398274,-0.004007398274
2007-02-08,32.24,32.24,0,-0.002166511916,-0.002166511916
2007-02-09,32.35,32.35,0,0.00341191067,0.00341191067
2007-02-12,32.2,32.2,0,-0.004636785162,-0.004636785162
2007-02-13,32.25,32.25,0,0.001552795031,0.001552795031
2007-02-14,32.5,32.5,0,0.007751937984,0.007751937984
2007-02-26,32.93,32.93,0,0.01323076923,0.01323076923
2007-02-27,32.88,32.88,0,-0.001518372305,-0.001518372305
2007-03-01,32.17,32.17,0,-0.02159367397,-0.02159367397
2007-03-02,32.28,32.28,0,0.003419334784,0.003419334784
2007-03-03,31.84,31.84,0,-0.0136307311,-0.0136307311
2007-03-05,30.59,30.59,0,-0.03925879397,-0.03925879397
2007-03-06,32.73,32.73,0,0.06995750245,0.06995750245
2007-03-07,31.1,31.1,0,-0.04980140544,-0.04980140544
2007-03-08,31.4,31.4,0,0.009646302251,0.009646302251
2007-03-09,31.5,31.5,0,0.003184713376,0.003184713376
2007-03-12,31.66,31.66,0,0.005079365079,0.005079365079
2007-03-13,31.78,31.78,0,0.003790271636,0.003790271636
2007-03-14,31.42,31.42,0,-0.01132787917,-0.01132787917
2007-03-15,31.85,31.85,0,0.0136855506,0.0136855506
2007-03-16,32.05,32.05,0,0.006279434851,0.006279434851
2007-03-19,32.2,32.2,0,0.004680187207,0.004680187207
2007-03-20,32.01,32.01,0,-0.005900621118,-0.005900621118
2007-03-21,32.1,32.1,0,0.002811621368,0.002811621368
2007-03-22,32.37,32.37,0,0.008411214953,0.008411214953
2007-03-23,32.5,32.5,0,0.004016064257,0.004016064257
2007-03-26,32.8,32.8,0,0.009230769231,0.009230769231
2007-03-27,32.64,32.64,0,-0.00487804878,-0.00487804878
2007-03-28,32.48,32.48,0,-0.004901960784,-0.004901960784
2007-03-29,32.64,32.64,0,0.004926108374,0.004926108374
2007-03-30,32.72,32.72,0,0.002450980392,0.002450980392
2007-04-02,32.75,32.75,0,0.0009168704156,0.0009168704156
2007-04-03,33,33,0,0.007633587786,0.007633587786
2007-04-04,33.33,33.33,0,0.01,0.01
2007-04-09,33.62,33.62,0,0.008700870087,0.008700870087
2007-04-10,33.64,33.64,0,0.0005948839976,0.0005948839976
2007-04-11,33.73,33.73,0,0.002675386445,0.002675386445
2007-04-12,33.69,33.69,0,-0.001185887934,-0.001185887934
2007-04-13,33.25,33.25,0,-0.01306025527,-0.01306025527
2007-04-14,33.4,33.4,0,0.004511278195,0.004511278195
2007-04-16,33.35,33.35,0,-0.001497005988,-0.001497005988
2007-04-17,32.8,32.8,0,-0.01649175412,-0.01649175412
2007-04-18,32.89,32.89,0,0.002743902439,0.002743902439
2007-04-19,32.4,32.4,0,-0.01489814533,-0.01489814533
2007-04-20,32.51,32.51,0,0.003395061728,0.003395061728
2007-04-23,32.83,32.83,0,0.009843125192,0.009843125192
2007-04-24,32.99,32.99,0,0.004873591228,0.004873591228
2007-04-25,32.8,32.8,0,-0.005759321006,-0.005759321006
2007-04-26,32.8,32.8,0,0,0
2007-04-27,32.72,32.72,0,-0.00243902439,-0.00243902439
2007-04-30,32.07,32.07,0,-0.01986552567,-0.01986552567
2007-05-02,32.02,32.02,0,-0.001559089492,-0.001559089492
2007-05-03,31.75,31.75,0,-0.008432229856,-0.008432229856
2007-05-04,32.41,32.41,0,0.02078740157,0.02078740157
2007-05-07,32.6,32.6,0,0.005862388152,0.005862388152
2007-05-08,32.65,32.65,0,0.001533742331,0.001533742331
2007-05-09,32.5,32.5,0,-0.004594180704,-0.004594180704
2007-05-10,32.7,32.7,0,0.006153846154,0.006153846154
2007-05-11,32.55,32.55,0,-0.004587155963,-0.004587155963
2007-05-14,32.45,32.45,0,-0.003072196621,-0.003072196621
2007-05-15,32.4,32.4,0,-0.001540832049,-0.001540832049
2007-05-16,32.35,32.35,0,-0.001543209877,-0.001543209877
2007-05-17,32.45,32.45,0,0.003091190108,0.003091190108
2007-05-18,32.42,32.42,0,-0.0009244992296,-0.0009244992296
2007-05-21,32.65,32.65,0,0.007094386181,0.007094386181
2007-05-22,32.9,32.9,0,0.007656967841,0.007656967841
2007-05-23,33.11,33.11,0,0.006382978723,0.006382978723
2007-05-24,33,33,0,-0.003322259136,-0.003322259136
2007-05-25,32.9,32.9,0,-0.00303030303,-0.00303030303
2007-05-28,32.95,32.95,0,0.001519756839,0.001519756839
2007-05-29,32.92,32.92,0,-0.0009104704097,-0.0009104704097
2007-05-30,32.75,32.75,0,-0.005164034022,-0.005164034022
2007-05-31,33.13,33.13,0,0.01160305344,0.01160305344
2007-06-01,33.26,33.26,0,0.00392393601,0.00392393601
2007-06-04,33.69,33.69,0,0.01292844257,0.01292844257
2007-06-05,33.6,33.6,0,-0.00267141585,-0.00267141585
2007-06-06,33.55,33.55,0,-0.001488095238,-0.001488095238
2007-06-07,33.61,33.61,0,0.001788375559,0.001788375559
2007-06-08,33.64,33.64,0,0.0008925914906,0.0008925914906
2007-06-11,33.8,33.8,0,0.004756242568,0.004756242568
2007-06-12,33.84,33.84,0,0.001183431953,0.001183431953
2007-06-13,33.7,33.7,0,-0.004137115839,-0.004137115839
2007-06-14,33.9,33.9,0,0.005934718101,0.005934718101
2007-06-15,34.2,34.2,0,0.008849557522,0.008849557522
2007-06-20,34.8,34.8,0,0.01754385965,0.01754385965
2007-06-21,35.4,35.4,0,0.01724137931,0.01724137931
2007-06-22,35.6,35.6,0,0.005649717514,0.005649717514
2007-06-23,35.8,35.8,0,0.005617977528,0.005617977528
2007-06-25,36.18,36.18,0,0.01061452514,0.01061452514
2007-06-26,35.65,35.65,0,-0.01464897734,-0.01464897734
2007-06-27,35.55,35.55,0,-0.002805049088,-0.002805049088
2007-06-28,35.8,35.8,0,0.007032348805,0.007032348805
2007-06-29,35.78,35.78,0,-0.0005586592179,-0.0005586592179
2007-07-02,35.9,35.9,0,0.003353828955,0.003353828955
2007-07-03,36.4,36.4,0,0.0139275766,0.0139275766
2007-07-04,36.9,36.9,0,0.01373626374,0.01373626374
2007-07-05,37.2,37.2,0,0.008130081301,0.008130081301
2007-07-06,37.7,37.7,0,0.01344086022,0.01344086022
2007-07-09,38.5,38.5,0,0.02122015915,0.02122015915
2007-07-10,38.7,38.7,0,0.005194805195,0.005194805195
2007-07-11,38.5,38.5,0,-0.005167958656,-0.005167958656
2007-07-12,39,39,0,0.01298701299,0.01298701299
2007-07-13,39.3,39.3,0,0.007692307692,0.007692307692
2007-07-16,39,39,0,-0.007633587786,-0.007633587786
2007-07-17,39.5,39.5,0,0.01282051282,0.01282051282
2007-07-18,39.89,39.89,0,0.009873417722,0.009873417722
2007-07-19,40.1,40.1,0,0.005264477313,0.005264477313
2007-07-20,40.5,40.5,0,0.009975062344,0.009975062344
2007-07-23,41.2,41.2,0,0.01728395062,0.01728395062
2007-07-24,41.3,41.3,0,0.002427184466,0.002427184466
2007-07-25,41.93,41.93,0,0.01525423729,0.01525423729
2007-07-26,41.12,41.12,0,-0.0193179108,-0.0193179108
2007-07-27,39.7,39.7,0,-0.03453307393,-0.03453307393
2007-07-30,38.95,38.95,0,-0.01889168766,-0.01889168766
2007-07-31,40.09,40.09,0,0.02926829268,0.02926829268
2007-08-01,39.1,39.1,0,-0.02469443752,-0.02469443752
2007-08-02,39,39,0,-0.002557544757,-0.002557544757
2007-08-03,39.1,39.1,0,0.002564102564,0.002564102564
2007-08-06,38.49,38.49,0,-0.01560102302,-0.01560102302
2007-08-07,38.7,38.7,0,0.005455962588,0.005455962588
2007-08-08,39.21,39.21,0,0.01317829457,0.01317829457
2007-08-09,39.96,39.96,0,0.01912777353,0.01912777353
2007-08-10,38.83,38.83,0,-0.02827827828,-0.02827827828
2007-08-13,38.7,38.7,0,-0.003347926861,-0.003347926861
2007-08-14,38.56,38.56,0,-0.003617571059,-0.003617571059
2007-08-15,36.8,36.8,0,-0.04564315353,-0.04564315353
2007-08-16,35,35,0,-0.04891304348,-0.04891304348
2007-08-17,33.7,33.7,0,-0.03714285714,-0.03714285714
2007-08-20,35.99,35.99,0,0.06795252226,0.06795252226
2007-08-21,35.68,35.68,0,-0.008613503751,-0.008613503751
2007-08-22,35.6,35.6,0,-0.002242152466,-0.002242152466
2007-08-23,36.38,36.38,0,0.02191011236,0.02191011236
2007-08-24,36.26,36.26,0,-0.003298515668,-0.003298515668
2007-08-27,36.35,36.35,0,0.002482073911,0.002482073911
2007-08-28,36.2,36.2,0,-0.004126547455,-0.004126547455
2007-08-29,35.8,35.8,0,-0.01104972376,-0.01104972376
2007-08-30,36.5,36.5,0,0.01955307263,0.01955307263
2007-08-31,37.16,37.16,0,0.01808219178,0.01808219178
2007-09-03,37.45,37.45,0,0.00780409042,0.00780409042
2007-09-04,37.3,37.3,0,-0.004005340454,-0.004005340454
2007-09-05,37.19,37.19,0,-0.002949061662,-0.002949061662
2007-09-06,37.65,37.65,0,0.01236891638,0.01236891638
2007-09-07,37.7,37.7,0,0.001328021248,0.001328021248
2007-09-10,37.6,37.6,0,-0.002652519894,-0.002652519894
2007-09-11,37.85,37.85,0,0.00664893617,0.00664893617
2007-09-12,38.01,38.01,0,0.004227212682,0.004227212682
2007-09-13,37.7,37.7,0,-0.008155748487,-0.008155748487
2007-09-14,37.92,37.92,0,0.005835543767,0.005835543767
2007-09-17,37.45,37.45,0,-0.01239451477,-0.01239451477
2007-09-19,37,37,0,-0.01201602136,-0.01201602136
2007-09-20,37.01,37.01,0,0.0002702702703,0.0002702702703
2007-09-21,37.58,37.58,0,0.01540124291,0.01540124291
2007-09-26,39.45,39.45,0,0.04976051091,0.04976051091
2007-09-27,39.47,39.47,0,0.0005069708492,0.0005069708492
2007-09-28,39.5,39.5,0,0.00076007094,0.00076007094
2007-09-29,39.76,39.76,0,0.006582278481,0.006582278481
2007-10-01,39.9,39.9,0,0.003521126761,0.003521126761
2007-10-02,40.3,40.3,0,0.01002506266,0.01002506266
2007-10-03,40.2,40.2,0,-0.002481389578,-0.002481389578
2007-10-04,39.9,39.9,0,-0.007462686567,-0.007462686567
2007-10-05,39.77,39.77,0,-0.003258145363,-0.003258145363
2007-10-08,39.89,39.89,0,0.003017349761,0.003017349761
2007-10-09,39.5,39.5,0,-0.009776886438,-0.009776886438
2007-10-11,39.88,39.88,0,0.009620253165,0.009620253165
2007-10-12,39.3,39.3,0,-0.01454363089,-0.01454363089
2007-10-15,39.3,39.3,0,0,0
2007-10-16,39.75,39.75,0,0.01145038168,0.01145038168
2007-10-17,39.58,39.58,0,-0.00427672956,-0.00427672956
2007-10-18,39.79,39.79,0,0.005305709955,0.005305709955
2007-10-19,39.85,39.85,0,0.001507916562,0.001507916562
2007-10-22,38.79,38.79,0,-0.02659974906,-0.02659974906
2007-10-23,39.73,39.73,0,0.02423304976,0.02423304976
2007-10-24,40,40,0,0.006795872137,0.006795872137
2007-10-25,40,40,0,0,0
2007-10-26,40.25,40.25,0,0.00625,0.00625
2007-10-29,40.65,40.65,0,0.009937888199,0.009937888199
2007-10-30,40.56,40.56,0,-0.00221402214,-0.00221402214
2007-10-31,40.25,40.25,0,-0.007642998028,-0.007642998028
2007-11-01,39.9,39.9,0,-0.008695652174,-0.008695652174
2007-11-02,38.8,38.8,0,-0.02756892231,-0.02756892231
2007-11-05,38.7,38.7,0,-0.002577319588,-0.002577319588
2007-11-06,38.6,38.6,0,-0.002583979328,-0.002583979328
2007-11-07,38.73,38.73,0,0.003367875648,0.003367875648
2007-11-08,37.3,37.3,0,-0.03692228247,-0.03692228247
2007-11-09,36.7,36.7,0,-0.01608579088,-0.01608579088
2007-11-12,35.45,35.45,0,-0.0340599455,-0.0340599455
2007-11-13,35.26,35.26,0,-0.005359661495,-0.005359661495
2007-11-14,36.68,36.68,0,0.04027226319,0.04027226319
2007-11-15,36.62,36.62,0,-0.001635768811,-0.001635768811
2007-11-16,36.3,36.3,0,-0.00873839432,-0.00873839432
2007-11-19,36.3,36.3,0,0,0
2007-11-20,36.28,36.28,0,-0.0005509641873,-0.0005509641873
2007-11-21,36,36,0,-0.007717750827,-0.007717750827
2007-11-22,35.4,35.4,0,-0.01666666667,-0.01666666667
2007-11-23,33.75,33.75,0.77,-0.02485875706,-0.02485875706
2007-11-26,34.3,34.3,0,0.0162962963,0.0162962963
2007-11-27,33.52,33.52,0,-0.02274052478,-0.02274052478
2007-11-28,33.39,33.39,0,-0.003878281623,-0.003878281623
2007-11-29,33.75,33.75,0,0.01078167116,0.01078167116
2007-11-30,34.3,34.3,0,0.0162962963,0.0162962963
2007-12-03,34.54,34.54,0,0.006997084548,0.006997084548
2007-12-04,34.93,34.93,0,0.01129125651,0.01129125651
2007-12-05,35.25,35.25,0,0.009161179502,0.009161179502
2007-12-06,35.2,35.2,0,-0.001418439716,-0.001418439716
2007-12-07,35.23,35.23,0,0.0008522727273,0.0008522727273
2007-12-10,34.51,34.51,0,-0.02043712745,-0.02043712745
2007-12-11,34.75,34.75,0,0.00695450594,0.00695450594
2007-12-12,34.19,34.19,0,-0.01611510791,-0.01611510791
2007-12-13,33.1,33.1,0,-0.03188066686,-0.03188066686
2007-12-14,32.79,32.79,0,-0.009365558912,-0.009365558912
2007-12-17,31.15,31.15,0,-0.05001524855,-0.05001524855
2007-12-18,30.75,30.75,0,-0.01284109149,-0.01284109149
2007-12-19,31.4,31.4,0,0.02113821138,0.02113821138
2007-12-20,30.56,30.56,0,-0.02675159236,-0.02675159236
2007-12-21,30.7,30.7,0,0.004581151832,0.004581151832
2007-12-24,31.18,31.18,0,0.01563517915,0.01563517915
2007-12-25,31.5,31.5,0,0.0102629891,0.0102629891
2007-12-26,31.8,31.8,0,0.009523809524,0.009523809524
2007-12-27,32.05,32.05,0,0.00786163522,0.00786163522
2007-12-28,32.39,32.39,0,0.01060842434,0.01060842434
2007-12-31,33.4,33.4,0,0.03118246372,0.03118246372
2008-01-02,33,33,0,-0.0119760479,-0.0119760479
2008-01-03,32.43,32.43,0,-0.01727272727,-0.01727272727
2008-01-04,32.5,32.5,0,0.00215849522,0.00215849522
2008-01-07,31,31,0,-0.04615384615,-0.04615384615
2008-01-08,31.22,31.22,0,0.007096774194,0.007096774194
2008-01-09,31.75,31.75,0,0.01697629725,0.01697629725
2008-01-10,31.8,31.8,0,0.00157480315,0.00157480315
2008-01-11,31.7,31.7,0,-0.003144654088,-0.003144654088
2008-01-14,32.4,32.4,0,0.02208201893,0.02208201893
2008-01-15,33.5,33.5,0,0.03395061728,0.03395061728
2008-01-16,32.47,32.47,0,-0.03074626866,-0.03074626866
2008-01-17,31.8,31.8,0,-0.02063443178,-0.02063443178
2008-01-18,32.1,32.1,0,0.009433962264,0.009433962264
2008-01-21,32.13,32.13,0,0.0009345794393,0.0009345794393
2008-01-22,29.89,29.89,0,-0.0697167756,-0.0697167756
2008-01-23,29,29,0,-0.02977584476,-0.02977584476
2008-01-24,29.2,29.2,0,0.006896551724,0.006896551724
2008-01-25,29.97,29.97,0,0.02636986301,0.02636986301
2008-01-28,29.05,29.05,0,-0.03069736403,-0.03069736403
2008-01-29,28.91,28.91,0,-0.004819277108,-0.004819277108
2008-01-30,29.13,29.13,0,0.00760982359,0.00760982359
2008-01-31,28.85,28.85,0,-0.009612083762,-0.009612083762
2008-02-01,29.5,29.5,0,0.02253032929,0.02253032929
2008-02-12,29.15,29.15,0,-0.01186440678,-0.01186440678
2008-02-13,29.33,29.33,0,0.006174957118,0.006174957118
2008-02-14,30.2,30.2,0,0.02966246164,0.02966246164
2008-02-15,30.19,30.19,0,-0.0003311258278,-0.0003311258278
2008-02-18,30.35,30.35,0,0.005299768135,0.005299768135
2008-02-19,30.86,30.86,0,0.01680395387,0.01680395387
2008-02-20,30.55,30.55,0,-0.01004536617,-0.01004536617
2008-02-21,31.09,31.09,0,0.01767594108,0.01767594108
2008-02-22,31.13,31.13,0,0.001286587327,0.001286587327
2008-02-25,31.8,31.8,0,0.02152264696,0.02152264696
2008-02-26,31.9,31.9,0,0.003144654088,0.003144654088
2008-02-27,32.43,32.43,0,0.01661442006,0.01661442006
2008-02-29,33.05,33.05,0,0.01911810052,0.01911810052
2008-03-03,32.26,32.26,0,-0.023903177,-0.023903177
2008-03-04,33.35,33.35,0,0.03378797272,0.03378797272
2008-03-05,33.45,33.45,0,0.00299850075,0.00299850075
2008-03-06,34.06,34.06,0,0.01823617339,0.01823617339
2008-03-07,33.65,33.65,0,-0.01203758074,-0.01203758074
2008-03-10,32.8,32.8,0,-0.02526002972,-0.02526002972
2008-03-11,32.97,32.97,0,0.005182926829,0.005182926829
2008-03-12,33.3,33.3,0,0.01000909918,0.01000909918
2008-03-13,32.29,32.29,0,-0.03033033033,-0.03033033033
2008-03-14,32.05,32.05,0,-0.007432641685,-0.007432641685
2008-03-17,31.21,31.21,0,-0.02620904836,-0.02620904836
2008-03-18,31.5,31.5,0,0.009291893624,0.009291893624
2008-03-19,32.2,32.2,0,0.02222222222,0.02222222222
2008-03-20,32.55,32.55,0,0.01086956522,0.01086956522
2008-03-21,33.2,33.2,0,0.01996927803,0.01996927803
2008-03-24,34.3,34.3,0,0.03313253012,0.03313253012
2008-03-25,34.2,34.2,0,-0.002915451895,-0.002915451895
2008-03-26,33.99,33.99,0,-0.006140350877,-0.006140350877
2008-03-27,33.76,33.76,0,-0.006766696087,-0.006766696087
2008-03-28,34,34,0,0.007109004739,0.007109004739
2008-03-31,33.7,33.7,0,-0.008823529412,-0.008823529412
2008-04-01,33.35,33.35,0,-0.01038575668,-0.01038575668
2008-04-02,33.8,33.8,0,0.01349325337,0.01349325337
2008-04-03,33.5,33.5,0,-0.008875739645,-0.008875739645
2008-04-07,34.2,34.2,0,0.02089552239,0.02089552239
2008-04-08,34.05,34.05,0,-0.004385964912,-0.004385964912
2008-04-09,34.23,34.23,0,0.005286343612,0.005286343612
2008-04-10,34.97,34.97,0,0.02161846334,0.02161846334
2008-04-11,35.39,35.39,0,0.01201029454,0.01201029454
2008-04-14,35.25,35.25,0,-0.003955919751,-0.003955919751
2008-04-15,35.3,35.3,0,0.001418439716,0.001418439716
2008-04-16,35.81,35.81,0,0.01444759207,0.01444759207
2008-04-17,35.99,35.99,0,0.005026528903,0.005026528903
2008-04-18,35.75,35.75,0,-0.006668519033,-0.006668519033
2008-04-21,35.95,35.95,0,0.005594405594,0.005594405594
2008-04-22,35.55,35.55,0,-0.01112656467,-0.01112656467
2008-04-23,35.99,35.99,0,0.0123769339,0.0123769339
2008-04-24,36,36,0,0.0002778549597,0.0002778549597
2008-04-25,35.99,35.99,0,-0.0002777777778,-0.0002777777778
2008-04-28,36.04,36.04,0,0.001389274799,0.001389274799
2008-04-29,35.5,35.5,0,-0.01498335183,-0.01498335183
2008-04-30,35.5,35.5,0,0,0
2008-05-02,36,36,0,0.01408450704,0.01408450704
2008-05-05,36,36,0,0,0
2008-05-06,35.5,35.5,0,-0.01388888889,-0.01388888889
2008-05-07,35.85,35.85,0,0.00985915493,0.00985915493
2008-05-08,36,36,0,0.004184100418,0.004184100418
2008-05-09,35.85,35.85,0,-0.004166666667,-0.004166666667
2008-05-12,35.38,35.38,0,-0.01311018131,-0.01311018131
2008-05-13,35.95,35.95,0,0.01611079706,0.01611079706
2008-05-14,35.72,35.72,0,-0.006397774687,-0.006397774687
2008-05-15,36.44,36.44,0,0.02015677492,0.02015677492
2008-05-16,36.91,36.91,0,0.01289791438,0.01289791438
2008-05-19,36.91,36.91,0,0,0
2008-05-20,36.29,36.29,0,-0.01679761582,-0.01679761582
2008-05-21,36.1,36.1,0,-0.005235602094,-0.005235602094
2008-05-22,36,36,0,-0.002770083102,-0.002770083102
2008-05-23,35.3,35.3,0,-0.01944444444,-0.01944444444
2008-05-26,34.42,34.42,0,-0.02492917847,-0.02492917847
2008-05-27,34.42,34.42,0,0,0
2008-05-28,34.43,34.43,0,0.0002905287623,0.0002905287623
2008-05-29,34.35,34.35,0,-0.002323555039,-0.002323555039
2008-05-30,33.51,33.51,0,-0.02445414847,-0.02445414847
2008-06-02,33.9,33.9,0,0.01163831692,0.01163831692
2008-06-03,33.52,33.52,0,-0.01120943953,-0.01120943953
2008-06-04,33.43,33.43,0,-0.0026849642,-0.0026849642
2008-06-05,33.84,33.84,0,0.01226443314,0.01226443314
2008-06-06,34.1,34.1,0,0.00768321513,0.00768321513
2008-06-09,33.5,33.5,0,-0.01759530792,-0.01759530792
2008-06-10,32.7,32.7,0,-0.02388059701,-0.02388059701
2008-06-11,32.23,32.23,0,-0.01437308869,-0.01437308869
2008-06-12,30.5,30.5,0,-0.05367669873,-0.05367669873
2008-06-13,31,31,0,0.01639344262,0.01639344262
2008-06-16,31.01,31.01,0,0.0003225806452,0.0003225806452
2008-06-17,30.84,30.84,0,-0.005482102548,-0.005482102548
2008-06-18,31.11,31.11,0,0.008754863813,0.008754863813
2008-06-19,30.63,30.63,0,-0.01542912247,-0.01542912247
2008-06-20,30.63,30.63,0,0,0
2008-06-23,30,30,0,-0.02056807052,-0.02056807052
2008-06-24,29.2,29.2,0,-0.02666666667,-0.02666666667
2008-06-25,29.55,29.55,0,0.01198630137,0.01198630137
2008-06-26,29.54,29.54,0,-0.0003384094755,-0.0003384094755
2008-06-27,28.25,28.25,0,-0.04366960054,-0.04366960054
2008-06-30,27.89,27.89,0,-0.01274336283,-0.01274336283
2008-07-01,27.35,27.35,0,-0.01936177842,-0.01936177842
2008-07-02,27.69,27.69,0,0.01243144424,0.01243144424
2008-07-03,28.49,28.49,0,0.0288912965,0.0288912965
2008-07-04,27.71,27.71,0,-0.02737802738,-0.02737802738
2008-07-07,28.17,28.17,0,0.01660050523,0.01660050523
2008-07-08,27.33,27.33,0,-0.02981895634,-0.02981895634
2008-07-09,27.45,27.45,0,0.004390779363,0.004390779363
2008-07-10,27.6,27.6,0,0.005464480874,0.005464480874
2008-07-11,28.17,28.17,0,0.02065217391,0.02065217391
2008-07-14,27.95,27.95,0,-0.00780972666,-0.00780972666
2008-07-15,26.7,26.7,0,-0.04472271914,-0.04472271914
2008-07-16,26.05,26.05,0,-0.02434456929,-0.02434456929
2008-07-17,26.48,26.48,0,0.01650671785,0.01650671785
2008-07-18,25.8,25.8,0,-0.02567975831,-0.02567975831
2008-07-21,26.75,26.75,0,0.03682170543,0.03682170543
2008-07-22,26.63,26.63,0,-0.004485981308,-0.004485981308
2008-07-23,27.99,27.99,0,0.05107022155,0.05107022155
2008-07-24,28.2,28.2,0,0.007502679528,0.007502679528
2008-07-25,27.75,27.75,0,-0.01595744681,-0.01595744681
2008-07-29,27,27,0,-0.02702702703,-0.02702702703
2008-07-30,27.31,27.31,0,0.01148148148,0.01148148148
2008-07-31,27,27,0,-0.01135115342,-0.01135115342
2008-08-01,26.7,26.7,0,-0.01111111111,-0.01111111111
2008-08-04,26.65,26.65,0,-0.001872659176,-0.001872659176
2008-08-05,25.72,25.72,0,-0.03489681051,-0.03489681051
2008-08-06,26.5,26.5,0,0.03032659409,0.03032659409
2008-08-07,26.7,26.7,0,0.007547169811,0.007547169811
2008-08-08,27.25,27.25,0,0.02059925094,0.02059925094
2008-08-11,27.92,27.92,0,0.02458715596,0.02458715596
2008-08-12,27.68,27.68,0,-0.008595988539,-0.008595988539
2008-08-13,27.7,27.7,0,0.0007225433526,0.0007225433526
2008-08-14,28.1,28.1,0,0.01444043321,0.01444043321
2008-08-15,27.6,27.6,0,-0.01779359431,-0.01779359431
2008-08-18,26.73,26.73,0,-0.03152173913,-0.03152173913
2008-08-19,26.6,26.6,0,-0.004863449308,-0.004863449308
2008-08-20,26.77,26.77,0,0.006390977444,0.006390977444
2008-08-21,26.49,26.49,0,-0.01045946956,-0.01045946956
2008-08-22,26.25,26.25,0,-0.00906002265,-0.00906002265
2008-08-25,26.57,26.57,0,0.01219047619,0.01219047619
2008-08-26,26.42,26.42,0,-0.00564546481,-0.00564546481
2008-08-27,26.85,26.85,0,0.01627554883,0.01627554883
2008-08-28,26.92,26.92,0,0.00260707635,0.00260707635
2008-08-29,27,27,0,0.002971768202,0.002971768202
2008-09-01,26,26,0,-0.03703703704,-0.03703703704
2008-09-02,25.83,25.83,0,-0.006538461538,-0.006538461538
2008-09-03,24.9,24.9,0,-0.03600464576,-0.03600464576
2008-09-04,24,24,0,-0.03614457831,-0.03614457831
2008-09-05,23.6,23.6,0,-0.01666666667,-0.01666666667
2008-09-08,25.25,25.25,0,0.06991525424,0.06991525424
2008-09-09,24,24,0,-0.0495049505,-0.0495049505
2008-09-10,24.2,24.2,0,0.008333333333,0.008333333333
2008-09-11,23.4,23.4,0,-0.03305785124,-0.03305785124
2008-09-12,23.6,23.6,0,0.008547008547,0.008547008547
2008-09-15,22.02,22.02,0,-0.06694915254,-0.06694915254
2008-09-16,20.84,20.84,0,-0.05358764759,-0.05358764759
2008-09-17,20.66,20.66,0,-0.008637236084,-0.008637236084
2008-09-18,19.22,19.22,0,-0.06969990319,-0.06969990319
2008-09-19,20.56,20.56,0,0.06971904266,0.06971904266
2008-09-22,21.86,21.86,0,0.06322957198,0.06322957198
2008-09-23,22.28,22.28,0,0.01921317475,0.01921317475
2008-09-24,22.67,22.67,0,0.01750448833,0.01750448833
2008-09-25,22.19,22.19,0,-0.02117335686,-0.02117335686
2008-09-26,20.94,20.94,0,-0.05633168094,-0.05633168094
2008-09-30,19.82,19.82,0,-0.05348615091,-0.05348615091
2008-10-01,20.6,20.6,0,0.03935418769,0.03935418769
2008-10-02,20.32,20.32,0,-0.01359223301,-0.01359223301
2008-10-03,21,21,0,0.03346456693,0.03346456693
2008-10-06,19.6,19.6,0,-0.06666666667,-0.06666666667
2008-10-07,19.51,19.51,0,-0.004591836735,-0.004591836735
2008-10-08,18.5,18.5,0,-0.05176832394,-0.05176832394
2008-10-09,18,18,0,-0.02702702703,-0.02702702703
2008-10-13,17.57,17.57,0,-0.02388888889,-0.02388888889
2008-10-14,18.79,18.79,0,0.06943653956,0.06943653956
2008-10-15,18.73,18.73,0,-0.003193187866,-0.003193187866
2008-10-16,18.08,18.08,0,-0.03470368393,-0.03470368393
2008-10-17,17.5,17.5,0,-0.03207964602,-0.03207964602
2008-10-20,17.66,17.66,0,0.009142857143,0.009142857143
2008-10-21,17.75,17.75,0,0.005096262741,0.005096262741
2008-10-22,17.14,17.14,0,-0.03436619718,-0.03436619718
2008-10-23,16.7,16.7,0,-0.02567094516,-0.02567094516
2008-10-24,16.12,16.12,0,-0.03473053892,-0.03473053892
2008-10-27,15,15,0,-0.06947890819,-0.06947890819
2008-10-28,15.99,15.99,0,0.066,0.066
2008-10-29,15.6,15.6,0,-0.0243902439,-0.0243902439
2008-10-30,16.69,16.69,0,0.06987179487,0.06987179487
2008-10-31,17.75,17.75,0,0.06351108448,0.06351108448
2008-11-03,17.55,17.55,0,-0.01126760563,-0.01126760563
2008-11-04,17.54,17.54,0,-0.0005698005698,-0.0005698005698
2008-11-05,17.7,17.7,0,0.009122006842,0.009122006842
2008-11-06,17.19,17.19,0,-0.02881355932,-0.02881355932
2008-11-07,17,17,0,-0.01105293775,-0.01105293775
2008-11-10,16.63,16.63,0,-0.02176470588,-0.02176470588
2008-11-11,16,16,0,-0.03788334336,-0.03788334336
2008-11-12,15.67,15.67,0,-0.020625,-0.020625
2008-11-13,14.85,14.85,0,-0.05232929164,-0.05232929164
2008-11-14,15.05,15.05,0,0.01346801347,0.01346801347
2008-11-17,14.85,14.85,0,-0.01328903654,-0.01328903654
2008-11-18,14.01,14.01,0,-0.05656565657,-0.05656565657
2008-11-19,14.05,14.05,0,0.002855103498,0.002855103498
2008-11-20,13.4,13.4,0,-0.0462633452,-0.0462633452
2008-11-21,13.93,13.93,0,0.03955223881,0.03955223881
2008-11-24,13.77,13.77,0,-0.01148600144,-0.01148600144
2008-11-25,14.22,14.22,0,0.03267973856,0.03267973856
2008-11-26,14.22,14.22,0,0,0
2008-11-27,15.2,15.2,0,0.06891701828,0.06891701828
2008-11-28,15,15,0,-0.01315789474,-0.01315789474
2008-12-01,15,15,0,0,0
2008-12-02,14.56,14.56,0,-0.02933333333,-0.02933333333
2008-12-03,14.45,14.45,0,-0.007554945055,-0.007554945055
2008-12-04,14.25,14.25,0,-0.01384083045,-0.01384083045
2008-12-05,14.1,14.1,0,-0.01052631579,-0.01052631579
2008-12-08,15.01,15.01,0,0.06453900709,0.06453900709
2008-12-09,15.05,15.05,0,0.002664890073,0.002664890073
2008-12-10,16.02,16.02,0,0.06445182724,0.06445182724
2008-12-11,15.86,15.86,0,-0.009987515605,-0.009987515605
2008-12-12,15.11,15.11,0,-0.0472887768,-0.0472887768
2008-12-15,16.08,16.08,0,0.06419589676,0.06419589676
2008-12-16,15.9,15.9,0,-0.01119402985,-0.01119402985
2008-12-17,15.96,15.96,0,0.003773584906,0.003773584906
2008-12-18,16,16,0,0.002506265664,0.002506265664
2008-12-19,16.45,16.45,0,0.028125,0.028125
2008-12-22,15.74,15.74,0,-0.04316109422,-0.04316109422
2008-12-23,15.23,15.23,0,-0.03240152478,-0.03240152478
2008-12-24,15.19,15.19,0,-0.002626395272,-0.002626395272
2008-12-25,15.29,15.29,0,0.006583278473,0.006583278473
2008-12-26,15.2,15.2,0,-0.005886200131,-0.005886200131
2008-12-29,15.18,15.18,0,-0.001315789474,-0.001315789474
2008-12-30,15.71,15.71,0,0.034914361,0.034914361
2008-12-31,15.88,15.88,0,0.01082113304,0.01082113304
2009-01-05,16.27,16.27,0,0.02455919395,0.02455919395
2009-01-06,16.32,16.32,0,0.00307314075,0.00307314075
2009-01-07,16.6,16.6,0,0.01715686275,0.01715686275
2009-01-08,15.76,15.76,0,-0.05060240964,-0.05060240964
2009-01-09,15.51,15.51,0,-0.01586294416,-0.01586294416
2009-01-10,15.48,15.48,0,-0.001934235977,-0.001934235977
2009-01-12,15.6,15.6,0,0.007751937984,0.007751937984
2009-01-13,15.76,15.76,0,0.01025641026,0.01025641026
2009-01-14,15.75,15.75,0,-0.0006345177665,-0.0006345177665
2009-01-15,15.1,15.1,0,-0.04126984127,-0.04126984127
2009-01-16,15.2,15.2,0,0.006622516556,0.006622516556
2009-01-17,15.29,15.29,0,0.005921052632,0.005921052632
2009-01-19,15.35,15.35,0,0.003924133421,0.003924133421
2009-01-20,14.92,14.92,0,-0.02801302932,-0.02801302932
2009-01-21,14.9,14.9,0,-0.001340482574,-0.001340482574
2009-02-02,14.8,14.8,0,-0.006711409396,-0.006711409396
2009-02-03,15.35,15.35,0,0.03716216216,0.03716216216
2009-02-04,15.4,15.4,0,0.00325732899,0.00325732899
2009-02-05,15.41,15.41,0,0.0006493506494,0.0006493506494
2009-02-06,15.64,15.64,0,0.01492537313,0.01492537313
2009-02-09,15.66,15.66,0,0.001278772379,0.001278772379
2009-02-10,15.8,15.8,0,0.008939974457,0.008939974457
2009-02-11,16,16,0,0.01265822785,0.01265822785
2009-02-12,15.7,15.7,0,-0.01875,-0.01875
2009-02-13,16,16,0,0.01910828025,0.01910828025
2009-02-16,16.04,16.04,0,0.0025,0.0025
2009-02-17,15.7,15.7,0,-0.02119700748,-0.02119700748
2009-02-18,15.59,15.59,0,-0.007006369427,-0.007006369427
2009-02-19,15.73,15.73,0,0.008980115459,0.008980115459
2009-02-20,15.55,15.55,0,-0.01144310235,-0.01144310235
2009-02-23,15.63,15.63,0,0.005144694534,0.005144694534
2009-02-24,15.63,15.63,0,0,0
2009-02-25,15.86,15.86,0,0.01471529111,0.01471529111
2009-02-26,16.1,16.1,0,0.01513240858,0.01513240858
2009-02-27,16.28,16.28,0,0.01118012422,0.01118012422
2009-03-02,15.7,15.7,0,-0.03562653563,-0.03562653563
2009-03-03,15.7,15.7,0,0,0
2009-03-04,16.1,16.1,0,0.02547770701,0.02547770701
2009-03-05,16.7,16.7,0,0.03726708075,0.03726708075
2009-03-06,16.36,16.36,0,-0.02035928144,-0.02035928144
2009-03-09,16.4,16.4,0,0.002444987775,0.002444987775
2009-03-10,16.59,16.59,0,0.01158536585,0.01158536585
2009-03-11,16.72,16.72,0,0.007836045811,0.007836045811
2009-03-12,16.85,16.85,0,0.007775119617,0.007775119617
2009-03-13,16.81,16.81,0,-0.00237388724,-0.00237388724
2009-03-16,17.1,17.1,0,0.01725163593,0.01725163593
2009-03-17,17.35,17.35,0,0.01461988304,0.01461988304
2009-03-18,17.51,17.51,0,0.009221902017,0.009221902017
2009-03-19,17.7,17.7,0,0.01085094232,0.01085094232
2009-03-20,17.26,17.26,0,-0.02485875706,-0.02485875706
2009-03-23,17.99,17.99,0,0.04229432213,0.04229432213
2009-03-24,18.6,18.6,0,0.03390772651,0.03390772651
2009-03-25,18.95,18.95,0,0.0188172043,0.0188172043
2009-03-26,19.35,19.35,0,0.02110817942,0.02110817942
2009-03-27,19.5,19.5,0,0.007751937984,0.007751937984
2009-03-30,19,19,0,-0.02564102564,-0.02564102564
2009-03-31,18.7,18.7,0,-0.01578947368,-0.01578947368
2009-04-01,19.32,19.32,0,0.03315508021,0.03315508021
2009-04-02,19.96,19.96,0,0.033126294,0.033126294
2009-04-03,20.37,20.37,0,0.02054108216,0.02054108216
2009-04-06,20.25,20.25,0,-0.0058910162,-0.0058910162
2009-04-07,20.46,20.46,0,0.01037037037,0.01037037037
2009-04-08,20.25,20.25,0,-0.01026392962,-0.01026392962
2009-04-09,21.49,21.49,0,0.0612345679,0.0612345679
2009-04-10,21.5,21.5,0,0.0004653327129,0.0004653327129
2009-04-13,21.62,21.62,0,0.005581395349,0.005581395349
2009-04-14,21.58,21.58,0,-0.00185013876,-0.00185013876
2009-04-15,21.65,21.65,0,0.003243744208,0.003243744208
2009-04-16,22.1,22.1,0,0.0207852194,0.0207852194
2009-04-17,20.7,20.7,0,-0.06334841629,-0.06334841629
2009-04-20,20.88,20.88,0,0.008695652174,0.008695652174
2009-04-21,21.52,21.52,0,0.030651341,0.030651341
2009-04-22,21.98,21.98,0,0.02137546468,0.02137546468
2009-04-23,22.04,22.04,0,0.002729754322,0.002729754322
2009-04-24,21.87,21.87,0,-0.007713248639,-0.007713248639
2009-04-27,21.2,21.2,0,-0.03063557385,-0.03063557385
2009-04-28,20.5,20.5,0,-0.03301886792,-0.03301886792
2009-04-29,20.79,20.79,0,0.01414634146,0.01414634146
2009-04-30,22.24,22.24,0,0.06974506975,0.06974506975
2009-05-04,23.79,23.79,0,0.0696942446,0.0696942446
2009-05-05,23.55,23.55,0,-0.01008827238,-0.01008827238
2009-05-06,23.39,23.39,0,-0.006794055202,-0.006794055202
2009-05-07,23.84,23.84,0,0.01923899102,0.01923899102
2009-05-08,24.29,24.29,0,0.01887583893,0.01887583893
2009-05-11,24.88,24.88,0,0.02428983121,0.02428983121
2009-05-12,24,24,0,-0.03536977492,-0.03536977492
2009-05-13,24.24,24.24,0,0.01,0.01
2009-05-14,24.02,24.02,0,-0.009075907591,-0.009075907591
2009-05-15,24.88,24.88,0,0.03580349709,0.03580349709
2009-05-18,24.98,24.98,0,0.004019292605,0.004019292605
2009-05-19,25.17,25.17,0,0.007606084868,0.007606084868
2009-05-20,25.01,25.01,0,-0.006356773937,-0.006356773937
2009-05-21,25.2,25.2,0,0.007596961216,0.007596961216
2009-05-22,25.85,25.85,0,0.02579365079,0.02579365079
2009-05-25,25.77,25.77,0,-0.003094777563,-0.003094777563
2009-05-26,25.39,25.39,0,-0.01474582848,-0.01474582848
2009-05-27,26.2,26.2,0,0.03190232375,0.03190232375
2009-06-01,26.4,26.4,0,0.007633587786,0.007633587786
2009-06-02,26.25,26.25,0,-0.005681818182,-0.005681818182
2009-06-03,25.79,25.79,0,-0.01752380952,-0.01752380952
2009-06-04,25.35,25.35,0,-0.01706087631,-0.01706087631
2009-06-05,25.69,25.69,0,0.0134122288,0.0134122288
2009-06-06,26,26,0,0.01206695212,0.01206695212
2009-06-08,25.19,25.19,0,-0.03115384615,-0.03115384615
2009-06-09,24.06,24.06,0,-0.04485907106,-0.04485907106
2009-06-10,23.82,23.82,0,-0.009975062344,-0.009975062344
2009-06-11,25,25,0,0.04953820319,0.04953820319
2009-06-12,24.5,24.5,0,-0.02,-0.02
2009-06-15,23,23,0,-0.0612244898,-0.0612244898
2009-06-16,22.98,22.98,0,-0.0008695652174,-0.0008695652174
2009-06-17,22.71,22.71,0,-0.01174934726,-0.01174934726
2009-06-18,22.58,22.58,0,-0.005724350506,-0.005724350506
2009-06-19,23.23,23.23,0,0.02878653676,0.02878653676
2009-06-22,23.51,23.51,0,0.01205337925,0.01205337925
2009-06-23,23.24,23.24,0,-0.01148447469,-0.01148447469
2009-06-24,23.95,23.95,0,0.03055077453,0.03055077453
2009-06-25,24.2,24.2,0,0.01043841336,0.01043841336
2009-06-26,24.4,24.4,0,0.00826446281,0.00826446281
2009-06-29,24,24,0,-0.01639344262,-0.01639344262
2009-06-30,23.92,23.92,0,-0.003333333333,-0.003333333333
2009-07-01,24.41,24.41,0,0.02048494983,0.02048494983
2009-07-02,25.21,25.21,0,0.0327734535,0.0327734535
2009-07-03,24.95,24.95,0,-0.01031336771,-0.01031336771
2009-07-06,25.24,25.24,0,0.01162324649,0.01162324649
2009-07-07,25.45,25.45,0,0.008320126783,0.008320126783
2009-07-08,25.5,25.5,0,0.001964636542,0.001964636542
2009-07-09,25.7,25.7,0,0.007843137255,0.007843137255
2009-07-10,26.02,26.02,0,0.01245136187,0.01245136187
2009-07-13,24.66,24.66,0,-0.05226748655,-0.05226748655
2009-07-14,25.4,25.4,0,0.0300081103,0.0300081103
2009-07-15,25.75,25.75,0,0.01377952756,0.01377952756
2009-07-16,26,26,0,0.009708737864,0.009708737864
2009-07-17,26.52,26.52,0,0.02,0.02
2009-07-20,26.53,26.53,0,0.0003770739065,0.0003770739065
2009-07-21,26.65,26.65,0,0.004523181304,0.004523181304
2009-07-22,26.85,26.85,0,0.007504690432,0.007504690432
2009-07-23,26.77,26.77,0,-0.002979515829,-0.002979515829
2009-07-24,26.94,26.94,0,0.00635039223,0.00635039223
2009-07-27,27.1,27.1,0,0.005939123979,0.005939123979
2009-07-28,27.67,27.67,0,0.02103321033,0.02103321033
2009-07-29,27.6,27.6,0,-0.002529815685,-0.002529815685
2009-07-30,27.3,27.3,0,-0.01086956522,-0.01086956522
2009-07-31,27.39,27.39,0,0.003296703297,0.003296703297
2009-08-03,27.11,27.11,0,-0.01022270902,-0.01022270902
2009-08-04,26.79,26.79,0,-0.01180376245,-0.01180376245
2009-08-05,26.2,26.2,0,-0.02202314296,-0.02202314296
2009-08-06,26.08,26.08,0,-0.004580152672,-0.004580152672
2009-08-10,26.6,26.6,0,0.01993865031,0.01993865031
2009-08-11,26.81,26.81,0,0.007894736842,0.007894736842
2009-08-12,26.69,26.69,0,-0.004475941813,-0.004475941813
2009-08-13,26.76,26.76,0,0.002622705133,0.002622705133
2009-08-14,26.98,26.98,0,0.00822122571,0.00822122571
2009-08-17,26.63,26.63,0,-0.01297257228,-0.01297257228
2009-08-18,25.97,25.97,0,-0.02478407811,-0.02478407811
2009-08-19,26.11,26.11,0,0.00539083558,0.00539083558
2009-08-20,25.43,25.43,0,-0.02604366143,-0.02604366143
2009-08-21,24.91,24.91,0,-0.02044828942,-0.02044828942
2009-08-24,25.78,25.78,0,0.03492573264,0.03492573264
2009-08-25,25.5,25.5,0,-0.01086113266,-0.01086113266
2009-08-26,25.16,25.16,0,-0.01333333333,-0.01333333333
2009-08-27,25.1,25.1,0,-0.002384737679,-0.002384737679
2009-08-28,25.37,25.37,0,0.01075697211,0.01075697211
2009-08-31,25.5,25.5,0,0.005124162397,0.005124162397
2009-09-01,26.3,26.3,0,0.03137254902,0.03137254902
2009-09-02,26.44,26.44,0,0.005323193916,0.005323193916
2009-09-03,26.92,26.92,0,0.01815431165,0.01815431165
2009-09-04,27.08,27.08,0,0.005943536404,0.005943536404
2009-09-07,27.2,27.2,0,0.004431314623,0.004431314623
2009-09-08,27.4,27.4,0,0.007352941176,0.007352941176
2009-09-09,27.1,27.1,0,-0.01094890511,-0.01094890511
2009-09-10,27.09,27.09,0,-0.00036900369,-0.00036900369
2009-09-11,27.4,27.4,0,0.01144333702,0.01144333702
2009-09-14,27.1,27.1,0,-0.01094890511,-0.01094890511
2009-09-15,27.33,27.33,0,0.008487084871,0.008487084871
2009-09-16,27.82,27.82,0,0.01792901573,0.01792901573
2009-09-17,28.06,28.06,0,0.008626887132,0.008626887132
2009-09-18,28.2,28.2,0,0.004989308624,0.004989308624
2009-09-21,28.4,28.4,0,0.007092198582,0.007092198582
2009-09-22,28.04,28.04,0,-0.01267605634,-0.01267605634
2009-09-23,27.7,27.7,0,-0.01212553495,-0.01212553495
2009-09-24,27.6,27.6,0,-0.003610108303,-0.003610108303
2009-09-25,29.04,29.04,0,0.05217391304,0.05217391304
2009-09-28,27.6,27.6,0,-0.04958677686,-0.04958677686
2009-09-29,27.7,27.7,0,0.003623188406,0.003623188406
2009-09-30,28,28,0,0.01083032491,0.01083032491
2009-10-01,28.06,28.06,0,0.002142857143,0.002142857143
2009-10-02,27.78,27.78,0,-0.009978617249,-0.009978617249
2009-10-05,27.9,27.9,0,0.004319654428,0.004319654428
2009-10-06,28.23,28.23,0,0.01182795699,0.01182795699
2009-10-07,28.5,28.5,0,0.009564293305,0.009564293305
2009-10-08,28.3,28.3,0,-0.00701754386,-0.00701754386
2009-10-09,28.5,28.5,0,0.007067137809,0.007067137809
2009-10-12,28.64,28.64,0,0.004912280702,0.004912280702
2009-10-13,28.8,28.8,0,0.005586592179,0.005586592179
2009-10-14,28.93,28.93,0,0.004513888889,0.004513888889
2009-10-15,29.06,29.06,0,0.004493605254,0.004493605254
2009-10-16,28.76,28.76,0,-0.01032346869,-0.01032346869
2009-10-19,29.39,29.39,0,0.0219054242,0.0219054242
2009-10-20,29.02,29.02,0,-0.01258931609,-0.01258931609
2009-10-21,28.99,28.99,0,-0.001033769814,-0.001033769814
2009-10-22,28.5,28.5,0,-0.01690238013,-0.01690238013
2009-10-23,28.68,28.68,0,0.006315789474,0.006315789474
2009-10-26,28.59,28.59,0,-0.003138075314,-0.003138075314
2009-10-27,28.6,28.6,0,0.0003497726478,0.0003497726478
2009-10-28,28.35,28.35,0,-0.008741258741,-0.008741258741
2009-10-29,27.4,27.4,0,-0.03350970018,-0.03350970018
2009-10-30,27.54,27.54,0,0.005109489051,0.005109489051
2009-11-02,27.12,27.12,0,-0.01525054466,-0.01525054466
2009-11-03,27.25,27.25,0,0.004793510324,0.004793510324
2009-11-04,27.65,27.65,0,0.01467889908,0.01467889908
2009-11-05,27.55,27.55,0,-0.003616636528,-0.003616636528
2009-11-06,27.88,27.88,0,0.01197822142,0.01197822142
2009-11-09,28.09,28.09,0,0.007532281205,0.007532281205
2009-11-10,28.18,28.18,0,0.003203987184,0.003203987184
2009-11-11,28.37,28.37,0,0.006742370476,0.006742370476
2009-11-12,28.21,28.21,0,-0.00563976031,-0.00563976031
2009-11-13,28.33,28.33,0,0.004253810705,0.004253810705
2009-11-16,28.54,28.54,0,0.007412636781,0.007412636781
2009-11-17,28.73,28.73,0,0.006657323055,0.006657323055
2009-11-18,28.91,28.91,0,0.006265227985,0.006265227985
2009-11-19,28.84,28.84,0,-0.002421307506,-0.002421307506
2009-11-20,28.6,28.6,0,-0.008321775312,-0.008321775312
2009-11-23,28.63,28.63,0,0.001048951049,0.001048951049
2009-11-24,27.04,27.04,1.7,0.003842123647,0.003842123647
2009-11-25,27.14,27.14,0,0.003698224852,0.003698224852
2009-11-26,27.16,27.16,0,0.0007369196758,0.0007369196758
2009-11-27,26.21,26.21,0,-0.03497790869,-0.03497790869
2009-11-30,26.43,26.43,0,0.008393742846,0.008393742846
2009-12-01,26.5,26.5,0,0.002648505486,0.002648505486
2009-12-02,26.7,26.7,0,0.007547169811,0.007547169811
2009-12-03,26.61,26.61,0,-0.003370786517,-0.003370786517
2009-12-04,26.72,26.72,0,0.004133784292,0.004133784292
2009-12-07,27.09,27.09,0,0.01384730539,0.01384730539
2009-12-08,27.06,27.06,0,-0.001107419712,-0.001107419712
2009-12-09,27.19,27.19,0,0.00480413895,0.00480413895
2009-12-10,26.87,26.87,0,-0.01176903273,-0.01176903273
2009-12-11,27.14,27.14,0,0.01004838109,0.01004838109
2009-12-14,27.3,27.3,0,0.005895357406,0.005895357406
2009-12-15,27.8,27.8,0,0.01831501832,0.01831501832
2009-12-16,27.75,27.75,0,-0.001798561151,-0.001798561151
2009-12-17,27.59,27.59,0,-0.005765765766,-0.005765765766
2009-12-18,27.25,27.25,0,-0.01232330555,-0.01232330555
2009-12-21,27.25,27.25,0,0,0
2009-12-22,27.57,27.57,0,0.01174311927,0.01174311927
2009-12-23,27.75,27.75,0,0.006528835691,0.006528835691
2009-12-24,28,28,0,0.009009009009,0.009009009009
2009-12-25,28,28,0,0,0
2009-12-28,28.3,28.3,0,0.01071428571,0.01071428571
2009-12-29,28.5,28.5,0,0.007067137809,0.007067137809
2009-12-30,28.6,28.6,0,0.00350877193,0.00350877193
2009-12-31,29,29,0,0.01398601399,0.01398601399
2010-01-04,29.2,29.2,0,0.006896551724,0.006896551724
2010-01-05,28.89,28.89,0,-0.01061643836,-0.01061643836
2010-01-06,29.1,29.1,0,0.007268951194,0.007268951194
2010-01-07,28.92,28.92,0,-0.00618556701,-0.00618556701
2010-01-08,28.92,28.92,0,0,0
2010-01-11,29.25,29.25,0,0.01141078838,0.01141078838
2010-01-12,29.4,29.4,0,0.005128205128,0.005128205128
2010-01-13,29.08,29.08,0,-0.01088435374,-0.01088435374
2010-01-14,28.9,28.9,0,-0.006189821183,-0.006189821183
2010-01-15,29.29,29.29,0,0.01349480969,0.01349480969
2010-01-18,29.3,29.3,0,0.0003414134517,0.0003414134517
2010-01-19,29.3,29.3,0,0,0
2010-01-20,29,29,0,-0.01023890785,-0.01023890785
2010-01-21,28.58,28.58,0,-0.01448275862,-0.01448275862
2010-01-22,27.89,27.89,0,-0.02414275717,-0.02414275717
2010-01-25,27.54,27.54,0,-0.01254930082,-0.01254930082
2010-01-26,26.81,26.81,0,-0.02650689906,-0.02650689906
2010-01-27,26.5,26.5,0,-0.01156284968,-0.01156284968
2010-01-28,26.53,26.53,0,0.001132075472,0.001132075472
2010-01-29,26.77,26.77,0,0.009046362608,0.009046362608
2010-02-01,26.29,26.29,0,-0.01793051924,-0.01793051924
2010-02-02,25.7,25.7,0,-0.02244199315,-0.02244199315
2010-02-03,26.08,26.08,0,0.01478599222,0.01478599222
2010-02-04,26.15,26.15,0,0.00268404908,0.00268404908
2010-02-05,24.9,24.9,0,-0.04780114723,-0.04780114723
2010-02-06,24.78,24.78,0,-0.004819277108,-0.004819277108
2010-02-08,24.8,24.8,0,0.000807102502,0.000807102502
2010-02-09,25.3,25.3,0,0.02016129032,0.02016129032
2010-02-10,25.85,25.85,0,0.02173913043,0.02173913043
2010-02-22,26.5,26.5,0,0.0251450677,0.0251450677
2010-02-23,26.2,26.2,0,-0.01132075472,-0.01132075472
2010-02-24,26.22,26.22,0,0.0007633587786,0.0007633587786
2010-02-25,26,26,0,-0.008390541571,-0.008390541571
2010-02-26,25.94,25.94,0,-0.002307692308,-0.002307692308
2010-03-01,26.3,26.3,0,0.01387818042,0.01387818042
2010-03-02,26.15,26.15,0,-0.005703422053,-0.005703422053
2010-03-03,26.3,26.3,0,0.005736137667,0.005736137667
2010-03-04,26,26,0,-0.01140684411,-0.01140684411
2010-03-05,26.36,26.36,0,0.01384615385,0.01384615385
2010-03-08,26.5,26.5,0,0.00531107739,0.00531107739
2010-03-09,26.79,26.79,0,0.01094339623,0.01094339623
2010-03-10,26.65,26.65,0,-0.005225830534,-0.005225830534
2010-03-11,26.54,26.54,0,-0.004127579737,-0.004127579737
2010-03-12,26.65,26.65,0,0.004144687265,0.004144687265
2010-03-15,26.4,26.4,0,-0.009380863039,-0.009380863039
2010-03-16,26.39,26.39,0,-0.0003787878788,-0.0003787878788
2010-03-17,26.81,26.81,0,0.01591511936,0.01591511936
2010-03-18,27.16,27.16,0,0.01305483029,0.01305483029
2010-03-19,27.21,27.21,0,0.001840942563,0.001840942563
2010-03-22,26.95,26.95,0,-0.009555310548,-0.009555310548
2010-03-23,26.96,26.96,0,0.0003710575139,0.0003710575139
2010-03-24,27.8,27.8,0,0.03115727003,0.03115727003
2010-03-25,27.5,27.5,0,-0.01079136691,-0.01079136691
2010-03-26,27.37,27.37,0,-0.004727272727,-0.004727272727
2010-03-29,27.85,27.85,0,0.01753744976,0.01753744976
2010-03-30,27.76,27.76,0,-0.003231597846,-0.003231597846
2010-03-31,27.8,27.8,0,0.00144092219,0.00144092219
2010-04-01,28.35,28.35,0,0.01978417266,0.01978417266
2010-04-02,28.3,28.3,0,-0.00176366843,-0.00176366843
2010-04-06,28.55,28.55,0,0.008833922261,0.008833922261
2010-04-07,28.67,28.67,0,0.004203152364,0.004203152364
2010-04-08,28.4,28.4,0,-0.009417509592,-0.009417509592
2010-04-09,28.4,28.4,0,0,0
2010-04-12,28.6,28.6,0,0.007042253521,0.007042253521
2010-04-13,28.2,28.2,0,-0.01398601399,-0.01398601399
2010-04-14,28.49,28.49,0,0.01028368794,0.01028368794
2010-04-15,28.68,28.68,0,0.006669006669,0.006669006669
2010-04-16,28.65,28.65,0,-0.001046025105,-0.001046025105
2010-04-19,27.5,27.5,0,-0.04013961606,-0.04013961606
2010-04-20,27.75,27.75,0,0.009090909091,0.009090909091
2010-04-21,28.12,28.12,0,0.01333333333,0.01333333333
2010-04-22,27.91,27.91,0,-0.00746799431,-0.00746799431
2010-04-23,28.22,28.22,0,0.01110713006,0.01110713006
2010-04-26,28.63,28.63,0,0.01452870305,0.01452870305
2010-04-27,28.59,28.59,0,-0.001397135871,-0.001397135871
2010-04-28,28.46,28.46,0,-0.004547044421,-0.004547044421
2010-04-29,28.48,28.48,0,0.0007027406887,0.0007027406887
2010-04-30,28.26,28.26,0,-0.007724719101,-0.007724719101
2010-05-03,27.89,27.89,0,-0.01309271054,-0.01309271054
2010-05-04,27.74,27.74,0,-0.005378271782,-0.005378271782
2010-05-05,26.77,26.77,0,-0.03496755588,-0.03496755588
2010-05-06,26.39,26.39,0,-0.0141949944,-0.0141949944
2010-05-07,26.3,26.3,0,-0.003410382721,-0.003410382721
2010-05-10,26.63,26.63,0,0.01254752852,0.01254752852
2010-05-11,26.6,26.6,0,-0.001126549005,-0.001126549005
2010-05-12,26.6,26.6,0,0,0
2010-05-13,26.98,26.98,0,0.01428571429,0.01428571429
2010-05-14,27.15,27.15,0,0.006300963677,0.006300963677
2010-05-17,26.55,26.55,0,-0.02209944751,-0.02209944751
2010-05-18,26.5,26.5,0,-0.001883239171,-0.001883239171
2010-05-19,26.51,26.51,0,0.0003773584906,0.0003773584906
2010-05-20,26.29,26.29,0,-0.008298755187,-0.008298755187
2010-05-21,25.16,25.16,0,-0.04298212248,-0.04298212248
2010-05-24,25.23,25.23,0,0.002782193959,0.002782193959
2010-05-25,24.43,24.43,0,-0.03170828379,-0.03170828379
2010-05-26,24.9,24.9,0,0.01923864102,0.01923864102
2010-05-27,25.32,25.32,0,0.01686746988,0.01686746988
2010-05-28,25.68,25.68,0,0.01421800948,0.01421800948
2010-05-31,25.84,25.84,0,0.006230529595,0.006230529595
2010-06-01,25.76,25.76,0,-0.003095975232,-0.003095975232
2010-06-02,25.66,25.66,0,-0.003881987578,-0.003881987578
2010-06-03,25.93,25.93,0,0.01052221356,0.01052221356
2010-06-04,25.93,25.93,0,0,0
2010-06-07,25.3,25.3,0,-0.02429618203,-0.02429618203
2010-06-08,25.43,25.43,0,0.005138339921,0.005138339921
2010-06-09,25.19,25.19,0,-0.009437672041,-0.009437672041
2010-06-10,25.17,25.17,0,-0.0007939658595,-0.0007939658595
2010-06-11,25.82,25.82,0,0.02582439412,0.02582439412
2010-06-14,26.08,26.08,0,0.0100697134,0.0100697134
2010-06-15,26.28,26.28,0,0.007668711656,0.007668711656
2010-06-17,26.48,26.48,0,0.007610350076,0.007610350076
2010-06-18,26.39,26.39,0,-0.003398791541,-0.003398791541
2010-06-21,27.13,27.13,0,0.02804092459,0.02804092459
2010-06-22,27.1,27.1,0,-0.001105786952,-0.001105786952
2010-06-23,27.05,27.05,0,-0.00184501845,-0.00184501845
2010-06-24,27.11,27.11,0,0.002218114603,0.002218114603
2010-06-25,26.64,26.64,0,-0.0173367761,-0.0173367761
2010-06-28,26.73,26.73,0,0.003378378378,0.003378378378
2010-06-29,26.62,26.62,0,-0.004115226337,-0.004115226337
2010-06-30,26.15,26.15,0,-0.01765589782,-0.01765589782
2010-07-01,26.14,26.14,0,-0.0003824091778,-0.0003824091778
2010-07-02,26.2,26.2,0,0.002295332823,0.002295332823
2010-07-05,26.46,26.46,0,0.009923664122,0.009923664122
2010-07-06,26.98,26.98,0,0.01965230537,0.01965230537
2010-07-07,27.11,27.11,0,0.004818383988,0.004818383988
2010-07-08,27.36,27.36,0,0.009221689414,0.009221689414
2010-07-09,27.44,27.44,0,0.002923976608,0.002923976608
2010-07-12,27.48,27.48,0,0.001457725948,0.001457725948
2010-07-13,27.53,27.53,0,0.001819505095,0.001819505095
2010-07-14,27.84,27.84,0,0.01126044315,0.01126044315
2010-07-15,27.95,27.95,0,0.003951149425,0.003951149425
2010-07-16,27.54,27.54,0,-0.01466905188,-0.01466905188
2010-07-19,27.53,27.53,0,-0.0003631082062,-0.0003631082062
2010-07-20,27.92,27.92,0,0.01416636397,0.01416636397
2010-07-21,27.93,27.93,0,0.0003581661891,0.0003581661891
2010-07-22,27.97,27.97,0,0.001432151808,0.001432151808
2010-07-23,28.25,28.25,0,0.01001072578,0.01001072578
2010-07-26,28.36,28.36,0,0.00389380531,0.00389380531
2010-07-27,28.04,28.04,0,-0.01128349788,-0.01128349788
2010-07-28,28.36,28.36,0,0.01141226819,0.01141226819
2010-07-29,28.35,28.35,0,-0.0003526093089,-0.0003526093089
2010-07-30,28.21,28.21,0,-0.004938271605,-0.004938271605
2010-08-02,28.92,28.92,0,0.02516838001,0.02516838001
2010-08-03,29.18,29.18,0,0.008990318119,0.008990318119
2010-08-04,29.35,29.35,0,0.005825908156,0.005825908156
2010-08-05,29.25,29.25,0,-0.003407155026,-0.003407155026
2010-08-06,29.43,29.43,0,0.006153846154,0.006153846154
2010-08-09,29.69,29.69,0,0.008834522596,0.008834522596
2010-08-10,29.64,29.64,0,-0.00168406871,-0.00168406871
2010-08-11,29.16,29.16,0,-0.01619433198,-0.01619433198
2010-08-12,29.03,29.03,0,-0.004458161866,-0.004458161866
2010-08-13,29.58,29.58,0,0.01894591802,0.01894591802
2010-08-16,29.75,29.75,0,0.005747126437,0.005747126437
2010-08-17,29.76,29.76,0,0.0003361344538,0.0003361344538
2010-08-18,29.63,29.63,0,-0.00436827957,-0.00436827957
2010-08-19,29.67,29.67,0,0.001349983125,0.001349983125
2010-08-20,29.49,29.49,0,-0.006066734075,-0.006066734075
2010-08-23,29.82,29.82,0,0.01119023398,0.01119023398
2010-08-24,29.75,29.75,0,-0.00234741784,-0.00234741784
2010-08-25,28.82,28.82,0,-0.0312605042,-0.0312605042
2010-08-26,28.57,28.57,0,-0.008674531575,-0.008674531575
2010-08-27,28.59,28.59,0,0.0007000350018,0.0007000350018
2010-08-30,28.78,28.78,0,0.006645680308,0.006645680308
2010-08-31,28.06,28.06,0,-0.02501737318,-0.02501737318
2010-09-01,28.71,28.71,0,0.02316464718,0.02316464718
2010-09-02,28.85,28.85,0,0.004876349704,0.004876349704
2010-09-03,29.02,29.02,0,0.00589254766,0.00589254766
2010-09-06,29.56,29.56,0,0.01860785665,0.01860785665
2010-09-07,29.47,29.47,0,-0.003044654939,-0.003044654939
2010-09-08,29.21,29.21,0,-0.008822531388,-0.008822531388
2010-09-09,29.14,29.14,0,-0.002396439575,-0.002396439575
2010-09-10,29.34,29.34,0,0.006863417982,0.006863417982
2010-09-13,29.94,29.94,0,0.02044989775,0.02044989775
2010-09-14,30.15,30.15,0,0.007014028056,0.007014028056
2010-09-15,30.3,30.3,0,0.004975124378,0.004975124378
2010-09-16,30.05,30.05,0,-0.008250825083,-0.008250825083
2010-09-17,30.31,30.31,0,0.008652246256,0.008652246256
2010-09-20,30.5,30.5,0,0.006268558232,0.006268558232
2010-09-21,30.5,30.5,0,0,0
2010-09-23,30.47,30.47,0,-0.0009836065574,-0.0009836065574
2010-09-24,30.37,30.37,0,-0.003281916639,-0.003281916639
2010-09-27,30.66,30.66,0,0.009548896938,0.009548896938
2010-09-28,30.59,30.59,0,-0.002283105023,-0.002283105023
2010-09-29,30.66,30.66,0,0.002288329519,0.002288329519
2010-09-30,30.54,30.54,0,-0.003913894325,-0.003913894325
2010-10-01,30.5,30.5,0,-0.001309757695,-0.001309757695
2010-10-04,30.58,30.58,0,0.00262295082,0.00262295082
2010-10-05,30.76,30.76,0,0.005886200131,0.005886200131
2010-10-06,31.04,31.04,0,0.009102730819,0.009102730819
2010-10-07,31.06,31.06,0,0.0006443298969,0.0006443298969
2010-10-08,31.14,31.14,0,0.002575660013,0.002575660013
2010-10-11,30.89,30.89,0,-0.008028259473,-0.008028259473
2010-10-12,31,31,0,0.003561022985,0.003561022985
2010-10-13,30.65,30.65,0,-0.01129032258,-0.01129032258
2010-10-14,30.89,30.89,0,0.007830342577,0.007830342577
2010-10-15,30.6,30.6,0,-0.009388151505,-0.009388151505
2010-10-18,30.15,30.15,0,-0.01470588235,-0.01470588235
2010-10-19,30.25,30.25,0,0.003316749585,0.003316749585
2010-10-20,30.31,30.31,0,0.001983471074,0.001983471074
2010-10-21,30.4,30.4,0,0.002969317057,0.002969317057
2010-10-22,30.53,30.53,0,0.004276315789,0.004276315789
2010-10-25,31.02,31.02,0,0.01604978709,0.01604978709
2010-10-26,31.32,31.32,0,0.009671179884,0.009671179884
2010-10-27,31.14,31.14,0,-0.005747126437,-0.005747126437
2010-10-28,31.5,31.5,0,0.01156069364,0.01156069364
2010-10-29,31.19,31.19,0,-0.009841269841,-0.009841269841
2010-11-01,31.32,31.32,0,0.004168002565,0.004168002565
2010-11-02,31.39,31.39,0,0.002234993614,0.002234993614
2010-11-03,30.8,30.8,0,-0.01879579484,-0.01879579484
2010-11-04,30.82,30.82,0,0.0006493506494,0.0006493506494
2010-11-05,31.25,31.25,0,0.01395197923,0.01395197923
2010-11-08,31.21,31.21,0,-0.00128,-0.00128
2010-11-09,31.37,31.37,0,0.005126561999,0.005126561999
2010-11-10,31.21,31.21,0,-0.005100414409,-0.005100414409
2010-11-11,31.45,31.45,0,0.007689842999,0.007689842999
2010-11-12,31.39,31.39,0,-0.001907790143,-0.001907790143
2010-11-15,30.55,30.55,0,-0.02676011469,-0.02676011469
2010-11-16,30.52,30.52,0,-0.0009819967267,-0.0009819967267
2010-11-17,30.25,30.25,0,-0.008846657929,-0.008846657929
2010-11-18,30.46,30.46,0,0.00694214876,0.00694214876
2010-11-19,30.68,30.68,0,0.007222586999,0.007222586999
2010-11-22,30.86,30.86,0,0.005867014342,0.005867014342
2010-11-23,29.75,29.75,0.9,-0.00680492547,-0.00680492547
2010-11-24,29.72,29.72,0,-0.001008403361,-0.001008403361
2010-11-25,29.86,29.86,0,0.004710632571,0.004710632571
2010-11-26,29.88,29.88,0,0.0006697923644,0.0006697923644
2010-11-29,30.19,30.19,0,0.01037483266,0.01037483266
2010-11-30,30.58,30.58,0,0.01291818483,0.01291818483
2010-12-01,30.87,30.87,0,0.009483322433,0.009483322433
2010-12-02,31.2,31.2,0,0.01068999028,0.01068999028
2010-12-03,31.07,31.07,0,-0.004166666667,-0.004166666667
2010-12-06,31.25,31.25,0,0.00579336981,0.00579336981
2010-12-07,31.25,31.25,0,0,0
2010-12-08,31.3,31.3,0,0.0016,0.0016
2010-12-09,31.47,31.47,0,0.005431309904,0.005431309904
2010-12-10,31.27,31.27,0,-0.006355258977,-0.006355258977
2010-12-13,31.62,31.62,0,0.01119283658,0.01119283658
2010-12-14,31.45,31.45,0,-0.005376344086,-0.005376344086
2010-12-15,31.4,31.4,0,-0.001589825119,-0.001589825119
2010-12-16,31.46,31.46,0,0.001910828025,0.001910828025
2010-12-17,31.57,31.57,0,0.003496503497,0.003496503497
2010-12-20,31.44,31.44,0,-0.004117833386,-0.004117833386
2010-12-21,31.55,31.55,0,0.003498727735,0.003498727735
2010-12-22,31.72,31.72,0,0.005388272583,0.005388272583
2010-12-23,31.94,31.94,0,0.006935687264,0.006935687264
2010-12-24,31.8,31.8,0,-0.004383218535,-0.004383218535
2010-12-27,31.73,31.73,0,-0.002201257862,-0.002201257862
2010-12-28,31.67,31.67,0,-0.001890954932,-0.001890954932
2010-12-29,31.68,31.68,0,0.0003157562362,0.0003157562362
2010-12-30,31.87,31.87,0,0.005997474747,0.005997474747
2010-12-31,32.14,32.14,0,0.008471917163,0.008471917163
2011-01-03,32.56,32.56,0,0.01306782825,0.01306782825
2011-01-04,32.24,32.24,0,-0.009828009828,-0.009828009828
2011-01-05,31.78,31.78,0,-0.01426799007,-0.01426799007
2011-01-06,32.17,32.17,0,0.0122718691,0.0122718691
2011-01-07,31.59,31.59,0,-0.01802921977,-0.01802921977
2011-01-10,32,32,0,0.01297879076,0.01297879076
2011-01-11,32.17,32.17,0,0.0053125,0.0053125
2011-01-12,32.34,32.34,0,0.005284426484,0.005284426484
2011-01-13,32.34,32.34,0,0,0
2011-01-14,32.4,32.4,0,0.00185528757,0.00185528757
2011-01-17,31.99,31.99,0,-0.01265432099,-0.01265432099
2011-01-18,32.55,32.55,0,0.01750547046,0.01750547046
2011-01-19,32.4,32.4,0,-0.004608294931,-0.004608294931
2011-01-20,32.24,32.24,0,-0.004938271605,-0.004938271605
2011-01-21,32.08,32.08,0,-0.004962779156,-0.004962779156
2011-01-24,31.9,31.9,0,-0.005610972569,-0.005610972569
2011-01-25,32.2,32.2,0,0.009404388715,0.009404388715
2011-01-26,32.3,32.3,0,0.003105590062,0.003105590062
2011-01-27,32.39,32.39,0,0.002786377709,0.002786377709
2011-01-28,32.39,32.39,0,0,0
2011-02-08,32.36,32.36,0,-0.0009262117938,-0.0009262117938
2011-02-09,31.97,31.97,0,-0.01205191595,-0.01205191595
2011-02-10,31.85,31.85,0,-0.003753518924,-0.003753518924
2011-02-11,30.68,30.68,0,-0.03673469388,-0.03673469388
2011-02-14,30.83,30.83,0,0.004889178618,0.004889178618
2011-02-15,30.87,30.87,0,0.001297437561,0.001297437561
2011-02-16,31.02,31.02,0,0.004859086492,0.004859086492
2011-02-17,30.9,30.9,0,-0.003868471954,-0.003868471954
2011-02-18,31.47,31.47,0,0.01844660194,0.01844660194
2011-02-21,31.46,31.46,0,-0.0003177629488,-0.0003177629488
2011-02-22,30.83,30.83,0,-0.02002542912,-0.02002542912
2011-02-23,30.22,30.22,0,-0.0197859228,-0.0197859228
2011-02-24,30.32,30.32,0,0.003309066843,0.003309066843
2011-02-25,30.53,30.53,0,0.006926121372,0.006926121372
2011-03-01,30.99,30.99,0,0.01506714707,0.01506714707
2011-03-02,30.91,30.91,0,-0.002581477896,-0.002581477896
2011-03-03,31.3,31.3,0,0.01261727596,0.01261727596
2011-03-04,31.35,31.35,0,0.001597444089,0.001597444089
2011-03-07,31.03,31.03,0,-0.01020733652,-0.01020733652
2011-03-08,31,31,0,-0.0009668063165,-0.0009668063165
2011-03-09,30.91,30.91,0,-0.002903225806,-0.002903225806
2011-03-10,30.71,30.71,0,-0.006470397929,-0.006470397929
2011-03-11,30.51,30.51,0,-0.006512536633,-0.006512536633
2011-03-14,30.5,30.5,0,-0.0003277613897,-0.0003277613897
2011-03-15,28.38,28.38,0,-0.06950819672,-0.06950819672
2011-03-16,28.85,28.85,0,0.01656095842,0.01656095842
2011-03-17,28.94,28.94,0,0.003119584055,0.003119584055
2011-03-18,29.4,29.4,0,0.01589495508,0.01589495508
2011-03-21,29.68,29.68,0,0.009523809524,0.009523809524
2011-03-22,30.17,30.17,0,0.01650943396,0.01650943396
2011-03-23,30.03,30.03,0,-0.00464037123,-0.00464037123
2011-03-24,30.2,30.2,0,0.005661005661,0.005661005661
2011-03-25,30.26,30.26,0,0.001986754967,0.001986754967
2011-03-28,30.06,30.06,0,-0.006609385327,-0.006609385327
2011-03-29,30.1,30.1,0,0.001330671989,0.001330671989
2011-03-30,30.24,30.24,0,0.004651162791,0.004651162791
2011-03-31,30.21,30.21,0,-0.0009920634921,-0.0009920634921
2011-04-01,30.55,30.55,0,0.01125455147,0.01125455147
2011-04-06,31.07,31.07,0,0.0170212766,0.0170212766
2011-04-07,31.21,31.21,0,0.004505954297,0.004505954297
2011-04-08,31.3,31.3,0,0.002883691125,0.002883691125
2011-04-11,31.62,31.62,0,0.01022364217,0.01022364217
2011-04-12,30.8,30.8,0,-0.02593295383,-0.02593295383
2011-04-13,30.98,30.98,0,0.005844155844,0.005844155844
2011-04-14,31.09,31.09,0,0.003550677857,0.003550677857
2011-04-15,30.78,30.78,0,-0.009971051785,-0.009971051785
2011-04-18,30.75,30.75,0,-0.0009746588694,-0.0009746588694
2011-04-19,30.45,30.45,0,-0.009756097561,-0.009756097561
2011-04-20,31.09,31.09,0,0.0210180624,0.0210180624
2011-04-21,31.86,31.86,0,0.02476680605,0.02476680605
2011-04-22,31.91,31.91,0,0.001569365976,0.001569365976
2011-04-25,31.9,31.9,0,-0.0003133813851,-0.0003133813851
2011-04-26,32.9,32.9,0,0.03134796238,0.03134796238
2011-04-27,32.15,32.15,0,-0.02279635258,-0.02279635258
2011-04-28,31.84,31.84,0,-0.009642301711,-0.009642301711
2011-04-29,31.45,31.45,0,-0.01224874372,-0.01224874372
2011-05-03,31.42,31.42,0,-0.0009538950715,-0.0009538950715
2011-05-04,31.59,31.59,0,0.005410566518,0.005410566518
2011-05-05,32.04,32.04,0,0.01424501425,0.01424501425
2011-05-06,31.98,31.98,0,-0.001872659176,-0.001872659176
2011-05-09,32.2,32.2,0,0.006879299562,0.006879299562
2011-05-10,31.93,31.93,0,-0.008385093168,-0.008385093168
2011-05-11,31.89,31.89,0,-0.00125274037,-0.00125274037
2011-05-12,32.1,32.1,0,0.006585136406,0.006585136406
2011-05-13,32.08,32.08,0,-0.0006230529595,-0.0006230529595
2011-05-16,31.78,31.78,0,-0.009351620948,-0.009351620948
2011-05-17,31.3,31.3,0,-0.01510383889,-0.01510383889
2011-05-18,31.48,31.48,0,0.005750798722,0.005750798722
2011-05-19,31.2,31.2,0,-0.008894536213,-0.008894536213
2011-05-20,31.32,31.32,0,0.003846153846,0.003846153846
2011-05-23,30.7,30.7,0,-0.01979565773,-0.01979565773
2011-05-24,30.75,30.75,0,0.001628664495,0.001628664495
2011-05-25,30.63,30.63,0,-0.003902439024,-0.003902439024
2011-05-26,31.09,31.09,0,0.01501795625,0.01501795625
2011-05-27,31.4,31.4,0,0.009971051785,0.009971051785
2011-05-30,31.42,31.42,0,0.0006369426752,0.0006369426752
2011-05-31,31.95,31.95,0,0.01686823679,0.01686823679
2011-06-01,32.2,32.2,0,0.007824726135,0.007824726135
2011-06-02,31.98,31.98,0,-0.006832298137,-0.006832298137
2011-06-03,32.37,32.37,0,0.01219512195,0.01219512195
2011-06-07,32.1,32.1,0,-0.008341056534,-0.008341056534
2011-06-08,32,32,0,-0.003115264798,-0.003115264798
2011-06-09,32.08,32.08,0,0.0025,0.0025
2011-06-10,31.58,31.58,0,-0.01558603491,-0.01558603491
2011-06-13,31.12,31.12,0,-0.01456618113,-0.01456618113
2011-06-14,31.43,31.43,0,0.009961439589,0.009961439589
2011-06-15,31.3,31.3,0,-0.004136175628,-0.004136175628
2011-06-16,30.67,30.67,0,-0.02012779553,-0.02012779553
2011-06-17,30.4,30.4,0,-0.008803390936,-0.008803390936
2011-06-20,30.13,30.13,0,-0.008881578947,-0.008881578947
2011-06-21,30.9,30.9,0,0.02555592433,0.02555592433
2011-06-22,30.54,30.54,0,-0.01165048544,-0.01165048544
2011-06-23,30.39,30.39,0,-0.004911591356,-0.004911591356
2011-06-24,30.42,30.42,0,0.0009871668312,0.0009871668312
2011-06-27,30.38,30.38,0,-0.001314924392,-0.001314924392
2011-06-28,30.35,30.35,0,-0.0009874917709,-0.0009874917709
2011-06-29,30.79,30.79,0,0.01449752883,0.01449752883
2011-06-30,30.8,30.8,0,0.000324780773,0.000324780773
2011-07-01,31.08,31.08,0,0.009090909091,0.009090909091
2011-07-04,31.37,31.37,0,0.009330759331,0.009330759331
2011-07-05,31.3,31.3,0,-0.002231431304,-0.002231431304
2011-07-06,31.45,31.45,0,0.004792332268,0.004792332268
2011-07-07,31.73,31.73,0,0.008903020668,0.008903020668
2011-07-08,31.56,31.56,0,-0.005357705641,-0.005357705641
2011-07-11,31.4,31.4,0,-0.005069708492,-0.005069708492
2011-07-12,30.97,30.97,0,-0.01369426752,-0.01369426752
2011-07-13,31.04,31.04,0,0.002260251857,0.002260251857
2011-07-14,30.72,30.72,0,-0.01030927835,-0.01030927835
2011-07-15,31.13,31.13,0,0.01334635417,0.01334635417
2011-07-18,31.37,31.37,0,0.007709604883,0.007709604883
2011-07-19,31.3,31.3,0,-0.002231431304,-0.002231431304
2011-07-20,31.74,31.74,0,0.01405750799,0.01405750799
2011-07-21,31.9,31.9,0,0.005040957782,0.005040957782
2011-07-22,32.4,32.4,0,0.01567398119,0.01567398119
2011-07-25,32,32,0,-0.01234567901,-0.01234567901
2011-07-26,32.38,32.38,0,0.011875,0.011875
2011-07-27,32.76,32.76,0,0.01173563928,0.01173563928
2011-07-28,32.57,32.57,0,-0.0057997558,-0.0057997558
2011-07-29,32.07,32.07,0,-0.01535155051,-0.01535155051
2011-08-01,32.5,32.5,0,0.01340816963,0.01340816963
2011-08-02,32.31,32.31,0,-0.005846153846,-0.005846153846
2011-08-03,31.76,31.76,0,-0.01702259362,-0.01702259362
2011-08-04,31.26,31.26,0,-0.01574307305,-0.01574307305
2011-08-05,29.38,29.38,0,-0.06014075496,-0.06014075496
2011-08-08,28,28,0,-0.04697072839,-0.04697072839
2011-08-09,27.2,27.2,0,-0.02857142857,-0.02857142857
2011-08-10,28.7,28.7,0,0.05514705882,0.05514705882
2011-08-11,28.83,28.83,0,0.004529616725,0.004529616725
2011-08-12,28.93,28.93,0,0.003468609088,0.003468609088
2011-08-15,29.5,29.5,0,0.01970273073,0.01970273073
2011-08-16,29.67,29.67,0,0.005762711864,0.005762711864
2011-08-17,29.54,29.54,0,-0.004381530165,-0.004381530165
2011-08-18,28.73,28.73,0,-0.02742044685,-0.02742044685
2011-08-19,27.12,27.12,0,-0.05603898364,-0.05603898364
2011-08-22,26.97,26.97,0,-0.005530973451,-0.005530973451
2011-08-23,27.78,27.78,0,0.03003337041,0.03003337041
2011-08-24,27.78,27.78,0,0,0
2011-08-25,27.28,27.28,0,-0.01799856012,-0.01799856012
2011-08-26,27.3,27.3,0,0.0007331378299,0.0007331378299
2011-08-29,28.05,28.05,0,0.02747252747,0.02747252747
2011-08-30,28.15,28.15,0,0.003565062389,0.003565062389
2011-08-31,28.28,28.28,0,0.004618117229,0.004618117229
2011-09-01,28.42,28.42,0,0.00495049505,0.00495049505
2011-09-02,28.34,28.34,0,-0.002814919071,-0.002814919071
2011-09-05,27.82,27.82,0,-0.01834862385,-0.01834862385
2011-09-06,26.99,26.99,0,-0.02983465133,-0.02983465133
2011-09-07,27.59,27.59,0,0.02223045572,0.02223045572
2011-09-08,27.8,27.8,0,0.007611453425,0.007611453425
2011-09-09,27.88,27.88,0,0.002877697842,0.002877697842
2011-09-13,27.78,27.78,0,-0.003586800574,-0.003586800574
2011-09-14,26.64,26.64,0,-0.04103671706,-0.04103671706
2011-09-15,27.47,27.47,0,0.03115615616,0.03115615616
2011-09-16,27.95,27.95,0,0.01747360757,0.01747360757
2011-09-19,27.5,27.5,0,-0.01610017889,-0.01610017889
2011-09-20,27.47,27.47,0,-0.001090909091,-0.001090909091
2011-09-21,27.56,27.56,0,0.00327630142,0.00327630142
2011-09-22,26.85,26.85,0,-0.02576197388,-0.02576197388
2011-09-23,25.86,25.86,0,-0.03687150838,-0.03687150838
2011-09-26,24.6,24.6,0,-0.04872389791,-0.04872389791
2011-09-27,25.66,25.66,0,0.04308943089,0.04308943089
2011-09-28,25.55,25.55,0,-0.004286827747,-0.004286827747
2011-09-29,25.72,25.72,0,0.006653620352,0.006653620352
2011-09-30,25.86,25.86,0,0.005443234837,0.005443234837
2011-10-03,25.18,25.18,0,-0.02629543697,-0.02629543697
2011-10-04,25.31,25.31,0,0.005162827641,0.005162827641
2011-10-05,25.16,25.16,0,-0.00592651126,-0.00592651126
2011-10-06,25.64,25.64,0,0.01907790143,0.01907790143
2011-10-07,26.21,26.21,0,0.02223088924,0.02223088924
2011-10-11,26.68,26.68,0,0.01793208699,0.01793208699
2011-10-12,26.64,26.64,0,-0.001499250375,-0.001499250375
2011-10-13,26.87,26.87,0,0.008633633634,0.008633633634
2011-10-14,26.38,26.38,0,-0.01823595087,-0.01823595087
2011-10-17,26.63,26.63,0,0.009476876422,0.009476876422
2011-10-18,26.54,26.54,0,-0.003379647015,-0.003379647015
2011-10-19,26.23,26.23,0,-0.01168048229,-0.01168048229
2011-10-20,25.85,25.85,0,-0.01448722836,-0.01448722836
2011-10-21,26.09,26.09,0,0.009284332689,0.009284332689
2011-10-24,26.23,26.23,0,0.005366040629,0.005366040629
2011-10-25,26.83,26.83,0,0.0228745711,0.0228745711
2011-10-26,27.08,27.08,0,0.009317927693,0.009317927693
2011-10-27,27.59,27.59,0,0.01883308715,0.01883308715
2011-10-28,27.3,27.3,0,-0.01051105473,-0.01051105473
2011-10-31,27.35,27.35,0,0.001831501832,0.001831501832
2011-11-01,27.59,27.59,0,0.008775137112,0.008775137112
2011-11-02,27.45,27.45,0,-0.005074302283,-0.005074302283
2011-11-03,26.7,26.7,0,-0.02732240437,-0.02732240437
2011-11-04,27,27,0,0.01123595506,0.01123595506
2011-11-07,27.41,27.41,0,0.01518518519,0.01518518519
2011-11-08,27.41,27.41,0,0,0
2011-11-09,27.36,27.36,0,-0.001824151769,-0.001824151769
2011-11-10,26.52,26.52,0,-0.03070175439,-0.03070175439
2011-11-11,26.41,26.41,0,-0.004147812971,-0.004147812971
2011-11-14,27.1,27.1,0,0.02612646725,0.02612646725
2011-11-15,26.7,26.7,0,-0.0147601476,-0.0147601476
2011-11-16,26.55,26.55,0,-0.005617977528,-0.005617977528
2011-11-17,26.38,26.38,0,-0.006403013183,-0.006403013183
2011-11-18,25.9,25.9,0,-0.01819560273,-0.01819560273
2011-11-21,24.98,24.98,0,-0.03552123552,-0.03552123552
2011-11-22,24.7,24.7,0,-0.01120896717,-0.01120896717
2011-11-23,23.17,23.17,0.9,-0.02550607287,-0.02550607287
2011-11-24,23.26,23.26,0,0.003884333189,0.003884333189
2011-11-25,23.07,23.07,0,-0.008168529665,-0.008168529665
2011-11-28,23.37,23.37,0,0.01300390117,0.01300390117
2011-11-29,23.75,23.75,0,0.0162601626,0.0162601626
2011-11-30,23.28,23.28,0,-0.01978947368,-0.01978947368
2011-12-01,24.38,24.38,0,0.04725085911,0.04725085911
2011-12-02,24.18,24.18,0,-0.008203445447,-0.008203445447
2011-12-05,23.97,23.97,0,-0.008684863524,-0.008684863524
2011-12-06,23.68,23.68,0,-0.0120984564,-0.0120984564
2011-12-07,23.6,23.6,0,-0.003378378378,-0.003378378378
2011-12-08,23.39,23.39,0,-0.008898305085,-0.008898305085
2011-12-09,23.02,23.02,0,-0.01581872595,-0.01581872595
2011-12-12,23.13,23.13,0,0.004778453519,0.004778453519
2011-12-13,23.1,23.1,0,-0.001297016861,-0.001297016861
2011-12-14,23.19,23.19,0,0.003896103896,0.003896103896
2011-12-15,22.6,22.6,0,-0.02544200086,-0.02544200086
2011-12-16,22.84,22.84,0,0.01061946903,0.01061946903
2011-12-19,21.72,21.72,0,-0.04903677758,-0.04903677758
2011-12-20,21.84,21.84,0,0.005524861878,0.005524861878
2011-12-21,23.19,23.19,0,0.06181318681,0.06181318681
2011-12-22,23.08,23.08,0,-0.00474342389,-0.00474342389
2011-12-23,23.71,23.71,0,0.02729636049,0.02729636049
2011-12-26,23.58,23.58,0,-0.0054829186,-0.0054829186
2011-12-27,23.78,23.78,0,0.008481764207,0.008481764207
2011-12-28,23.35,23.35,0,-0.0180824222,-0.0180824222
2011-12-29,24.02,24.02,0,0.02869379015,0.02869379015
2011-12-30,23.71,23.71,0,-0.01290591174,-0.01290591174
2012-01-02,23.4,23.4,0,-0.01307465205,-0.01307465205
2012-01-03,23.7,23.7,0,0.01282051282,0.01282051282
2012-01-04,23.67,23.67,0,-0.001265822785,-0.001265822785
2012-01-05,23.85,23.85,0,0.007604562738,0.007604562738
2012-01-06,23.82,23.82,0,-0.001257861635,-0.001257861635
2012-01-09,23.7,23.7,0,-0.005037783375,-0.005037783375
2012-01-10,24.09,24.09,0,0.0164556962,0.0164556962
2012-01-11,24.2,24.2,0,0.004566210046,0.004566210046
2012-01-12,24,24,0,-0.00826446281,-0.00826446281
2012-01-13,24,24,0,0,0
2012-01-16,23.76,23.76,0,-0.01,-0.01
2012-01-17,24.67,24.67,0,0.0382996633,0.0382996633
2012-01-18,24.9,24.9,0,0.009323064451,0.009323064451
2012-01-30,25.53,25.53,0,0.02530120482,0.02530120482
2012-01-31,25.89,25.89,0,0.01410105758,0.01410105758
2012-02-01,26.63,26.63,0,0.02858246427,0.02858246427
2012-02-02,26.8,26.8,0,0.006383777694,0.006383777694
2012-02-03,26.89,26.89,0,0.003358208955,0.003358208955
2012-02-04,27.1,27.1,0,0.007809594645,0.007809594645
2012-02-06,26.88,26.88,0,-0.008118081181,-0.008118081181
2012-02-07,27.1,27.1,0,0.00818452381,0.00818452381
2012-02-08,27.59,27.59,0,0.01808118081,0.01808118081
2012-02-09,27.59,27.59,0,0,0
2012-02-10,27.54,27.54,0,-0.001812250816,-0.001812250816
2012-02-13,27.9,27.9,0,0.01307189542,0.01307189542
2012-02-14,27.67,27.67,0,-0.008243727599,-0.008243727599
2012-02-15,28,28,0,0.01192627394,0.01192627394
2012-02-16,27.31,27.31,0,-0.02464285714,-0.02464285714
2012-02-17,27.35,27.35,0,0.001464664958,0.001464664958
2012-02-20,27.62,27.62,0,0.00987202925,0.00987202925
2012-02-21,27.5,27.5,0,-0.00434467777,-0.00434467777
2012-02-22,27.88,27.88,0,0.01381818182,0.01381818182
2012-02-23,27.88,27.88,0,0,0
2012-02-24,27.6,27.6,0,-0.01004304161,-0.01004304161
2012-02-29,28.07,28.07,0,0.01702898551,0.01702898551
2012-03-01,28.59,28.59,0,0.01852511578,0.01852511578
2012-03-02,28.49,28.49,0,-0.003497726478,-0.003497726478
2012-03-03,28.35,28.35,0,-0.004914004914,-0.004914004914
2012-03-05,27.93,27.93,0,-0.01481481481,-0.01481481481
2012-03-06,27.36,27.36,0,-0.02040816327,-0.02040816327
2012-03-07,27.3,27.3,0,-0.002192982456,-0.002192982456
2012-03-08,27.63,27.63,0,0.01208791209,0.01208791209
2012-03-09,27.78,27.78,0,0.00542888165,0.00542888165
2012-03-12,27.55,27.55,0,-0.008279337653,-0.008279337653
2012-03-13,27.56,27.56,0,0.0003629764065,0.0003629764065
2012-03-14,28.13,28.13,0,0.02068214804,0.02068214804
2012-03-15,28.17,28.17,0,0.001421969428,0.001421969428
2012-03-16,28.12,28.12,0,-0.001774937877,-0.001774937877
2012-03-19,27.97,27.97,0,-0.00533428165,-0.00533428165
2012-03-20,27.62,27.62,0,-0.01251340722,-0.01251340722
2012-03-21,27.6,27.6,0,-0.0007241129616,-0.0007241129616
2012-03-22,27.83,27.83,0,0.008333333333,0.008333333333
2012-03-23,27.85,27.85,0,0.00071864894,0.00071864894
2012-03-26,27.62,27.62,0,-0.008258527828,-0.008258527828
2012-03-27,27.78,27.78,0,0.005792903693,0.005792903693
2012-03-28,27.66,27.66,0,-0.004319654428,-0.004319654428
2012-03-29,26.95,26.95,0,-0.02566883586,-0.02566883586
2012-03-30,27,27,0,0.00185528757,0.00185528757
2012-04-02,26.85,26.85,0,-0.005555555556,-0.005555555556
2012-04-03,26.28,26.28,0,-0.02122905028,-0.02122905028
2012-04-05,25.9,25.9,0,-0.01445966514,-0.01445966514
2012-04-06,26.02,26.02,0,0.004633204633,0.004633204633
2012-04-09,25.85,25.85,0,-0.006533435819,-0.006533435819
2012-04-10,25.86,25.86,0,0.0003868471954,0.0003868471954
2012-04-11,25.86,25.86,0,0,0
2012-04-12,26.01,26.01,0,0.005800464037,0.005800464037
2012-04-13,26.54,26.54,0,0.02037677816,0.02037677816
2012-04-16,26.38,26.38,0,-0.006028636021,-0.006028636021
2012-04-17,26.29,26.29,0,-0.003411675512,-0.003411675512
2012-04-18,26.07,26.07,0,-0.008368200837,-0.008368200837
2012-04-19,26,26,0,-0.002685078634,-0.002685078634
2012-04-20,25.69,25.69,0,-0.01192307692,-0.01192307692
2012-04-23,25.5,25.5,0,-0.007395873881,-0.007395873881
2012-04-24,25,25,0,-0.01960784314,-0.01960784314
2012-04-25,25.69,25.69,0,0.0276,0.0276
2012-04-26,25.76,25.76,0,0.00272479564,0.00272479564
2012-04-27,25.36,25.36,0,-0.01552795031,-0.01552795031
2012-04-30,25.4,25.4,0,0.001577287066,0.001577287066
2012-05-02,26.55,26.55,0,0.04527559055,0.04527559055
2012-05-03,26.3,26.3,0,-0.009416195857,-0.009416195857
2012-05-04,26.22,26.22,0,-0.003041825095,-0.003041825095
2012-05-07,26.04,26.04,0,-0.006864988558,-0.006864988558
2012-05-08,26.12,26.12,0,0.003072196621,0.003072196621
2012-05-09,25.83,25.83,0,-0.01110260337,-0.01110260337
2012-05-10,25.7,25.7,0,-0.005032907472,-0.005032907472
2012-05-11,25.44,25.44,0,-0.01011673152,-0.01011673152
2012-05-14,25.19,25.19,0,-0.009827044025,-0.009827044025
2012-05-15,25.8,25.8,0,0.02421595871,0.02421595871
2012-05-16,24.78,24.78,0,-0.03953488372,-0.03953488372
2012-05-17,25,25,0,0.008878127522,0.008878127522
2012-05-18,24.2,24.2,0,-0.032,-0.032
2012-05-21,24.26,24.26,0,0.002479338843,0.002479338843
2012-05-22,24.55,24.55,0,0.01195383347,0.01195383347
2012-05-23,24.35,24.35,0,-0.008146639511,-0.008146639511
2012-05-24,24.18,24.18,0,-0.006981519507,-0.006981519507
2012-05-25,24.02,24.02,0,-0.006617038875,-0.006617038875
2012-05-28,24.11,24.11,0,0.003746877602,0.003746877602
2012-05-29,25.14,25.14,0,0.04272086271,0.04272086271
2012-05-30,25.02,25.02,0,-0.00477326969,-0.00477326969
2012-05-31,25,25,0,-0.0007993605116,-0.0007993605116
2012-06-01,24.55,24.55,0,-0.018,-0.018
2012-06-04,23.62,23.62,0,-0.03788187373,-0.03788187373
2012-06-05,23.9,23.9,0,0.01185436071,0.01185436071
2012-06-06,24.03,24.03,0,0.005439330544,0.005439330544
2012-06-07,24.15,24.15,0,0.004993757803,0.004993757803
2012-06-08,24.08,24.08,0,-0.002898550725,-0.002898550725
2012-06-11,24.5,24.5,0,0.01744186047,0.01744186047
2012-06-12,24.45,24.45,0,-0.002040816327,-0.002040816327
2012-06-13,24.58,24.58,0,0.005316973415,0.005316973415
2012-06-14,24.37,24.37,0,-0.008543531326,-0.008543531326
2012-06-15,24.65,24.65,0,0.01148953632,0.01148953632
2012-06-18,25.15,25.15,0,0.02028397566,0.02028397566
2012-06-19,25.07,25.07,0,-0.003180914513,-0.003180914513
2012-06-20,25.12,25.12,0,0.001994415636,0.001994415636
2012-06-21,24.93,24.93,0,-0.007563694268,-0.007563694268
2012-06-22,24.83,24.83,0,-0.004011231448,-0.004011231448
2012-06-25,24.73,24.73,0,-0.004027386226,-0.004027386226
2012-06-26,24.59,24.59,0,-0.005661140315,-0.005661140315
2012-06-27,24.8,24.8,0,0.008540056934,0.008540056934
2012-06-28,24.79,24.79,0,-0.0004032258065,-0.0004032258065
2012-06-29,24.95,24.95,0,0.006454215409,0.006454215409
2012-07-02,25.2,25.2,0,0.01002004008,0.01002004008
2012-07-03,25.3,25.3,0,0.003968253968,0.003968253968
2012-07-04,27.07,27.07,0,0.06996047431,0.06996047431
2012-07-05,25.8,25.8,0,-0.04691540451,-0.04691540451
2012-07-06,25.66,25.66,0,-0.005426356589,-0.005426356589
2012-07-09,25.6,25.6,0,-0.00233826968,-0.00233826968
2012-07-10,25.28,25.28,0,-0.0125,-0.0125
2012-07-11,25.43,25.43,0,0.005933544304,0.005933544304
2012-07-12,25.37,25.37,0,-0.00235941801,-0.00235941801
2012-07-13,25.13,25.13,0,-0.009459992117,-0.009459992117
2012-07-16,24.92,24.92,0,-0.008356545961,-0.008356545961
2012-07-17,25.03,25.03,0,0.004414125201,0.004414125201
2012-07-18,24.99,24.99,0,-0.001598082301,-0.001598082301
2012-07-19,25.1,25.1,0,0.004401760704,0.004401760704
2012-07-20,25.01,25.01,0,-0.003585657371,-0.003585657371
2012-07-23,24.75,24.75,0,-0.01039584166,-0.01039584166
2012-07-24,24.62,24.62,0,-0.005252525253,-0.005252525253
2012-07-25,24.51,24.51,0,-0.004467912266,-0.004467912266
2012-07-26,24.78,24.78,0,0.01101591187,0.01101591187
2012-07-27,25.17,25.17,0,0.01573849879,0.01573849879
2012-07-30,25.39,25.39,0,0.008740564164,0.008740564164
2012-07-31,25.45,25.45,0,0.002363135093,0.002363135093
2012-08-01,25.37,25.37,0,-0.003143418468,-0.003143418468
2012-08-03,25.19,25.19,0,-0.007094994088,-0.007094994088
2012-08-06,25.4,25.4,0,0.008336641524,0.008336641524
2012-08-07,25.34,25.34,0,-0.002362204724,-0.002362204724
2012-08-08,25.56,25.56,0,0.008681925809,0.008681925809
2012-08-09,26.14,26.14,0,0.02269170579,0.02269170579
2012-08-10,26,26,0,-0.005355776588,-0.005355776588
2012-08-13,25.95,25.95,0,-0.001923076923,-0.001923076923
2012-08-14,26,26,0,0.001926782274,0.001926782274
2012-08-15,26.01,26.01,0,0.0003846153846,0.0003846153846
2012-08-16,26.32,26.32,0,0.01191849289,0.01191849289
2012-08-17,26.35,26.35,0,0.001139817629,0.001139817629
2012-08-20,26.1,26.1,0,-0.009487666034,-0.009487666034
2012-08-21,26.27,26.27,0,0.006513409962,0.006513409962
2012-08-22,26.25,26.25,0,-0.000761324705,-0.000761324705
2012-08-23,26.26,26.26,0,0.000380952381,0.000380952381
2012-08-24,26.25,26.25,0,-0.0003808073115,-0.0003808073115
2012-08-27,26.14,26.14,0,-0.00419047619,-0.00419047619
2012-08-28,25.78,25.78,0,-0.01377199694,-0.01377199694
2012-08-29,25.8,25.8,0,0.0007757951901,0.0007757951901
2012-08-30,25.78,25.78,0,-0.0007751937984,-0.0007751937984
2012-08-31,25.75,25.75,0,-0.001163692785,-0.001163692785
2012-09-03,26.1,26.1,0,0.01359223301,0.01359223301
2012-09-04,26.09,26.09,0,-0.0003831417625,-0.0003831417625
2012-09-05,25.91,25.91,0,-0.006899195094,-0.006899195094
2012-09-06,25.8,25.8,0,-0.004245465071,-0.004245465071
2012-09-07,26,26,0,0.007751937984,0.007751937984
2012-09-10,26.1,26.1,0,0.003846153846,0.003846153846
2012-09-11,26.19,26.19,0,0.003448275862,0.003448275862
2012-09-12,26.45,26.45,0,0.009927453226,0.009927453226
2012-09-13,26.28,26.28,0,-0.006427221172,-0.006427221172
2012-09-14,27.2,27.2,0,0.03500761035,0.03500761035
2012-09-17,27.21,27.21,0,0.0003676470588,0.0003676470588
2012-09-18,27.13,27.13,0,-0.002940095553,-0.002940095553
2012-09-19,27.4,27.4,0,0.009952082565,0.009952082565
2012-09-20,27.16,27.16,0,-0.008759124088,-0.008759124088
2012-09-21,27.16,27.16,0,0,0
2012-09-24,27.38,27.38,0,0.008100147275,0.008100147275
2012-09-25,27.25,27.25,0,-0.004747991234,-0.004747991234
2012-09-26,27,27,0,-0.009174311927,-0.009174311927
2012-09-27,26.85,26.85,0,-0.005555555556,-0.005555555556
2012-09-28,26.86,26.86,0,0.0003724394786,0.0003724394786
2012-10-01,26.87,26.87,0,0.0003723008191,0.0003723008191
2012-10-02,27,27,0,0.004838109416,0.004838109416
2012-10-03,26.9,26.9,0,-0.003703703704,-0.003703703704
2012-10-04,26.9,26.9,0,0,0
2012-10-05,26.83,26.83,0,-0.002602230483,-0.002602230483
2012-10-08,26.75,26.75,0,-0.002981736862,-0.002981736862
2012-10-09,26.7,26.7,0,-0.001869158879,-0.001869158879
2012-10-11,26.13,26.13,0,-0.02134831461,-0.02134831461
2012-10-12,26.03,26.03,0,-0.003827018752,-0.003827018752
2012-10-15,26.05,26.05,0,0.0007683442182,0.0007683442182
2012-10-16,26.08,26.08,0,0.001151631478,0.001151631478
2012-10-17,26.25,26.25,0,0.006518404908,0.006518404908
2012-10-18,26.16,26.16,0,-0.003428571429,-0.003428571429
2012-10-19,26.06,26.06,0,-0.003822629969,-0.003822629969
2012-10-22,25.9,25.9,0,-0.006139677667,-0.006139677667
2012-10-23,25.97,25.97,0,0.002702702703,0.002702702703
2012-10-24,25.9,25.9,0,-0.00269541779,-0.00269541779
2012-10-25,25.56,25.56,0,-0.01312741313,-0.01312741313
2012-10-26,25.1,25.1,0,-0.01799687011,-0.01799687011
2012-10-29,24.72,24.72,0,-0.01513944223,-0.01513944223
2012-10-30,24.6,24.6,0,-0.004854368932,-0.004854368932
2012-10-31,24.65,24.65,0,0.002032520325,0.002032520325
2012-11-01,24.61,24.61,0,-0.001622718053,-0.001622718053
2012-11-02,24.75,24.75,0,0.005688744413,0.005688744413
2012-11-05,24.82,24.82,0,0.002828282828,0.002828282828
2012-11-06,24.76,24.76,0,-0.002417405318,-0.002417405318
2012-11-07,24.91,24.91,0,0.00605815832,0.00605815832
2012-11-08,24.8,24.8,0,-0.00441589723,-0.00441589723
2012-11-09,24.9,24.9,0,0.004032258065,0.004032258065
2012-11-12,24.84,24.84,0,-0.002409638554,-0.002409638554
2012-11-13,24.8,24.8,0,-0.001610305958,-0.001610305958
2012-11-14,24.78,24.78,0,-0.0008064516129,-0.0008064516129
2012-11-15,24.71,24.71,0,-0.002824858757,-0.002824858757
2012-11-16,24.65,24.65,0,-0.002428166734,-0.002428166734
2012-11-19,24.6,24.6,0,-0.002028397566,-0.002028397566
2012-11-20,24.61,24.61,0,0.000406504065,0.000406504065
2012-11-21,24.3,24.3,0,-0.01259650549,-0.01259650549
2012-11-22,23.62,23.62,0.75,0.002880658436,0.002880658436
2012-11-23,24.01,24.01,0,0.01651143099,0.01651143099
2012-11-26,24.68,24.68,0,0.02790503957,0.02790503957
2012-11-27,24.75,24.75,0,0.0028363047,0.0028363047
2012-11-28,24.74,24.74,0,-0.000404040404,-0.000404040404
2012-11-29,24.8,24.8,0,0.002425222312,0.002425222312
2012-11-30,25,25,0,0.008064516129,0.008064516129
2012-12-03,25.24,25.24,0,0.0096,0.0096
2012-12-04,25.25,25.25,0,0.0003961965135,0.0003961965135
2012-12-05,25.47,25.47,0,0.008712871287,0.008712871287
2012-12-06,25.35,25.35,0,-0.004711425206,-0.004711425206
2012-12-07,25.53,25.53,0,0.007100591716,0.007100591716
2012-12-10,25.47,25.47,0,-0.002350176263,-0.002350176263
2012-12-11,25.15,25.15,0,-0.01256380055,-0.01256380055
2012-12-12,25.33,25.33,0,0.007157057654,0.007157057654
2012-12-13,25.6,25.6,0,0.01065929728,0.01065929728
2012-12-14,25.49,25.49,0,-0.004296875,-0.004296875
2012-12-17,25.29,25.29,0,-0.007846214202,-0.007846214202
2012-12-18,25.37,25.37,0,0.003163305654,0.003163305654
2012-12-19,25.49,25.49,0,0.004729996058,0.004729996058
2012-12-20,25.16,25.16,0,-0.01294625343,-0.01294625343
2012-12-21,24.98,24.98,0,-0.007154213037,-0.007154213037
2012-12-22,25.02,25.02,0,0.001601281025,0.001601281025
2012-12-24,25.09,25.09,0,0.002797761791,0.002797761791
2012-12-25,25.6,25.6,0,0.02032682344,0.02032682344
2012-12-26,25.7,25.7,0,0.00390625,0.00390625
2012-12-27,25.69,25.69,0,-0.0003891050584,-0.0003891050584
2012-12-28,25.75,25.75,0,0.00233553912,0.00233553912
2013-01-02,26.09,26.09,0,0.0132038835,0.0132038835
2013-01-03,26.12,26.12,0,0.001149865849,0.001149865849
2013-01-04,26,26,0,-0.004594180704,-0.004594180704
2013-01-07,25.84,25.84,0,-0.006153846154,-0.006153846154
2013-01-08,25.68,25.68,0,-0.006191950464,-0.006191950464
2013-01-09,25.78,25.78,0,0.003894080997,0.003894080997
2013-01-10,25.98,25.98,0,0.007757951901,0.007757951901
2013-01-11,26.18,26.18,0,0.007698229407,0.007698229407
2013-01-14,26.18,26.18,0,0,0
2013-01-15,25.9,25.9,0,-0.01069518717,-0.01069518717
2013-01-16,25.73,25.73,0,-0.006563706564,-0.006563706564
2013-01-17,25.5,25.5,0,-0.008938981733,-0.008938981733
2013-01-18,25.56,25.56,0,0.002352941176,0.002352941176
2013-01-21,25.7,25.7,0,0.005477308294,0.005477308294
2013-01-22,25.76,25.76,0,0.00233463035,0.00233463035
2013-01-23,25.81,25.81,0,0.001940993789,0.001940993789
2013-01-24,25.7,25.7,0,-0.004261913987,-0.004261913987
2013-01-25,25.6,25.6,0,-0.003891050584,-0.003891050584
2013-01-28,25.8,25.8,0,0.0078125,0.0078125
2013-01-29,26.1,26.1,0,0.01162790698,0.01162790698
2013-01-30,26.09,26.09,0,-0.0003831417625,-0.0003831417625
2013-01-31,26.35,26.35,0,0.009965504025,0.009965504025
2013-02-01,26.4,26.4,0,0.001897533207,0.001897533207
2013-02-04,26.7,26.7,0,0.01136363636,0.01136363636
2013-02-05,26.58,26.58,0,-0.004494382022,-0.004494382022
2013-02-06,26.39,26.39,0,-0.007148231753,-0.007148231753
2013-02-18,26.7,26.7,0,0.01174687382,0.01174687382
2013-02-19,26.85,26.85,0,0.005617977528,0.005617977528
2013-02-20,27.01,27.01,0,0.005959031657,0.005959031657
2013-02-21,26.66,26.66,0,-0.01295816364,-0.01295816364
2013-02-22,26.61,26.61,0,-0.001875468867,-0.001875468867
2013-02-23,26.66,26.66,0,0.00187899286,0.00187899286
2013-02-25,26.52,26.52,0,-0.005251312828,-0.005251312828
2013-02-26,26.57,26.57,0,0.001885369532,0.001885369532
2013-02-27,26.5,26.5,0,-0.002634550245,-0.002634550245
2013-03-01,26.8,26.8,0,0.01132075472,0.01132075472
2013-03-04,26.57,26.57,0,-0.008582089552,-0.008582089552
2013-03-05,26.63,26.63,0,0.002258185924,0.002258185924
2013-03-06,26.8,26.8,0,0.006383777694,0.006383777694
2013-03-07,26.9,26.9,0,0.003731343284,0.003731343284
2013-03-08,27.16,27.16,0,0.009665427509,0.009665427509
2013-03-11,27.36,27.36,0,0.00736377025,0.00736377025
2013-03-12,27,27,0,-0.01315789474,-0.01315789474
2013-03-13,27.12,27.12,0,0.004444444444,0.004444444444
2013-03-14,26.88,26.88,0,-0.008849557522,-0.008849557522
2013-03-15,26.85,26.85,0,-0.001116071429,-0.001116071429
2013-03-18,26.3,26.3,0,-0.02048417132,-0.02048417132
2013-03-19,26.36,26.36,0,0.002281368821,0.002281368821
2013-03-20,26.31,26.31,0,-0.001896813354,-0.001896813354
2013-03-21,26.48,26.48,0,0.006461421513,0.006461421513
2013-03-22,26.45,26.45,0,-0.001132930514,-0.001132930514
2013-03-25,26.7,26.7,0,0.009451795841,0.009451795841
2013-03-26,26.6,26.6,0,-0.003745318352,-0.003745318352
2013-03-27,26.66,26.66,0,0.002255639098,0.002255639098
2013-03-28,26.51,26.51,0,-0.005626406602,-0.005626406602
2013-03-29,26.71,26.71,0,0.007544322897,0.007544322897
2013-04-01,26.69,26.69,0,-0.0007487832273,-0.0007487832273
2013-04-02,26.65,26.65,0,-0.001498688647,-0.001498688647
2013-04-03,26.89,26.89,0,0.009005628518,0.009005628518
2013-04-08,26.33,26.33,0,-0.02082558572,-0.02082558572
2013-04-09,26.12,26.12,0,-0.007975693126,-0.007975693126
2013-04-10,26.2,26.2,0,0.003062787136,0.003062787136
2013-04-11,26.55,26.55,0,0.01335877863,0.01335877863
2013-04-12,26.65,26.65,0,0.003766478343,0.003766478343
2013-04-15,26.36,26.36,0,-0.01088180113,-0.01088180113
2013-04-16,26.46,26.46,0,0.003793626707,0.003793626707
2013-04-17,26.6,26.6,0,0.005291005291,0.005291005291
2013-04-18,26.36,26.36,0,-0.009022556391,-0.009022556391
2013-04-19,26.78,26.78,0,0.01593323217,0.01593323217
2013-04-22,26.95,26.95,0,0.006348020911,0.006348020911
2013-04-23,26.92,26.92,0,-0.001113172542,-0.001113172542
2013-04-24,27.2,27.2,0,0.01040118871,0.01040118871
2013-04-25,27.29,27.29,0,0.003308823529,0.003308823529
2013-04-26,27.5,27.5,0,0.00769512642,0.00769512642
2013-04-29,27.37,27.37,0,-0.004727272727,-0.004727272727
2013-04-30,27.45,27.45,0,0.002922908294,0.002922908294
2013-05-02,27.58,27.58,0,0.004735883424,0.004735883424
2013-05-03,27.61,27.61,0,0.001087744743,0.001087744743
2013-05-06,27.71,27.71,0,0.003621876132,0.003621876132
2013-05-07,27.85,27.85,0,0.00505232768,0.00505232768
2013-05-08,28.05,28.05,0,0.007181328546,0.007181328546
2013-05-09,28.06,28.06,0,0.0003565062389,0.0003565062389
2013-05-10,28.12,28.12,0,0.002138275125,0.002138275125
2013-05-13,28.1,28.1,0,-0.0007112375533,-0.0007112375533
2013-05-14,28.13,28.13,0,0.001067615658,0.001067615658
2013-05-15,28.21,28.21,0,0.002843938855,0.002843938855
2013-05-16,28.55,28.55,0,0.01205246367,0.01205246367
2013-05-17,28.5,28.5,0,-0.001751313485,-0.001751313485
2013-05-20,28.54,28.54,0,0.001403508772,0.001403508772
2013-05-21,28.78,28.78,0,0.008409250175,0.008409250175
2013-05-22,28.8,28.8,0,0.0006949270327,0.0006949270327
2013-05-23,28.3,28.3,0,-0.01736111111,-0.01736111111
2013-05-24,28.22,28.22,0,-0.002826855124,-0.002826855124
2013-05-27,28.21,28.21,0,-0.0003543586109,-0.0003543586109
2013-05-28,28.51,28.51,0,0.01063452676,0.01063452676
2013-05-29,28.58,28.58,0,0.00245527885,0.00245527885
2013-05-30,28.3,28.3,0,-0.009797060882,-0.009797060882
2013-05-31,28.51,28.51,0,0.0074204947,0.0074204947
2013-06-03,28.13,28.13,0,-0.01332865661,-0.01332865661
2013-06-04,28,28,0,-0.00462140064,-0.00462140064
2013-06-05,28.1,28.1,0,0.003571428571,0.003571428571
2013-06-06,27.76,27.76,0,-0.01209964413,-0.01209964413
2013-06-07,27.65,27.65,0,-0.003962536023,-0.003962536023
2013-06-10,27.97,27.97,0,0.01157323689,0.01157323689
2013-06-11,27.81,27.81,0,-0.00572041473,-0.00572041473
2013-06-13,27.45,27.45,0,-0.01294498382,-0.01294498382
2013-06-14,27.12,27.12,0,-0.01202185792,-0.01202185792
2013-06-17,27.45,27.45,0,0.01216814159,0.01216814159
2013-06-18,27.44,27.44,0,-0.000364298725,-0.000364298725
2013-06-19,27.65,27.65,0,0.007653061224,0.007653061224
2013-06-20,27.26,27.26,0,-0.01410488246,-0.01410488246
2013-06-21,26.87,26.87,0,-0.01430667645,-0.01430667645
2013-06-24,26.93,26.93,0,0.002232973576,0.002232973576
2013-06-25,26.4,26.4,0,-0.01968065355,-0.01968065355
2013-06-26,26.55,26.55,0,0.005681818182,0.005681818182
2013-06-27,27.14,27.14,0,0.02222222222,0.02222222222
2013-06-28,27.27,27.27,0,0.004789977892,0.004789977892
2013-07-01,27.49,27.49,0,0.008067473414,0.008067473414
2013-07-02,27.46,27.46,0,-0.001091305929,-0.001091305929
2013-07-03,27.24,27.24,0,-0.008011653314,-0.008011653314
2013-07-04,27.17,27.17,0,-0.002569750367,-0.002569750367
2013-07-05,27.5,27.5,0,0.01214574899,0.01214574899
2013-07-08,27.3,27.3,0,-0.007272727273,-0.007272727273
2013-07-09,27.35,27.35,0,0.001831501832,0.001831501832
2013-07-10,27.51,27.51,0,0.005850091408,0.005850091408
2013-07-11,28.12,28.12,0,0.022173755,0.022173755
2013-07-12,28.35,28.35,0,0.008179231863,0.008179231863
2013-07-15,28.55,28.55,0,0.007054673721,0.007054673721
2013-07-16,28.56,28.56,0,0.000350262697,0.000350262697
2013-07-17,28.59,28.59,0,0.001050420168,0.001050420168
2013-07-18,28.69,28.69,0,0.003497726478,0.003497726478
2013-07-19,28.19,28.19,0,-0.01742767515,-0.01742767515
2013-07-22,28.41,28.41,0,0.007804185882,0.007804185882
2013-07-23,28.71,28.71,0,0.01055966209,0.01055966209
2013-07-24,28.75,28.75,0,0.001393242773,0.001393242773
2013-07-25,28.64,28.64,0,-0.003826086957,-0.003826086957
2013-07-26,28.8,28.8,0,0.005586592179,0.005586592179
2013-07-29,28.67,28.67,0,-0.004513888889,-0.004513888889
2013-07-30,28.7,28.7,0,0.001046389955,0.001046389955
2013-07-31,28.39,28.39,0,-0.01080139373,-0.01080139373
2013-08-01,28.54,28.54,0,0.005283550546,0.005283550546
2013-08-02,28.5,28.5,0,-0.001401541696,-0.001401541696
2013-08-05,28.69,28.69,0,0.006666666667,0.006666666667
2013-08-06,28.7,28.7,0,0.000348553503,0.000348553503
2013-08-07,28.25,28.25,0,-0.01567944251,-0.01567944251
2013-08-08,28.15,28.15,0,-0.003539823009,-0.003539823009
2013-08-09,28.1,28.1,0,-0.001776198934,-0.001776198934
2013-08-12,28.01,28.01,0,-0.003202846975,-0.003202846975
2013-08-13,28.4,28.4,0,0.01392359871,0.01392359871
2013-08-14,28.49,28.49,0,0.003169014085,0.003169014085
2013-08-15,28.11,28.11,0,-0.01333801334,-0.01333801334
2013-08-16,28.45,28.45,0,0.01209533974,0.01209533974
2013-08-19,28.3,28.3,0,-0.005272407733,-0.005272407733
2013-08-20,28.06,28.06,0,-0.008480565371,-0.008480565371
2013-08-22,27.92,27.92,0,-0.004989308624,-0.004989308624
2013-08-23,28.01,28.01,0,0.003223495702,0.003223495702
2013-08-26,28.12,28.12,0,0.003927168868,0.003927168868
2013-08-27,28,28,0,-0.00426742532,-0.00426742532
2013-08-28,28,28,0,0,0
2013-08-29,28.2,28.2,0,0.007142857143,0.007142857143
2013-08-30,28.4,28.4,0,0.007092198582,0.007092198582
2013-09-02,28.57,28.57,0,0.005985915493,0.005985915493
2013-09-03,28.9,28.9,0,0.01155057753,0.01155057753
2013-09-04,28.98,28.98,0,0.00276816609,0.00276816609
2013-09-05,29.58,29.58,0,0.02070393375,0.02070393375
2013-09-06,29.57,29.57,0,-0.000338066261,-0.000338066261
2013-09-09,29.55,29.55,0,-0.0006763611769,-0.0006763611769
2013-09-10,29.27,29.27,0,-0.009475465313,-0.009475465313
2013-09-11,29.44,29.44,0,0.005807994534,0.005807994534
2013-09-12,29.75,29.75,0,0.0105298913,0.0105298913
2013-09-13,29.34,29.34,0,-0.01378151261,-0.01378151261
2013-09-14,29.26,29.26,0,-0.002726653033,-0.002726653033
2013-09-16,29.7,29.7,0,0.01503759398,0.01503759398
2013-09-17,29.62,29.62,0,-0.002693602694,-0.002693602694
2013-09-18,29.65,29.65,0,0.001012829169,0.001012829169
2013-09-23,29.8,29.8,0,0.005059021922,0.005059021922
2013-09-24,29.75,29.75,0,-0.001677852349,-0.001677852349
2013-09-25,29.93,29.93,0,0.006050420168,0.006050420168
2013-09-26,29.73,29.73,0,-0.006682258603,-0.006682258603
2013-09-27,29.67,29.67,0,-0.002018163471,-0.002018163471
2013-09-30,29.44,29.44,0,-0.007751937984,-0.007751937984
2013-10-01,29.46,29.46,0,0.0006793478261,0.0006793478261
2013-10-02,29.5,29.5,0,0.001357773252,0.001357773252
2013-10-03,30.05,30.05,0,0.0186440678,0.0186440678
2013-10-04,30.49,30.49,0,0.0146422629,0.0146422629
2013-10-07,30.5,30.5,0,0.0003279763857,0.0003279763857
2013-10-08,30.16,30.16,0,-0.01114754098,-0.01114754098
2013-10-09,30.03,30.03,0,-0.004310344828,-0.004310344828
2013-10-11,32.13,32.13,0,0.06993006993,0.06993006993
2013-10-14,30.5,30.5,0,-0.05073140367,-0.05073140367
2013-10-15,30.68,30.68,0,0.005901639344,0.005901639344
2013-10-16,30.22,30.22,0,-0.0149934811,-0.0149934811
2013-10-17,30.41,30.41,0,0.006287227002,0.006287227002
2013-10-18,30.6,30.6,0,0.006247944755,0.006247944755
2013-10-21,30.13,30.13,0,-0.01535947712,-0.01535947712
2013-10-22,30.25,30.25,0,0.003982741454,0.003982741454
2013-10-23,30.19,30.19,0,-0.001983471074,-0.001983471074
2013-10-24,30.13,30.13,0,-0.001987413051,-0.001987413051
2013-10-25,30.1,30.1,0,-0.0009956853634,-0.0009956853634
2013-10-28,29.93,29.93,0,-0.005647840532,-0.005647840532
2013-10-29,30.2,30.2,0,0.009021049115,0.009021049115
2013-10-30,30.19,30.19,0,-0.0003311258278,-0.0003311258278
2013-10-31,30.19,30.19,0,0,0
2013-11-01,30.1,30.1,0,-0.002981119576,-0.002981119576
2013-11-04,29.74,29.74,0,-0.01196013289,-0.01196013289
2013-11-05,29.7,29.7,0,-0.001344989913,-0.001344989913
2013-11-06,29.53,29.53,0,-0.005723905724,-0.005723905724
2013-11-07,29.51,29.51,0,-0.0006772773451,-0.0006772773451
2013-11-08,29.32,29.32,0,-0.006438495425,-0.006438495425
2013-11-11,29.2,29.2,0,-0.004092769441,-0.004092769441
2013-11-12,29.24,29.24,0,0.001369863014,0.001369863014
2013-11-13,29.1,29.1,0,-0.004787961696,-0.004787961696
2013-11-14,28.78,28.78,0,-0.01099656357,-0.01099656357
2013-11-15,29.15,29.15,0,0.0128561501,0.0128561501
2013-11-18,29.15,29.15,0,0,0
2013-11-19,29.44,29.44,0,0.009948542024,0.009948542024
2013-11-20,29.6,29.6,0,0.005434782609,0.005434782609
2013-11-21,28.9,28.9,0,-0.02364864865,-0.02364864865
2013-11-22,29.09,29.09,0,0.006574394464,0.006574394464
2013-11-25,28.4,28.4,0.8,0.003781368168,0.003781368168
2013-11-26,28.59,28.59,0,0.006690140845,0.006690140845
2013-11-27,28.94,28.94,0,0.01224204267,0.01224204267
2013-11-28,29.01,29.01,0,0.002418797512,0.002418797512
2013-11-29,29.11,29.11,0,0.003447087211,0.003447087211
2013-12-02,29.23,29.23,0,0.004122294744,0.004122294744
2013-12-03,29.11,29.11,0,-0.004105371194,-0.004105371194
2013-12-04,29.26,29.26,0,0.00515286843,0.00515286843
2013-12-05,29.21,29.21,0,-0.001708817498,-0.001708817498
2013-12-06,29.1,29.1,0,-0.003765833619,-0.003765833619
2013-12-09,29.21,29.21,0,0.003780068729,0.003780068729
2013-12-10,29.11,29.11,0,-0.003423485108,-0.003423485108
2013-12-11,29.08,29.08,0,-0.001030573686,-0.001030573686
2013-12-12,29,29,0,-0.002751031637,-0.002751031637
2013-12-13,28.81,28.81,0,-0.006551724138,-0.006551724138
2013-12-16,28.76,28.76,0,-0.001735508504,-0.001735508504
2013-12-17,28.9,28.9,0,0.004867872045,0.004867872045
2013-12-18,29.31,29.31,0,0.01418685121,0.01418685121
2013-12-19,29.41,29.41,0,0.003411804845,0.003411804845
2013-12-20,29.3,29.3,0,-0.003740224413,-0.003740224413
2013-12-23,29.25,29.25,0,-0.001706484642,-0.001706484642
2013-12-24,29.25,29.25,0,0,0
2013-12-25,29.25,29.25,0,0,0
2013-12-26,29.25,29.25,0,0,0
2013-12-27,29.5,29.5,0,0.008547008547,0.008547008547
2013-12-30,29.64,29.64,0,0.004745762712,0.004745762712
2013-12-31,29.7,29.7,0,0.002024291498,0.002024291498
2014-01-02,29.82,29.82,0,0.00404040404,0.00404040404
2014-01-03,29.57,29.57,0,-0.008383635144,-0.008383635144
2014-01-06,29.52,29.52,0,-0.001690902942,-0.001690902942
2014-01-07,29.53,29.53,0,0.0003387533875,0.0003387533875
2014-01-08,29.75,29.75,0,0.007450050796,0.007450050796
2014-01-09,29.57,29.57,0,-0.006050420168,-0.006050420168
2014-01-10,29.48,29.48,0,-0.003043625296,-0.003043625296
2014-01-13,29.54,29.54,0,0.002035278155,0.002035278155
2014-01-14,29.66,29.66,0,0.004062288422,0.004062288422
2014-01-15,29.33,29.33,0,-0.01112609575,-0.01112609575
2014-01-16,29.66,29.66,0,0.01125127855,0.01125127855
2014-01-17,29.65,29.65,0,-0.0003371544167,-0.0003371544167
2014-01-20,29.58,29.58,0,-0.002360876897,-0.002360876897
2014-01-21,29.92,29.92,0,0.01149425287,0.01149425287
2014-01-22,29.79,29.79,0,-0.004344919786,-0.004344919786
2014-01-23,29.72,29.72,0,-0.002349781806,-0.002349781806
2014-01-24,29.82,29.82,0,0.00336473755,0.00336473755
2014-01-27,29.5,29.5,0,-0.01073105298,-0.01073105298
2014-02-05,29,29,0,-0.01694915254,-0.01694915254
2014-02-06,29.2,29.2,0,0.006896551724,0.006896551724
2014-02-07,29.36,29.36,0,0.005479452055,0.005479452055
2014-02-10,29.5,29.5,0,0.004768392371,0.004768392371
2014-02-11,29.44,29.44,0,-0.002033898305,-0.002033898305
2014-02-12,29.69,29.69,0,0.008491847826,0.008491847826
2014-02-13,29.51,29.51,0,-0.006062647356,-0.006062647356
2014-02-14,29.63,29.63,0,0.004066418163,0.004066418163
2014-02-17,29.5,29.5,0,-0.004387445157,-0.004387445157
2014-02-18,29.51,29.51,0,0.0003389830508,0.0003389830508
2014-02-19,29.62,29.62,0,0.003727549983,0.003727549983
2014-02-20,29.62,29.62,0,0,0
2014-02-21,29.7,29.7,0,0.002700877785,0.002700877785
2014-02-24,29.6,29.6,0,-0.003367003367,-0.003367003367
2014-02-25,29.65,29.65,0,0.001689189189,0.001689189189
2014-02-26,29.99,29.99,0,0.01146711636,0.01146711636
2014-02-27,29.99,29.99,0,0,0
2014-03-03,29.95,29.95,0,-0.001333777926,-0.001333777926
2014-03-04,29.78,29.78,0,-0.005676126878,-0.005676126878
2014-03-05,29.98,29.98,0,0.006715916723,0.006715916723
2014-03-06,30.08,30.08,0,0.003335557038,0.003335557038
2014-03-07,30,30,0,-0.002659574468,-0.002659574468
2014-03-10,29.8,29.8,0,-0.006666666667,-0.006666666667
2014-03-11,29.85,29.85,0,0.001677852349,0.001677852349
2014-03-12,29.85,29.85,0,0,0
2014-03-13,29.84,29.84,0,-0.0003350083752,-0.0003350083752
2014-03-14,29.8,29.8,0,-0.001340482574,-0.001340482574
2014-03-17,29.76,29.76,0,-0.001342281879,-0.001342281879
2014-03-18,30.11,30.11,0,0.01176075269,0.01176075269
2014-03-19,29.94,29.94,0,-0.005645964796,-0.005645964796
2014-03-20,29.4,29.4,0,-0.01803607214,-0.01803607214
2014-03-21,29.47,29.47,0,0.002380952381,0.002380952381
2014-03-24,29.4,29.4,0,-0.002375296912,-0.002375296912
2014-03-25,29.67,29.67,0,0.009183673469,0.009183673469
2014-03-26,29.98,29.98,0,0.01044826424,0.01044826424
2014-03-27,30,30,0,0.0006671114076,0.0006671114076
2014-03-28,29.96,29.96,0,-0.001333333333,-0.001333333333
2014-03-31,29.9,29.9,0,-0.002002670227,-0.002002670227
2014-04-01,30.1,30.1,0,0.006688963211,0.006688963211
2014-04-02,30.25,30.25,0,0.004983388704,0.004983388704
2014-04-03,30.25,30.25,0,0,0
2014-04-07,30.25,30.25,0,0,0
2014-04-08,30.34,30.34,0,0.002975206612,0.002975206612
2014-04-09,30.27,30.27,0,-0.002307185234,-0.002307185234
2014-04-10,30.22,30.22,0,-0.001651800463,-0.001651800463
2014-04-11,30.02,30.02,0,-0.006618133686,-0.006618133686
2014-04-14,29.99,29.99,0,-0.0009993337775,-0.0009993337775
2014-04-15,30.05,30.05,0,0.002000666889,0.002000666889
2014-04-16,30.02,30.02,0,-0.0009983361065,-0.0009983361065
2014-04-17,30.21,30.21,0,0.006329113924,0.006329113924
2014-04-18,30.29,30.29,0,0.002648129758,0.002648129758
2014-04-21,30.26,30.26,0,-0.0009904258831,-0.0009904258831
2014-04-22,30.14,30.14,0,-0.003965631196,-0.003965631196
2014-04-23,30.11,30.11,0,-0.00099535501,-0.00099535501
2014-04-24,30.19,30.19,0,0.00265692461,0.00265692461
2014-04-25,29.61,29.61,0,-0.01921165949,-0.01921165949
2014-04-28,29.79,29.79,0,0.006079027356,0.006079027356
2014-04-29,30.1,30.1,0,0.01040617657,0.01040617657
2014-04-30,29.85,29.85,0,-0.008305647841,-0.008305647841
2014-05-02,29.71,29.71,0,-0.004690117253,-0.004690117253
2014-05-05,29.64,29.64,0,-0.002356109054,-0.002356109054
2014-05-06,29.99,29.99,0,0.01180836707,0.01180836707
2014-05-07,29.78,29.78,0,-0.007002334111,-0.007002334111
2014-05-08,30.1,30.1,0,0.01074546676,0.01074546676
2014-05-09,29.78,29.78,0,-0.01063122924,-0.01063122924
2014-05-12,30,30,0,0.007387508395,0.007387508395
2014-05-13,29.76,29.76,0,-0.008,-0.008
2014-05-14,30.29,30.29,0,0.01780913978,0.01780913978
2014-05-15,29.8,29.8,0,-0.01617695609,-0.01617695609
2014-05-16,29.64,29.64,0,-0.005369127517,-0.005369127517
2014-05-19,29.91,29.91,0,0.009109311741,0.009109311741
2014-05-20,29.99,29.99,0,0.002674690739,0.002674690739
2014-05-21,29.64,29.64,0,-0.01167055685,-0.01167055685
2014-05-22,29.95,29.95,0,0.01045883941,0.01045883941
2014-05-23,29.88,29.88,0,-0.002337228715,-0.002337228715
2014-05-26,29.97,29.97,0,0.003012048193,0.003012048193
2014-05-27,30,30,0,0.001001001001,0.001001001001
2014-05-28,30.38,30.38,0,0.01266666667,0.01266666667
2014-05-29,30.4,30.4,0,0.0006583278473,0.0006583278473
2014-05-30,30.4,30.4,0,0,0
2014-06-03,30.35,30.35,0,-0.001644736842,-0.001644736842
2014-06-04,30.37,30.37,0,0.0006589785832,0.0006589785832
2014-06-05,30.27,30.27,0,-0.003292723082,-0.003292723082
2014-06-06,30.38,30.38,0,0.003633961018,0.003633961018
2014-06-09,30.58,30.58,0,0.006583278473,0.006583278473
2014-06-10,30.62,30.62,0,0.001308044474,0.001308044474
2014-06-11,30.8,30.8,0,0.005878510777,0.005878510777
2014-06-12,30.79,30.79,0,-0.0003246753247,-0.0003246753247
2014-06-13,30.66,30.66,0,-0.004222150049,-0.004222150049
2014-06-16,31,31,0,0.01108936725,0.01108936725
2014-06-17,30.76,30.76,0,-0.007741935484,-0.007741935484
2014-06-18,30.84,30.84,0,0.002600780234,0.002600780234
2014-06-19,30.87,30.87,0,0.0009727626459,0.0009727626459
2014-06-20,30.87,30.87,0,0,0
2014-06-23,30.57,30.57,0,-0.009718172983,-0.009718172983
2014-06-24,30.75,30.75,0,0.005888125613,0.005888125613
2014-06-25,30.53,30.53,0,-0.007154471545,-0.007154471545
2014-06-26,30.88,30.88,0,0.01146413364,0.01146413364
2014-06-27,30.87,30.87,0,-0.0003238341969,-0.0003238341969
2014-06-30,30.88,30.88,0,0.0003239390994,0.0003239390994
2014-07-01,31.1,31.1,0,0.007124352332,0.007124352332
2014-07-02,31.1,31.1,0,0,0
2014-07-03,31.12,31.12,0,0.0006430868167,0.0006430868167
2014-07-04,31.29,31.29,0,0.005462724936,0.005462724936
2014-07-07,31.1,31.1,0,-0.006072227549,-0.006072227549
2014-07-08,31.27,31.27,0,0.005466237942,0.005466237942
2014-07-09,31.29,31.29,0,0.000639590662,0.000639590662
2014-07-10,31.32,31.32,0,0.0009587727709,0.0009587727709
2014-07-11,31,31,0,-0.01021711367,-0.01021711367
2014-07-14,31.2,31.2,0,0.006451612903,0.006451612903
2014-07-15,31.26,31.26,0,0.001923076923,0.001923076923
2014-07-16,31.02,31.02,0,-0.007677543186,-0.007677543186
2014-07-17,31.12,31.12,0,0.003223726628,0.003223726628
2014-07-18,31.21,31.21,0,0.002892030848,0.002892030848
2014-07-21,31.34,31.34,0,0.004165331624,0.004165331624
2014-07-22,31.38,31.38,0,0.001276324186,0.001276324186
2014-07-24,31.7,31.7,0,0.01019757808,0.01019757808
2014-07-25,31.52,31.52,0,-0.005678233438,-0.005678233438
2014-07-28,31.49,31.49,0,-0.0009517766497,-0.0009517766497
2014-07-29,31.68,31.68,0,0.00603366148,0.00603366148
2014-07-30,31.66,31.66,0,-0.0006313131313,-0.0006313131313
2014-07-31,31.35,31.35,0,-0.00979153506,-0.00979153506
2014-08-01,31.17,31.17,0,-0.005741626794,-0.005741626794
2014-08-04,31.28,31.28,0,0.003529034328,0.003529034328
2014-08-05,31.11,31.11,0,-0.005434782609,-0.005434782609
2014-08-06,30.95,30.95,0,-0.005143040823,-0.005143040823
2014-08-07,30.8,30.8,0,-0.004846526656,-0.004846526656
2014-08-08,30.46,30.46,0,-0.01103896104,-0.01103896104
2014-08-11,30.7,30.7,0,0.007879185817,0.007879185817
2014-08-12,30.87,30.87,0,0.005537459283,0.005537459283
2014-08-13,31.1,31.1,0,0.007450599287,0.007450599287
2014-08-14,31.1,31.1,0,0,0
2014-08-15,30.81,30.81,0,-0.009324758842,-0.009324758842
2014-08-18,30.9,30.9,0,0.002921129503,0.002921129503
2014-08-19,30.82,30.82,0,-0.002588996764,-0.002588996764
2014-08-20,30.9,30.9,0,0.002595717067,0.002595717067
2014-08-21,30.87,30.87,0,-0.0009708737864,-0.0009708737864
2014-08-22,31.12,31.12,0,0.008098477486,0.008098477486
2014-08-25,31.13,31.13,0,0.0003213367609,0.0003213367609
2014-08-26,31.38,31.38,0,0.00803083842,0.00803083842
2014-08-27,31.64,31.64,0,0.008285532186,0.008285532186
2014-08-28,31.55,31.55,0,-0.002844500632,-0.002844500632
2014-08-29,31.72,31.72,0,0.005388272583,0.005388272583
2014-09-01,31.79,31.79,0,0.002206809584,0.002206809584
2014-09-02,31.5,31.5,0,-0.009122365524,-0.009122365524
2014-09-03,31.48,31.48,0,-0.0006349206349,-0.0006349206349
2014-09-04,31.37,31.37,0,-0.003494282084,-0.003494282084
2014-09-05,31.64,31.64,0,0.008606949315,0.008606949315
2014-09-09,31.38,31.38,0,-0.008217446271,-0.008217446271
2014-09-10,31.22,31.22,0,-0.005098789038,-0.005098789038
2014-09-11,31.15,31.15,0,-0.002242152466,-0.002242152466
2014-09-12,30.85,30.85,0,-0.00963081862,-0.00963081862
2014-09-15,30.62,30.62,0,-0.007455429498,-0.007455429498
2014-09-16,30.46,30.46,0,-0.005225342913,-0.005225342913
2014-09-17,30.71,30.71,0,0.008207485227,0.008207485227
2014-09-18,30.6,30.6,0,-0.003581895148,-0.003581895148
2014-09-19,30.76,30.76,0,0.00522875817,0.00522875817
2014-09-22,30.42,30.42,0,-0.01105331599,-0.01105331599
2014-09-23,30.35,30.35,0,-0.002301117686,-0.002301117686
2014-09-24,30.35,30.35,0,0,0
2014-09-25,29.98,29.98,0,-0.01219110379,-0.01219110379
2014-09-26,29.84,29.84,0,-0.004669779853,-0.004669779853
2014-09-29,29.95,29.95,0,0.003686327078,0.003686327078
2014-09-30,29.8,29.8,0,-0.005008347245,-0.005008347245
2014-10-01,29.91,29.91,0,0.003691275168,0.003691275168
2014-10-02,30.19,30.19,0,0.009361417586,0.009361417586
2014-10-03,30.18,30.18,0,-0.0003312355084,-0.0003312355084
2014-10-06,30.29,30.29,0,0.003644797879,0.003644797879
2014-10-07,30.02,30.02,0,-0.008913832948,-0.008913832948
2014-10-08,29.9,29.9,0,-0.00399733511,-0.00399733511
2014-10-09,29.65,29.65,0,-0.008361204013,-0.008361204013
2014-10-13,28.9,28.9,0,-0.02529510961,-0.02529510961
2014-10-14,29.29,29.29,0,0.01349480969,0.01349480969
2014-10-15,29.29,29.29,0,0,0
2014-10-16,28.21,28.21,0,-0.03687265278,-0.03687265278
2014-10-17,27.83,27.83,0,-0.01347040057,-0.01347040057
2014-10-20,28.3,28.3,0,0.01688825009,0.01688825009
2014-10-21,28.23,28.23,0,-0.002473498233,-0.002473498233
2014-10-22,28.59,28.59,0,0.01275239107,0.01275239107
2014-10-23,28.5,28.5,0,-0.00314795383,-0.00314795383
2014-10-24,28.13,28.13,0,-0.01298245614,-0.01298245614
2014-10-27,28.13,28.13,0,0,0
2014-10-28,28.46,28.46,0,0.01173124778,0.01173124778
2014-10-29,29.01,29.01,0,0.01932536894,0.01932536894
2014-10-30,28.83,28.83,0,-0.00620475698,-0.00620475698
2014-10-31,28.99,28.99,0,0.00554977454,0.00554977454
2014-11-03,29.35,29.35,0,0.0124180752,0.0124180752
2014-11-04,29.44,29.44,0,0.003066439523,0.003066439523
2014-11-05,29.48,29.48,0,0.001358695652,0.001358695652
2014-11-06,28.88,28.88,0,-0.02035278155,-0.02035278155
2014-11-07,28.81,28.81,0,-0.002423822715,-0.002423822715
2014-11-10,29.38,29.38,0,0.01978479695,0.01978479695
2014-11-11,29.4,29.4,0,0.000680735194,0.000680735194
2014-11-12,29.39,29.39,0,-0.0003401360544,-0.0003401360544
2014-11-13,29.19,29.19,0,-0.006805035726,-0.006805035726
2014-11-14,29.23,29.23,0,0.001370332306,0.001370332306
2014-11-17,29,29,0,-0.007868628122,-0.007868628122
2014-11-18,28.94,28.94,0,-0.002068965517,-0.002068965517
2014-11-19,29,29,0,0.00207325501,0.00207325501
2014-11-20,29.36,29.36,0,0.0124137931,0.0124137931
2014-11-21,29.38,29.38,0,0.0006811989101,0.0006811989101
2014-11-24,29.55,29.55,0,0.005786249149,0.005786249149
2014-11-25,28.87,28.87,0.75,0.002368866328,0.002368866328
2014-11-26,28.88,28.88,0,0.0003463803256,0.0003463803256
2014-11-27,29.04,29.04,0,0.005540166205,0.005540166205
2014-11-28,28.88,28.88,0,-0.005509641873,-0.005509641873
2014-12-01,28.72,28.72,0,-0.005540166205,-0.005540166205
2014-12-02,28.63,28.63,0,-0.003133704735,-0.003133704735
2014-12-03,29.16,29.16,0,0.0185120503,0.0185120503
2014-12-04,29.43,29.43,0,0.009259259259,0.009259259259
2014-12-05,29.51,29.51,0,0.002718314645,0.002718314645
2014-12-08,29.51,29.51,0,0,0
2014-12-09,29.35,29.35,0,-0.005421890884,-0.005421890884
2014-12-10,29.04,29.04,0,-0.01056218058,-0.01056218058
2014-12-11,28.99,28.99,0,-0.001721763085,-0.001721763085
2014-12-12,29.27,29.27,0,0.009658502932,0.009658502932
2014-12-15,28.96,28.96,0,-0.01059104886,-0.01059104886
2014-12-16,29.07,29.07,0,0.003798342541,0.003798342541
2014-12-17,28.7,28.7,0,-0.01272789818,-0.01272789818
2014-12-18,28.79,28.79,0,0.003135888502,0.003135888502
2014-12-19,28.9,28.9,0,0.003820771101,0.003820771101
2014-12-22,29.1,29.1,0,0.006920415225,0.006920415225
2014-12-23,29.27,29.27,0,0.005841924399,0.005841924399
2014-12-24,29.32,29.32,0,0.001708233686,0.001708233686
2014-12-25,29.43,29.43,0,0.003751705321,0.003751705321
2014-12-26,29.52,29.52,0,0.003058103976,0.003058103976
2014-12-27,29.85,29.85,0,0.01117886179,0.01117886179
2014-12-29,29.84,29.84,0,-0.0003350083752,-0.0003350083752
2014-12-30,30,30,0,0.005361930295,0.005361930295
2014-12-31,30.1,30.1,0,0.003333333333,0.003333333333
2015-01-05,29.8,29.8,0,-0.009966777409,-0.009966777409
2015-01-06,29.2,29.2,0,-0.02013422819,-0.02013422819
2015-01-07,29.29,29.29,0,0.003082191781,0.003082191781
2015-01-08,29.8,29.8,0,0.01741208604,0.01741208604
2015-01-09,29.85,29.85,0,0.001677852349,0.001677852349
2015-01-12,29.59,29.59,0,-0.008710217755,-0.008710217755
2015-01-13,29.91,29.91,0,0.01081446435,0.01081446435
2015-01-14,29.93,29.93,0,0.0006686726847,0.0006686726847
2015-01-15,29.78,29.78,0,-0.005011693953,-0.005011693953
2015-01-16,29.51,29.51,0,-0.009066487576,-0.009066487576
2015-01-19,29.7,29.7,0,0.006438495425,0.006438495425
2015-01-20,29.74,29.74,0,0.001346801347,0.001346801347
2015-01-21,29.9,29.9,0,0.00537995965,0.00537995965
2015-01-22,30.08,30.08,0,0.00602006689,0.00602006689
2015-01-23,30.17,30.17,0,0.002992021277,0.002992021277
2015-01-26,30.08,30.08,0,-0.002983095791,-0.002983095791
2015-01-27,30.17,30.17,0,0.002992021277,0.002992021277
2015-01-28,30.4,30.4,0,0.00762346702,0.00762346702
2015-01-29,30.08,30.08,0,-0.01052631579,-0.01052631579
2015-01-30,30.07,30.07,0,-0.0003324468085,-0.0003324468085
2015-02-02,30,30,0,-0.002327901563,-0.002327901563
2015-02-03,30.02,30.02,0,0.0006666666667,0.0006666666667
2015-02-04,30.17,30.17,0,0.004996668887,0.004996668887
2015-02-05,30.09,30.09,0,-0.002651640703,-0.002651640703
2015-02-06,29.95,29.95,0,-0.004652708541,-0.004652708541
2015-02-09,30.1,30.1,0,0.005008347245,0.005008347245
2015-02-10,30.09,30.09,0,-0.0003322259136,-0.0003322259136
2015-02-11,30,30,0,-0.002991026919,-0.002991026919
2015-02-12,30.1,30.1,0,0.003333333333,0.003333333333
2015-02-13,30.12,30.12,0,0.0006644518272,0.0006644518272
2015-02-24,30.4,30.4,0,0.009296148738,0.009296148738
2015-02-25,30.55,30.55,0,0.004934210526,0.004934210526
2015-02-26,30.55,30.55,0,0,0
2015-03-02,30.8,30.8,0,0.008183306056,0.008183306056
2015-03-03,30.65,30.65,0,-0.00487012987,-0.00487012987
2015-03-04,30.7,30.7,0,0.00163132137,0.00163132137
2015-03-05,30.65,30.65,0,-0.001628664495,-0.001628664495
2015-03-06,30.7,30.7,0,0.00163132137,0.00163132137
2015-03-09,30.59,30.59,0,-0.003583061889,-0.003583061889
2015-03-10,30.5,30.5,0,-0.002942137954,-0.002942137954
2015-03-11,30.79,30.79,0,0.009508196721,0.009508196721
2015-03-12,30.6,30.6,0,-0.006170834687,-0.006170834687
2015-03-13,30.53,30.53,0,-0.002287581699,-0.002287581699
2015-03-16,30.54,30.54,0,0.0003275466754,0.0003275466754
2015-03-17,30.55,30.55,0,0.0003274394237,0.0003274394237
2015-03-18,30.51,30.51,0,-0.001309328969,-0.001309328969
2015-03-19,30.8,30.8,0,0.009505080302,0.009505080302
2015-03-20,30.88,30.88,0,0.002597402597,0.002597402597
2015-03-23,30.88,30.88,0,0,0
2015-03-24,30.5,30.5,0,-0.01230569948,-0.01230569948
2015-03-25,30.54,30.54,0,0.00131147541,0.00131147541
2015-03-26,30.31,30.31,0,-0.007531106745,-0.007531106745
2015-03-27,30.6,30.6,0,0.009567799406,0.009567799406
2015-03-30,30.25,30.25,0,-0.0114379085,-0.0114379085
2015-03-31,30.4,30.4,0,0.004958677686,0.004958677686
2015-04-01,30.15,30.15,0,-0.008223684211,-0.008223684211
2015-04-02,30.3,30.3,0,0.004975124378,0.004975124378
2015-04-07,30.4,30.4,0,0.003300330033,0.003300330033
2015-04-08,30.4,30.4,0,0,0
2015-04-09,30.4,30.4,0,0,0
2015-04-10,30.35,30.35,0,-0.001644736842,-0.001644736842
2015-04-13,30.42,30.42,0,0.002306425041,0.002306425041
2015-04-14,30.2,30.2,0,-0.007232084155,-0.007232084155
2015-04-15,30.43,30.43,0,0.00761589404,0.00761589404
2015-04-16,30.55,30.55,0,0.003943476832,0.003943476832
2015-04-17,30.45,30.45,0,-0.003273322422,-0.003273322422
2015-04-20,30.11,30.11,0,-0.01116584565,-0.01116584565
2015-04-21,30.08,30.08,0,-0.0009963467287,-0.0009963467287
2015-04-22,30.22,30.22,0,0.004654255319,0.004654255319
2015-04-23,30.6,30.6,0,0.012574454,0.012574454
2015-04-24,30.65,30.65,0,0.001633986928,0.001633986928
2015-04-27,30.95,30.95,0,0.009787928222,0.009787928222
2015-04-28,31.08,31.08,0,0.004200323102,0.004200323102
2015-04-29,31.15,31.15,0,0.002252252252,0.002252252252
2015-04-30,30.84,30.84,0,-0.009951845907,-0.009951845907
2015-05-04,30.7,30.7,0,-0.004539559014,-0.004539559014
2015-05-05,30.7,30.7,0,0,0
2015-05-06,30.6,30.6,0,-0.00325732899,-0.00325732899
2015-05-07,30.4,30.4,0,-0.006535947712,-0.006535947712
2015-05-08,30.3,30.3,0,-0.003289473684,-0.003289473684
2015-05-11,30.11,30.11,0,-0.006270627063,-0.006270627063
2015-05-12,30.45,30.45,0,0.01129192959,0.01129192959
2015-05-13,30.6,30.6,0,0.004926108374,0.004926108374
2015-05-14,29.86,29.86,0,-0.02418300654,-0.02418300654
2015-05-15,29.64,29.64,0,-0.007367716008,-0.007367716008
2015-05-18,29.63,29.63,0,-0.0003373819163,-0.0003373819163
2015-05-19,30,30,0,0.01248734391,0.01248734391
2015-05-20,29.91,29.91,0,-0.003,-0.003
2015-05-21,29.4,29.4,0,-0.01705115346,-0.01705115346
2015-05-22,29.46,29.46,0,0.002040816327,0.002040816327
2015-05-25,29.45,29.45,0,-0.000339443313,-0.000339443313
2015-05-26,29.8,29.8,0,0.01188455008,0.01188455008
2015-05-27,29.99,29.99,0,0.006375838926,0.006375838926
2015-05-28,29.85,29.85,0,-0.004668222741,-0.004668222741
2015-05-29,29.76,29.76,0,-0.003015075377,-0.003015075377
2015-06-01,29.76,29.76,0,0,0
2015-06-02,29.69,29.69,0,-0.002352150538,-0.002352150538
2015-06-03,29.31,29.31,0,-0.0127989222,-0.0127989222
2015-06-04,29.3,29.3,0,-0.0003411804845,-0.0003411804845
2015-06-05,28.96,28.96,0,-0.01160409556,-0.01160409556
2015-06-08,28.95,28.95,0,-0.0003453038674,-0.0003453038674
2015-06-09,28.25,28.25,0,-0.02417962003,-0.02417962003
2015-06-10,28.4,28.4,0,0.005309734513,0.005309734513
2015-06-11,29.55,29.55,0,0.04049295775,0.04049295775
2015-06-12,29.5,29.5,0,-0.001692047377,-0.001692047377
2015-06-15,28.91,28.91,0,-0.02,-0.02
2015-06-16,28.7,28.7,0,-0.007263922518,-0.007263922518
2015-06-17,28.25,28.25,0,-0.01567944251,-0.01567944251
2015-06-18,28.26,28.26,0,0.0003539823009,0.0003539823009
2015-06-22,28.6,28.6,0,0.01203113942,0.01203113942
2015-06-23,28.55,28.55,0,-0.001748251748,-0.001748251748
2015-06-24,28.4,28.4,0,-0.005253940455,-0.005253940455
2015-06-25,28.6,28.6,0,0.007042253521,0.007042253521
2015-06-26,28.55,28.55,0,-0.001748251748,-0.001748251748
2015-06-29,28.9,28.9,0,0.0122591944,0.0122591944
2015-06-30,28.57,28.57,0,-0.01141868512,-0.01141868512
2015-07-01,28.74,28.74,0,0.005950297515,0.005950297515
2015-07-02,28.42,28.42,0,-0.01113430759,-0.01113430759
2015-07-03,28.5,28.5,0,0.002814919071,0.002814919071
2015-07-06,28.7,28.7,0,0.00701754386,0.00701754386
2015-07-07,28.44,28.44,0,-0.009059233449,-0.009059233449
2015-07-08,27.91,27.91,0,-0.01863572433,-0.01863572433
2015-07-09,27.43,27.43,0,-0.01719813687,-0.01719813687
2015-07-13,27.6,27.6,0,0.006197593875,0.006197593875
2015-07-14,27.6,27.6,0,0,0
2015-07-15,27.5,27.5,0,-0.003623188406,-0.003623188406
2015-07-16,27.65,27.65,0,0.005454545455,0.005454545455
2015-07-17,27.68,27.68,0,0.001084990958,0.001084990958
2015-07-20,27.47,27.47,0,-0.007586705202,-0.007586705202
2015-07-21,27.26,27.26,0,-0.007644703313,-0.007644703313
2015-07-22,27.11,27.11,0,-0.005502567865,-0.005502567865
2015-07-23,26.6,26.6,0,-0.0188122464,-0.0188122464
2015-07-24,26.69,26.69,0,0.003383458647,0.003383458647
2015-07-27,26.45,26.45,0,-0.008992131885,-0.008992131885
2015-07-28,26.19,26.19,0,-0.009829867675,-0.009829867675
2015-07-29,26.32,26.32,0,0.004963726613,0.004963726613
2015-07-30,26.08,26.08,0,-0.009118541033,-0.009118541033
2015-07-31,25.98,25.98,0,-0.003834355828,-0.003834355828
2015-08-03,26,26,0,0.0007698229407,0.0007698229407
2015-08-04,26.05,26.05,0,0.001923076923,0.001923076923
2015-08-05,26.05,26.05,0,0,0
2015-08-06,25.62,25.62,0,-0.01650671785,-0.01650671785
2015-08-07,25.15,25.15,0,-0.01834504294,-0.01834504294
2015-08-10,25.65,25.65,0,0.01988071571,0.01988071571
2015-08-11,25.64,25.64,0,-0.0003898635478,-0.0003898635478
2015-08-12,25.4,25.4,0,-0.009360374415,-0.009360374415
2015-08-13,25.5,25.5,0,0.003937007874,0.003937007874
2015-08-14,25.49,25.49,0,-0.0003921568627,-0.0003921568627
2015-08-17,25.3,25.3,0,-0.007453903492,-0.007453903492
2015-08-18,25.3,25.3,0,0,0
2015-08-19,24.86,24.86,0,-0.01739130435,-0.01739130435
2015-08-20,24.8,24.8,0,-0.002413515688,-0.002413515688
2015-08-21,24.31,24.31,0,-0.01975806452,-0.01975806452
2015-08-24,22.25,22.25,0,-0.08473879062,-0.08473879062
2015-08-25,23,23,0,0.03370786517,0.03370786517
2015-08-26,23.39,23.39,0,0.01695652174,0.01695652174
2015-08-27,23.75,23.75,0,0.01539119282,0.01539119282
2015-08-28,24.24,24.24,0,0.02063157895,0.02063157895
2015-08-31,24.14,24.14,0,-0.004125412541,-0.004125412541
2015-09-01,24.19,24.19,0,0.002071251036,0.002071251036
2015-09-02,24.39,24.39,0,0.008267879289,0.008267879289
2015-09-03,24.57,24.57,0,0.007380073801,0.007380073801
2015-09-04,24.59,24.59,0,0.000814000814,0.000814000814
2015-09-07,24.51,24.51,0,-0.003253355022,-0.003253355022
2015-09-08,24.67,24.67,0,0.006527947776,0.006527947776
2015-09-09,25.3,25.3,0,0.02553708958,0.02553708958
2015-09-10,25.22,25.22,0,-0.003162055336,-0.003162055336
2015-09-11,25.49,25.49,0,0.01070578906,0.01070578906
2015-09-14,25.49,25.49,0,0,0
2015-09-15,25.2,25.2,0,-0.01137701059,-0.01137701059
2015-09-16,25.34,25.34,0,0.005555555556,0.005555555556
2015-09-17,25.79,25.79,0,0.01775848461,0.01775848461
2015-09-18,25.97,25.97,0,0.006979449399,0.006979449399
2015-09-21,25.7,25.7,0,-0.01039661147,-0.01039661147
2015-09-22,25.71,25.71,0,0.0003891050584,0.0003891050584
2015-09-23,25.21,25.21,0,-0.01944768573,-0.01944768573
2015-09-24,24.91,24.91,0,-0.01190003967,-0.01190003967
2015-09-25,24.87,24.87,0,-0.001605780811,-0.001605780811
2015-09-30,25.08,25.08,0,0.008443908323,0.008443908323
2015-10-01,26,26,0,0.03668261563,0.03668261563
2015-10-02,25.42,25.42,0,-0.02230769231,-0.02230769231
2015-10-05,25.64,25.64,0,0.008654602675,0.008654602675
2015-10-06,25.75,25.75,0,0.004290171607,0.004290171607
2015-10-07,25.94,25.94,0,0.007378640777,0.007378640777
2015-10-08,25.8,25.8,0,-0.005397070162,-0.005397070162
2015-10-12,25.99,25.99,0,0.007364341085,0.007364341085
2015-10-13,26.23,26.23,0,0.009234320893,0.009234320893
2015-10-14,26.31,26.31,0,0.003049942814,0.003049942814
2015-10-15,26.31,26.31,0,0,0
2015-10-16,26.25,26.25,0,-0.00228050171,-0.00228050171
2015-10-19,26.35,26.35,0,0.00380952381,0.00380952381
2015-10-20,26.89,26.89,0,0.02049335863,0.02049335863
2015-10-21,26.5,26.5,0,-0.01450353291,-0.01450353291
2015-10-22,26.42,26.42,0,-0.003018867925,-0.003018867925
2015-10-23,27,27,0,0.02195306586,0.02195306586
2015-10-26,26.9,26.9,0,-0.003703703704,-0.003703703704
2015-10-27,26.8,26.8,0,-0.003717472119,-0.003717472119
2015-10-28,26.78,26.78,0,-0.0007462686567,-0.0007462686567
2015-10-29,26.49,26.49,0,-0.01082897685,-0.01082897685
2015-10-30,26.3,26.3,0,-0.007172517931,-0.007172517931
2015-11-02,26.33,26.33,0,0.001140684411,0.001140684411
2015-11-03,26.79,26.79,0,0.01747056589,0.01747056589
2015-11-04,27.05,27.05,0,0.009705113848,0.009705113848
2015-11-05,27.15,27.15,0,0.003696857671,0.003696857671
2015-11-06,26.96,26.96,0,-0.006998158379,-0.006998158379
2015-11-09,26.5,26.5,0,-0.01706231454,-0.01706231454
2015-11-10,26.38,26.38,0,-0.004528301887,-0.004528301887
2015-11-11,25.84,25.84,0,-0.02047005307,-0.02047005307
2015-11-12,25.85,25.85,0,0.000386996904,0.000386996904
2015-11-13,25.5,25.5,0,-0.01353965184,-0.01353965184
2015-11-16,25.28,25.28,0,-0.00862745098,-0.00862745098
2015-11-17,25.7,25.7,0,0.01661392405,0.01661392405
2015-11-18,25.56,25.56,0,-0.005447470817,-0.005447470817
2015-11-19,25.6,25.6,0,0.001564945227,0.001564945227
2015-11-20,25.62,25.62,0,0.00078125,0.00078125
2015-11-23,25.65,25.65,0,0.001170960187,0.001170960187
2015-11-24,24.81,24.81,0.85,0.0003898635478,0.0003898635478
2015-11-25,24.69,24.69,0,-0.004836759371,-0.004836759371
2015-11-26,25.15,25.15,0,0.01863102471,0.01863102471
2015-11-27,25.31,25.31,0,0.006361829026,0.006361829026
2015-11-30,24.82,24.82,0,-0.01935993678,-0.01935993678
2015-12-01,25.19,25.19,0,0.0149073328,0.0149073328
2015-12-02,25.12,25.12,0,-0.002778880508,-0.002778880508
2015-12-03,25.5,25.5,0,0.01512738854,0.01512738854
2015-12-04,25.63,25.63,0,0.005098039216,0.005098039216
2015-12-07,25.44,25.44,0,-0.007413187671,-0.007413187671
2015-12-08,25.24,25.24,0,-0.00786163522,-0.00786163522
2015-12-09,25.33,25.33,0,0.003565768621,0.003565768621
2015-12-10,24.86,24.86,0,-0.01855507304,-0.01855507304
2015-12-11,24.72,24.72,0,-0.005631536605,-0.005631536605
2015-12-14,24.09,24.09,0,-0.02548543689,-0.02548543689
2015-12-15,24.21,24.21,0,0.00498132005,0.00498132005
2015-12-16,24.41,24.41,0,0.008261049153,0.008261049153
2015-12-17,24.69,24.69,0,0.01147070873,0.01147070873
2015-12-18,24.85,24.85,0,0.00648035642,0.00648035642
2015-12-21,24.51,24.51,0,-0.01368209256,-0.01368209256
2015-12-22,24.83,24.83,0,0.01305589555,0.01305589555
2015-12-23,24.9,24.9,0,0.002819170358,0.002819170358
2015-12-24,24.95,24.95,0,0.002008032129,0.002008032129
2015-12-25,24.85,24.85,0,-0.004008016032,-0.004008016032
2015-12-28,24.84,24.84,0,-0.0004024144869,-0.0004024144869
2015-12-29,24.89,24.89,0,0.002012882448,0.002012882448
2015-12-30,24.65,24.65,0,-0.009642426677,-0.009642426677
2015-12-31,24.77,24.77,0,0.004868154158,0.004868154158
2016-01-04,24.28,24.28,0,-0.01978199435,-0.01978199435
2016-01-05,24.68,24.68,0,0.01647446458,0.01647446458
2016-01-06,23.83,23.83,0,-0.03444084279,-0.03444084279
2016-01-07,23.25,23.25,0,-0.0243390684,-0.0243390684
2016-01-08,23.41,23.41,0,0.00688172043,0.00688172043
2016-01-11,23.2,23.2,0,-0.008970525416,-0.008970525416
2016-01-12,22.94,22.94,0,-0.01120689655,-0.01120689655
2016-01-13,23.07,23.07,0,0.00566695728,0.00566695728
2016-01-14,22.69,22.69,0,-0.01647160815,-0.01647160815
2016-01-15,22.31,22.31,0,-0.01674746584,-0.01674746584
2016-01-18,23.05,23.05,0,0.03316898252,0.03316898252
2016-01-19,23.36,23.36,0,0.01344902386,0.01344902386
2016-01-20,22.99,22.99,0,-0.0158390411,-0.0158390411
2016-01-21,22.7,22.7,0,-0.01261418008,-0.01261418008
2016-01-22,22.82,22.82,0,0.005286343612,0.005286343612
2016-01-25,23.18,23.18,0,0.01577563541,0.01577563541
2016-01-26,23.18,23.18,0,0,0
2016-01-27,23.32,23.32,0,0.006039689387,0.006039689387
2016-01-28,23.52,23.52,0,0.008576329331,0.008576329331
2016-01-29,23.75,23.75,0,0.009778911565,0.009778911565
2016-01-30,24.19,24.19,0,0.01852631579,0.01852631579
2016-02-01,24.06,24.06,0,-0.005374121538,-0.005374121538
2016-02-02,24.15,24.15,0,0.003740648379,0.003740648379
2016-02-03,23.96,23.96,0,-0.007867494824,-0.007867494824
2016-02-15,23.75,23.75,0,-0.008764607679,-0.008764607679
2016-02-16,24.1,24.1,0,0.01473684211,0.01473684211
2016-02-17,24.27,24.27,0,0.007053941909,0.007053941909
2016-02-18,24.45,24.45,0,0.007416563659,0.007416563659
2016-02-19,24.35,24.35,0,-0.00408997955,-0.00408997955
2016-02-22,24.5,24.5,0,0.006160164271,0.006160164271
2016-02-23,24.45,24.45,0,-0.002040816327,-0.002040816327
2016-02-24,24.27,24.27,0,-0.00736196319,-0.00736196319
2016-02-25,24.4,24.4,0,0.005356407087,0.005356407087
2016-02-26,24.6,24.6,0,0.008196721311,0.008196721311
2016-03-01,24.96,24.96,0,0.01463414634,0.01463414634
2016-03-02,25.23,25.23,0,0.01081730769,0.01081730769
2016-03-03,25.11,25.11,0,-0.004756242568,-0.004756242568
2016-03-04,25.33,25.33,0,0.008761449622,0.008761449622
2016-03-07,25.34,25.34,0,0.000394788788,0.000394788788
2016-03-08,25.3,25.3,0,-0.001578531965,-0.001578531965
2016-03-09,25.4,25.4,0,0.00395256917,0.00395256917
2016-03-10,25.44,25.44,0,0.00157480315,0.00157480315
2016-03-11,25.66,25.66,0,0.008647798742,0.008647798742
2016-03-14,25.85,25.85,0,0.007404520655,0.007404520655
2016-03-15,25.11,25.11,0,-0.02862669246,-0.02862669246
2016-03-16,25.41,25.41,0,0.0119474313,0.0119474313
2016-03-17,25.41,25.41,0,0,0
2016-03-18,25.53,25.53,0,0.004722550177,0.004722550177
2016-03-21,25.78,25.78,0,0.009792401097,0.009792401097
2016-03-22,25.65,25.65,0,-0.005042668735,-0.005042668735
2016-03-23,25.4,25.4,0,-0.009746588694,-0.009746588694
2016-03-24,25.2,25.2,0,-0.007874015748,-0.007874015748
2016-03-25,25.24,25.24,0,0.001587301587,0.001587301587
2016-03-28,25.01,25.01,0,-0.00911251981,-0.00911251981
2016-03-29,24.73,24.73,0,-0.01119552179,-0.01119552179
2016-03-30,25.06,25.06,0,0.01334411646,0.01334411646
2016-03-31,24.95,24.95,0,-0.004389465283,-0.004389465283
2016-04-01,24.85,24.85,0,-0.004008016032,-0.004008016032
2016-04-06,24.57,24.57,0,-0.01126760563,-0.01126760563
2016-04-07,24.44,24.44,0,-0.005291005291,-0.005291005291
2016-04-08,24.6,24.6,0,0.006546644845,0.006546644845
2016-04-11,24.58,24.58,0,-0.0008130081301,-0.0008130081301
2016-04-12,24.55,24.55,0,-0.001220504475,-0.001220504475
2016-04-13,24.83,24.83,0,0.01140529532,0.01140529532
2016-04-14,24.85,24.85,0,0.0008054772453,0.0008054772453
2016-04-15,24.87,24.87,0,0.0008048289738,0.0008048289738
2016-04-18,24.8,24.8,0,-0.002814636108,-0.002814636108
2016-04-19,24.77,24.77,0,-0.001209677419,-0.001209677419
2016-04-20,24.55,24.55,0,-0.008881711748,-0.008881711748
2016-04-21,24.48,24.48,0,-0.002851323829,-0.002851323829
2016-04-22,24.25,24.25,0,-0.009395424837,-0.009395424837
2016-04-25,24.44,24.44,0,0.007835051546,0.007835051546
2016-04-26,24.64,24.64,0,0.008183306056,0.008183306056
2016-04-27,24.6,24.6,0,-0.001623376623,-0.001623376623
2016-04-28,24.39,24.39,0,-0.008536585366,-0.008536585366
2016-04-29,24.09,24.09,0,-0.012300123,-0.012300123
2016-05-03,23.89,23.89,0,-0.008302200083,-0.008302200083
2016-05-04,23.42,23.42,0,-0.01967350356,-0.01967350356
2016-05-05,23.4,23.4,0,-0.000853970965,-0.000853970965
2016-05-06,23.22,23.22,0,-0.007692307692,-0.007692307692
2016-05-09,23.25,23.25,0,0.001291989664,0.001291989664
2016-05-10,23.25,23.25,0,0,0
2016-05-11,23.07,23.07,0,-0.007741935484,-0.007741935484
2016-05-12,23.02,23.02,0,-0.002167316862,-0.002167316862
2016-05-13,22.58,22.58,0,-0.01911381407,-0.01911381407
2016-05-16,22.79,22.79,0,0.009300265722,0.009300265722
2016-05-17,23.05,23.05,0,0.01140851251,0.01140851251
2016-05-18,23.05,23.05,0,0,0
2016-05-19,22.99,22.99,0,-0.002603036876,-0.002603036876
2016-05-20,23.1,23.1,0,0.004784688995,0.004784688995
2016-05-23,23.42,23.42,0,0.01385281385,0.01385281385
2016-05-24,23.41,23.41,0,-0.0004269854825,-0.0004269854825
2016-05-25,23.54,23.54,0,0.005553182401,0.005553182401
2016-05-26,23.77,23.77,0,0.009770603229,0.009770603229
2016-05-27,23.94,23.94,0,0.007151872108,0.007151872108
2016-05-30,24.11,24.11,0,0.007101086048,0.007101086048
2016-05-31,24.12,24.12,0,0.0004147656574,0.0004147656574
2016-06-01,24.31,24.31,0,0.007877280265,0.007877280265
2016-06-02,24.32,24.32,0,0.0004113533525,0.0004113533525
2016-06-03,24.2,24.2,0,-0.004934210526,-0.004934210526
2016-06-04,24.36,24.36,0,0.006611570248,0.006611570248
2016-06-06,24.33,24.33,0,-0.001231527094,-0.001231527094
2016-06-07,24.45,24.45,0,0.004932182491,0.004932182491
2016-06-08,24.55,24.55,0,0.00408997955,0.00408997955
2016-06-13,24.18,24.18,0,-0.0150712831,-0.0150712831
2016-06-14,24.39,24.39,0,0.008684863524,0.008684863524
2016-06-15,24.43,24.43,0,0.0016400164,0.0016400164
2016-06-16,24.19,24.19,0,-0.009823986901,-0.009823986901
2016-06-17,24.23,24.23,0,0.001653575858,0.001653575858
2016-06-20,24.34,24.34,0,0.004539826661,0.004539826661
2016-06-21,24.53,24.53,0,0.007806080526,0.007806080526
2016-06-22,24.64,24.64,0,0.004484304933,0.004484304933
2016-06-23,24.64,24.64,0,0,0
2016-06-24,23.95,23.95,0,-0.02800324675,-0.02800324675
2016-06-27,24.21,24.21,0,0.0108559499,0.0108559499
2016-06-28,24.37,24.37,0,0.006608839323,0.006608839323
2016-06-29,24.63,24.63,0,0.01066885515,0.01066885515
2016-06-30,24.67,24.67,0,0.001624035729,0.001624035729
2016-07-01,24.84,24.84,0,0.006890960681,0.006890960681
2016-07-04,24.97,24.97,0,0.005233494364,0.005233494364
2016-07-05,24.97,24.97,0,0,0
2016-07-06,24.52,24.52,0,-0.01802162595,-0.01802162595
2016-07-07,24.64,24.64,0,0.004893964111,0.004893964111
2016-07-11,25.06,25.06,0,0.01704545455,0.01704545455
2016-07-12,25.14,25.14,0,0.003192338388,0.003192338388
2016-07-13,25.44,25.44,0,0.01193317422,0.01193317422
2016-07-14,25.57,25.57,0,0.005110062893,0.005110062893
2016-07-15,25.84,25.84,0,0.01055924912,0.01055924912
2016-07-18,25.89,25.89,0,0.00193498452,0.00193498452
2016-07-19,26.08,26.08,0,0.007338740827,0.007338740827
2016-07-20,25.99,25.99,0,-0.003450920245,-0.003450920245
2016-07-21,26.21,26.21,0,0.008464794152,0.008464794152
2016-07-22,26.24,26.24,0,0.001144601297,0.001144601297
2016-07-25,26.06,26.06,0,-0.006859756098,-0.006859756098
2016-07-26,26.2,26.2,0,0.005372217959,0.005372217959
2016-07-27,26.29,26.29,0,0.003435114504,0.003435114504
2016-07-28,26.4,26.4,0,0.004184100418,0.004184100418
2016-07-29,26.21,26.21,0,-0.007196969697,-0.007196969697
2016-08-01,26.4,26.4,0,0.007249141549,0.007249141549
2016-08-02,26.44,26.44,0,0.001515151515,0.001515151515
2016-08-03,26.3,26.3,0,-0.005295007564,-0.005295007564
2016-08-04,26.28,26.28,0,-0.0007604562738,-0.0007604562738
2016-08-05,26.74,26.74,0,0.01750380518,0.01750380518
2016-08-08,26.74,26.74,0,0,0
2016-08-09,26.64,26.64,0,-0.003739715782,-0.003739715782
2016-08-10,26.62,26.62,0,-0.0007507507508,-0.0007507507508
2016-08-11,26.5,26.5,0,-0.004507888805,-0.004507888805
2016-08-12,26.68,26.68,0,0.00679245283,0.00679245283
2016-08-15,26.46,26.46,0,-0.008245877061,-0.008245877061
2016-08-16,26.58,26.58,0,0.004535147392,0.004535147392
2016-08-17,26.17,26.17,0,-0.01542513168,-0.01542513168
2016-08-18,26.53,26.53,0,0.0137562094,0.0137562094
2016-08-19,26.4,26.4,0,-0.00490011308,-0.00490011308
2016-08-22,26.3,26.3,0,-0.003787878788,-0.003787878788
2016-08-23,26.28,26.28,0,-0.0007604562738,-0.0007604562738
2016-08-24,26.27,26.27,0,-0.0003805175038,-0.0003805175038
2016-08-25,26.43,26.43,0,0.00609059764,0.00609059764
2016-08-26,26.55,26.55,0,0.004540295119,0.004540295119
2016-08-29,26.52,26.52,0,-0.001129943503,-0.001129943503
2016-08-30,26.5,26.5,0,-0.000754147813,-0.000754147813
2016-08-31,26.5,26.5,0,0,0
2016-09-01,26.48,26.48,0,-0.0007547169811,-0.0007547169811
2016-09-02,26.33,26.33,0,-0.005664652568,-0.005664652568
2016-09-05,26.5,26.5,0,0.006456513483,0.006456513483
2016-09-06,26.83,26.83,0,0.01245283019,0.01245283019
2016-09-07,27,27,0,0.006336190831,0.006336190831
2016-09-08,27.15,27.15,0,0.005555555556,0.005555555556
2016-09-09,26.91,26.91,0,-0.008839779006,-0.008839779006
2016-09-10,26.5,26.5,0,-0.01523597176,-0.01523597176
2016-09-12,26.32,26.32,0,-0.00679245283,-0.00679245283
2016-09-13,26.38,26.38,0,0.002279635258,0.002279635258
2016-09-14,26.15,26.15,0,-0.008718726308,-0.008718726308
2016-09-19,26.69,26.69,0,0.0206500956,0.0206500956
2016-09-20,26.89,26.89,0,0.007493443237,0.007493443237
2016-09-21,26.96,26.96,0,0.002603198215,0.002603198215
2016-09-22,26.99,26.99,0,0.001112759644,0.001112759644
2016-09-23,26.41,26.41,0,-0.02148944053,-0.02148944053
2016-09-26,26.92,26.92,0,0.0193108671,0.0193108671
2016-09-29,27.04,27.04,0,0.004457652303,0.004457652303
2016-09-30,27.12,27.12,0,0.002958579882,0.002958579882
2016-10-03,26.99,26.99,0,-0.004793510324,-0.004793510324
2016-10-04,27.1,27.1,0,0.004075583549,0.004075583549
2016-10-05,27.02,27.02,0,-0.00295202952,-0.00295202952
2016-10-06,27.05,27.05,0,0.001110288675,0.001110288675
2016-10-07,26.97,26.97,0,-0.002957486137,-0.002957486137
2016-10-11,26.7,26.7,0,-0.01001112347,-0.01001112347
2016-10-12,26.85,26.85,0,0.005617977528,0.005617977528
2016-10-13,27,27,0,0.005586592179,0.005586592179
2016-10-14,26.6,26.6,0,-0.01481481481,-0.01481481481
2016-10-17,26.4,26.4,0,-0.007518796992,-0.007518796992
2016-10-18,26.7,26.7,0,0.01136363636,0.01136363636
2016-10-19,26.65,26.65,0,-0.001872659176,-0.001872659176
2016-10-20,26.63,26.63,0,-0.0007504690432,-0.0007504690432
2016-10-21,26.68,26.68,0,0.001877581675,0.001877581675
2016-10-24,26.78,26.78,0,0.003748125937,0.003748125937
2016-10-25,26.82,26.82,0,0.001493651979,0.001493651979
2016-10-26,26.9,26.9,0,0.00298284862,0.00298284862
2016-10-27,26.9,26.9,0,0,0
2016-10-28,26.81,26.81,0,-0.003345724907,-0.003345724907
2016-10-31,26.64,26.64,0,-0.006340917568,-0.006340917568
2016-11-01,26.62,26.62,0,-0.0007507507508,-0.0007507507508
2016-11-02,26.11,26.11,0,-0.01915852742,-0.01915852742
2016-11-03,25.83,25.83,0,-0.01072386059,-0.01072386059
2016-11-04,25.79,25.79,0,-0.001548586914,-0.001548586914
2016-11-07,25.95,25.95,0,0.006203955021,0.006203955021
2016-11-08,25.96,25.96,0,0.0003853564547,0.0003853564547
2016-11-09,25.24,25.24,0,-0.02773497689,-0.02773497689
2016-11-10,26.01,26.01,0,0.03050713154,0.03050713154
2016-11-11,25.5,25.5,0,-0.01960784314,-0.01960784314
2016-11-14,25.85,25.85,0,0.0137254902,0.0137254902
2016-11-15,25.46,25.46,0,-0.01508704062,-0.01508704062
2016-11-16,25.7,25.7,0,0.009426551453,0.009426551453
2016-11-17,25.59,25.59,0,-0.004280155642,-0.004280155642
2016-11-18,25.59,25.59,0,0,0
2016-11-21,25.69,25.69,0,0.003907776475,0.003907776475
2016-11-22,26,26,0,0.01206695212,0.01206695212
2016-11-23,25.35,25.35,0.7,0.001923076923,0.001923076923
2016-11-24,25.38,25.38,0,0.001183431953,0.001183431953
2016-11-25,25.01,25.01,0,-0.0145784082,-0.0145784082
2016-11-28,25.66,25.66,0,0.02598960416,0.02598960416
2016-11-29,25.7,25.7,0,0.001558846454,0.001558846454
2016-11-30,25.7,25.7,0,0,0
2016-12-01,25.7,25.7,0,0,0
2016-12-02,25.64,25.64,0,-0.00233463035,-0.00233463035
2016-12-05,25.44,25.44,0,-0.007800312012,-0.007800312012
2016-12-06,25.66,25.66,0,0.008647798742,0.008647798742
2016-12-07,25.5,25.5,0,-0.006235385814,-0.006235385814
2016-12-08,25.73,25.73,0,0.009019607843,0.009019607843
2016-12-09,25.77,25.77,0,0.001554605519,0.001554605519
2016-12-12,25.75,25.75,0,-0.0007760962359,-0.0007760962359
2016-12-13,25.83,25.83,0,0.003106796117,0.003106796117
2016-12-14,25.9,25.9,0,0.0027100271,0.0027100271
2016-12-15,25.76,25.76,0,-0.005405405405,-0.005405405405
2016-12-16,25.76,25.76,0,0,0
2016-12-19,25.21,25.21,0,-0.02135093168,-0.02135093168
2016-12-20,25.5,25.5,0,0.01150337168,0.01150337168
2016-12-21,25.5,25.5,0,0,0
2016-12-22,25.3,25.3,0,-0.007843137255,-0.007843137255
2016-12-23,25.23,25.23,0,-0.002766798419,-0.002766798419
2016-12-26,25.2,25.2,0,-0.001189060642,-0.001189060642
2016-12-27,27.72,27.72,0,0.1,0.1
2016-12-28,25.35,25.35,0,-0.0854978355,-0.0854978355
2016-12-29,25.36,25.36,0,0.0003944773176,0.0003944773176
2016-12-30,25.63,25.63,0,0.0106466877,0.0106466877
2017-01-03,25.6,25.6,0,-0.001170503316,-0.001170503316
2017-01-04,25.57,25.57,0,-0.001171875,-0.001171875
2017-01-05,25.85,25.85,0,0.01095033242,0.01095033242
2017-01-06,25.9,25.9,0,0.001934235977,0.001934235977
2017-01-09,25.76,25.76,0,-0.005405405405,-0.005405405405
2017-01-10,25.81,25.81,0,0.001940993789,0.001940993789
2017-01-11,26,26,0,0.007361487795,0.007361487795
2017-01-12,26.1,26.1,0,0.003846153846,0.003846153846
2017-01-13,26,26,0,-0.003831417625,-0.003831417625
2017-01-16,25.98,25.98,0,-0.0007692307692,-0.0007692307692
2017-01-17,26.1,26.1,0,0.004618937644,0.004618937644
2017-01-18,26.16,26.16,0,0.002298850575,0.002298850575
2017-01-19,26.12,26.12,0,-0.001529051988,-0.001529051988
2017-01-20,26.14,26.14,0,0.0007656967841,0.0007656967841
2017-01-23,26.33,26.33,0,0.00726855394,0.00726855394
2017-01-24,26.46,26.46,0,0.00493733384,0.00493733384
2017-02-02,26.91,26.91,0,0.01700680272,0.01700680272
2017-02-03,27.13,27.13,0,0.00817539948,0.00817539948
2017-02-06,27.2,27.2,0,0.002580169554,0.002580169554
2017-02-07,27.25,27.25,0,0.001838235294,0.001838235294
2017-02-08,27.19,27.19,0,-0.002201834862,-0.002201834862
2017-02-09,27.47,27.47,0,0.01029790364,0.01029790364
2017-02-10,27.53,27.53,0,0.002184200946,0.002184200946
2017-02-13,27.38,27.38,0,-0.005448601526,-0.005448601526
2017-02-14,27.62,27.62,0,0.008765522279,0.008765522279
2017-02-15,27.8,27.8,0,0.006517016655,0.006517016655
2017-02-16,27.69,27.69,0,-0.003956834532,-0.003956834532
2017-02-17,27.58,27.58,0,-0.003972553268,-0.003972553268
2017-02-18,27.8,27.8,0,0.007976794779,0.007976794779
2017-02-20,27.6,27.6,0,-0.007194244604,-0.007194244604
2017-02-21,27.52,27.52,0,-0.002898550725,-0.002898550725
2017-02-22,27.7,27.7,0,0.006540697674,0.006540697674
2017-02-23,27.67,27.67,0,-0.001083032491,-0.001083032491
2017-02-24,27.59,27.59,0,-0.002891217926,-0.002891217926
2017-03-01,27.5,27.5,0,-0.003262051468,-0.003262051468
2017-03-02,27.5,27.5,0,0,0
2017-03-03,27.48,27.48,0,-0.0007272727273,-0.0007272727273
2017-03-06,27.6,27.6,0,0.004366812227,0.004366812227
2017-03-07,27.7,27.7,0,0.003623188406,0.003623188406
2017-03-08,27.8,27.8,0,0.003610108303,0.003610108303
2017-03-09,27.7,27.7,0,-0.003597122302,-0.003597122302
2017-03-10,27.44,27.44,0,-0.009386281588,-0.009386281588
2017-03-13,27.6,27.6,0,0.00583090379,0.00583090379
2017-03-14,27.8,27.8,0,0.007246376812,0.007246376812
2017-03-15,27.87,27.87,0,0.002517985612,0.002517985612
2017-03-16,27.88,27.88,0,0.0003588087549,0.0003588087549
2017-03-17,28.02,28.02,0,0.005021520803,0.005021520803
2017-03-20,28.12,28.12,0,0.003568879372,0.003568879372
2017-03-21,28.19,28.19,0,0.002489331437,0.002489331437
2017-03-22,28.07,28.07,0,-0.004256828663,-0.004256828663
2017-03-23,28.1,28.1,0,0.00106875668,0.00106875668
2017-03-24,28.05,28.05,0,-0.001779359431,-0.001779359431
2017-03-27,27.81,27.81,0,-0.008556149733,-0.008556149733
2017-03-28,27.89,27.89,0,0.002876663071,0.002876663071
2017-03-29,27.98,27.98,0,0.003226963069,0.003226963069
2017-03-30,28,28,0,0.0007147962831,0.0007147962831
2017-03-31,27.97,27.97,0,-0.001071428571,-0.001071428571
2017-04-05,28.06,28.06,0,0.003217733286,0.003217733286
2017-04-06,28.12,28.12,0,0.002138275125,0.002138275125
2017-04-07,28.04,28.04,0,-0.002844950213,-0.002844950213
2017-04-10,27.83,27.83,0,-0.007489300999,-0.007489300999
2017-04-11,27.76,27.76,0,-0.00251527129,-0.00251527129
2017-04-12,28.1,28.1,0,0.01224783862,0.01224783862
2017-04-13,27.49,27.49,0,-0.02170818505,-0.02170818505
2017-04-14,27.02,27.02,0,-0.01709712623,-0.01709712623
2017-04-17,27.05,27.05,0,0.001110288675,0.001110288675
2017-04-18,27.27,27.27,0,0.008133086876,0.008133086876
2017-04-19,27,27,0,-0.009900990099,-0.009900990099
2017-04-20,27.19,27.19,0,0.007037037037,0.007037037037
2017-04-21,27.14,27.14,0,-0.001838911364,-0.001838911364
2017-04-24,27.2,27.2,0,0.002210759027,0.002210759027
2017-04-25,27.4,27.4,0,0.007352941176,0.007352941176
2017-04-26,27.66,27.66,0,0.009489051095,0.009489051095
2017-04-27,27.79,27.79,0,0.004699927693,0.004699927693
2017-04-28,27.74,27.74,0,-0.001799208348,-0.001799208348
2017-05-02,27.85,27.85,0,0.003965392934,0.003965392934
2017-05-03,27.86,27.86,0,0.0003590664273,0.0003590664273
2017-05-04,27.95,27.95,0,0.003230437904,0.003230437904
2017-05-05,27.78,27.78,0,-0.006082289803,-0.006082289803
2017-05-08,27.74,27.74,0,-0.001439884809,-0.001439884809
2017-05-09,27.45,27.45,0,-0.01045421774,-0.01045421774
2017-05-10,27.78,27.78,0,0.01202185792,0.01202185792
2017-05-11,27.78,27.78,0,0,0
2017-05-12,27.94,27.94,0,0.005759539237,0.005759539237
2017-05-15,28.04,28.04,0,0.003579098067,0.003579098067
2017-05-16,28.16,28.16,0,0.004279600571,0.004279600571
2017-05-17,28.09,28.09,0,-0.002485795455,-0.002485795455
2017-05-18,27.86,27.86,0,-0.008187967248,-0.008187967248
2017-05-19,28.08,28.08,0,0.007896625987,0.007896625987
2017-05-22,28,28,0,-0.002849002849,-0.002849002849
2017-05-23,27.95,27.95,0,-0.001785714286,-0.001785714286
2017-05-24,28.04,28.04,0,0.003220035778,0.003220035778
2017-05-25,28.28,28.28,0,0.008559201141,0.008559201141
2017-05-26,28.25,28.25,0,-0.001060820368,-0.001060820368
2017-05-31,28.14,28.14,0,-0.00389380531,-0.00389380531
2017-06-01,28.23,28.23,0,0.003198294243,0.003198294243
2017-06-02,28.4,28.4,0,0.006021962451,0.006021962451
2017-06-03,28.48,28.48,0,0.002816901408,0.002816901408
2017-06-05,28.59,28.59,0,0.003862359551,0.003862359551
2017-06-06,28.63,28.63,0,0.001399090591,0.001399090591
2017-06-07,28.64,28.64,0,0.0003492839679,0.0003492839679
2017-06-08,28.71,28.71,0,0.002444134078,0.002444134078
2017-06-09,28.75,28.75,0,0.001393242773,0.001393242773
2017-06-12,28.51,28.51,0,-0.008347826087,-0.008347826087
2017-06-13,28.52,28.52,0,0.0003507541214,0.0003507541214
2017-06-14,28.35,28.35,0,-0.005960729313,-0.005960729313
2017-06-15,28.35,28.35,0,0,0
2017-06-16,28.5,28.5,0,0.005291005291,0.005291005291
2017-06-19,28.62,28.62,0,0.004210526316,0.004210526316
2017-06-20,28.77,28.77,0,0.005241090147,0.005241090147
2017-06-21,28.9,28.9,0,0.004518595759,0.004518595759
2017-06-22,29.08,29.08,0,0.006228373702,0.006228373702
2017-06-23,29.09,29.09,0,0.0003438789546,0.0003438789546
2017-06-26,29.27,29.27,0,0.006187693365,0.006187693365
2017-06-27,29.43,29.43,0,0.005466347796,0.005466347796
2017-06-28,29.4,29.4,0,-0.001019367992,-0.001019367992
2017-06-29,29.4,29.4,0,0,0
2017-06-30,29.27,29.27,0,-0.004421768707,-0.004421768707
2017-07-03,29.56,29.56,0,0.009907755381,0.009907755381
2017-07-04,29.31,29.31,0,-0.008457374831,-0.008457374831
2017-07-05,29.4,29.4,0,0.00307062436,0.00307062436
2017-07-06,29.35,29.35,0,-0.001700680272,-0.001700680272
2017-07-07,29.2,29.2,0,-0.005110732538,-0.005110732538
2017-07-10,29.2,29.2,0,0,0
2017-07-11,29.49,29.49,0,0.009931506849,0.009931506849
2017-07-12,29.65,29.65,0,0.005425567989,0.005425567989
2017-07-13,29.71,29.71,0,0.002023608769,0.002023608769
2017-07-14,29.72,29.72,0,0.0003365870077,0.0003365870077
2017-07-17,29.8,29.8,0,0.00269179004,0.00269179004
2017-07-18,29.89,29.89,0,0.003020134228,0.003020134228
2017-07-19,29.93,29.93,0,0.001338240214,0.001338240214
2017-07-20,29.9,29.9,0,-0.001002338791,-0.001002338791
2017-07-21,29.9,29.9,0,0,0
2017-07-24,29.98,29.98,0,0.002675585284,0.002675585284
2017-07-25,30.07,30.07,0,0.003002001334,0.003002001334
2017-07-26,30.2,30.2,0,0.00432324576,0.00432324576
2017-07-27,30.25,30.25,0,0.001655629139,0.001655629139
2017-07-28,30.2,30.2,0,-0.001652892562,-0.001652892562
2017-07-31,30.07,30.07,0,-0.004304635762,-0.004304635762
2017-08-01,30.26,30.26,0,0.006318589957,0.006318589957
2017-08-02,30.28,30.28,0,0.0006609385327,0.0006609385327
2017-08-03,30.28,30.28,0,0,0
2017-08-04,30.53,30.53,0,0.008256274769,0.008256274769
2017-08-07,30.91,30.91,0,0.01244677367,0.01244677367
2017-08-08,30.91,30.91,0,0,0
2017-08-09,30.56,30.56,0,-0.01132319638,-0.01132319638
2017-08-10,30,30,0,-0.01832460733,-0.01832460733
2017-08-11,30.1,30.1,0,0.003333333333,0.003333333333
2017-08-14,29.96,29.96,0,-0.004651162791,-0.004651162791
2017-08-15,30.1,30.1,0,0.004672897196,0.004672897196
2017-08-16,30.05,30.05,0,-0.001661129568,-0.001661129568
2017-08-17,30.49,30.49,0,0.0146422629,0.0146422629
2017-08-18,30.4,30.4,0,-0.002951787471,-0.002951787471
2017-08-21,30.25,30.25,0,-0.004934210526,-0.004934210526
2017-08-22,30.54,30.54,0,0.00958677686,0.00958677686
2017-08-23,30.6,30.6,0,0.001964636542,0.001964636542
2017-08-24,30.74,30.74,0,0.004575163399,0.004575163399
2017-08-25,30.96,30.96,0,0.007156798959,0.007156798959
2017-08-28,31.14,31.14,0,0.005813953488,0.005813953488
2017-08-29,31.1,31.1,0,-0.001284521516,-0.001284521516
2017-08-30,31.4,31.4,0,0.009646302251,0.009646302251
2017-08-31,31.5,31.5,0,0.003184713376,0.003184713376
2017-09-01,31.65,31.65,0,0.004761904762,0.004761904762
2017-09-04,31.48,31.48,0,-0.005371248025,-0.005371248025
2017-09-05,31.78,31.78,0,0.009529860229,0.009529860229
2017-09-06,31.74,31.74,0,-0.001258653241,-0.001258653241
2017-09-07,31.72,31.72,0,-0.0006301197227,-0.0006301197227
2017-09-08,31.71,31.71,0,-0.000315258512,-0.000315258512
2017-09-11,31.61,31.61,0,-0.003153579313,-0.003153579313
2017-09-12,31.81,31.81,0,0.006327111674,0.006327111674
2017-09-13,31.5,31.5,0,-0.009745363093,-0.009745363093
2017-09-14,31.56,31.56,0,0.001904761905,0.001904761905
2017-09-15,31.69,31.69,0,0.00411913815,0.00411913815
2017-09-18,31.88,31.88,0,0.005995582203,0.005995582203
2017-09-19,31.55,31.55,0,-0.01035131744,-0.01035131744
2017-09-20,31.42,31.42,0,-0.00412044374,-0.00412044374
2017-09-21,31.71,31.71,0,0.009229789943,0.009229789943
2017-09-22,31.36,31.36,0,-0.01103752759,-0.01103752759
2017-09-25,30.92,30.92,0,-0.01403061224,-0.01403061224
2017-09-26,30.8,30.8,0,-0.003880983182,-0.003880983182
2017-09-27,30.83,30.83,0,0.000974025974,0.000974025974
2017-09-28,30.8,30.8,0,-0.0009730781706,-0.0009730781706
2017-09-29,30.79,30.79,0,-0.0003246753247,-0.0003246753247
2017-09-30,30.97,30.97,0,0.005846053914,0.005846053914
2017-10-02,31.53,31.53,0,0.01808201485,0.01808201485
2017-10-03,31.25,31.25,0,-0.008880431335,-0.008880431335
2017-10-05,31.47,31.47,0,0.00704,0.00704
2017-10-06,31.45,31.45,0,-0.0006355258977,-0.0006355258977
2017-10-11,31.6,31.6,0,0.004769475358,0.004769475358
2017-10-12,32,32,0,0.01265822785,0.01265822785
2017-10-13,32.01,32.01,0,0.0003125,0.0003125
2017-10-16,32.19,32.19,0,0.005623242737,0.005623242737
2017-10-17,31.83,31.83,0,-0.01118359739,-0.01118359739
2017-10-18,31.8,31.8,0,-0.0009425070688,-0.0009425070688
2017-10-19,31.93,31.93,0,0.004088050314,0.004088050314
2017-10-20,31.86,31.86,0,-0.002192295647,-0.002192295647
2017-10-23,31.99,31.99,0,0.004080351538,0.004080351538
2017-10-24,32.19,32.19,0,0.006251953736,0.006251953736
2017-10-25,32.05,32.05,0,-0.004349176763,-0.004349176763
2017-10-26,32.13,32.13,0,0.002496099844,0.002496099844
2017-10-27,31.94,31.94,0,-0.005913476502,-0.005913476502
2017-10-30,31.8,31.8,0,-0.004383218535,-0.004383218535
2017-10-31,32,32,0,0.006289308176,0.006289308176
2017-11-01,32.1,32.1,0,0.003125,0.003125
2017-11-02,32.05,32.05,0,-0.001557632399,-0.001557632399
2017-11-03,32.14,32.14,0,0.002808112324,0.002808112324
2017-11-06,32.2,32.2,0,0.001866832607,0.001866832607
2017-11-07,32.25,32.25,0,0.001552795031,0.001552795031
2017-11-08,32.25,32.25,0,0,0
2017-11-09,31.87,31.87,0,-0.01178294574,-0.01178294574
2017-11-10,32,32,0,0.004079071227,0.004079071227
2017-11-13,31.91,31.91,0,-0.0028125,-0.0028125
2017-11-14,32,32,0,0.002820432466,0.002820432466
2017-11-15,31.87,31.87,0,-0.0040625,-0.0040625
2017-11-16,31.83,31.83,0,-0.001255098839,-0.001255098839
2017-11-17,32.1,32.1,0,0.008482563619,0.008482563619
2017-11-20,32.11,32.11,0,0.0003115264798,0.0003115264798
2017-11-21,32.4,32.4,0,0.009031454376,0.009031454376
2017-11-22,32.4,32.4,0,0,0
2017-11-23,31.74,31.74,0.85,0.005864197531,0.005864197531
2017-11-24,31.9,31.9,0,0.005040957782,0.005040957782
2017-11-27,31.74,31.74,0,-0.005015673981,-0.005015673981
2017-11-28,31.67,31.67,0,-0.00220541903,-0.00220541903
2017-11-29,31.76,31.76,0,0.002841806126,0.002841806126
2017-11-30,31.48,31.48,0,-0.008816120907,-0.008816120907
2017-12-01,31.31,31.31,0,-0.00540025413,-0.00540025413
2017-12-04,31.17,31.17,0,-0.004471414883,-0.004471414883
2017-12-05,31.18,31.18,0,0.0003208213025,0.0003208213025
2017-12-06,30.59,30.59,0,-0.01892238614,-0.01892238614
2017-12-07,30.39,30.39,0,-0.006538084341,-0.006538084341
2017-12-08,30.49,30.49,0,0.003290556104,0.003290556104
2017-12-11,30.74,30.74,0,0.008199409643,0.008199409643
2017-12-12,30.73,30.73,0,-0.0003253090436,-0.0003253090436
2017-12-13,30.97,30.97,0,0.007809957696,0.007809957696
2017-12-14,30.94,30.94,0,-0.0009686793671,-0.0009686793671
2017-12-15,30.85,30.85,0,-0.00290885585,-0.00290885585
2017-12-18,29.8,29.8,0,-0.0340356564,-0.0340356564
2017-12-19,31.15,31.15,0,0.04530201342,0.04530201342
2017-12-20,31.4,31.4,0,0.008025682183,0.008025682183
2017-12-21,31.4,31.4,0,0,0
2017-12-22,31.27,31.27,0,-0.004140127389,-0.004140127389
2017-12-25,31.2,31.2,0,-0.002238567317,-0.002238567317
2017-12-26,30.84,30.84,0,-0.01153846154,-0.01153846154
2017-12-27,31.16,31.16,0,0.01037613489,0.01037613489
2017-12-28,31.21,31.21,0,0.001604621309,0.001604621309
2017-12-29,31.67,31.67,0,0.01473886575,0.01473886575
2018-01-02,31.67,31.67,0,0,0
2018-01-03,31.99,31.99,0,0.01010419956,0.01010419956
2018-01-04,32.17,32.17,0,0.005626758362,0.005626758362
2018-01-05,32.4,32.4,0,0.007149518185,0.007149518185
2018-01-08,32.31,32.31,0,-0.002777777778,-0.002777777778
2018-01-09,32.13,32.13,0,-0.005571030641,-0.005571030641
2018-01-10,31.87,31.87,0,-0.008092125739,-0.008092125739
2018-01-11,32.05,32.05,0,0.005647944776,0.005647944776
2018-01-12,32.24,32.24,0,0.005928237129,0.005928237129
2018-01-15,32.04,32.04,0,-0.006203473945,-0.006203473945
2018-01-16,32.21,32.21,0,0.005305867665,0.005305867665
2018-01-17,32.45,32.45,0,0.007451102142,0.007451102142
2018-01-18,32.5,32.5,0,0.001540832049,0.001540832049
2018-01-19,32.33,32.33,0,-0.005230769231,-0.005230769231
2018-01-22,32.7,32.7,0,0.01144447881,0.01144447881
2018-01-23,32.72,32.72,0,0.0006116207951,0.0006116207951
2018-01-24,32.66,32.66,0,-0.001833740831,-0.001833740831
2018-01-25,32.44,32.44,0,-0.006736068585,-0.006736068585
2018-01-26,32.43,32.43,0,-0.0003082614057,-0.0003082614057
2018-01-29,32.86,32.86,0,0.01325932778,0.01325932778
2018-01-30,32.3,32.3,0,-0.01704199635,-0.01704199635
2018-01-31,32.39,32.39,0,0.002786377709,0.002786377709
2018-02-01,32.4,32.4,0,0.0003087372646,0.0003087372646
2018-02-02,32.3,32.3,0,-0.003086419753,-0.003086419753
2018-02-05,31.75,31.75,0,-0.01702786378,-0.01702786378
2018-02-06,29.99,29.99,0,-0.05543307087,-0.05543307087
2018-02-07,30.8,30.8,0,0.027009003,0.027009003
2018-02-08,30.33,30.33,0,-0.01525974026,-0.01525974026
2018-02-09,29.87,29.87,0,-0.01516650181,-0.01516650181
2018-02-12,30.25,30.25,0,0.01272179444,0.01272179444
2018-02-21,31.14,31.14,0,0.0294214876,0.0294214876
2018-02-22,31.05,31.05,0,-0.00289017341,-0.00289017341
2018-02-23,31.45,31.45,0,0.01288244767,0.01288244767
2018-02-26,31.57,31.57,0,0.003815580286,0.003815580286
2018-02-27,32,32,0,0.01362052582,0.01362052582
2018-03-01,31.5,31.5,0,-0.015625,-0.015625
2018-03-02,31.4,31.4,0,-0.003174603175,-0.003174603175
2018-03-05,31.3,31.3,0,-0.003184713376,-0.003184713376
2018-03-06,31.31,31.31,0,0.0003194888179,0.0003194888179
2018-03-07,31.34,31.34,0,0.0009581603322,0.0009581603322
2018-03-08,31.59,31.59,0,0.007977026165,0.007977026165
2018-03-09,31.7,31.7,0,0.003482114593,0.003482114593
2018-03-12,32.11,32.11,0,0.01293375394,0.01293375394
2018-03-13,32.22,32.22,0,0.003425724073,0.003425724073
2018-03-14,32.46,32.46,0,0.007448789572,0.007448789572
2018-03-15,32.32,32.32,0,-0.004313000616,-0.004313000616
2018-03-16,32.28,32.28,0,-0.001237623762,-0.001237623762
2018-03-19,32.4,32.4,0,0.003717472119,0.003717472119
2018-03-20,32.4,32.4,0,0,0
2018-03-21,32.58,32.58,0,0.005555555556,0.005555555556
2018-03-22,32.4,32.4,0,-0.005524861878,-0.005524861878
2018-03-23,31.84,31.84,0,-0.01728395062,-0.01728395062
2018-03-26,32.07,32.07,0,0.00722361809,0.00722361809
2018-03-27,32.49,32.49,0,0.01309635173,0.01309635173
2018-03-28,32.32,32.32,0,-0.005232379194,-0.005232379194
2018-03-29,32.32,32.32,0,0,0
2018-03-30,32.5,32.5,0,0.005569306931,0.005569306931
2018-04-02,32.55,32.55,0,0.001538461538,0.001538461538
2018-04-03,32.31,32.31,0,-0.007373271889,-0.007373271889
2018-04-09,32.27,32.27,0,-0.001238006809,-0.001238006809
2018-04-10,32.58,32.58,0,0.009606445615,0.009606445615
2018-04-11,32.86,32.86,0,0.008594229589,0.008594229589
2018-04-12,32.9,32.9,0,0.001217285453,0.001217285453
2018-04-13,32.93,32.93,0,0.0009118541033,0.0009118541033
2018-04-16,33.18,33.18,0,0.007591861524,0.007591861524
2018-04-17,33,33,0,-0.005424954792,-0.005424954792
2018-04-18,32.75,32.75,0,-0.007575757576,-0.007575757576
2018-04-19,33.15,33.15,0,0.01221374046,0.01221374046
2018-04-20,33.02,33.02,0,-0.003921568627,-0.003921568627
2018-04-23,33,33,0,-0.0006056935191,-0.0006056935191
2018-04-24,32.44,32.44,0,-0.01696969697,-0.01696969697
2018-04-25,32.02,32.02,0,-0.01294697904,-0.01294697904
2018-04-26,31.71,31.71,0,-0.009681449094,-0.009681449094
2018-04-27,32.11,32.11,0,0.01261431725,0.01261431725
2018-04-30,32.02,32.02,0,-0.002802865151,-0.002802865151
2018-05-02,31.9,31.9,0,-0.003747657714,-0.003747657714
2018-05-03,31.87,31.87,0,-0.0009404388715,-0.0009404388715
2018-05-04,31.8,31.8,0,-0.002196422968,-0.002196422968
2018-05-07,32,32,0,0.006289308176,0.006289308176
2018-05-08,32.24,32.24,0,0.0075,0.0075
2018-05-09,32.35,32.35,0,0.00341191067,0.00341191067
2018-05-10,32.52,32.52,0,0.005255023184,0.005255023184
2018-05-11,32.79,32.79,0,0.008302583026,0.008302583026
2018-05-14,33.25,33.25,0,0.01402866728,0.01402866728
2018-05-15,33.1,33.1,0,-0.004511278195,-0.004511278195
2018-05-16,33.03,33.03,0,-0.002114803625,-0.002114803625
2018-05-17,33.14,33.14,0,0.003330305783,0.003330305783
2018-05-18,33.1,33.1,0,-0.001207000604,-0.001207000604
2018-05-21,33.4,33.4,0,0.009063444109,0.009063444109
2018-05-22,33.65,33.65,0,0.00748502994,0.00748502994
2018-05-23,33.56,33.56,0,-0.002674591382,-0.002674591382
2018-05-24,33.61,33.61,0,0.001489868892,0.001489868892
2018-05-25,33.66,33.66,0,0.001487652484,0.001487652484
2018-05-28,33.87,33.87,0,0.00623885918,0.00623885918
2018-05-29,33.97,33.97,0,0.002952465309,0.002952465309
2018-05-30,33.47,33.47,0,-0.01471886959,-0.01471886959
2018-05-31,33.71,33.71,0,0.007170600538,0.007170600538
2018-06-01,33.94,33.94,0,0.006822901216,0.006822901216
2018-06-04,34.25,34.25,0,0.009133765468,0.009133765468
2018-06-05,34.32,34.32,0,0.00204379562,0.00204379562
2018-06-06,34.74,34.74,0,0.01223776224,0.01223776224
2018-06-07,34.78,34.78,0,0.001151410478,0.001151410478
2018-06-08,34.69,34.69,0,-0.002587694077,-0.002587694077
2018-06-11,34.6,34.6,0,-0.00259440761,-0.00259440761
2018-06-12,34.51,34.51,0,-0.002601156069,-0.002601156069
2018-06-13,34.51,34.51,0,0,0
2018-06-14,34.3,34.3,0,-0.006085192698,-0.006085192698
2018-06-15,34.26,34.26,0,-0.001166180758,-0.001166180758
2018-06-19,34.03,34.03,0,-0.00671336836,-0.00671336836
2018-06-20,33.52,33.52,0,-0.01498677637,-0.01498677637
2018-06-21,33.7,33.7,0,0.005369928401,0.005369928401
2018-06-22,33.23,33.23,0,-0.01394658754,-0.01394658754
2018-06-25,33.2,33.2,0,-0.0009027986759,-0.0009027986759
2018-06-26,33.02,33.02,0,-0.005421686747,-0.005421686747
2018-06-27,33.08,33.08,0,0.001817080557,0.001817080557
2018-06-28,32.73,32.73,0,-0.01058041112,-0.01058041112
2018-06-29,33.13,33.13,0,0.01222120379,0.01222120379
2018-07-02,33.12,33.12,0,-0.0003018412315,-0.0003018412315
2018-07-03,32.84,32.84,0,-0.00845410628,-0.00845410628
2018-07-04,32.97,32.97,0,0.003958587089,0.003958587089
2018-07-05,32.78,32.78,0,-0.00576281468,-0.00576281468
2018-07-06,32.13,32.13,0,-0.01982916412,-0.01982916412
2018-07-09,32.13,32.13,0,0,0
2018-07-10,32.73,32.73,0,0.01867413632,0.01867413632
2018-07-11,32.66,32.66,0,-0.002138710663,-0.002138710663
2018-07-12,33.06,33.06,0,0.01224739743,0.01224739743
2018-07-13,33.39,33.39,0,0.00998185118,0.00998185118
2018-07-16,33.4,33.4,0,0.0002994908655,0.0002994908655
2018-07-17,33.4,33.4,0,0,0
2018-07-18,33.67,33.67,0,0.008083832335,0.008083832335
2018-07-19,33.67,33.67,0,0,0
2018-07-20,33.44,33.44,0,-0.006831006831,-0.006831006831
2018-07-23,33.41,33.41,0,-0.0008971291866,-0.0008971291866
2018-07-24,33.61,33.61,0,0.005986231667,0.005986231667
2018-07-25,33.76,33.76,0,0.004462957453,0.004462957453
2018-07-26,33.89,33.89,0,0.0038507109,0.0038507109
2018-07-27,34.15,34.15,0,0.007671879611,0.007671879611
2018-07-30,34.01,34.01,0,-0.004099560761,-0.004099560761
2018-07-31,34.07,34.07,0,0.001764187004,0.001764187004
2018-08-01,34.41,34.41,0,0.009979454065,0.009979454065
2018-08-02,34.18,34.18,0,-0.006684103458,-0.006684103458
2018-08-03,34.09,34.09,0,-0.002633118783,-0.002633118783
2018-08-06,34.28,34.28,0,0.00557348196,0.00557348196
2018-08-07,34.16,34.16,0,-0.003500583431,-0.003500583431
2018-08-08,34.46,34.46,0,0.008782201405,0.008782201405
2018-08-09,34.33,34.33,0,-0.003772489843,-0.003772489843
2018-08-10,34.19,34.19,0,-0.004078065832,-0.004078065832
2018-08-13,33.38,33.38,0,-0.02369113776,-0.02369113776
2018-08-14,33.63,33.63,0,0.007489514679,0.007489514679
2018-08-15,33.26,33.26,0,-0.01100208147,-0.01100208147
2018-08-16,33.34,33.34,0,0.002405291642,0.002405291642
2018-08-17,33.29,33.29,0,-0.00149970006,-0.00149970006
2018-08-20,32.93,32.93,0,-0.01081405828,-0.01081405828
2018-08-21,33.33,33.33,0,0.01214697844,0.01214697844
2018-08-22,33.43,33.43,0,0.00300030003,0.00300030003
2018-08-23,33.42,33.42,0,-0.0002991325157,-0.0002991325157
2018-08-24,33.3,33.3,0,-0.003590664273,-0.003590664273
2018-08-27,33.5,33.5,0,0.006006006006,0.006006006006
2018-08-28,33.93,33.93,0,0.0128358209,0.0128358209
2018-08-29,34.19,34.19,0,0.007662835249,0.007662835249
2018-08-30,34.13,34.13,0,-0.001754899093,-0.001754899093
2018-08-31,34.08,34.08,0,-0.001464986815,-0.001464986815
2018-09-03,33.72,33.72,0,-0.01056338028,-0.01056338028
2018-09-04,33.75,33.75,0,0.0008896797153,0.0008896797153
2018-09-05,33.59,33.59,0,-0.004740740741,-0.004740740741
2018-09-06,33.49,33.49,0,-0.002977076511,-0.002977076511
2018-09-07,32.92,32.92,0,-0.01702000597,-0.01702000597
2018-09-10,32.31,32.31,0,-0.01852976914,-0.01852976914
2018-09-11,32.65,32.65,0,0.01052305788,0.01052305788
2018-09-12,35.4,35.4,0,0.08422664625,0.08422664625
2018-09-13,32.5,32.5,0,-0.08192090395,-0.08192090395
2018-09-14,32.92,32.92,0,0.01292307692,0.01292307692
2018-09-17,32.72,32.72,0,-0.006075334143,-0.006075334143
2018-09-18,32.75,32.75,0,0.0009168704156,0.0009168704156
2018-09-19,32.95,32.95,0,0.006106870229,0.006106870229
2018-09-20,32.77,32.77,0,-0.005462822458,-0.005462822458
2018-09-21,32.92,32.92,0,0.004577357339,0.004577357339
2018-09-25,33.1,33.1,0,0.005467800729,0.005467800729
2018-09-26,32.79,32.79,0,-0.009365558912,-0.009365558912
2018-09-27,32.85,32.85,0,0.001829826167,0.001829826167
2018-09-28,32.74,32.74,0,-0.003348554033,-0.003348554033
2018-10-01,32.95,32.95,0,0.006414172266,0.006414172266
2018-10-02,32.8,32.8,0,-0.004552352049,-0.004552352049
2018-10-03,32.28,32.28,0,-0.01585365854,-0.01585365854
2018-10-04,31.94,31.94,0,-0.01053283767,-0.01053283767
2018-10-05,31.19,31.19,0,-0.02348152786,-0.02348152786
2018-10-08,31.09,31.09,0,-0.003206155819,-0.003206155819
2018-10-09,30.96,30.96,0,-0.004181408813,-0.004181408813
2018-10-11,29.03,29.03,0,-0.06233850129,-0.06233850129
2018-10-12,29.45,29.45,0,0.01446779194,0.01446779194
2018-10-15,29.51,29.51,0,0.002037351443,0.002037351443
2018-10-16,29.4,29.4,0,-0.003727549983,-0.003727549983
2018-10-17,29.7,29.7,0,0.01020408163,0.01020408163
2018-10-18,29.53,29.53,0,-0.005723905724,-0.005723905724
2018-10-19,29.29,29.29,0,-0.008127328141,-0.008127328141
2018-10-22,29.5,29.5,0,0.007169682485,0.007169682485
2018-10-23,29.14,29.14,0,-0.01220338983,-0.01220338983
2018-10-24,29.11,29.11,0,-0.001029512697,-0.001029512697
2018-10-25,28.35,28.35,0,-0.02610786671,-0.02610786671
2018-10-26,28.17,28.17,0,-0.006349206349,-0.006349206349
2018-10-29,28.2,28.2,0,0.001064962726,0.001064962726
2018-10-30,28.16,28.16,0,-0.001418439716,-0.001418439716
2018-10-31,28.73,28.73,0,0.02024147727,0.02024147727
2018-11-01,29.26,29.26,0,0.01844761573,0.01844761573
2018-11-02,29.52,29.52,0,0.008885850991,0.008885850991
2018-11-05,29.37,29.37,0,-0.005081300813,-0.005081300813
2018-11-06,29.33,29.33,0,-0.001361933946,-0.001361933946
2018-11-07,29.71,29.71,0,0.01295601773,0.01295601773
2018-11-08,29.71,29.71,0,0,0
2018-11-09,29.42,29.42,0,-0.009761023225,-0.009761023225
2018-11-12,29.48,29.48,0,0.00203942896,0.00203942896
2018-11-13,29.42,29.42,0,-0.002035278155,-0.002035278155
2018-11-14,29.5,29.5,0,0.002719238613,0.002719238613
2018-11-15,29.58,29.58,0,0.002711864407,0.002711864407
2018-11-16,29.72,29.72,0,0.004732927654,0.004732927654
2018-11-19,29.85,29.85,0,0.004374158816,0.004374158816
2018-11-20,29.75,29.75,0,-0.003350083752,-0.003350083752
2018-11-21,29.65,29.65,0,-0.003361344538,-0.003361344538
2018-11-22,28.7,28.7,1,0.001686340641,0.001686340641
2018-11-23,28.55,28.55,0,-0.005226480836,-0.005226480836
2018-11-26,28.63,28.63,0,0.002802101576,0.002802101576
2018-11-27,28.75,28.75,0,0.004191407614,0.004191407614
2018-11-28,29.42,29.42,0,0.02330434783,0.02330434783
2018-11-29,29.56,29.56,0,0.004758667573,0.004758667573
2018-11-30,29.6,29.6,0,0.001353179973,0.001353179973
2018-12-03,30.25,30.25,0,0.02195945946,0.02195945946
2018-12-04,30.25,30.25,0,0,0
2018-12-05,29.69,29.69,0,-0.01851239669,-0.01851239669
2018-12-06,28.89,28.89,0,-0.02694509936,-0.02694509936
2018-12-07,28.98,28.98,0,0.003115264798,0.003115264798
2018-12-10,28.77,28.77,0,-0.007246376812,-0.007246376812
2018-12-11,28.87,28.87,0,0.003475842892,0.003475842892
2018-12-12,30.5,30.5,0,0.05645999307,0.05645999307
2018-12-13,29.37,29.37,0,-0.03704918033,-0.03704918033
2018-12-14,29.16,29.16,0,-0.007150153218,-0.007150153218
2018-12-17,29,29,0,-0.00548696845,-0.00548696845
2018-12-18,28.88,28.88,0,-0.004137931034,-0.004137931034
2018-12-19,28.96,28.96,0,0.002770083102,0.002770083102
2018-12-20,28.73,28.73,0,-0.00794198895,-0.00794198895
2018-12-21,28.18,28.18,0,-0.01914375218,-0.01914375218
2018-12-22,28.39,28.39,0,0.007452093683,0.007452093683
2018-12-24,28.39,28.39,0,0,0
2018-12-25,27.93,27.93,0,-0.01620288834,-0.01620288834
2018-12-26,28.14,28.14,0,0.007518796992,0.007518796992
2018-12-27,28.33,28.33,0,0.006751954513,0.006751954513
2018-12-28,28.3,28.3,0,-0.001058948112,-0.001058948112
2019-01-02,28.11,28.11,0,-0.006713780919,-0.006713780919
2019-01-03,28.02,28.02,0,-0.003201707577,-0.003201707577
2019-01-04,27.82,27.82,0,-0.007137758744,-0.007137758744
2019-01-07,28.25,28.25,0,0.01545650611,0.01545650611
2019-01-08,28.3,28.3,0,0.001769911504,0.001769911504
2019-01-09,28.49,28.49,0,0.006713780919,0.006713780919
2019-01-10,28.7,28.7,0,0.007371007371,0.007371007371
2019-01-11,28.41,28.41,0,-0.01010452962,-0.01010452962
2019-01-14,28.58,28.58,0,0.005983808518,0.005983808518
2019-01-15,28.76,28.76,0,0.006298110567,0.006298110567
2019-01-16,28.76,28.76,0,0,0
2019-01-17,28.76,28.76,0,0,0
2019-01-18,28.84,28.84,0,0.002781641168,0.002781641168
2019-01-21,28.95,28.95,0,0.003814147018,0.003814147018
2019-01-22,28.85,28.85,0,-0.003454231434,-0.003454231434
2019-01-23,28.74,28.74,0,-0.003812824957,-0.003812824957
2019-01-24,28.93,28.93,0,0.006610995129,0.006610995129
2019-01-25,29.16,29.16,0,0.00795022468,0.00795022468
2019-01-28,29.34,29.34,0,0.006172839506,0.006172839506
2019-01-29,29.13,29.13,0,-0.007157464213,-0.007157464213
2019-01-30,29.25,29.25,0,0.00411946447,0.00411946447
2019-02-11,29.44,29.44,0,0.006495726496,0.006495726496
2019-02-12,29.7,29.7,0,0.008831521739,0.008831521739
2019-02-13,30,30,0,0.0101010101,0.0101010101
2019-02-14,29.81,29.81,0,-0.006333333333,-0.006333333333
2019-02-15,30.06,30.06,0,0.008386447501,0.008386447501
2019-02-18,30.22,30.22,0,0.005322687957,0.005322687957
2019-02-19,30.2,30.2,0,-0.0006618133686,-0.0006618133686
2019-02-20,30.3,30.3,0,0.003311258278,0.003311258278
2019-02-21,30.41,30.41,0,0.003630363036,0.003630363036
2019-02-22,30.35,30.35,0,-0.001973035186,-0.001973035186
2019-02-25,30.56,30.56,0,0.006919275124,0.006919275124
2019-02-26,30.8,30.8,0,0.007853403141,0.007853403141
2019-02-27,30.74,30.74,0,-0.001948051948,-0.001948051948
2019-03-04,30.74,30.74,0,0,0
2019-03-05,30.57,30.57,0,-0.005530253741,-0.005530253741
2019-03-06,30.77,30.77,0,0.006542361793,0.006542361793
2019-03-07,30.76,30.76,0,-0.0003249918752,-0.0003249918752
2019-03-08,30.32,30.32,0,-0.01430429129,-0.01430429129
2019-03-11,30.43,30.43,0,0.003627968338,0.003627968338
2019-03-12,30.85,30.85,0,0.01380216891,0.01380216891
2019-03-13,30.98,30.98,0,0.004213938412,0.004213938412
2019-03-14,31,31,0,0.0006455777921,0.0006455777921
2019-03-15,31,31,0,0,0
2019-03-18,31.27,31.27,0,0.008709677419,0.008709677419
2019-03-19,31.45,31.45,0,0.005756315958,0.005756315958
2019-03-20,31.44,31.44,0,-0.0003179650238,-0.0003179650238
2019-03-21,31.5,31.5,0,0.001908396947,0.001908396947
2019-03-22,31.55,31.55,0,0.001587301587,0.001587301587
2019-03-25,31.16,31.16,0,-0.01236133122,-0.01236133122
2019-03-26,31.5,31.5,0,0.0109114249,0.0109114249
2019-03-27,31.66,31.66,0,0.005079365079,0.005079365079
2019-03-28,31.58,31.58,0,-0.002526847757,-0.002526847757
2019-03-29,31.6,31.6,0,0.0006333122229,0.0006333122229
2019-04-01,31.81,31.81,0,0.00664556962,0.00664556962
2019-04-02,31.95,31.95,0,0.00440113172,0.00440113172
2019-04-03,32.04,32.04,0,0.002816901408,0.002816901408
2019-04-08,32.32,32.32,0,0.008739076155,0.008739076155
2019-04-09,32.4,32.4,0,0.002475247525,0.002475247525
2019-04-10,32.54,32.54,0,0.004320987654,0.004320987654
2019-04-11,32.62,32.62,0,0.0024585126,0.0024585126
2019-04-12,32.67,32.67,0,0.001532801962,0.001532801962
2019-04-15,32.54,32.54,0,-0.003979185797,-0.003979185797
2019-04-16,32.9,32.9,0,0.0110633067,0.0110633067
2019-04-17,32.91,32.91,0,0.0003039513678,0.0003039513678
2019-04-18,32.53,32.53,0,-0.01154664236,-0.01154664236
2019-04-19,32.85,32.85,0,0.009837073471,0.009837073471
2019-04-22,32.85,32.85,0,0,0
2019-04-23,32.72,32.72,0,-0.00395738204,-0.00395738204
2019-04-24,32.76,32.76,0,0.001222493888,0.001222493888
2019-04-25,32.88,32.88,0,0.003663003663,0.003663003663
2019-04-29,32.61,32.61,0,-0.008211678832,-0.008211678832
2019-04-30,32.62,32.62,0,0.0003066544005,0.0003066544005
2019-05-02,32.95,32.95,0,0.01011649295,0.01011649295
2019-05-03,32.88,32.88,0,-0.002124430956,-0.002124430956
2019-05-06,32.24,32.24,0,-0.01946472019,-0.01946472019
2019-05-07,32.55,32.55,0,0.009615384615,0.009615384615
2019-05-08,32.38,32.38,0,-0.005222734255,-0.005222734255
2019-05-09,31.8,31.8,0,-0.01791229154,-0.01791229154
2019-05-10,31.4,31.4,0,-0.01257861635,-0.01257861635
2019-05-13,31.19,31.19,0,-0.006687898089,-0.006687898089
2019-05-14,31.13,31.13,0,-0.001923693492,-0.001923693492
2019-05-15,31.2,31.2,0,0.002248634757,0.002248634757
2019-05-16,30.96,30.96,0,-0.007692307692,-0.007692307692
2019-05-17,30.73,30.73,0,-0.007428940568,-0.007428940568
2019-05-20,30.6,30.6,0,-0.004230393752,-0.004230393752
2019-05-21,30.96,30.96,0,0.01176470588,0.01176470588
2019-05-22,31,31,0,0.001291989664,0.001291989664
2019-05-23,30.45,30.45,0,-0.01774193548,-0.01774193548
2019-05-24,30.45,30.45,0,0,0
2019-05-27,30.35,30.35,0,-0.00328407225,-0.00328407225
2019-05-28,30.49,30.49,0,0.004612850082,0.004612850082
2019-05-29,30.5,30.5,0,0.0003279763857,0.0003279763857
2019-05-30,30.64,30.64,0,0.004590163934,0.004590163934
2019-05-31,30.8,30.8,0,0.005221932115,0.005221932115
2019-06-03,30.76,30.76,0,-0.001298701299,-0.001298701299
2019-06-04,30.62,30.62,0,-0.00455136541,-0.00455136541
2019-06-05,30.62,30.62,0,0,0
2019-06-06,30.55,30.55,0,-0.002286087524,-0.002286087524
2019-06-10,30.83,30.83,0,0.009165302782,0.009165302782
2019-06-11,31.05,31.05,0,0.007135906584,0.007135906584
2019-06-12,31.17,31.17,0,0.0038647343,0.0038647343
2019-06-13,31,31,0,-0.005453962143,-0.005453962143
2019-06-14,30.85,30.85,0,-0.004838709677,-0.004838709677
2019-06-17,31.05,31.05,0,0.006482982172,0.006482982172
2019-06-18,31.19,31.19,0,0.004508856683,0.004508856683
2019-06-19,31.61,31.61,0,0.01346585444,0.01346585444
2019-06-20,31.89,31.89,0,0.008857956343,0.008857956343
2019-06-21,31.77,31.77,0,-0.003762935089,-0.003762935089
2019-06-24,31.87,31.87,0,0.003147623544,0.003147623544
2019-06-25,31.8,31.8,0,-0.002196422968,-0.002196422968
2019-06-26,31.8,31.8,0,0,0
2019-06-27,32.18,32.18,0,0.01194968553,0.01194968553
2019-06-28,32.1,32.1,0,-0.002486016159,-0.002486016159
2019-07-01,32.66,32.66,0,0.01744548287,0.01744548287
2019-07-02,32.72,32.72,0,0.001837109614,0.001837109614
2019-07-03,32.55,32.55,0,-0.005195599022,-0.005195599022
2019-07-04,32.7,32.7,0,0.004608294931,0.004608294931
2019-07-05,32.75,32.75,0,0.001529051988,0.001529051988
2019-07-08,32.65,32.65,0,-0.003053435115,-0.003053435115
2019-07-09,32.4,32.4,0,-0.007656967841,-0.007656967841
2019-07-10,32.6,32.6,0,0.006172839506,0.006172839506
2019-07-11,32.93,32.93,0,0.01012269939,0.01012269939
2019-07-12,32.95,32.95,0,0.000607348922,0.000607348922
2019-07-15,33.14,33.14,0,0.005766312595,0.005766312595
2019-07-16,33.31,33.31,0,0.005129752565,0.005129752565
2019-07-17,33.23,33.23,0,-0.002401681177,-0.002401681177
2019-07-18,33.15,33.15,0,-0.002407463136,-0.002407463136
2019-07-19,33.29,33.29,0,0.004223227753,0.004223227753
2019-07-22,33.46,33.46,0,0.00510663863,0.00510663863
2019-07-23,33.5,33.5,0,0.001195457262,0.001195457262
2019-07-24,33.5,33.5,0,0,0
2019-07-25,33.68,33.68,0,0.005373134328,0.005373134328
2019-07-26,33.7,33.7,0,0.000593824228,0.000593824228
2019-07-29,33.8,33.8,0,0.00296735905,0.00296735905
2019-07-30,33.5,33.5,0,-0.008875739645,-0.008875739645
2019-07-31,33.4,33.4,0,-0.002985074627,-0.002985074627
2019-08-01,33.2,33.2,0,-0.005988023952,-0.005988023952
2019-08-02,32.7,32.7,0,-0.01506024096,-0.01506024096
2019-08-05,32.3,32.3,0,-0.0122324159,-0.0122324159
2019-08-06,31.96,31.96,0,-0.01052631579,-0.01052631579
2019-08-07,32.22,32.22,0,0.008135168961,0.008135168961
2019-08-08,32.46,32.46,0,0.007448789572,0.007448789572
2019-08-12,32.64,32.64,0,0.005545286506,0.005545286506
2019-08-13,32.56,32.56,0,-0.002450980392,-0.002450980392
2019-08-14,32.73,32.73,0,0.005221130221,0.005221130221
2019-08-15,32.91,32.91,0,0.005499541705,0.005499541705
2019-08-16,33.08,33.08,0,0.00516560316,0.00516560316
2019-08-19,33.1,33.1,0,0.0006045949214,0.0006045949214
2019-08-20,33.36,33.36,0,0.007854984894,0.007854984894
2019-08-21,33.28,33.28,0,-0.002398081535,-0.002398081535
2019-08-22,33.2,33.2,0,-0.002403846154,-0.002403846154
2019-08-23,33.09,33.09,0,-0.003313253012,-0.003313253012
2019-08-26,32.68,32.68,0,-0.01239045029,-0.01239045029
2019-08-27,32.97,32.97,0,0.008873929009,0.008873929009
2019-08-28,33,33,0,0.0009099181074,0.0009099181074
2019-08-29,33.01,33.01,0,0.000303030303,0.000303030303
2019-08-30,33.24,33.24,0,0.00696758558,0.00696758558
2019-09-02,33.59,33.59,0,0.01052948255,0.01052948255
2019-09-03,33.5,33.5,0,-0.00267936886,-0.00267936886
2019-09-04,33.73,33.73,0,0.006865671642,0.006865671642
2019-09-05,33.9,33.9,0,0.005040023718,0.005040023718
2019-09-06,33.96,33.96,0,0.001769911504,0.001769911504
2019-09-09,34,34,0,0.001177856302,0.001177856302
2019-09-10,34.1,34.1,0,0.002941176471,0.002941176471
2019-09-11,34.01,34.01,0,-0.002639296188,-0.002639296188
2019-09-12,34.49,34.49,0,0.01411349603,0.01411349603
2019-09-16,34.43,34.43,0,-0.001739634677,-0.001739634677
2019-09-17,34.23,34.23,0,-0.005808887598,-0.005808887598
2019-09-18,34.39,34.39,0,0.004674262343,0.004674262343
2019-09-19,34.35,34.35,0,-0.001163128817,-0.001163128817
2019-09-20,34.46,34.46,0,0.003202328967,0.003202328967
2019-09-23,34.68,34.68,0,0.006384213581,0.006384213581
2019-09-24,34.7,34.7,0,0.0005767012687,0.0005767012687
2019-09-26,34.37,34.37,0,-0.009510086455,-0.009510086455
2019-09-27,34.06,34.06,0,-0.009019493745,-0.009019493745
2019-10-01,34.2,34.2,0,0.004110393423,0.004110393423
2019-10-02,34.33,34.33,0,0.003801169591,0.003801169591
2019-10-03,34.43,34.43,0,0.002912904165,0.002912904165
2019-10-04,34.43,34.43,0,0,0
2019-10-07,34.34,34.34,0,-0.002613999419,-0.002613999419
2019-10-08,34.6,34.6,0,0.00757134537,0.00757134537
2019-10-09,34.42,34.42,0,-0.005202312139,-0.005202312139
2019-10-14,34.75,34.75,0,0.009587449157,0.009587449157
2019-10-15,34.51,34.51,0,-0.00690647482,-0.00690647482
2019-10-16,34.72,34.72,0,0.006085192698,0.006085192698
2019-10-17,34.82,34.82,0,0.002880184332,0.002880184332
2019-10-18,35,35,0,0.005169442849,0.005169442849
2019-10-21,35.11,35.11,0,0.003142857143,0.003142857143
2019-10-22,35.02,35.02,0,-0.002563372259,-0.002563372259
2019-10-23,35.22,35.22,0,0.005711022273,0.005711022273
2019-10-24,35.37,35.37,0,0.004258943782,0.004258943782
2019-10-25,35.32,35.32,0,-0.001413627368,-0.001413627368
2019-10-28,35.29,35.29,0,-0.0008493771234,-0.0008493771234
2019-10-29,35.47,35.47,0,0.005100595069,0.005100595069
2019-10-30,35.47,35.47,0,0,0
2019-10-31,35.26,35.26,0,-0.005920496194,-0.005920496194
2019-11-01,35.26,35.26,0,0,0
2019-11-04,35.4,35.4,0,0.003970504821,0.003970504821
2019-11-05,35.6,35.6,0,0.005649717514,0.005649717514
2019-11-06,35.6,35.6,0,0,0
2019-11-07,35.3,35.3,0,-0.008426966292,-0.008426966292
2019-11-08,35.4,35.4,0,0.00283286119,0.00283286119
2019-11-11,35.17,35.17,0,-0.006497175141,-0.006497175141
2019-11-12,35.32,35.32,0,0.004264998578,0.004264998578
2019-11-13,35.34,35.34,0,0.0005662514156,0.0005662514156
2019-11-14,35.03,35.03,0,-0.008771929825,-0.008771929825
2019-11-15,35.3,35.3,0,0.007707679132,0.007707679132
2019-11-18,35.48,35.48,0,0.005099150142,0.005099150142
2019-11-19,35.53,35.53,0,0.001409244645,0.001409244645
2019-11-20,35.48,35.48,0,-0.001407261469,-0.001407261469
2019-11-21,35.36,35.36,0,-0.003382187148,-0.003382187148
2019-11-22,34.52,34.52,1.2,0.01018099548,0.01018099548
2019-11-25,34.52,34.52,0,0,0
2019-11-26,34.7,34.7,0,0.005214368482,0.005214368482
2019-11-27,34.8,34.8,0,0.00288184438,0.00288184438
2019-11-28,34.76,34.76,0,-0.001149425287,-0.001149425287
2019-11-29,34.4,34.4,0,-0.01035673188,-0.01035673188
2019-12-02,34.27,34.27,0,-0.003779069767,-0.003779069767
2019-12-03,34.41,34.41,0,0.004085205719,0.004085205719
2019-12-04,34.41,34.41,0,0,0
2019-12-05,34.6,34.6,0,0.005521650683,0.005521650683
2019-12-06,34.62,34.62,0,0.0005780346821,0.0005780346821
2019-12-09,34.82,34.82,0,0.00577700751,0.00577700751
2019-12-10,34.69,34.69,0,-0.003733486502,-0.003733486502
2019-12-11,34.79,34.79,0,0.002882675123,0.002882675123
2019-12-12,34.85,34.85,0,0.001724633515,0.001724633515
2019-12-13,34.71,34.71,0,-0.004017216643,-0.004017216643
2019-12-16,34.9,34.9,0,0.005473926822,0.005473926822
2019-12-17,35,35,0,0.002865329513,0.002865329513
2019-12-18,35.24,35.24,0,0.006857142857,0.006857142857
2019-12-19,35.1,35.1,0,-0.003972758229,-0.003972758229
2019-12-20,35,35,0,-0.002849002849,-0.002849002849
2019-12-23,34.8,34.8,0,-0.005714285714,-0.005714285714
2019-12-24,34.85,34.85,0,0.001436781609,0.001436781609
2019-12-25,35.32,35.32,0,0.01348637016,0.01348637016
2019-12-26,35.2,35.2,0,-0.003397508494,-0.003397508494
2019-12-27,35.37,35.37,0,0.004829545455,0.004829545455
2019-12-30,35.19,35.19,0,-0.005089058524,-0.005089058524
2019-12-31,35.16,35.16,0,-0.000852514919,-0.000852514919
2020-01-02,35.45,35.45,0,0.008248009101,0.008248009101
2020-01-03,35.3,35.3,0,-0.004231311707,-0.004231311707
2020-01-06,35.1,35.1,0,-0.00566572238,-0.00566572238
2020-01-07,34.72,34.72,0,-0.01082621083,-0.01082621083
2020-01-08,34.69,34.69,0,-0.0008640552995,-0.0008640552995
2020-01-09,34.95,34.95,0,0.007494955319,0.007494955319
2020-01-10,35.16,35.16,0,0.006008583691,0.006008583691
2020-01-13,35.61,35.61,0,0.01279863481,0.01279863481
2020-01-14,35.8,35.8,0,0.005335579893,0.005335579893
2020-01-15,35.68,35.68,0,-0.003351955307,-0.003351955307
2020-01-16,35.73,35.73,0,0.001401345291,0.001401345291
2020-01-17,35.85,35.85,0,0.00335852225,0.00335852225
2020-01-20,36.07,36.07,0,0.006136680614,0.006136680614
2020-01-30,33.88,33.88,0,-0.06071527585,-0.06071527585
2020-01-31,34.29,34.29,0,0.01210153483,0.01210153483
2020-02-03,34.1,34.1,0,-0.005540974045,-0.005540974045
2020-02-04,34.51,34.51,0,0.01202346041,0.01202346041
2020-02-05,34.67,34.67,0,0.004636337294,0.004636337294
2020-02-06,35,35,0,0.009518315547,0.009518315547
2020-02-07,34.75,34.75,0,-0.007142857143,-0.007142857143
2020-02-10,34.38,34.38,0,-0.01064748201,-0.01064748201
2020-02-11,34.81,34.81,0,0.01250727167,0.01250727167
2020-02-12,35.28,35.28,0,0.01350186728,0.01350186728
2020-02-13,35.3,35.3,0,0.000566893424,0.000566893424
2020-02-14,35.31,35.31,0,0.000283286119,0.000283286119
2020-02-17,35,35,0,-0.008779382611,-0.008779382611
2020-02-18,35.08,35.08,0,0.002285714286,0.002285714286
2020-02-19,35.25,35.25,0,0.004846066135,0.004846066135
2020-02-20,35.16,35.16,0,-0.002553191489,-0.002553191489
2020-02-21,35,35,0,-0.004550625711,-0.004550625711
2020-02-24,34.8,34.8,0,-0.005714285714,-0.005714285714
2020-02-25,34.71,34.71,0,-0.002586206897,-0.002586206897
2020-02-26,34.07,34.07,0,-0.01843849035,-0.01843849035
2020-02-27,33.49,33.49,0,-0.01702377458,-0.01702377458
2020-03-02,33.23,33.23,0,-0.007763511496,-0.007763511496
2020-03-03,33.45,33.45,0,0.006620523623,0.006620523623
2020-03-04,33.6,33.6,0,0.004484304933,0.004484304933
2020-03-05,34.12,34.12,0,0.01547619048,0.01547619048
2020-03-06,33.79,33.79,0,-0.009671746776,-0.009671746776
2020-03-09,32.72,32.72,0,-0.03166617342,-0.03166617342
2020-03-10,32.58,32.58,0,-0.004278728606,-0.004278728606
2020-03-11,32.45,32.45,0,-0.003990178023,-0.003990178023
2020-03-12,30.63,30.63,0,-0.05608628659,-0.05608628659
2020-03-13,29.1,29.1,0,-0.0499510284,-0.0499510284
2020-03-16,28.11,28.11,0,-0.03402061856,-0.03402061856
2020-03-17,27.27,27.27,0,-0.02988260406,-0.02988260406
2020-03-18,26.75,26.75,0,-0.01906857352,-0.01906857352
2020-03-19,24.78,24.78,0,-0.07364485981,-0.07364485981
2020-03-20,25.94,25.94,0,0.04681194512,0.04681194512
2020-03-23,25.31,25.31,0,-0.02428681573,-0.02428681573
2020-03-24,26.62,26.62,0,0.05175819834,0.05175819834
2020-03-25,27.84,27.84,0,0.04583020285,0.04583020285
2020-03-26,27.94,27.94,0,0.003591954023,0.003591954023
2020-03-27,28.41,28.41,0,0.01682176092,0.01682176092
2020-03-30,28.3,28.3,0,-0.0038718761,-0.0038718761
2020-03-31,28.42,28.42,0,0.004240282686,0.004240282686
2020-04-01,28.67,28.67,0,0.008796622097,0.008796622097
2020-04-06,29.05,29.05,0,0.01325427276,0.01325427276
2020-04-07,29.73,29.73,0,0.02340791738,0.02340791738
2020-04-08,30.19,30.19,0,0.01547258661,0.01547258661
2020-04-09,30.19,30.19,0,0,0
2020-04-10,30.32,30.32,0,0.00430606161,0.00430606161
2020-04-13,30.49,30.49,0,0.005606860158,0.005606860158
2020-04-14,31.2,31.2,0,0.02328632338,0.02328632338
2020-04-15,31.6,31.6,0,0.01282051282,0.01282051282
2020-04-16,31.42,31.42,0,-0.005696202532,-0.005696202532
2020-04-17,31.69,31.69,0,0.008593252705,0.008593252705
2020-04-20,31.76,31.76,0,0.002208898706,0.002208898706
2020-04-21,31.03,31.03,0,-0.02298488665,-0.02298488665
2020-04-22,31.19,31.19,0,0.005156300354,0.005156300354
2020-04-23,31.5,31.5,0,0.009939083039,0.009939083039
2020-04-24,31.58,31.58,0,0.00253968254,0.00253968254
2020-04-27,32.17,32.17,0,0.01868271058,0.01868271058
2020-04-28,32.53,32.53,0,0.0111905502,0.0111905502
2020-04-29,33.08,33.08,0,0.01690747003,0.01690747003
2020-04-30,33.51,33.51,0,0.01299879081,0.01299879081
2020-05-04,32.93,32.93,0,-0.01730826619,-0.01730826619
2020-05-05,33.05,33.05,0,0.003644093532,0.003644093532
2020-05-06,33.21,33.21,0,0.004841149773,0.004841149773
2020-05-07,33.43,33.43,0,0.00662451069,0.00662451069
2020-05-08,33.58,33.58,0,0.004486987736,0.004486987736
2020-05-11,34.11,34.11,0,0.01578320429,0.01578320429
2020-05-12,33.61,33.61,0,-0.01465845793,-0.01465845793
2020-05-13,33.92,33.92,0,0.009223445403,0.009223445403
2020-05-14,33.23,33.23,0,-0.02034198113,-0.02034198113
2020-05-15,33.45,33.45,0,0.006620523623,0.006620523623
2020-05-18,33.31,33.31,0,-0.004185351271,-0.004185351271
2020-05-19,33.67,33.67,0,0.0108075653,0.0108075653
2020-05-20,34.04,34.04,0,0.01098901099,0.01098901099
2020-05-21,34.5,34.5,0,0.01351351351,0.01351351351
2020-05-22,33.93,33.93,0,-0.01652173913,-0.01652173913
2020-05-25,34.23,34.23,0,0.00884173298,0.00884173298
2020-05-26,34.85,34.85,0,0.01811276658,0.01811276658
2020-05-27,34.82,34.82,0,-0.0008608321377,-0.0008608321377
2020-05-28,34.63,34.63,0,-0.005456634118,-0.005456634118
2020-05-29,34.53,34.53,0,-0.002887669651,-0.002887669651
2020-06-01,34.87,34.87,0,0.009846510281,0.009846510281
2020-06-02,34.97,34.97,0,0.002867794666,0.002867794666
2020-06-03,35.56,35.56,0,0.01687160423,0.01687160423
2020-06-04,35.69,35.69,0,0.003655793026,0.003655793026
2020-06-05,35.89,35.89,0,0.005603810591,0.005603810591
2020-06-08,36.26,36.26,0,0.01030927835,0.01030927835
2020-06-09,36.28,36.28,0,0.0005515719801,0.0005515719801
2020-06-10,36.5,36.5,0,0.006063947078,0.006063947078
2020-06-11,36,36,0,-0.01369863014,-0.01369863014
2020-06-12,35.88,35.88,0,-0.003333333333,-0.003333333333
2020-06-15,35.6,35.6,0,-0.007803790412,-0.007803790412
2020-06-16,36.15,36.15,0,0.0154494382,0.0154494382
2020-06-17,36.36,36.36,0,0.005809128631,0.005809128631
2020-06-18,36.7,36.7,0,0.009350935094,0.009350935094
2020-06-19,36.87,36.87,0,0.004632152589,0.004632152589
2020-06-22,36.75,36.75,0,-0.0032546786,-0.0032546786
2020-06-23,36.8,36.8,0,0.001360544218,0.001360544218
2020-06-24,37.08,37.08,0,0.007608695652,0.007608695652
2020-06-29,36.6,36.6,0,-0.01294498382,-0.01294498382
2020-06-30,36.96,36.96,0,0.009836065574,0.009836065574
2020-07-01,37.48,37.48,0,0.01406926407,0.01406926407
2020-07-02,37.91,37.91,0,0.01147278549,0.01147278549
2020-07-03,38.24,38.24,0,0.008704827222,0.008704827222
2020-07-06,39.17,39.17,0,0.02432008368,0.02432008368
2020-07-07,38.9,38.9,0,-0.00689303038,-0.00689303038
2020-07-08,39.06,39.06,0,0.00411311054,0.00411311054
2020-07-09,39.41,39.41,0,0.008960573477,0.008960573477
2020-07-10,38.8,38.8,0,-0.015478305,-0.015478305
2020-07-13,39.34,39.34,0,0.01391752577,0.01391752577
2020-07-14,39.25,39.25,0,-0.002287747839,-0.002287747839
2020-07-15,39.08,39.08,0,-0.004331210191,-0.004331210191
2020-07-16,39.14,39.14,0,0.00153531218,0.00153531218
2020-07-17,39,39,0,-0.003576903424,-0.003576903424
2020-07-20,38.94,38.94,0,-0.001538461538,-0.001538461538
2020-07-21,39.6,39.6,0,0.01694915254,0.01694915254
2020-07-22,39.78,39.78,0,0.004545454545,0.004545454545
2020-07-23,39.94,39.94,0,0.004022121669,0.004022121669
2020-07-24,39.29,39.29,0,-0.01627441162,-0.01627441162
2020-07-27,38.99,38.99,0,-0.007635530669,-0.007635530669
2020-07-28,38.6,38.6,0,-0.01000256476,-0.01000256476
2020-07-29,38.97,38.97,0,0.009585492228,0.009585492228
2020-07-30,39.45,39.45,0,0.01231716705,0.01231716705
2020-07-31,39.7,39.7,0,0.006337135615,0.006337135615
2020-08-03,39.39,39.39,0,-0.007808564232,-0.007808564232
2020-08-04,40.16,40.16,0,0.01954810866,0.01954810866
2020-08-05,40.71,40.71,0,0.01369521912,0.01369521912
2020-08-06,40.85,40.85,0,0.003438958487,0.003438958487
2020-08-07,40.6,40.6,0,-0.00611995104,-0.00611995104
2020-08-10,40.35,40.35,0,-0.006157635468,-0.006157635468
2020-08-11,40.19,40.19,0,-0.003965303594,-0.003965303594
2020-08-12,40.26,40.26,0,0.001741726798,0.001741726798
2020-08-13,40.25,40.25,0,-0.0002483854943,-0.0002483854943
2020-08-14,40.7,40.7,0,0.01118012422,0.01118012422
2020-08-17,40.99,40.99,0,0.007125307125,0.007125307125
2020-08-18,40.51,40.51,0,-0.01171017321,-0.01171017321
2020-08-19,40.5,40.5,0,-0.000246852629,-0.000246852629
2020-08-20,38.85,38.85,0,-0.04074074074,-0.04074074074
2020-08-21,39.85,39.85,0,0.02574002574,0.02574002574
2020-08-24,40.08,40.08,0,0.005771643664,0.005771643664
2020-08-25,40.35,40.35,0,0.006736526946,0.006736526946
2020-08-26,40.35,40.35,0,0,0
2020-08-27,40.4,40.4,0,0.001239157373,0.001239157373
2020-08-28,40.4,40.4,0,0,0
2020-08-31,40,40,0,-0.009900990099,-0.009900990099
2020-09-01,40.21,40.21,0,0.00525,0.00525
2020-09-02,40.35,40.35,0,0.003481720965,0.003481720965
2020-09-03,40.6,40.6,0,0.006195786865,0.006195786865
2020-09-04,40.26,40.26,0,-0.008374384236,-0.008374384236
2020-09-07,39.89,39.89,0,-0.009190263289,-0.009190263289
2020-09-08,39.79,39.79,0,-0.002506893958,-0.002506893958
2020-09-09,39.61,39.61,0,-0.004523749686,-0.004523749686
2020-09-10,39.69,39.69,0,0.002019691997,0.002019691997
2020-09-11,39.5,39.5,0,-0.004787100025,-0.004787100025
2020-09-14,40,40,0,0.01265822785,0.01265822785
2020-09-15,40.2,40.2,0,0.005,0.005
2020-09-16,40.25,40.25,0,0.001243781095,0.001243781095
2020-09-17,40.32,40.32,0,0.001739130435,0.001739130435
2020-09-18,40.37,40.37,0,0.001240079365,0.001240079365
2020-09-21,40.02,40.02,0,-0.00866980431,-0.00866980431
2020-09-22,39.54,39.54,0,-0.011994003,-0.011994003
2020-09-23,39.35,39.35,0,-0.004805260496,-0.004805260496
2020-09-24,38.25,38.25,0,-0.02795425667,-0.02795425667
2020-09-25,38.08,38.08,0,-0.004444444444,-0.004444444444
2020-09-28,38.81,38.81,0,0.01917016807,0.01917016807
2020-09-29,38.85,38.85,0,0.0010306622,0.0010306622
2020-09-30,38.95,38.95,0,0.002574002574,0.002574002574
2020-10-05,39,39,0,0.001283697047,0.001283697047
2020-10-06,39.6,39.6,0,0.01538461538,0.01538461538
2020-10-07,39.5,39.5,0,-0.002525252525,-0.002525252525
2020-10-08,39.65,39.65,0,0.003797468354,0.003797468354
2020-10-12,39.51,39.51,0,-0.003530895334,-0.003530895334
2020-10-13,39.68,39.68,0,0.004302708175,0.004302708175
2020-10-14,39.7,39.7,0,0.0005040322581,0.0005040322581
2020-10-15,39.41,39.41,0,-0.007304785894,-0.007304785894
2020-10-16,39.35,39.35,0,-0.001522456229,-0.001522456229
2020-10-19,39.62,39.62,0,0.006861499365,0.006861499365
2020-10-20,39.75,39.75,0,0.003281171126,0.003281171126
2020-10-21,39.79,39.79,0,0.001006289308,0.001006289308
2020-10-22,39.66,39.66,0,-0.003267152551,-0.003267152551
2020-10-23,39.88,39.88,0,0.005547150782,0.005547150782
2020-10-26,40.05,40.05,0,0.004262788365,0.004262788365
2020-10-27,39.99,39.99,0,-0.001498127341,-0.001498127341
2020-10-28,39.75,39.75,0,-0.006001500375,-0.006001500375
2020-10-29,39.35,39.35,0,-0.01006289308,-0.01006289308
2020-10-30,39.1,39.1,0,-0.006353240152,-0.006353240152
2020-11-02,38.82,38.82,0,-0.00716112532,-0.00716112532
2020-11-03,39.19,39.19,0,0.0095311695,0.0095311695
2020-11-04,39.43,39.43,0,0.006124011227,0.006124011227
2020-11-05,39.65,39.65,0,0.005579507989,0.005579507989
2020-11-06,39.9,39.9,0,0.00630517024,0.00630517024
2020-11-09,40.34,40.34,0,0.01102756892,0.01102756892
2020-11-10,40.25,40.25,0,-0.002231036192,-0.002231036192
2020-11-11,40.57,40.57,0,0.007950310559,0.007950310559
2020-11-12,40.49,40.49,0,-0.001971900419,-0.001971900419
2020-11-13,40.48,40.48,0,-0.0002469745616,-0.0002469745616
2020-11-16,40.84,40.84,0,0.008893280632,0.008893280632
2020-11-17,41.04,41.04,0,0.004897159647,0.004897159647
2020-11-18,41.26,41.26,0,0.005360623782,0.005360623782
2020-11-19,41.42,41.42,0,0.003877847794,0.003877847794
2020-11-20,40.38,40.38,1.1,0.001448575567,0.001448575567
2020-11-23,40.73,40.73,0,0.008667657256,0.008667657256
2020-11-24,40.75,40.75,0,0.0004910385465,0.0004910385465
2020-11-25,40.6,40.6,0,-0.003680981595,-0.003680981595
2020-11-26,40.96,40.96,0,0.008866995074,0.008866995074
2020-11-27,41.44,41.44,0,0.01171875,0.01171875
2020-11-30,41.55,41.55,0,0.002654440154,0.002654440154
2020-12-01,41.7,41.7,0,0.003610108303,0.003610108303
2020-12-02,41.92,41.92,0,0.005275779376,0.005275779376
2020-12-03,41.99,41.99,0,0.001669847328,0.001669847328
2020-12-04,42.4,42.4,0,0.009764229578,0.009764229578
2020-12-07,42.55,42.55,0,0.003537735849,0.003537735849
2020-12-08,42.83,42.83,0,0.006580493537,0.006580493537
2020-12-09,43.39,43.39,0,0.01307494747,0.01307494747
2020-12-10,42.88,42.88,0,-0.01175386034,-0.01175386034
2020-12-11,42.7,42.7,0,-0.004197761194,-0.004197761194
2020-12-14,42.88,42.88,0,0.004215456674,0.004215456674
2020-12-15,42.39,42.39,0,-0.01142723881,-0.01142723881
2020-12-16,43.1,43.1,0,0.01674923331,0.01674923331
2020-12-17,43.21,43.21,0,0.002552204176,0.002552204176
2020-12-18,43.1,43.1,0,-0.002545707012,-0.002545707012
2020-12-21,42.95,42.95,0,-0.003480278422,-0.003480278422
2020-12-22,42.43,42.43,0,-0.01210710128,-0.01210710128
2020-12-23,42.63,42.63,0,0.004713646005,0.004713646005
2020-12-24,42.89,42.89,0,0.006098991321,0.006098991321
2020-12-25,42.83,42.83,0,-0.001398927489,-0.001398927489
2020-12-28,43.83,43.83,0,0.02334812048,0.02334812048
2020-12-29,43.79,43.79,0,-0.000912616929,-0.000912616929
2020-12-30,43.93,43.93,0,0.003197076958,0.003197076958
2020-12-31,44,44,0,0.001593444116,0.001593444116
2021-01-04,44.6,44.6,0,0.01363636364,0.01363636364
2021-01-05,44.64,44.64,0,0.0008968609865,0.0008968609865
2021-01-06,44.27,44.27,0,-0.008288530466,-0.008288530466
2021-01-07,44.54,44.54,0,0.006098938333,0.006098938333
2021-01-08,44.78,44.78,0,0.005388414908,0.005388414908
2021-01-11,45.1,45.1,0,0.007146047343,0.007146047343
2021-01-12,44.78,44.78,0,-0.007095343681,-0.007095343681
2021-01-13,45.62,45.62,0,0.01875837427,0.01875837427
2021-01-14,45.75,45.75,0,0.002849627356,0.002849627356
2021-01-15,44.91,44.91,0,-0.01836065574,-0.01836065574
2021-01-18,44.84,44.84,0,-0.001558672901,-0.001558672901
2021-01-19,45.15,45.15,0,0.006913470116,0.006913470116
2021-01-20,44.05,44.05,0,-0.02436323367,-0.02436323367
2021-01-21,44.62,44.62,0,0.01293984109,0.01293984109
2021-01-22,45.39,45.39,0,0.0172568355,0.0172568355
2021-01-25,45.51,45.51,0,0.002643754131,0.002643754131
2021-01-26,45.07,45.07,0,-0.00966820479,-0.00966820479
2021-01-27,45.49,45.49,0,0.009318837364,0.009318837364
2021-01-28,44.7,44.7,0,-0.01736645417,-0.01736645417
2021-01-29,43.7,43.7,0,-0.02237136465,-0.02237136465
2021-02-01,44,44,0,0.006864988558,0.006864988558
2021-02-02,44.88,44.88,0,0.02,0.02
2021-02-03,44.95,44.95,0,0.001559714795,0.001559714795
2021-02-04,44.7,44.7,0,-0.005561735261,-0.005561735261
2021-02-05,44.9,44.9,0,0.004474272931,0.004474272931
2021-02-17,45.83,45.83,0,0.02071269488,0.02071269488
2021-02-18,46.35,46.35,0,0.01134627973,0.01134627973
2021-02-19,46.65,46.65,0,0.006472491909,0.006472491909
2021-02-22,47.26,47.26,0,0.01307609861,0.01307609861
2021-02-23,47.62,47.62,0,0.007617435463,0.007617435463
2021-02-24,47.1,47.1,0,-0.0109197816,-0.0109197816
2021-02-25,47.65,47.65,0,0.01167728238,0.01167728238
2021-02-26,47.15,47.15,0,-0.01049317943,-0.01049317943
2021-03-02,46.78,46.78,0,-0.007847295864,-0.007847295864
2021-03-03,47.18,47.18,0,0.008550662676,0.008550662676
2021-03-04,46.7,46.7,0,-0.01017380246,-0.01017380246
2021-03-05,46.21,46.21,0,-0.01049250535,-0.01049250535
2021-03-08,46.39,46.39,0,0.003895260766,0.003895260766
2021-03-09,46.2,46.2,0,-0.004095710282,-0.004095710282
2021-03-10,46.55,46.55,0,0.007575757576,0.007575757576
2021-03-11,47.32,47.32,0,0.01654135338,0.01654135338
2021-03-12,47.45,47.45,0,0.002747252747,0.002747252747
2021-03-15,47.6,47.6,0,0.003161222339,0.003161222339
2021-03-16,47.66,47.66,0,0.001260504202,0.001260504202
2021-03-17,47.76,47.76,0,0.002098195552,0.002098195552
2021-03-18,48.23,48.23,0,0.009840871022,0.009840871022
2021-03-19,47.95,47.95,0,-0.005805515239,-0.005805515239
2021-03-22,48.4,48.4,0,0.009384775808,0.009384775808
2021-03-23,48.37,48.37,0,-0.0006198347107,-0.0006198347107
2021-03-24,48.4,48.4,0,0.0006202191441,0.0006202191441
2021-03-25,48.28,48.28,0,-0.002479338843,-0.002479338843
2021-03-26,48.86,48.86,0,0.01201325601,0.01201325601
2021-03-29,49.77,49.77,0,0.01862464183,0.01862464183
2021-03-30,50.15,50.15,0,0.007635121559,0.007635121559
2021-03-31,50.05,50.05,0,-0.001994017946,-0.001994017946
2021-04-01,49.98,49.98,0,-0.001398601399,-0.001398601399
2021-04-06,50.7,50.7,0,0.0144057623,0.0144057623
2021-04-07,50.95,50.95,0,0.004930966469,0.004930966469
2021-04-08,51.6,51.6,0,0.0127576055,0.0127576055
2021-04-09,51.4,51.4,0,-0.003875968992,-0.003875968992
2021-04-12,52.15,52.15,0,0.01459143969,0.01459143969
2021-04-13,51.35,51.35,0,-0.01534036433,-0.01534036433
2021-04-14,51,51,0,-0.006815968841,-0.006815968841
2021-04-15,51.5,51.5,0,0.009803921569,0.009803921569
2021-04-16,52.6,52.6,0,0.0213592233,0.0213592233
2021-04-19,53.55,53.55,0,0.0180608365,0.0180608365
2021-04-20,53.65,53.65,0,0.001867413632,0.001867413632
2021-04-21,54.4,54.4,0,0.01397949674,0.01397949674
2021-04-22,53.9,53.9,0,-0.009191176471,-0.009191176471
2021-04-23,54,54,0,0.00185528757,0.00185528757
2021-04-26,55.35,55.35,0,0.025,0.025
2021-04-27,55.7,55.7,0,0.006323396567,0.006323396567
2021-04-28,56.1,56.1,0,0.007181328546,0.007181328546
2021-04-29,56.2,56.2,0,0.001782531194,0.001782531194
2021-05-03,55,55,0,-0.02135231317,-0.02135231317
2021-05-04,52.95,52.95,0,-0.03727272727,-0.03727272727
2021-05-05,52.8,52.8,0,-0.00283286119,-0.00283286119
2021-05-06,52.7,52.7,0,-0.001893939394,-0.001893939394
2021-05-07,54.1,54.1,0,0.0265654649,0.0265654649
2021-05-10,54.6,54.6,0,0.009242144177,0.009242144177
2021-05-11,52.3,52.3,0,-0.04212454212,-0.04212454212
2021-05-12,49.52,49.52,0,-0.05315487572,-0.05315487572
2021-05-13,48.79,48.79,0,-0.01474151858,-0.01474151858
2021-05-14,48.82,48.82,0,0.0006148800984,0.0006148800984
2021-05-17,46.85,46.85,0,-0.04035231463,-0.04035231463
2021-05-18,49.72,49.72,0,0.06125933831,0.06125933831
2021-05-19,50.45,50.45,0,0.01468222043,0.01468222043
2021-05-20,49.95,49.95,0,-0.009910802775,-0.009910802775
2021-05-21,51,51,0,0.02102102102,0.02102102102
2021-05-24,51.55,51.55,0,0.01078431373,0.01078431373
2021-05-25,52.05,52.05,0,0.009699321048,0.009699321048
2021-05-26,52.5,52.5,0,0.008645533141,0.008645533141
2021-05-27,52.9,52.9,0,0.007619047619,0.007619047619
2021-05-28,53.7,53.7,0,0.01512287335,0.01512287335
2021-05-31,54.2,54.2,0,0.009310986965,0.009310986965
2021-06-01,55.15,55.15,0,0.01752767528,0.01752767528
2021-06-02,55.1,55.1,0,-0.0009066183137,-0.0009066183137
2021-06-03,55.35,55.35,0,0.004537205082,0.004537205082
2021-06-04,54.7,54.7,0,-0.01174345077,-0.01174345077
2021-06-07,54.8,54.8,0,0.001828153565,0.001828153565
2021-06-08,55.1,55.1,0,0.005474452555,0.005474452555
2021-06-09,54.6,54.6,0,-0.009074410163,-0.009074410163
2021-06-10,54.75,54.75,0,0.002747252747,0.002747252747
2021-06-11,55.1,55.1,0,0.006392694064,0.006392694064
2021-06-15,55.8,55.8,0,0.01270417423,0.01270417423
2021-06-16,55.8,55.8,0,0,0
2021-06-17,56.1,56.1,0,0.005376344086,0.005376344086
2021-06-18,56.85,56.85,0,0.01336898396,0.01336898396
2021-06-21,56.3,56.3,0,-0.009674582234,-0.009674582234
2021-06-22,56.5,56.5,0,0.003552397869,0.003552397869
2021-06-23,56.95,56.95,0,0.00796460177,0.00796460177
2021-06-24,57.6,57.6,0,0.01141352063,0.01141352063
2021-06-25,57.85,57.85,0,0.004340277778,0.004340277778
2021-06-28,57.9,57.9,0,0.0008643042351,0.0008643042351
2021-06-29,57.8,57.8,0,-0.001727115717,-0.001727115717
2021-06-30,58.2,58.2,0,0.006920415225,0.006920415225
2021-07-01,57.9,57.9,0,-0.005154639175,-0.005154639175
2021-07-02,57.75,57.75,0,-0.002590673575,-0.002590673575
2021-07-05,58.45,58.45,0,0.01212121212,0.01212121212
2021-07-06,58.5,58.5,0,0.0008554319932,0.0008554319932
2021-07-07,58.25,58.25,0,-0.004273504274,-0.004273504274
2021-07-08,58.8,58.8,0,0.009442060086,0.009442060086
2021-07-09,58.3,58.3,0,-0.008503401361,-0.008503401361
2021-07-12,58.35,58.35,0,0.0008576329331,0.0008576329331
2021-07-13,58.2,58.2,0,-0.002570694087,-0.002570694087
2021-07-14,58.2,58.2,0,0,0
2021-07-15,58.65,58.65,0,0.007731958763,0.007731958763
2021-07-16,59,59,0,0.005967604433,0.005967604433
2021-07-19,58.65,58.65,0,-0.00593220339,-0.00593220339
2021-07-20,57.75,57.75,0,-0.01534526854,-0.01534526854
2021-07-21,57.3,57.3,0,-0.007792207792,-0.007792207792
2021-07-22,57.7,57.7,0,0.006980802792,0.006980802792
2021-07-23,57.95,57.95,0,0.004332755633,0.004332755633
2021-07-26,58.25,58.25,0,0.005176876618,0.005176876618
2021-07-27,57.8,57.8,0,-0.007725321888,-0.007725321888
2021-07-28,57.15,57.15,0,-0.01124567474,-0.01124567474
2021-07-29,58.15,58.15,0,0.01749781277,0.01749781277
2021-07-30,57.7,57.7,0,-0.007738607051,-0.007738607051
2021-08-02,58.05,58.05,0,0.006065857886,0.006065857886
2021-08-03,58.3,58.3,0,0.004306632214,0.004306632214
2021-08-04,58.45,58.45,0,0.002572898799,0.002572898799
2021-08-05,58.5,58.5,0,0.0008554319932,0.0008554319932
2021-08-06,58.35,58.35,0,-0.002564102564,-0.002564102564
2021-08-09,58.15,58.15,0,-0.003427592117,-0.003427592117
2021-08-10,57.4,57.4,0,-0.01289767842,-0.01289767842
2021-08-11,57.1,57.1,0,-0.005226480836,-0.005226480836
2021-08-12,57.2,57.2,0,0.001751313485,0.001751313485
2021-08-13,56.35,56.35,0,-0.01486013986,-0.01486013986
2021-08-16,55.5,55.5,0,-0.01508429459,-0.01508429459
2021-08-17,54.8,54.8,0,-0.01261261261,-0.01261261261
2021-08-18,55.8,55.8,0,0.01824817518,0.01824817518
2021-08-19,54.25,54.25,0,-0.02777777778,-0.02777777778
2021-08-20,54.6,54.6,0,0.006451612903,0.006451612903
2021-08-23,55.5,55.5,0,0.01648351648,0.01648351648
2021-08-24,55.85,55.85,0,0.006306306306,0.006306306306
2021-08-25,56.3,56.3,0,0.008057296329,0.008057296329
2021-08-26,56.25,56.25,0,-0.0008880994671,-0.0008880994671
2021-08-27,56.6,56.6,0,0.006222222222,0.006222222222
2021-08-30,56.9,56.9,0,0.005300353357,0.005300353357
2021-08-31,57,57,0,0.001757469244,0.001757469244
2021-09-01,57.4,57.4,0,0.00701754386,0.00701754386
2021-09-02,56.8,56.8,0,-0.01045296167,-0.01045296167
2021-09-03,57.35,57.35,0,0.009683098592,0.009683098592
2021-09-06,57.25,57.25,0,-0.001743679163,-0.001743679163
2021-09-07,56.85,56.85,0,-0.006986899563,-0.006986899563
2021-09-08,56,56,0,-0.01495162709,-0.01495162709
2021-09-09,56.4,56.4,0,0.007142857143,0.007142857143
2021-09-10,57.1,57.1,0,0.01241134752,0.01241134752
2021-09-13,57.45,57.45,0,0.006129597198,0.006129597198
2021-09-14,57.4,57.4,0,-0.0008703220191,-0.0008703220191
2021-09-15,57.4,57.4,0,0,0
2021-09-16,57.35,57.35,0,-0.0008710801394,-0.0008710801394
2021-09-17,57.65,57.65,0,0.005231037489,0.005231037489
2021-09-22,56.55,56.55,0,-0.01908065915,-0.01908065915
2021-09-23,57.4,57.4,0,0.01503094607,0.01503094607
2021-09-24,57.5,57.5,0,0.001742160279,0.001742160279
2021-09-27,57.5,57.5,0,0,0
2021-09-28,57.1,57.1,0,-0.006956521739,-0.006956521739
2021-09-29,56.3,56.3,0,-0.01401050788,-0.01401050788
2021-09-30,56.8,56.8,0,0.008880994671,0.008880994671
2021-10-01,55.55,55.55,0,-0.02200704225,-0.02200704225
2021-10-04,54.85,54.85,0,-0.01260126013,-0.01260126013
2021-10-05,55.15,55.15,0,0.00546946217,0.00546946217
2021-10-06,54.8,54.8,0,-0.006346328196,-0.006346328196
2021-10-07,56,56,0,0.02189781022,0.02189781022
2021-10-08,56,56,0,0,0
2021-10-12,55.35,55.35,0,-0.01160714286,-0.01160714286
2021-10-13,55,55,0,-0.006323396567,-0.006323396567
2021-10-14,55.4,55.4,0,0.007272727273,0.007272727273
2021-10-15,55.65,55.65,0,0.004512635379,0.004512635379
2021-10-18,55.85,55.85,0,0.003593890386,0.003593890386
2021-10-19,56.35,56.35,0,0.008952551477,0.008952551477
2021-10-20,56.45,56.45,0,0.001774622893,0.001774622893
2021-10-21,56.65,56.65,0,0.00354295837,0.00354295837
2021-10-22,56.6,56.6,0,-0.0008826125331,-0.0008826125331
2021-10-25,56.8,56.8,0,0.003533568905,0.003533568905
2021-10-26,57.55,57.55,0,0.01320422535,0.01320422535
2021-10-27,57.7,57.7,0,0.002606429192,0.002606429192
2021-10-28,57.75,57.75,0,0.0008665511265,0.0008665511265
2021-10-29,58.2,58.2,0,0.007792207792,0.007792207792
2021-11-01,58.6,58.6,0,0.006872852234,0.006872852234
2021-11-02,58.3,58.3,0,-0.005119453925,-0.005119453925
2021-11-03,58.8,58.8,0,0.008576329331,0.008576329331
2021-11-04,58.75,58.75,0,-0.0008503401361,-0.0008503401361
2021-11-05,59.2,59.2,0,0.007659574468,0.007659574468
2021-11-08,59.4,59.4,0,0.003378378378,0.003378378378
2021-11-09,59.95,59.95,0,0.009259259259,0.009259259259
2021-11-10,60.1,60.1,0,0.002502085071,0.002502085071
2021-11-11,60.1,60.1,0,0,0
2021-11-12,60.75,60.75,0,0.01081530782,0.01081530782
2021-11-15,60.85,60.85,0,0.001646090535,0.001646090535
2021-11-16,61.1,61.1,0,0.004108463435,0.004108463435
2021-11-17,61.75,61.75,0,0.01063829787,0.01063829787
2021-11-18,62,62,0,0.004048582996,0.004048582996
2021-11-19,59.75,59.75,1.75,-0.008064516129,-0.008064516129
2021-11-22,60.45,60.45,0,0.01171548117,0.01171548117
2021-11-23,59.95,59.95,0,-0.008271298594,-0.008271298594
2021-11-24,60.1,60.1,0,0.002502085071,0.002502085071
2021-11-25,60.15,60.15,0,0.0008319467554,0.0008319467554
2021-11-26,59.25,59.25,0,-0.01496259352,-0.01496259352
2021-11-29,58.95,58.95,0,-0.005063291139,-0.005063291139
2021-11-30,59.45,59.45,0,0.008481764207,0.008481764207
2021-12-01,59.55,59.55,0,0.001682085786,0.001682085786
2021-12-02,59,59,0,-0.009235936188,-0.009235936188
2021-12-03,59.35,59.35,0,0.00593220339,0.00593220339
2021-12-06,59.4,59.4,0,0.0008424599832,0.0008424599832
2021-12-07,59.55,59.55,0,0.002525252525,0.002525252525
2021-12-08,59.95,59.95,0,0.0067170445,0.0067170445
2021-12-09,59.9,59.9,0,-0.000834028357,-0.000834028357
2021-12-10,60.1,60.1,0,0.003338898164,0.003338898164
2021-12-13,59.95,59.95,0,-0.002495840266,-0.002495840266
2021-12-14,59.3,59.3,0,-0.01084236864,-0.01084236864
2021-12-15,59.5,59.5,0,0.003372681282,0.003372681282
2021-12-16,59.8,59.8,0,0.005042016807,0.005042016807
2021-12-17,59.75,59.75,0,-0.0008361204013,-0.0008361204013
2021-12-20,59.45,59.45,0,-0.005020920502,-0.005020920502
2021-12-21,60.1,60.1,0,0.01093355761,0.01093355761
2021-12-22,60.1,60.1,0,0,0
2021-12-23,60.35,60.35,0,0.004159733777,0.004159733777
2021-12-24,60.5,60.5,0,0.002485501243,0.002485501243
2021-12-27,60.65,60.65,0,0.002479338843,0.002479338843
2021-12-28,60.7,60.7,0,0.0008244023083,0.0008244023083
2021-12-29,60.9,60.9,0,0.003294892916,0.003294892916
2021-12-30,60.8,60.8,0,-0.001642036125,-0.001642036125
2022-01-03,60.9,60.9,0,0.001644736842,0.001644736842
2022-01-04,60.95,60.95,0,0.0008210180624,0.0008210180624
2022-01-05,60.8,60.8,0,-0.002461033634,-0.002461033634
2022-01-06,60.3,60.3,0,-0.008223684211,-0.008223684211
2022-01-07,59.75,59.75,0,-0.00912106136,-0.00912106136
2022-01-10,60.05,60.05,0,0.005020920502,0.005020920502
2022-01-11,59.85,59.85,0,-0.003330557868,-0.003330557868
2022-01-12,60,60,0,0.002506265664,0.002506265664
2022-01-13,60.15,60.15,0,0.0025,0.0025
2022-01-14,59.9,59.9,0,-0.004156275977,-0.004156275977
2022-01-17,60.4,60.4,0,0.008347245409,0.008347245409
2022-01-18,60.6,60.6,0,0.003311258278,0.003311258278
2022-01-19,60.2,60.2,0,-0.006600660066,-0.006600660066
2022-01-20,60.25,60.25,0,0.0008305647841,0.0008305647841
2022-01-21,59.35,59.35,0,-0.01493775934,-0.01493775934
2022-01-24,59.2,59.2,0,-0.002527379949,-0.002527379949
2022-01-25,58.6,58.6,0,-0.01013513514,-0.01013513514
2022-01-26,58.8,58.8,0,0.003412969283,0.003412969283
2022-02-07,59.95,59.95,0,0.01955782313,0.01955782313
2022-02-08,60.3,60.3,0,0.005838198499,0.005838198499
2022-02-09,60.85,60.85,0,0.00912106136,0.00912106136
2022-02-10,60.9,60.9,0,0.0008216926869,0.0008216926869
2022-02-11,61.05,61.05,0,0.002463054187,0.002463054187
2022-02-14,60.2,60.2,0,-0.01392301392,-0.01392301392
2022-02-15,60.2,60.2,0,0,0
2022-02-16,61,61,0,0.01328903654,0.01328903654
2022-02-17,61.2,61.2,0,0.003278688525,0.003278688525
2022-02-18,61.4,61.4,0,0.003267973856,0.003267973856
2022-02-21,61.5,61.5,0,0.001628664495,0.001628664495
2022-02-22,60.9,60.9,0,-0.009756097561,-0.009756097561
2022-02-23,61.25,61.25,0,0.005747126437,0.005747126437
2022-02-24,59.9,59.9,0,-0.02204081633,-0.02204081633
2022-02-25,59.8,59.8,0,-0.001669449082,-0.001669449082
2022-03-01,61,61,0,0.02006688963,0.02006688963
2022-03-02,61,61,0,0,0
2022-03-03,61.25,61.25,0,0.004098360656,0.004098360656
2022-03-04,60.6,60.6,0,-0.0106122449,-0.0106122449
2022-03-07,59,59,0,-0.02640264026,-0.02640264026
2022-03-08,57.35,57.35,0,-0.02796610169,-0.02796610169
2022-03-09,57.95,57.95,0,0.01046207498,0.01046207498
2022-03-10,59.3,59.3,0,0.02329594478,0.02329594478
2022-03-11,59,59,0,-0.005059021922,-0.005059021922
2022-03-14,59,59,0,0,0
2022-03-15,57.9,57.9,0,-0.0186440678,-0.0186440678
2022-03-16,58,58,0,0.001727115717,0.001727115717
2022-03-17,59.55,59.55,0,0.02672413793,0.02672413793
2022-03-18,59.4,59.4,0,-0.002518891688,-0.002518891688
2022-03-21,59.75,59.75,0,0.005892255892,0.005892255892
2022-03-22,59.75,59.75,0,0,0
2022-03-23,60.5,60.5,0,0.01255230126,0.01255230126
2022-03-24,60.3,60.3,0,-0.003305785124,-0.003305785124
2022-03-25,59.75,59.75,0,-0.00912106136,-0.00912106136
2022-03-28,59.35,59.35,0,-0.006694560669,-0.006694560669
2022-03-29,59.8,59.8,0,0.007582139848,0.007582139848
2022-03-30,60.3,60.3,0,0.008361204013,0.008361204013
2022-03-31,60.3,60.3,0,0,0
2022-04-01,60.15,60.15,0,-0.002487562189,-0.002487562189
2022-04-06,60.05,60.05,0,-0.001662510391,-0.001662510391
2022-04-07,59.2,59.2,0,-0.01415487094,-0.01415487094
2022-04-08,59.7,59.7,0,0.008445945946,0.008445945946
2022-04-11,58.6,58.6,0,-0.01842546064,-0.01842546064
2022-04-12,58.4,58.4,0,-0.003412969283,-0.003412969283
2022-04-13,59.45,59.45,0,0.01797945205,0.01797945205
2022-04-14,59.4,59.4,0,-0.0008410428932,-0.0008410428932
2022-04-15,58.55,58.55,0,-0.01430976431,-0.01430976431
2022-04-18,58.25,58.25,0,-0.00512382579,-0.00512382579
2022-04-19,58.75,58.75,0,0.008583690987,0.008583690987
2022-04-20,58.9,58.9,0,0.002553191489,0.002553191489
2022-04-21,59.2,59.2,0,0.005093378608,0.005093378608
2022-04-22,59,59,0,-0.003378378378,-0.003378378378
2022-04-25,57.25,57.25,0,-0.02966101695,-0.02966101695
2022-04-26,57.4,57.4,0,0.002620087336,0.002620087336
2022-04-27,56.3,56.3,0,-0.01916376307,-0.01916376307
2022-04-28,56.9,56.9,0,0.01065719361,0.01065719361
2022-04-29,57.2,57.2,0,0.005272407733,0.005272407733
2022-05-03,57.4,57.4,0,0.003496503497,0.003496503497
2022-05-04,57.4,57.4,0,0,0
2022-05-05,58.05,58.05,0,0.01132404181,0.01132404181
2022-05-06,57.15,57.15,0,-0.01550387597,-0.01550387597
2022-05-09,55.7,55.7,0,-0.02537182852,-0.02537182852
2022-05-10,55.5,55.5,0,-0.003590664273,-0.003590664273
2022-05-11,55.15,55.15,0,-0.006306306306,-0.006306306306
2022-05-12,54.2,54.2,0,-0.01722574796,-0.01722574796
2022-05-13,55,55,0,0.0147601476,0.0147601476
2022-05-16,55.55,55.55,0,0.01,0.01
2022-05-17,55.8,55.8,0,0.004500450045,0.004500450045
2022-05-18,56.7,56.7,0,0.01612903226,0.01612903226
2022-05-19,55.8,55.8,0,-0.01587301587,-0.01587301587
2022-05-20,56.25,56.25,0,0.008064516129,0.008064516129
2022-05-23,55.75,55.75,0,-0.008888888889,-0.008888888889
2022-05-24,55.4,55.4,0,-0.006278026906,-0.006278026906
2022-05-25,55.75,55.75,0,0.006317689531,0.006317689531
2022-05-26,55.75,55.75,0,0,0
2022-05-27,56.35,56.35,0,0.01076233184,0.01076233184
2022-05-30,57.45,57.45,0,0.01952085182,0.01952085182
2022-05-31,57.45,57.45,0,0,0
2022-06-01,57.6,57.6,0,0.002610966057,0.002610966057
2022-06-02,57.2,57.2,0,-0.006944444444,-0.006944444444
2022-06-06,57.75,57.75,0,0.009615384615,0.009615384615
2022-06-07,57.6,57.6,0,-0.002597402597,-0.002597402597
2022-06-08,57.75,57.75,0,0.002604166667,0.002604166667
2022-06-09,57.7,57.7,0,-0.0008658008658,-0.0008658008658
2022-06-10,57.3,57.3,0,-0.006932409012,-0.006932409012
2022-06-13,56.2,56.2,0,-0.01919720768,-0.01919720768
2022-06-14,56.3,56.3,0,0.001779359431,0.001779359431
2022-06-15,55.5,55.5,0,-0.01420959147,-0.01420959147
2022-06-16,55.05,55.05,0,-0.008108108108,-0.008108108108
2022-06-17,54.15,54.15,0,-0.01634877384,-0.01634877384
2022-06-20,52.9,52.9,0,-0.02308402585,-0.02308402585
2022-06-21,54.45,54.45,0,0.02930056711,0.02930056711
2022-06-22,53.05,53.05,0,-0.02571166208,-0.02571166208
2022-06-23,53.15,53.15,0,0.001885014138,0.001885014138
2022-06-24,53.8,53.8,0,0.01222953904,0.01222953904
2022-06-27,54.75,54.75,0,0.01765799257,0.01765799257
2022-06-28,53.95,53.95,0,-0.01461187215,-0.01461187215
2022-06-29,53.7,53.7,0,-0.004633920297,-0.004633920297
2022-06-30,52.05,52.05,0,-0.03072625698,-0.03072625698
2022-07-01,50.2,50.2,0,-0.03554274736,-0.03554274736
2022-07-04,50,50,0,-0.003984063745,-0.003984063745
2022-07-05,50.35,50.35,0,0.007,0.007
2022-07-06,49.65,49.65,0,-0.01390268123,-0.01390268123
2022-07-07,50.5,50.5,0,0.01711983887,0.01711983887
2022-07-08,51.35,51.35,0,0.01683168317,0.01683168317
2022-07-11,50.9,50.9,0,-0.00876338851,-0.00876338851
2022-07-12,49.61,49.61,0,-0.02534381139,-0.02534381139
2022-07-13,50.75,50.75,0,0.02297923806,0.02297923806
2022-07-14,51.2,51.2,0,0.008866995074,0.008866995074
2022-07-15,51,51,0,-0.00390625,-0.00390625
2022-07-18,52.25,52.25,0,0.02450980392,0.02450980392
2022-07-19,52.2,52.2,0,-0.000956937799,-0.000956937799
2022-07-20,52.6,52.6,0,0.007662835249,0.007662835249
2022-07-21,52.7,52.7,0,0.001901140684,0.001901140684
2022-07-22,52.8,52.8,0,0.001897533207,0.001897533207
2022-07-25,53.05,53.05,0,0.004734848485,0.004734848485
2022-07-26,52.6,52.6,0,-0.008482563619,-0.008482563619
2022-07-27,52.85,52.85,0,0.004752851711,0.004752851711
2022-07-28,52.5,52.5,0,-0.006622516556,-0.006622516556
2022-07-29,52.8,52.8,0,0.005714285714,0.005714285714
2022-08-01,53.15,53.15,0,0.006628787879,0.006628787879
2022-08-02,52.6,52.6,0,-0.0103480715,-0.0103480715
2022-08-03,52.1,52.1,0,-0.009505703422,-0.009505703422
2022-08-04,52,52,0,-0.001919385797,-0.001919385797
2022-08-05,52.7,52.7,0,0.01346153846,0.01346153846
2022-08-08,53,53,0,0.00569259962,0.00569259962
2022-08-09,53.2,53.2,0,0.003773584906,0.003773584906
2022-08-10,53.25,53.25,0,0.0009398496241,0.0009398496241
2022-08-11,53.7,53.7,0,0.008450704225,0.008450704225
2022-08-12,54.4,54.4,0,0.01303538175,0.01303538175
2022-08-15,55.35,55.35,0,0.01746323529,0.01746323529
2022-08-16,55.55,55.55,0,0.003613369467,0.003613369467
2022-08-17,55.6,55.6,0,0.000900090009,0.000900090009
2022-08-18,55.4,55.4,0,-0.003597122302,-0.003597122302
2022-08-19,55.7,55.7,0,0.005415162455,0.005415162455
2022-08-22,55.2,55.2,0,-0.008976660682,-0.008976660682
2022-08-23,54.75,54.75,0,-0.008152173913,-0.008152173913
2022-08-24,54.9,54.9,0,0.002739726027,0.002739726027
2022-08-25,55.3,55.3,0,0.007285974499,0.007285974499
2022-08-26,55.8,55.8,0,0.00904159132,0.00904159132
2022-08-29,54.85,54.85,0,-0.01702508961,-0.01702508961
2022-08-30,55.2,55.2,0,0.006381039198,0.006381039198
2022-08-31,55.4,55.4,0,0.003623188406,0.003623188406
2022-09-01,54.65,54.65,0,-0.01353790614,-0.01353790614
2022-09-02,54.35,54.35,0,-0.0054894785,-0.0054894785
2022-09-05,54.25,54.25,0,-0.001839926403,-0.001839926403
2022-09-06,53.85,53.85,0,-0.007373271889,-0.007373271889
2022-09-07,53.4,53.4,0,-0.008356545961,-0.008356545961
2022-09-08,54.2,54.2,0,0.01498127341,0.01498127341
2022-09-12,55.15,55.15,0,0.01752767528,0.01752767528
2022-09-13,55.45,55.45,0,0.005439709882,0.005439709882
2022-09-14,54.95,54.95,0,-0.009017132552,-0.009017132552
2022-09-15,55.25,55.25,0,0.005459508644,0.005459508644
2022-09-16,54.8,54.8,0,-0.00814479638,-0.00814479638
2022-09-19,54.35,54.35,0,-0.008211678832,-0.008211678832
2022-09-20,54.65,54.65,0,0.005519779209,0.005519779209
2022-09-21,54.1,54.1,0,-0.01006404392,-0.01006404392
2022-09-22,53.8,53.8,0,-0.005545286506,-0.005545286506
2022-09-23,53.15,53.15,0,-0.01208178439,-0.01208178439
2022-09-26,51.6,51.6,0,-0.02916274694,-0.02916274694
2022-09-27,52.65,52.65,0,0.02034883721,0.02034883721
2022-09-28,51.75,51.75,0,-0.01709401709,-0.01709401709
2022-09-29,50.8,50.8,0,-0.01835748792,-0.01835748792
2022-09-30,50.6,50.6,0,-0.003937007874,-0.003937007874
2022-10-03,50.5,50.5,0,-0.001976284585,-0.001976284585
2022-10-04,51.7,51.7,0,0.02376237624,0.02376237624
2022-10-05,51.95,51.95,0,0.004835589942,0.004835589942
2022-10-06,52.15,52.15,0,0.00384985563,0.00384985563
2022-10-07,51.8,51.8,0,-0.006711409396,-0.006711409396
2022-10-11,50.2,50.2,0,-0.03088803089,-0.03088803089
2022-10-12,50.2,50.2,0,0,0
2022-10-13,49.21,49.21,0,-0.01972111554,-0.01972111554
2022-10-14,49.59,49.59,0,0.007722007722,0.007722007722
2022-10-17,49.19,49.19,0,-0.008066142367,-0.008066142367
2022-10-18,49.8,49.8,0,0.01240089449,0.01240089449
2022-10-19,49.68,49.68,0,-0.002409638554,-0.002409638554
2022-10-20,49.01,49.01,0,-0.0134863124,-0.0134863124
2022-10-21,48.64,48.64,0,-0.007549479698,-0.007549479698
2022-10-24,48.88,48.88,0,0.004934210526,0.004934210526
2022-10-25,48.48,48.48,0,-0.008183306056,-0.008183306056
2022-10-26,48.27,48.27,0,-0.004331683168,-0.004331683168
2022-10-27,49.26,49.26,0,0.02050963331,0.02050963331
2022-10-28,48.75,48.75,0,-0.01035322777,-0.01035322777
2022-10-31,49.3,49.3,0,0.01128205128,0.01128205128
2022-11-01,49.8,49.8,0,0.01014198783,0.01014198783
2022-11-02,50.25,50.25,0,0.009036144578,0.009036144578
2022-11-03,50.05,50.05,0,-0.003980099502,-0.003980099502
2022-11-04,50.4,50.4,0,0.006993006993,0.006993006993
2022-11-07,51.5,51.5,0,0.02182539683,0.02182539683
2022-11-08,51.7,51.7,0,0.003883495146,0.003883495146
2022-11-09,52.2,52.2,0,0.009671179884,0.009671179884
2022-11-10,51.9,51.9,0,-0.005747126437,-0.005747126437
2022-11-11,53,53,0,0.02119460501,0.02119460501
2022-11-14,54,54,0,0.01886792453,0.01886792453
2022-11-15,54.35,54.35,0,0.006481481481,0.006481481481
2022-11-16,51.7,51.7,2.4,-0.004599816007,-0.004599816007
2022-11-17,51.8,51.8,0,0.001934235977,0.001934235977
2022-11-18,51.75,51.75,0,-0.0009652509653,-0.0009652509653
2022-11-21,51.6,51.6,0,-0.002898550725,-0.002898550725
2022-11-22,51.45,51.45,0,-0.002906976744,-0.002906976744
2022-11-23,51.7,51.7,0,0.004859086492,0.004859086492
2022-11-24,52,52,0,0.00580270793,0.00580270793
2022-11-25,52.4,52.4,0,0.007692307692,0.007692307692
2022-11-28,52.15,52.15,0,-0.004770992366,-0.004770992366
2022-11-29,52.5,52.5,0,0.006711409396,0.006711409396
2022-11-30,52.8,52.8,0,0.005714285714,0.005714285714
2022-12-01,53.4,53.4,0,0.01136363636,0.01136363636
2022-12-02,53.3,53.3,0,-0.001872659176,-0.001872659176
2022-12-05,53.6,53.6,0,0.005628517824,0.005628517824
2022-12-06,53,53,0,-0.01119402985,-0.01119402985
2022-12-07,52.7,52.7,0,-0.005660377358,-0.005660377358
2022-12-08,52.5,52.5,0,-0.003795066414,-0.003795066414
2022-12-09,52.55,52.55,0,0.0009523809524,0.0009523809524
2022-12-12,52.3,52.3,0,-0.00475737393,-0.00475737393
2022-12-13,52.3,52.3,0,0,0
2022-12-14,53,53,0,0.01338432122,0.01338432122
2022-12-15,52.95,52.95,0,-0.0009433962264,-0.0009433962264
2022-12-16,52.65,52.65,0,-0.00566572238,-0.00566572238
2022-12-19,52.05,52.05,0,-0.0113960114,-0.0113960114
2022-12-20,51,51,0,-0.02017291066,-0.02017291066
2022-12-21,51.4,51.4,0,0.007843137255,0.007843137255
2022-12-22,51.75,51.75,0,0.006809338521,0.006809338521
2022-12-23,51.3,51.3,0,-0.008695652174,-0.008695652174
2022-12-26,51.55,51.55,0,0.004873294347,0.004873294347
2022-12-27,51.75,51.75,0,0.003879728419,0.003879728419
2022-12-28,51.45,51.45,0,-0.005797101449,-0.005797101449
2022-12-29,51.1,51.1,0,-0.006802721088,-0.006802721088
2022-12-30,51.25,51.25,0,0.002935420744,0.002935420744
2023-01-03,51.4,51.4,0,0.002926829268,0.002926829268
2023-01-04,51.7,51.7,0,0.005836575875,0.005836575875
2023-01-05,51.75,51.75,0,0.0009671179884,0.0009671179884
2023-01-06,51.85,51.85,0,0.00193236715,0.00193236715
2023-01-09,52.5,52.5,0,0.01253616201,0.01253616201
2023-01-10,52.6,52.6,0,0.001904761905,0.001904761905
2023-01-11,52.6,52.6,0,0,0
2023-01-12,52.35,52.35,0,-0.004752851711,-0.004752851711
2023-01-13,52.45,52.45,0,0.001910219675,0.001910219675
2023-01-16,52.4,52.4,0,-0.0009532888465,-0.0009532888465
2023-01-17,52.5,52.5,0,0.001908396947,0.001908396947
2023-01-30,53.85,53.85,0,0.02571428571,0.02571428571
2023-01-31,53.7,53.7,0,-0.00278551532,-0.00278551532
2023-02-01,54.15,54.15,0,0.008379888268,0.008379888268
2023-02-02,54.85,54.85,0,0.01292705448,0.01292705448
2023-02-03,54.95,54.95,0,0.001823154057,0.001823154057
2023-02-06,54.85,54.85,0,-0.001819836215,-0.001819836215
2023-02-07,55.05,55.05,0,0.003646308113,0.003646308113
2023-02-08,55.4,55.4,0,0.006357856494,0.006357856494
2023-02-09,55.6,55.6,0,0.003610108303,0.003610108303
2023-02-10,55.1,55.1,0,-0.008992805755,-0.008992805755
2023-02-13,55.05,55.05,0,-0.0009074410163,-0.0009074410163
2023-02-14,55.4,55.4,0,0.006357856494,0.006357856494
2023-02-15,54.85,54.85,0,-0.009927797834,-0.009927797834
2023-02-16,55.7,55.7,0,0.01549680948,0.01549680948
2023-02-17,55.5,55.5,0,-0.003590664273,-0.003590664273
2023-02-20,56.05,56.05,0,0.00990990991,0.00990990991
2023-02-21,56.25,56.25,0,0.00356824264,0.00356824264
2023-02-22,55.8,55.8,0,-0.008,-0.008
2023-02-23,56.55,56.55,0,0.01344086022,0.01344086022
2023-02-24,56.45,56.45,0,-0.001768346596,-0.001768346596
2023-03-01,56.2,56.2,0,-0.004428697963,-0.004428697963
2023-03-02,56.15,56.15,0,-0.0008896797153,-0.0008896797153
2023-03-03,56.5,56.5,0,0.006233303651,0.006233303651
2023-03-06,57.05,57.05,0,0.009734513274,0.009734513274
2023-03-07,57.2,57.2,0,0.002629272568,0.002629272568
2023-03-08,57.3,57.3,0,0.001748251748,0.001748251748
2023-03-09,57.1,57.1,0,-0.003490401396,-0.003490401396
2023-03-10,56.1,56.1,0,-0.01751313485,-0.01751313485
2023-03-13,55.95,55.95,0,-0.002673796791,-0.002673796791
2023-03-14,55.65,55.65,0,-0.005361930295,-0.005361930295
2023-03-15,55.2,55.2,0,-0.008086253369,-0.008086253369
2023-03-16,55.05,55.05,0,-0.002717391304,-0.002717391304
2023-03-17,55.4,55.4,0,0.006357856494,0.006357856494
2023-03-20,55.6,55.6,0,0.003610108303,0.003610108303
2023-03-21,56.15,56.15,0,0.009892086331,0.009892086331
2023-03-22,56.65,56.65,0,0.008904719501,0.008904719501
2023-03-23,56.9,56.9,0,0.004413062665,0.004413062665
2023-03-24,57.4,57.4,0,0.008787346221,0.008787346221
2023-03-27,57.05,57.05,0,-0.006097560976,-0.006097560976
2023-03-28,56.9,56.9,0,-0.002629272568,-0.002629272568
2023-03-29,56.8,56.8,0,-0.001757469244,-0.001757469244
2023-03-30,57.35,57.35,0,0.009683098592,0.009683098592
2023-03-31,57.6,57.6,0,0.004359197908,0.004359197908
2023-04-06,57.45,57.45,0,-0.002604166667,-0.002604166667
2023-04-07,57.8,57.8,0,0.006092254134,0.006092254134
2023-04-10,57.95,57.95,0,0.002595155709,0.002595155709
2023-04-11,58.6,58.6,0,0.01121656601,0.01121656601
2023-04-12,58.85,58.85,0,0.004266211604,0.004266211604
2023-04-13,58.3,58.3,0,-0.009345794393,-0.009345794393
2023-04-14,58.65,58.65,0,0.006003430532,0.006003430532
2023-04-17,58.8,58.8,0,0.002557544757,0.002557544757
2023-04-18,58.5,58.5,0,-0.005102040816,-0.005102040816
2023-04-19,58.45,58.45,0,-0.0008547008547,-0.0008547008547
2023-04-20,57.7,57.7,0,-0.0128314799,-0.0128314799
2023-04-21,57.05,57.05,0,-0.01126516464,-0.01126516464
2023-04-24,57.35,57.35,0,0.005258545136,0.005258545136
2023-04-25,56.35,56.35,0,-0.01743679163,-0.01743679163
2023-04-26,56.35,56.35,0,0,0
2023-04-27,56.95,56.95,0,0.01064773736,0.01064773736
2023-04-28,57.4,57.4,0,0.00790166813,0.00790166813
2023-05-02,57.9,57.9,0,0.008710801394,0.008710801394
2023-05-03,57.75,57.75,0,-0.002590673575,-0.002590673575
2023-05-04,57.9,57.9,0,0.002597402597,0.002597402597
2023-05-05,57.85,57.85,0,-0.0008635578584,-0.0008635578584
2023-05-08,58.15,58.15,0,0.005185825411,0.005185825411
2023-05-09,57.95,57.95,0,-0.003439380911,-0.003439380911
2023-05-10,57.75,57.75,0,-0.003451251079,-0.003451251079
2023-05-11,57.4,57.4,0,-0.006060606061,-0.006060606061
2023-05-12,57.55,57.55,0,0.002613240418,0.002613240418
2023-05-15,57.35,57.35,0,-0.003475238923,-0.003475238923
2023-05-16,58.05,58.05,0,0.01220575414,0.01220575414
2023-05-17,58.45,58.45,0,0.006890611542,0.006890611542
2023-05-18,58.9,58.9,0,0.007698887938,0.007698887938
2023-05-19,59.45,59.45,0,0.009337860781,0.009337860781
2023-05-22,59.55,59.55,0,0.001682085786,0.001682085786
2023-05-23,59.8,59.8,0,0.004198152813,0.004198152813
2023-05-24,59.55,59.55,0,-0.004180602007,-0.004180602007
2023-05-25,60.3,60.3,0,0.01259445844,0.01259445844
2023-05-26,60.7,60.7,0,0.006633499171,0.006633499171
2023-05-29,62,62,0,0.02141680395,0.02141680395
2023-05-30,61.95,61.95,0,-0.0008064516129,-0.0008064516129
2023-05-31,62,62,0,0.000807102502,0.000807102502
2023-06-01,62,62,0,0,0
2023-06-02,63.05,63.05,0,0.01693548387,0.01693548387
2023-06-05,63.7,63.7,0,0.01030927835,0.01030927835
2023-06-06,63.5,63.5,0,-0.003139717425,-0.003139717425
2023-06-07,64.15,64.15,0,0.01023622047,0.01023622047
2023-06-08,63.25,63.25,0,-0.01402961808,-0.01402961808
2023-06-09,63.85,63.85,0,0.009486166008,0.009486166008
2023-06-12,64.1,64.1,0,0.003915426782,0.003915426782
2023-06-13,64.7,64.7,0,0.009360374415,0.009360374415
2023-06-14,65.2,65.2,0,0.00772797527,0.00772797527
2023-06-15,66.45,66.45,0,0.01917177914,0.01917177914
2023-06-16,66.55,66.55,0,0.001504890895,0.001504890895
2023-06-19,66.3,66.3,0,-0.003756574005,-0.003756574005
2023-06-20,66.15,66.15,0,-0.002262443439,-0.002262443439
2023-06-21,66.7,66.7,0,0.008314436886,0.008314436886
2023-06-26,66.65,66.65,0,-0.0007496251874,-0.0007496251874
2023-06-27,65.15,65.15,0,-0.02250562641,-0.02250562641
2023-06-28,65.6,65.6,0,0.006907137375,0.006907137375
2023-06-29,66.15,66.15,0,0.008384146341,0.008384146341
2023-06-30,66.35,66.35,0,0.003023431595,0.003023431595
2023-07-03,67.9,67.9,0,0.02336096458,0.02336096458
2023-07-04,68.95,68.95,0,0.01546391753,0.01546391753
2023-07-05,68.5,68.5,0,-0.006526468455,-0.006526468455
2023-07-06,67.95,67.95,0,-0.00802919708,-0.00802919708
2023-07-07,67.2,67.2,0,-0.01103752759,-0.01103752759
2023-07-10,67.4,67.4,0,0.002976190476,0.002976190476
2023-07-11,68.75,68.75,0,0.02002967359,0.02002967359
2023-07-12,69.75,69.75,0,0.01454545455,0.01454545455
2023-07-13,70.85,70.85,0,0.01577060932,0.01577060932
2023-07-14,71.45,71.45,0,0.008468595625,0.008468595625
2023-07-17,71.95,71.95,0,0.00699790063,0.00699790063
2023-07-18,71.95,71.95,0,0,0
2023-07-19,71.05,71.05,0,-0.01250868659,-0.01250868659
2023-07-20,71.7,71.7,0,0.009148486981,0.009148486981
2023-07-21,72.6,72.6,0,0.01255230126,0.01255230126
2023-07-24,73.55,73.55,0,0.01308539945,0.01308539945
2023-07-25,73.5,73.5,0,-0.0006798096533,-0.0006798096533
2023-07-26,73.15,73.15,0,-0.004761904762,-0.004761904762
2023-07-27,73.5,73.5,0,0.004784688995,0.004784688995
2023-07-28,73.9,73.9,0,0.005442176871,0.005442176871
2023-07-31,72.45,72.45,0,-0.01962110961,-0.01962110961
2023-08-01,72,72,0,-0.006211180124,-0.006211180124
2023-08-02,69.95,69.95,0,-0.02847222222,-0.02847222222
2023-08-04,69.8,69.8,0,-0.002144388849,-0.002144388849
2023-08-07,71.7,71.7,0,0.02722063037,0.02722063037
2023-08-08,71.6,71.6,0,-0.001394700139,-0.001394700139
2023-08-09,70.55,70.55,0,-0.01466480447,-0.01466480447
2023-08-10,68.8,68.8,0,-0.02480510276,-0.02480510276
2023-08-11,69.1,69.1,0,0.004360465116,0.004360465116
2023-08-14,68,68,0,-0.01591895803,-0.01591895803
2023-08-15,69,69,0,0.01470588235,0.01470588235
2023-08-16,69.25,69.25,0,0.003623188406,0.003623188406
2023-08-17,70.05,70.05,0,0.01155234657,0.01155234657
2023-08-18,69.15,69.15,0,-0.01284796574,-0.01284796574
2023-08-21,69.85,69.85,0,0.01012292119,0.01012292119
2023-08-22,70.45,70.45,0,0.008589835361,0.008589835361
2023-08-23,70.85,70.85,0,0.005677785664,0.005677785664
2023-08-24,71.6,71.6,0,0.01058574453,0.01058574453
2023-08-25,70.05,70.05,0,-0.02164804469,-0.02164804469
2023-08-28,69.45,69.45,0,-0.008565310493,-0.008565310493
2023-08-29,70.4,70.4,0,0.01367890569,0.01367890569
2023-08-30,71.1,71.1,0,0.009943181818,0.009943181818
2023-08-31,70.9,70.9,0,-0.002812939522,-0.002812939522
2023-09-01,70.55,70.55,0,-0.004936530324,-0.004936530324
2023-09-04,70.75,70.75,0,0.002834868887,0.002834868887
2023-09-05,70.6,70.6,0,-0.002120141343,-0.002120141343
2023-09-06,71.1,71.1,0,0.007082152975,0.007082152975
2023-09-07,70.45,70.45,0,-0.009142053446,-0.009142053446
2023-09-08,70.1,70.1,0,-0.004968062456,-0.004968062456
2023-09-11,69,69,0,-0.01569186876,-0.01569186876
2023-09-12,69.45,69.45,0,0.00652173913,0.00652173913
2023-09-13,69.75,69.75,0,0.004319654428,0.004319654428
2023-09-14,70.5,70.5,0,0.01075268817,0.01075268817
2023-09-15,71,71,0,0.007092198582,0.007092198582
2023-09-18,70.5,70.5,0,-0.007042253521,-0.007042253521
2023-09-19,70.15,70.15,0,-0.004964539007,-0.004964539007
2023-09-20,69.55,69.55,0,-0.008553100499,-0.008553100499
2023-09-21,68.9,68.9,0,-0.009345794393,-0.009345794393
2023-09-22,69.15,69.15,0,0.003628447025,0.003628447025
2023-09-25,70.55,70.55,0,0.02024584237,0.02024584237
2023-09-26,69.25,69.25,0,-0.01842664777,-0.01842664777
2023-09-27,69.55,69.55,0,0.004332129964,0.004332129964
2023-09-28,69.8,69.8,0,0.003594536305,0.003594536305
2023-10-02,70.5,70.5,0,0.0100286533,0.0100286533
2023-10-03,70.05,70.05,0,-0.006382978723,-0.006382978723
2023-10-04,69.25,69.25,0,-0.01142041399,-0.01142041399
2023-10-05,70.05,70.05,0,0.01155234657,0.01155234657
2023-10-06,70.2,70.2,0,0.002141327623,0.002141327623
2023-10-11,70.2,70.2,0,0,0
2023-10-12,70.55,70.55,0,0.004985754986,0.004985754986
2023-10-13,70.55,70.55,0,0,0
2023-10-16,70.15,70.15,0,-0.005669737775,-0.005669737775
2023-10-17,69.65,69.65,0,-0.007127583749,-0.007127583749
2023-10-18,68.6,68.6,0,-0.01507537688,-0.01507537688
2023-10-19,68.6,68.6,0,0,0
2023-10-20,68.1,68.1,0,-0.007288629738,-0.007288629738
2023-10-23,67.3,67.3,0,-0.01174743025,-0.01174743025
2023-10-24,67.85,67.85,0,0.008172362556,0.008172362556
2023-10-25,68.35,68.35,0,0.007369196758,0.007369196758
2023-10-26,67.1,67.1,0,-0.01828822238,-0.01828822238
2023-10-27,67.3,67.3,0,0.002980625931,0.002980625931
2023-10-30,67.25,67.25,0,-0.0007429420505,-0.0007429420505
2023-10-31,66.1,66.1,0,-0.01710037175,-0.01710037175
2023-11-01,66.75,66.75,0,0.009833585477,0.009833585477
2023-11-02,68,68,0,0.01872659176,0.01872659176
2023-11-03,68.6,68.6,0,0.008823529412,0.008823529412
2023-11-06,69.6,69.6,0,0.01457725948,0.01457725948
2023-11-07,69.5,69.5,0,-0.001436781609,-0.001436781609
2023-11-08,70,70,0,0.007194244604,0.007194244604
2023-11-09,70,70,0,0,0
2023-11-10,69.85,69.85,0,-0.002142857143,-0.002142857143
2023-11-13,70,70,0,0.00214745884,0.00214745884
2023-11-14,70.6,70.6,0,0.008571428571,0.008571428571
2023-11-15,71.1,71.1,0,0.007082152975,0.007082152975
2023-11-16,68.6,68.6,2.5,0,0
2023-11-17,69.3,69.3,0,0.01020408163,0.01020408163
2023-11-20,69.15,69.15,0,-0.002164502165,-0.002164502165
2023-11-21,69.7,69.7,0,0.007953723789,0.007953723789
2023-11-22,69.3,69.3,0,-0.005738880918,-0.005738880918
2023-11-23,69.3,69.3,0,0,0
2023-11-24,69.5,69.5,0,0.002886002886,0.002886002886
2023-11-27,68.9,68.9,0,-0.008633093525,-0.008633093525
2023-11-28,69.9,69.9,0,0.0145137881,0.0145137881
2023-11-29,70.1,70.1,0,0.002861230329,0.002861230329
2023-11-30,70.35,70.35,0,0.003566333809,0.003566333809
2023-12-01,70.45,70.45,0,0.001421464108,0.001421464108
2023-12-04,70.7,70.7,0,0.00354861604,0.00354861604
2023-12-05,70.15,70.15,0,-0.007779349364,-0.007779349364
2023-12-06,70.8,70.8,0,0.009265858874,0.009265858874
2023-12-07,70.55,70.55,0,-0.003531073446,-0.003531073446
2023-12-08,70.9,70.9,0,0.004961020553,0.004961020553
2023-12-11,70.85,70.85,0,-0.0007052186178,-0.0007052186178
2023-12-12,71.25,71.25,0,0.005645730416,0.005645730416
2023-12-13,71.3,71.3,0,0.000701754386,0.000701754386
2023-12-14,72.15,72.15,0,0.01192145863,0.01192145863
2023-12-15,72.05,72.05,0,-0.001386001386,-0.001386001386
2023-12-18,71.8,71.8,0,-0.00346981263,-0.00346981263
2023-12-19,71.05,71.05,0,-0.01044568245,-0.01044568245
2023-12-20,72.1,72.1,0,0.01477832512,0.01477832512
2023-12-21,71.75,71.75,0,-0.004854368932,-0.004854368932
2023-12-22,72.15,72.15,0,0.005574912892,0.005574912892
2023-12-25,72.2,72.2,0,0.000693000693,0.000693000693
2023-12-26,72.9,72.9,0,0.009695290859,0.009695290859
2023-12-27,73.4,73.4,0,0.006858710562,0.006858710562
2023-12-28,73.5,73.5,0,0.00136239782,0.00136239782
2023-12-29,73.65,73.65,0,0.002040816327,0.002040816327
2024-01-02,73.45,73.45,0,-0.002715546504,-0.002715546504
2024-01-03,72.5,72.5,0,-0.01293396869,-0.01293396869
2024-01-04,72.6,72.6,0,0.001379310345,0.001379310345
2024-01-05,72.85,72.85,0,0.003443526171,0.003443526171
2024-01-08,72.85,72.85,0,0,0
2024-01-09,72.5,72.5,0,-0.004804392588,-0.004804392588
2024-01-10,72.4,72.4,0,-0.001379310345,-0.001379310345
2024-01-11,73,73,0,0.008287292818,0.008287292818
2024-01-12,72.75,72.75,0,-0.003424657534,-0.003424657534
2024-01-15,72.7,72.7,0,-0.0006872852234,-0.0006872852234
2024-01-16,72.2,72.2,0,-0.006877579092,-0.006877579092
2024-01-17,73.4,73.4,0,0.01662049861,0.01662049861
2024-01-18,71.25,71.25,0,-0.02929155313,-0.02929155313
2024-01-19,71.8,71.8,0,0.007719298246,0.007719298246
2024-01-22,72.85,72.85,0,0.01462395543,0.01462395543
2024-01-23,72.95,72.95,0,0.001372683596,0.001372683596
2024-01-24,73.05,73.05,0,0.001370801919,0.001370801919
2024-01-25,72.85,72.85,0,-0.002737850787,-0.002737850787
2024-01-26,72.4,72.4,0,-0.006177076184,-0.006177076184
2024-01-29,73.35,73.35,0,0.01312154696,0.01312154696
2024-01-30,73.45,73.45,0,0.001363326517,0.001363326517
2024-01-31,73.2,73.2,0,-0.00340367597,-0.00340367597
2024-02-01,73.9,73.9,0,0.00956284153,0.00956284153
2024-02-02,74.4,74.4,0,0.006765899865,0.006765899865
2024-02-05,74,74,0,-0.005376344086,-0.005376344086
2024-02-15,74.95,74.95,0,0.01283783784,0.01283783784
2024-02-16,75.55,75.55,0,0.008005336891,0.008005336891
2024-02-19,75.75,75.75,0,0.002647253475,0.002647253475
2024-02-20,75.95,75.95,0,0.002640264026,0.002640264026
2024-02-21,75.95,75.95,0,0,0
2024-02-22,76.3,76.3,0,0.004608294931,0.004608294931
2024-02-23,76.45,76.45,0,0.001965923984,0.001965923984
2024-02-26,76.5,76.5,0,0.0006540222368,0.0006540222368
2024-02-27,76.15,76.15,0,-0.004575163399,-0.004575163399
2024-02-29,77.35,77.35,0,0.01575837163,0.01575837163
2024-03-01,77.7,77.7,0,0.004524886878,0.004524886878
2024-03-04,78,78,0,0.003861003861,0.003861003861
2024-03-05,78.35,78.35,0,0.004487179487,0.004487179487
2024-03-06,78.7,78.7,0,0.004467134652,0.004467134652
2024-03-07,78.6,78.6,0,-0.00127064803,-0.00127064803
2024-03-08,77.05,77.05,0,-0.01972010178,-0.01972010178
2024-03-11,77.2,77.2,0,0.0019467878,0.0019467878
2024-03-12,78.3,78.3,0,0.01424870466,0.01424870466
2024-03-13,77.65,77.65,0,-0.008301404853,-0.008301404853
2024-03-14,77.45,77.45,0,-0.002575660013,-0.002575660013
2024-03-15,77.25,77.25,0,-0.002582311168,-0.002582311168
2024-03-18,78.15,78.15,0,0.01165048544,0.01165048544
2024-03-19,78,78,0,-0.001919385797,-0.001919385797
2024-03-20,77.15,77.15,0,-0.0108974359,-0.0108974359
2024-03-21,78.65,78.65,0,0.0194426442,0.0194426442
2024-03-22,78.4,78.4,0,-0.003178639542,-0.003178639542
2024-03-25,78.85,78.85,0,0.005739795918,0.005739795918
2024-03-26,78.1,78.1,0,-0.009511731135,-0.009511731135
2024-03-27,78.35,78.35,0,0.003201024328,0.003201024328
2024-03-28,78.4,78.4,0,0.0006381620932,0.0006381620932
2024-03-29,78.55,78.55,0,0.001913265306,0.001913265306
2024-04-01,78.9,78.9,0,0.004455760662,0.004455760662
2024-04-02,78.9,78.9,0,0,0
2024-04-03,78.8,78.8,0,-0.001267427123,-0.001267427123
2024-04-08,79.15,79.15,0,0.004441624365,0.004441624365
2024-04-09,79.45,79.45,0,0.003790271636,0.003790271636
2024-04-10,79.5,79.5,0,0.0006293266205,0.0006293266205
2024-04-11,79.45,79.45,0,-0.0006289308176,-0.0006289308176
2024-04-12,79.8,79.8,0,0.004405286344,0.004405286344
2024-04-15,78.5,78.5,0,-0.01629072682,-0.01629072682
2024-04-16,76.5,76.5,0,-0.02547770701,-0.02547770701
2024-04-17,77.8,77.8,0,0.01699346405,0.01699346405
2024-04-18,78.1,78.1,0,0.003856041131,0.003856041131
2024-04-19,76.5,76.5,0,-0.0204865557,-0.0204865557
2024-04-22,75.2,75.2,0,-0.01699346405,-0.01699346405
2024-04-23,75.95,75.95,0,0.009973404255,0.009973404255
2024-04-24,77.4,77.4,0,0.01909150757,0.01909150757
2024-04-25,77,77,0,-0.005167958656,-0.005167958656
2024-04-26,77.7,77.7,0,0.009090909091,0.009090909091
2024-04-29,78.9,78.9,0,0.01544401544,0.01544401544
2024-04-30,79.25,79.25,0,0.00443599493,0.00443599493
2024-05-02,79,79,0,-0.003154574132,-0.003154574132
2024-05-03,78.6,78.6,0,-0.005063291139,-0.005063291139
2024-05-06,79,79,0,0.005089058524,0.005089058524
2024-05-07,79,79,0,0,0
2024-05-08,79.2,79.2,0,0.00253164557,0.00253164557
2024-05-09,78.7,78.7,0,-0.006313131313,-0.006313131313
2024-05-10,78.75,78.75,0,0.0006353240152,0.0006353240152
2024-05-13,78.95,78.95,0,0.00253968254,0.00253968254
2024-05-14,79.2,79.2,0,0.003166561115,0.003166561115
2024-05-15,79.4,79.4,0,0.002525252525,0.002525252525
2024-05-16,80.1,80.1,0,0.008816120907,0.008816120907
2024-05-17,80,80,0,-0.001248439451,-0.001248439451
2024-05-20,80.05,80.05,0,0.000625,0.000625
2024-05-21,79.95,79.95,0,-0.001249219238,-0.001249219238
2024-05-22,80.55,80.55,0,0.007504690432,0.007504690432
2024-05-23,80.5,80.5,0,-0.0006207324643,-0.0006207324643
2024-05-24,81,81,0,0.006211180124,0.006211180124
2024-05-27,81.85,81.85,0,0.01049382716,0.01049382716
2024-05-28,82.55,82.55,0,0.008552229688,0.008552229688
2024-05-29,82.35,82.35,0,-0.002422774076,-0.002422774076
2024-05-30,81.45,81.45,0,-0.01092896175,-0.01092896175
2024-05-31,81.05,81.05,0,-0.004910988336,-0.004910988336
2024-06-03,81.65,81.65,0,0.007402837754,0.007402837754
2024-06-04,81.15,81.15,0,-0.006123698714,-0.006123698714
2024-06-05,81.05,81.05,0,-0.00123228589,-0.00123228589
2024-06-06,81.1,81.1,0,0.0006169031462,0.0006169031462
2024-06-07,81.85,81.85,0,0.00924784217,0.00924784217
2024-06-11,81.5,81.5,0,-0.004276114844,-0.004276114844
2024-06-12,81.4,81.4,0,-0.001226993865,-0.001226993865
2024-06-13,82.25,82.25,0,0.01044226044,0.01044226044
2024-06-14,83.35,83.35,0,0.01337386018,0.01337386018
2024-06-17,83.9,83.9,0,0.006598680264,0.006598680264
2024-06-18,84.15,84.15,0,0.002979737783,0.002979737783
2024-06-19,84.65,84.65,0,0.005941770648,0.005941770648
2024-06-20,85,85,0,0.00413467218,0.00413467218
2024-06-21,85,85,0,0,0
2024-06-24,84,84,0,-0.01176470588,-0.01176470588
2024-06-25,84.15,84.15,0,0.001785714286,0.001785714286
2024-06-26,84.15,84.15,0,0,0
2024-06-27,84.15,84.15,0,0,0
2024-06-28,84.45,84.45,0,0.003565062389,0.003565062389
2024-07-01,84.15,84.15,0,-0.003552397869,-0.003552397869
2024-07-02,83.65,83.65,0,-0.005941770648,-0.005941770648
2024-07-03,84.55,84.55,0,0.01075911536,0.01075911536
2024-07-04,85.25,85.25,0,0.008279124778,0.008279124778
2024-07-05,85.55,85.55,0,0.003519061584,0.003519061584
2024-07-08,85.25,85.25,0,-0.003506721216,-0.003506721216
2024-07-09,85,85,0,-0.00293255132,-0.00293255132
2024-07-10,85.8,85.8,0,0.009411764706,0.009411764706
2024-07-11,86.55,86.55,0,0.008741258741,0.008741258741
2024-07-12,86.55,86.55,0,0,0
2024-07-15,86.5,86.5,0,-0.000577700751,-0.000577700751
2024-07-16,86.4,86.4,0,-0.001156069364,-0.001156069364
2024-07-17,86.25,86.25,0,-0.001736111111,-0.001736111111
2024-07-18,84.9,84.9,0,-0.01565217391,-0.01565217391
2024-07-19,83.5,83.5,0,-0.01648998822,-0.01648998822
2024-07-22,81.55,81.55,0,-0.02335329341,-0.02335329341
2024-07-23,82.75,82.75,0,0.01471489884,0.01471489884
2024-07-26,81.45,81.45,0,-0.01570996979,-0.01570996979
2024-07-29,80.25,80.25,0,-0.01473296501,-0.01473296501
2024-07-30,80.8,80.8,0,0.006853582555,0.006853582555
2024-07-31,81.25,81.25,0,0.005569306931,0.005569306931
2024-08-01,82.3,82.3,0,0.01292307692,0.01292307692
2024-08-02,79.9,79.9,0,-0.02916160389,-0.02916160389
2024-08-05,73.65,73.65,0,-0.07822277847,-0.07822277847
2024-08-06,73.75,73.75,0,0.001357773252,0.001357773252
2024-08-07,77.25,77.25,0,0.04745762712,0.04745762712
2024-08-08,76.1,76.1,0,-0.01488673139,-0.01488673139
2024-08-09,77.45,77.45,0,0.01773981603,0.01773981603
2024-08-12,78.4,78.4,0,0.01226597805,0.01226597805
2024-08-13,78.45,78.45,0,0.000637755102,0.000637755102
2024-08-14,78.9,78.9,0,0.005736137667,0.005736137667
2024-08-15,79,79,0,0.001267427123,0.001267427123
2024-08-16,80.2,80.2,0,0.01518987342,0.01518987342
2024-08-19,80.2,80.2,0,0,0
2024-08-20,80.55,80.55,0,0.004364089776,0.004364089776
2024-08-21,80.65,80.65,0,0.001241464929,0.001241464929
2024-08-22,80.6,80.6,0,-0.0006199628022,-0.0006199628022
2024-08-23,80.75,80.75,0,0.001861042184,0.001861042184
2024-08-26,81.7,81.7,0,0.01176470588,0.01176470588
2024-08-27,81.25,81.25,0,-0.005507955936,-0.005507955936
2024-08-28,81.35,81.35,0,0.001230769231,0.001230769231
2024-08-29,81.45,81.45,0,0.0012292563,0.0012292563
2024-08-30,81.85,81.85,0,0.004910988336,0.004910988336
2024-09-02,81.6,81.6,0,-0.003054367746,-0.003054367746
2024-09-03,81.4,81.4,0,-0.002450980392,-0.002450980392
2024-09-04,78.35,78.35,0,-0.03746928747,-0.03746928747
2024-09-05,78.3,78.3,0,-0.0006381620932,-0.0006381620932
2024-09-06,79,79,0,0.008939974457,0.008939974457
2024-09-09,78.25,78.25,0,-0.009493670886,-0.009493670886
2024-09-10,77.45,77.45,0,-0.01022364217,-0.01022364217
2024-09-11,77.6,77.6,0,0.001936733376,0.001936733376
2024-09-12,79.3,79.3,0,0.02190721649,0.02190721649
2024-09-13,79.35,79.35,0,0.000630517024,0.000630517024
2024-09-16,79.75,79.75,0,0.005040957782,0.005040957782
2024-09-18,79.25,79.25,0,-0.006269592476,-0.006269592476
2024-09-19,80.6,80.6,0,0.01703470032,0.01703470032
2024-09-20,80.35,80.35,0,-0.003101736973,-0.003101736973
2024-09-23,80.7,80.7,0,0.00435594275,0.00435594275
2024-09-24,80.8,80.8,0,0.001239157373,0.001239157373
2024-09-25,81.75,81.75,0,0.01175742574,0.01175742574
2024-09-26,82,82,0,0.003058103976,0.003058103976
2024-09-27,82.65,82.65,0,0.007926829268,0.007926829268
2024-09-30,81.6,81.6,0,-0.01270417423,-0.01270417423
2024-10-01,81.6,81.6,0,0,0
2024-10-04,80.3,80.3,0,-0.01593137255,-0.01593137255
2024-10-07,81.55,81.55,0,0.01556662516,0.01556662516
2024-10-08,81.1,81.1,0,-0.005518087063,-0.005518087063
2024-10-09,80.8,80.8,0,-0.003699136868,-0.003699136868
2024-10-11,80.3,80.3,0,-0.006188118812,-0.006188118812
2024-10-14,80.95,80.95,0,0.008094645081,0.008094645081
2024-10-15,81.4,81.4,0,0.005558987029,0.005558987029
2024-10-16,80.8,80.8,0,-0.007371007371,-0.007371007371
2024-10-17,81.85,81.85,0,0.0129950495,0.0129950495
2024-10-18,81.35,81.35,0,-0.006108735492,-0.006108735492
2024-10-21,82,82,0,0.00799016595,0.00799016595
2024-10-22,82.05,82.05,0,0.0006097560976,0.0006097560976
2024-10-23,82,82,0,-0.0006093845216,-0.0006093845216
2024-10-24,81.1,81.1,0,-0.01097560976,-0.01097560976
2024-10-25,81.5,81.5,0,0.004932182491,0.004932182491
2024-10-28,81.3,81.3,0,-0.00245398773,-0.00245398773
2024-10-29,80.3,80.3,0,-0.012300123,-0.012300123
2024-10-30,80.25,80.25,0,-0.0006226650062,-0.0006226650062
2024-11-01,80.4,80.4,0,0.001869158879,0.001869158879
2024-11-04,80.4,80.4,0,0,0
2024-11-05,80.95,80.95,0,0.00684079602,0.00684079602
2024-11-06,81.55,81.55,0,0.007411982705,0.007411982705
2024-11-07,82.25,82.25,0,0.008583690987,0.008583690987
2024-11-08,82.15,82.15,0,-0.001215805471,-0.001215805471
2024-11-11,82.15,82.15,0,0,0
2024-11-12,80.85,80.85,0,-0.01582471089,-0.01582471089
2024-11-13,80.45,80.45,0,-0.004947433519,-0.004947433519
2024-11-14,79.8,79.8,0,-0.008079552517,-0.008079552517
2024-11-15,80.3,80.3,0,0.00626566416,0.00626566416
2024-11-18,76.8,76.8,2.46,-0.01295143213,-0.01295143213
2024-11-19,77.8,77.8,0,0.01302083333,0.01302083333
2024-11-20,77.15,77.15,0,-0.008354755784,-0.008354755784
2024-11-21,77.9,77.9,0,0.0097213221,0.0097213221
2024-11-22,78.4,78.4,0,0.006418485237,0.006418485237
2024-11-25,78.85,78.85,0,0.005739795918,0.005739795918
2024-11-26,78.15,78.15,0,-0.008877615726,-0.008877615726
2024-11-27,76.7,76.7,0,-0.0185540627,-0.0185540627
2024-11-28,75.9,75.9,0,-0.01043024772,-0.01043024772
2024-11-29,76.85,76.85,0,0.01251646904,0.01251646904
2024-12-02,77.45,77.45,0,0.007807417046,0.007807417046
2024-12-03,78.05,78.05,0,0.007746933505,0.007746933505
2024-12-04,78.5,78.5,0,0.005765534914,0.005765534914
2024-12-05,78.65,78.65,0,0.001910828025,0.001910828025
2024-12-06,78.6,78.6,0,-0.0006357279085,-0.0006357279085
2024-12-09,78.6,78.6,0,0,0
2024-12-10,78.05,78.05,0,-0.006997455471,-0.006997455471
2024-12-11,77.7,77.7,0,-0.004484304933,-0.004484304933
2024-12-12,78.1,78.1,0,0.005148005148,0.005148005148
2024-12-13,77.85,77.85,0,-0.003201024328,-0.003201024328
2024-12-16,76.9,76.9,0,-0.0122029544,-0.0122029544
2024-12-17,77.1,77.1,0,0.002600780234,0.002600780234
2024-12-18,77.35,77.35,0,0.003242542153,0.003242542153
2024-12-19,76.7,76.7,0,-0.008403361345,-0.008403361345
2024-12-20,76.2,76.2,0,-0.006518904824,-0.006518904824
2024-12-23,77,77,0,0.01049868766,0.01049868766
2024-12-24,77.1,77.1,0,0.001298701299,0.001298701299
2024-12-25,77.6,77.6,0,0.006485084306,0.006485084306
2024-12-26,77.7,77.7,0,0.001288659794,0.001288659794
2024-12-27,77.55,77.55,0,-0.001930501931,-0.001930501931
2024-12-30,77.3,77.3,0,-0.003223726628,-0.003223726628
2024-12-31,76.95,76.95,0,-0.004527813713,-0.004527813713
2025-01-02,76.65,76.65,0,-0.003898635478,-0.003898635478
2025-01-03,76.55,76.55,0,-0.001304631442,-0.001304631442
2025-01-06,77.7,77.7,0,0.01502286088,0.01502286088
2025-01-07,77.75,77.75,0,0.0006435006435,0.0006435006435
2025-01-08,77.7,77.7,0,-0.0006430868167,-0.0006430868167
2025-01-09,76.3,76.3,0,-0.01801801802,-0.01801801802
2025-01-10,76.1,76.1,0,-0.002621231979,-0.002621231979
2025-01-13,74.45,74.45,0,-0.02168199737,-0.02168199737
2025-01-14,75.05,75.05,0,0.008059100067,0.008059100067
2025-01-15,74.65,74.65,0,-0.005329780147,-0.005329780147
2025-01-16,75.55,75.55,0,0.01205626256,0.01205626256
2025-01-17,75.7,75.7,0,0.001985440106,0.001985440106
2025-01-20,76.45,76.45,0,0.009907529723,0.009907529723
2025-01-21,76.75,76.75,0,0.003924133421,0.003924133421
2025-01-22,77.3,77.3,0,0.007166123779,0.007166123779
2025-02-03,75.6,75.6,0,-0.02199223803,-0.02199223803
2025-02-04,75,75,0,-0.007936507937,-0.007936507937
2025-02-05,76.2,76.2,0,0.016,0.016
2025-02-06,76.7,76.7,0,0.00656167979,0.00656167979
2025-02-07,77.35,77.35,0,0.008474576271,0.008474576271
2025-02-10,77.15,77.15,0,-0.002585649644,-0.002585649644
2025-02-11,77.6,77.6,0,0.00583279326,0.00583279326
2025-02-12,77.3,77.3,0,-0.003865979381,-0.003865979381
2025-02-13,78.2,78.2,0,0.01164294955,0.01164294955
2025-02-14,78.4,78.4,0,0.002557544757,0.002557544757
2025-02-17,79.25,79.25,0,0.01084183673,0.01084183673
2025-02-18,79.35,79.35,0,0.001261829653,0.001261829653
2025-02-19,79.75,79.75,0,0.005040957782,0.005040957782
2025-02-20,80,80,0,0.003134796238,0.003134796238
2025-02-21,80.5,80.5,0,0.00625,0.00625
2025-02-24,80.45,80.45,0,-0.0006211180124,-0.0006211180124
2025-02-25,80,80,0,-0.005593536358,-0.005593536358
2025-02-26,80.2,80.2,0,0.0025,0.0025
2025-02-27,79.35,79.35,0,-0.01059850374,-0.01059850374
2025-03-03,78.8,78.8,0,-0.00693131695,-0.00693131695
2025-03-04,78.4,78.4,0,-0.005076142132,-0.005076142132
2025-03-05,79.25,79.25,0,0.01084183673,0.01084183673
2025-03-06,78.35,78.35,0,-0.01135646688,-0.01135646688
2025-03-07,78.2,78.2,0,-0.00191448628,-0.00191448628
2025-03-10,77.9,77.9,0,-0.003836317136,-0.003836317136
2025-03-11,76.6,76.6,0,-0.01668806162,-0.01668806162
2025-03-12,76.8,76.8,0,0.002610966057,0.002610966057
2025-03-13,76.05,76.05,0,-0.009765625,-0.009765625
2025-03-14,76.3,76.3,0,0.00328731098,0.00328731098
2025-03-17,76.8,76.8,0,0.006553079948,0.006553079948
2025-03-18,77.55,77.55,0,0.009765625,0.009765625
2025-03-19,76.8,76.8,0,-0.009671179884,-0.009671179884
2025-03-20,77.45,77.45,0,0.008463541667,0.008463541667
2025-03-21,77.3,77.3,0,-0.001936733376,-0.001936733376
2025-03-24,76.55,76.55,0,-0.009702457956,-0.009702457956
2025-03-25,76.75,76.75,0,0.002612671457,0.002612671457
2025-03-26,76.65,76.65,0,-0.001302931596,-0.001302931596
2025-03-27,76.35,76.35,0,-0.003913894325,-0.003913894325
2025-03-28,74.9,74.9,0,-0.01899148657,-0.01899148657
2025-03-31,71.35,71.35,0,-0.0473965287,-0.0473965287
2025-04-01,73.1,73.1,0,0.02452697968,0.02452697968
2025-04-02,73,73,0,-0.001367989056,-0.001367989056
2025-04-07,65.7,65.7,0,-0.1,-0.1
2025-04-08,62.2,62.2,0,-0.05327245053,-0.05327245053
2025-04-09,57.75,57.75,0,-0.07154340836,-0.07154340836
2025-04-10,63.5,63.5,0,0.09956709957,0.09956709957
2025-04-11,64.45,64.45,0,0.01496062992,0.01496062992
2025-04-14,66.2,66.2,0,0.02715283165,0.02715283165
2025-04-15,67.7,67.7,0,0.02265861027,0.02265861027
2025-04-16,66.3,66.3,0,-0.02067946824,-0.02067946824
2025-04-17,66.5,66.5,0,0.003016591252,0.003016591252
2025-04-18,66.35,66.35,0,-0.002255639098,-0.002255639098
2025-04-21,65.6,65.6,0,-0.01130369254,-0.01130369254
2025-04-22,64.75,64.75,0,-0.01295731707,-0.01295731707
2025-04-23,66.6,66.6,0,0.02857142857,0.02857142857
2025-04-24,66.5,66.5,0,-0.001501501502,-0.001501501502
2025-04-25,67.9,67.9,0,0.02105263158,0.02105263158
2025-04-28,68.05,68.05,0,0.002209131075,0.002209131075
2025-04-29,69.2,69.2,0,0.01689933872,0.01689933872
2025-04-30,68.55,68.55,0,-0.009393063584,-0.009393063584
2025-05-02,70.1,70.1,0,0.02261123268,0.02261123268
2025-05-05,69.7,69.7,0,-0.005706134094,-0.005706134094
2025-05-06,69.95,69.95,0,0.003586800574,0.003586800574
2025-05-07,69.5,69.5,0,-0.006433166548,-0.006433166548
2025-05-08,70.1,70.1,0,0.008633093525,0.008633093525
2025-05-09,70.7,70.7,0,0.008559201141,0.008559201141
2025-05-12,71.5,71.5,0,0.01131541726,0.01131541726
2025-05-13,72.05,72.05,0,0.007692307692,0.007692307692
2025-05-14,73.05,73.05,0,0.01387925052,0.01387925052
2025-05-15,73.1,73.1,0,0.0006844626968,0.0006844626968
2025-05-16,73.2,73.2,0,0.001367989056,0.001367989056
2025-05-19,72.3,72.3,0,-0.01229508197,-0.01229508197
2025-05-20,72.2,72.2,0,-0.001383125864,-0.001383125864
2025-05-21,73.5,73.5,0,0.01800554017,0.01800554017
2025-05-22,72.7,72.7,0,-0.01088435374,-0.01088435374
2025-05-23,72.6,72.6,0,-0.001375515818,-0.001375515818
2025-05-26,72.6,72.6,0,0,0
2025-05-27,72.15,72.15,0,-0.006198347107,-0.006198347107
2025-05-28,72.05,72.05,0,-0.001386001386,-0.001386001386
2025-05-29,72.7,72.7,0,0.009021512838,0.009021512838
2025-06-02,71.3,71.3,0,-0.01925722146,-0.01925722146
2025-06-03,72,72,0,0.009817671809,0.009817671809
2025-06-04,72.95,72.95,0,0.01319444444,0.01319444444
2025-06-05,73.1,73.1,0,0.002056202879,0.002056202879
2025-06-06,73.25,73.25,0,0.002051983584,0.002051983584
2025-06-09,73.65,73.65,0,0.005460750853,0.005460750853
2025-06-10,74.45,74.45,0,0.01086218601,0.01086218601
2025-06-11,74.35,74.35,0,-0.001343183345,-0.001343183345
2025-06-12,74.65,74.65,0,0.004034969738,0.004034969738
2025-06-13,74.2,74.2,0,-0.006028131279,-0.006028131279
2025-06-16,74.2,74.2,0,0,0
2025-06-17,74.6,74.6,0,0.00539083558,0.00539083558
2025-06-18,74.35,74.35,0,-0.003351206434,-0.003351206434
2025-06-19,73.65,73.65,0,-0.009414929388,-0.009414929388
2025-06-20,73,73,0,-0.008825526137,-0.008825526137
2025-06-23,72.35,72.35,0,-0.008904109589,-0.008904109589
2025-06-24,73.85,73.85,0,0.0207325501,0.0207325501
2025-06-25,74.25,74.25,0,0.005416384563,0.005416384563
2025-06-26,74.45,74.45,0,0.002693602694,0.002693602694
2025-06-27,75,75,0,0.007387508395,0.007387508395
2025-06-30,74.9,74.9,0,-0.001333333333,-0.001333333333
2025-07-01,75,75,0,0.001335113485,0.001335113485
2025-07-02,75.1,75.1,0,0.001333333333,0.001333333333
2025-07-03,76.05,76.05,0,0.01264980027,0.01264980027
2025-07-04,75.6,75.6,0,-0.005917159763,-0.005917159763
2025-07-07,74.85,74.85,0,-0.009920634921,-0.009920634921
2025-07-08,74.35,74.35,0,-0.00668002672,-0.00668002672
2025-07-09,74.9,74.9,0,0.007397444519,0.007397444519
2025-07-10,75.05,75.05,0,0.002002670227,0.002002670227
2025-07-11,76,76,0,0.01265822785,0.01265822785
2025-07-14,75.35,75.35,0,-0.008552631579,-0.008552631579
2025-07-15,75.75,75.75,0,0.005308560053,0.005308560053
2025-07-16,76.4,76.4,0,0.008580858086,0.008580858086
2025-07-17,76.8,76.8,0,0.005235602094,0.005235602094
2025-07-18,77.1,77.1,0,0.00390625,0.00390625
2025-07-21,77.25,77.25,0,0.001945525292,0.001945525292
2025-07-22,75.65,75.65,0,-0.02071197411,-0.02071197411
2025-07-23,77.05,77.05,0,0.01850627892,0.01850627892
2025-07-24,77.5,77.5,0,0.0058403634,0.0058403634
2025-07-25,77.6,77.6,0,0.001290322581,0.001290322581
2025-07-28,78.15,78.15,0,0.007087628866,0.007087628866
2025-07-29,77.7,77.7,0,-0.00575815739,-0.00575815739
2025-07-30,78.05,78.05,0,0.004504504505,0.004504504505
2025-07-31,78.45,78.45,0,0.005124919923,0.005124919923
2025-08-01,78.35,78.35,0,-0.001274697259,-0.001274697259
2025-08-04,77.9,77.9,0,-0.005743458839,-0.005743458839
2025-08-05,79,79,0,0.01412066752,0.01412066752
2025-08-06,79.25,79.25,0,0.003164556962,0.003164556962
2025-08-07,79.85,79.85,0,0.007570977918,0.007570977918
2025-08-08,80.6,80.6,0,0.009392611146,0.009392611146
2025-08-11,80.65,80.65,0,0.0006203473945,0.0006203473945
2025-08-12,80.6,80.6,0,-0.0006199628022,-0.0006199628022
2025-08-13,80.25,80.25,0,-0.004342431762,-0.004342431762
2025-08-14,80.8,80.8,0,0.006853582555,0.006853582555
2025-08-15,81.1,81.1,0,0.003712871287,0.003712871287
2025-08-18,81.95,81.95,0,0.01048088779,0.01048088779
2025-08-19,81.75,81.75,0,-0.002440512508,-0.002440512508
2025-08-20,80.1,80.1,0,-0.02018348624,-0.02018348624
2025-08-21,81.05,81.05,0,0.01186017478,0.01186017478
2025-08-22,81.05,81.05,0,0,0
2025-08-25,82.4,82.4,0,0.01665638495,0.01665638495
2025-08-26,82.7,82.7,0,0.003640776699,0.003640776699
2025-08-27,83.7,83.7,0,0.01209189843,0.01209189843
2025-08-28,83.8,83.8,0,0.00119474313,0.00119474313
2025-08-29,84.8,84.8,0,0.01193317422,0.01193317422
2025-09-01,83.05,83.05,0,-0.02063679245,-0.02063679245
2025-09-02,82,82,0,-0.01264298615,-0.01264298615
2025-09-03,82.8,82.8,0,0.009756097561,0.009756097561
2025-09-04,83.75,83.75,0,0.01147342995,0.01147342995
2025-09-05,84.25,84.25,0,0.005970149254,0.005970149254
2025-09-08,84.95,84.95,0,0.008308605341,0.008308605341
2025-09-09,85.3,85.3,0,0.00412007063,0.00412007063
2025-09-10,85.85,85.85,0,0.006447831184,0.006447831184
2025-09-11,84.7,84.7,0,-0.01339545719,-0.01339545719
2025-09-12,85.2,85.2,0,0.005903187721,0.005903187721
2025-09-15,84.5,84.5,0,-0.008215962441,-0.008215962441
2025-09-16,85.15,85.15,0,0.007692307692,0.007692307692
2025-09-17,85,85,0,-0.001761597181,-0.001761597181
2025-09-18,86.15,86.15,0,0.01352941176,0.01352941176
2025-09-19,85.85,85.85,0,-0.003482298317,-0.003482298317
2025-09-22,86.3,86.3,0,0.005241700641,0.005241700641
2025-09-23,86.75,86.75,0,0.005214368482,0.005214368482
2025-09-24,86.5,86.5,0,-0.00288184438,-0.00288184438
2025-09-25,86.65,86.65,0,0.001734104046,0.001734104046
2025-09-26,84.2,84.2,0,-0.02827466821,-0.02827466821
2025-09-30,85.8,85.8,0,0.0190023753,0.0190023753
2025-10-01,86.15,86.15,0,0.004079254079,0.004079254079
2025-10-02,86.6,86.6,0,0.005223447475,0.005223447475
2025-10-03,86.7,86.7,0,0.001154734411,0.001154734411
2025-10-07,88.1,88.1,0,0.01614763552,0.01614763552
2025-10-08,88.45,88.45,0,0.003972758229,0.003972758229
2025-10-09,88.8,88.8,0,0.003957037875,0.003957037875
2025-10-13,87.2,87.2,0,-0.01801801802,-0.01801801802
2025-10-14,86,86,0,-0.01376146789,-0.01376146789
2025-10-15,86.85,86.85,0,0.00988372093,0.00988372093
2025-10-16,88.5,88.5,0,0.01899827288,0.01899827288
2025-10-17,87.75,87.75,0,-0.008474576271,-0.008474576271
2025-10-20,88.2,88.2,0,0.005128205128,0.005128205128
2025-10-21,89.2,89.2,0,0.01133786848,0.01133786848
2025-10-22,89.3,89.3,0,0.001121076233,0.001121076233
2025-10-23,88.75,88.75,0,-0.006159014558,-0.006159014558
2025-10-27,90.3,90.3,0,0.01746478873,0.01746478873
2025-10-28,90.4,90.4,0,0.001107419712,0.001107419712
2025-10-29,91.3,91.3,0,0.009955752212,0.009955752212
2025-10-30,90.65,90.65,0,-0.007119386637,-0.007119386637
2025-10-31,91.65,91.65,0,0.0110314396,0.0110314396
2025-11-03,92.8,92.8,0,0.01254773595,0.01254773595
2025-11-04,90.65,90.65,0,-0.02316810345,-0.02316810345
2025-11-05,90.3,90.3,0,-0.003861003861,-0.003861003861
2025-11-06,91.9,91.9,0,0.01771871539,0.01771871539
2025-11-07,91,91,0,-0.009793253536,-0.009793253536
2025-11-10,91.85,91.85,0,0.009340659341,0.009340659341
2025-11-11,91.8,91.8,0,-0.0005443658138,-0.0005443658138
2025-11-12,92.3,92.3,0,0.005446623094,0.005446623094
2025-11-13,93.2,93.2,0,0.009750812568,0.009750812568
2025-11-14,91.55,91.55,0,-0.01770386266,-0.01770386266
2025-11-17,90.9,90.9,0,-0.007099945385,-0.007099945385
2025-11-18,88.65,88.65,0,-0.02475247525,-0.02475247525
2025-11-19,88.45,88.45,0,-0.00225606317,-0.00225606317
2025-11-20,91.1,91.1,0,0.02996042962,0.02996042962
2025-11-21,85.35,85.35,3,-0.03018660812,-0.03018660812
2025-11-24,85.75,85.75,0,0.004686584651,0.004686584651
2025-11-25,87.3,87.3,0,0.01807580175,0.01807580175
2025-11-26,87.75,87.75,0,0.005154639175,0.005154639175
2025-11-27,89.35,89.35,0,0.01823361823,0.01823361823
2025-11-28,90.5,90.5,0,0.01287073307,0.01287073307
2025-12-01,89.5,89.5,0,-0.01104972376,-0.01104972376
2025-12-02,89.55,89.55,0,0.0005586592179,0.0005586592179
2025-12-03,89.8,89.8,0,0.00279173646,0.00279173646
2025-12-04,89.8,89.8,0,0,0
2025-12-05,90,90,0,0.002227171492,0.002227171492
2025-12-08,90.9,90.9,0,0.01,0.01
2025-12-09,90.7,90.7,0,-0.002200220022,-0.002200220022
2025-12-10,90.6,90.6,0,-0.001102535832,-0.001102535832
2025-12-11,90.4,90.4,0,-0.002207505519,-0.002207505519
2025-12-12,91.65,91.65,0,0.01382743363,0.01382743363
2025-12-15,90.7,90.7,0,-0.010365521,-0.010365521
2025-12-16,89.05,89.05,0,-0.01819184123,-0.01819184123
2025-12-17,88.75,88.75,0,-0.00336889388,-0.00336889388
2025-12-18,88.4,88.4,0,-0.003943661972,-0.003943661972
2025-12-19,89.55,89.55,0,0.01300904977,0.01300904977
2025-12-22,90.65,90.65,0,0.01228364042,0.01228364042
2025-12-23,90.45,90.45,0,-0.002206287921,-0.002206287921
2025-12-24,90.6,90.6,0,0.001658374793,0.001658374793
2025-12-26,91.2,91.2,0,0.006622516556,0.006622516556
2025-12-29,91.25,91.25,0,0.000548245614,0.000548245614
2025-12-30,91.55,91.55,0,0.003287671233,0.003287671233
2025-12-31,91.5,91.5,0,-0.000546149645,-0.000546149645
2026-01-02,92.35,92.35,0,0.009289617486,0.009289617486
2026-01-05,93,93,0,0.007038440715,0.007038440715
2026-01-06,94.6,94.6,0,0.01720430108,0.01720430108
2026-01-07,96.2,96.2,0,0.01691331924,0.01691331924
2026-01-08,95.45,95.45,0,-0.007796257796,-0.007796257796
2026-01-09,95.2,95.2,0,-0.002619172342,-0.002619172342
2026-01-12,97.1,97.1,0,0.01995798319,0.01995798319
2026-01-13,97.5,97.5,0,0.00411946447,0.00411946447
2026-01-14,99.3,99.3,0,0.01846153846,0.01846153846
2026-01-15,99.35,99.35,0,0.0005035246727,0.0005035246727
2026-01-16,100.7,100.7,0,0.01358832411,0.01358832411
2026-01-19,102.7,102.7,0,0.01986097319,0.01986097319
2026-01-20,102.7,102.7,0,0,0
2026-01-21,101.1,101.1,0,-0.01557935735,-0.01557935735
2026-01-22,103,103,0,0.01879327399,0.01879327399
2026-01-23,103.6,103.6,0,0.005825242718,0.005825242718
2026-01-26,104.45,104.45,0,0.008204633205,0.008204633205
2026-01-27,105.65,105.65,0,0.0114887506,0.0114887506
2026-01-28,107.5,107.5,0,0.01751064837,0.01751064837
2026-01-29,106.55,106.55,0,-0.008837209302,-0.008837209302
2026-01-30,106.7,106.7,0,0.00140778977,0.00140778977
2026-02-02,104.4,104.4,0,-0.02155576382,-0.02155576382
2026-02-03,105.5,105.5,0,0.01053639847,0.01053639847
2026-02-04,107.4,107.4,0,0.01800947867,0.01800947867
2026-02-05,105.3,105.3,0,-0.01955307263,-0.01955307263
2026-02-06,102.95,102.95,0,-0.02231718898,-0.02231718898
2026-02-09,104.5,104.5,0,0.01505585236,0.01505585236
2026-02-10,105.4,105.4,0,0.008612440191,0.008612440191
2026-02-11,106.25,106.25,0,0.008064516129,0.008064516129
2026-02-23,108.3,108.3,0,0.01929411765,0.01929411765
2026-02-24,110.5,110.5,0,0.02031394275,0.02031394275
2026-02-25,112.1,112.1,0,0.01447963801,0.01447963801
2026-02-26,113.75,113.75,0,0.01471900089,0.01471900089
2026-03-02,112.95,112.95,0,-0.007032967033,-0.007032967033
2026-03-03,109.5,109.5,0,-0.03054448871,-0.03054448871
2026-03-04,103.7,103.7,0,-0.05296803653,-0.05296803653
2026-03-05,106.25,106.25,0,0.02459016393,0.02459016393
2026-03-06,106.6,106.6,0,0.003294117647,0.003294117647
2026-03-09,101.8,101.8,0,-0.04502814259,-0.04502814259
2026-03-10,104.8,104.8,0,0.02946954813,0.02946954813
2026-03-11,108.5,108.5,0,0.03530534351,0.03530534351
2026-03-12,108.7,108.7,0,0.001843317972,0.001843317972
2026-03-13,108.6,108.6,0,-0.0009199632015,-0.0009199632015
2026-03-16,109.75,109.75,0,0.0105893186,0.0105893186
2026-03-17,111.45,111.45,0,0.01548974943,0.01548974943
2026-03-18,113.75,113.75,0,0.02063705698,0.02063705698
2026-03-19,113.3,113.3,0,-0.003956043956,-0.003956043956
2026-03-20,111.9,111.9,0,-0.01235657546,-0.01235657546
2026-03-23,108.55,108.55,0,-0.02993744415,-0.02993744415
2026-03-24,107.15,107.15,0,-0.01289728236,-0.01289728236
2026-03-25,110.3,110.3,0,0.02939804013,0.02939804013
2026-03-26,110.3,110.3,0,0,0
2026-03-27,110.8,110.8,0,0.004533091568,0.004533091568
2026-03-30,109.2,109.2,0,-0.01444043321,-0.01444043321
2026-03-31,104.85,104.85,0,-0.03983516484,-0.03983516484
2026-04-01,108.75,108.75,0,0.03719599428,0.03719599428
2026-04-02,108.05,108.05,0,-0.006436781609,-0.006436781609
2026-04-07,109.65,109.65,0,0.01480795928,0.01480795928
2026-04-08,113.5,113.5,0,0.03511171911,0.03511171911
2026-04-09,114.6,114.6,0,0.009691629956,0.009691629956
2026-04-10,115.45,115.45,0,0.007417102967,0.007417102967
2026-04-13,115.9,115.9,0,0.003897791252,0.003897791252
2026-04-14,117.25,117.25,0,0.01164797239,0.01164797239
2026-04-15,118.5,118.5,0,0.01066098081,0.01066098081
2026-04-16,120.45,120.45,0,0.0164556962,0.0164556962
2026-04-17,121.3,121.3,0,0.007056870071,0.007056870071
2026-04-20,122.65,122.65,0,0.01112943116,0.01112943116
2026-04-21,124.45,124.45,0,0.01467590705,0.01467590705
2026-04-22,125,125,0,0.00441944556,0.00441944556
2026-04-23,123.15,123.15,0,-0.0148,-0.0148
2026-04-24,123.5,123.5,0,0.002842062525,0.002842062525
2026-04-27,123.8,123.8,0,0.002429149798,0.002429149798
2026-04-28,125.4,125.4,0,0.01292407108,0.01292407108
2026-04-29,125.55,125.55,0,0.001196172249,0.001196172249
2026-04-30,126.75,126.75,0,0.009557945042,0.009557945042
2026-05-04,128.75,128.75,0,0.0157790927,0.0157790927
2026-05-05,129.05,129.05,0,0.002330097087,0.002330097087
2026-05-06,129.9,129.9,0,0.006586594343,0.006586594343
2026-05-07,131.65,131.65,0,0.01347190146,0.01347190146
2026-05-08,131.65,131.65,0,0,0
2026-05-11,135.25,135.25,0,0.02734523357,0.02734523357
2026-05-12,134.6,134.6,0,-0.004805914972,-0.004805914972
2026-05-13,133.75,133.75,0,-0.006315007429,-0.006315007429
2026-05-14,132.45,132.45,0,-0.009719626168,-0.009719626168
2026-05-15,129.1,129.1,0,-0.02529256323,-0.02529256323
2026-05-18,129.3,129.3,0,0.001549186677,0.001549186677
2026-05-19,127.75,127.75,0,-0.01198762568,-0.01198762568
2026-05-20,128.2,128.2,0,0.003522504892,0.003522504892
2026-05-21,132.55,132.55,0,0.03393135725,0.03393135725
2026-05-22,136.4,136.4,0,0.02904564315,0.02904564315
2026-05-25,140.65,140.65,0,0.03115835777,0.03115835777
2026-05-26,140.3,140.3,0,-0.002488446498,-0.002488446498
2026-05-27,141.1,141.1,0,0.005702066999,0.005702066999
2026-05-28,137.6,137.6,0,-0.02480510276,-0.02480510276
2026-05-29,141.9,141.9,0,0.03125,0.03125
2026-06-01,145,145,0,0.02184637068,0.02184637068
2026-06-02,145.2,145.2,0,0.001379310345,0.001379310345
2026-06-03,147.75,147.75,0,0.01756198347,0.01756198347
2026-06-04,145.6,145.6,0,-0.01455160745,-0.01455160745
2026-06-05,143.25,143.25,0,-0.01614010989,-0.01614010989
2026-06-08,137.25,137.25,0,-0.04188481675,-0.04188481675
2026-06-09,141.85,141.85,0,0.0335154827,0.0335154827
2026-06-10,136.15,136.15,0,-0.04018329221,-0.04018329221
2026-06-11,136.7,136.7,0,0.004039662137,0.004039662137
2026-06-12,140.25,140.25,0,0.02596927579,0.02596927579
2026-06-15,142.5,142.5,0,0.01604278075,0.01604278075
2026-06-16,143.4,143.4,0,0.006315789474,0.006315789474
2026-06-17,144.3,144.3,0,0.006276150628,0.006276150628
2026-06-18,147.7,147.7,0,0.02356202356,0.02356202356
2026-06-22,151.5,151.5,0,0.02572782668,0.02572782668
2026-06-23,147.3,147.3,0,-0.02772277228,-0.02772277228
2026-06-24,148.5,148.5,0,0.008146639511,0.008146639511
2026-06-25,149,149,0,0.003367003367,0.003367003367
2026-06-26,142.45,142.45,0,-0.04395973154,-0.04395973154
2026-06-29,145.05,145.05,0,0.01825201825,0.01825201825
2026-06-30,148.1,148.1,0,0.02102723199,0.02102723199
2026-07-01,147.8,147.8,0,-0.002025658339,-0.002025658339
2026-07-02,148.35,148.35,0,0.003721244926,0.003721244926
2026-07-03,149.35,149.35,0,0.006740815639,0.006740815639
2026-07-06,149.5,149.5,0,0.001004352193,0.001004352193
2026-07-07,144,144,0,-0.03678929766,-0.03678929766
2026-07-08,143.75,143.75,0,-0.001736111111,-0.001736111111
2026-07-09,144.25,144.25,0,0.00347826087,0.00347826087
2026-07-13,143.8,143.8,0,-0.003119584055,-0.003119584055
2026-07-14,139.4,139.4,0,-0.03059805285,-0.03059805285
2026-07-15,144.4,144.4,0,0.03586800574,0.03586800574
2026-07-16,142.8,142.8,0,-0.01108033241,-0.01108033241
2026-07-17,135.6,135.6,0,-0.05042016807,-0.05042016807
2026-07-20,134,134,0,-0.01179941003,-0.01179941003
2026-07-21,138.3,138.3,0,0.03208955224,0.03208955224
2026-07-22,140.6,140.6,0,0.01663051338,0.01663051338
2026-07-23,139.85,139.85,0,-0.00533428165,-0.00533428165
2026-07-24,137.95,137.95,0,-0.01358598498,-0.01358598498
2026-07-27,137,137,0,-0.006886553099,-0.006886553099
2026-07-28,130.05,130.05,0,-0.05072992701,-0.05072992701
2026-07-29,125.75,125.75,0,-0.03306420607,-0.03306420607
2026-07-30,124.45,124.45,0,-0.01033797217,-0.01033797217
2026-07-31,133.95,133.95,0,0.07633587786,0.07633587786
2026-08-03,133.85,133.85,0,-0.0007465472191,-0.0007465472191
2026-08-04,135.9,135.9,0,0.01531565185,0.01531565185
2026-08-05,140.1,140.1,0,0.03090507726,0.03090507726
2026-08-06,141.2,141.2,0,0.007851534618,0.007851534618
2026-08-07,139.7,139.7,0,-0.01062322946,-0.01062322946
2026-08-10,142.6,142.6,0,0.02075876879,0.02075876879
2026-08-11,142.7,142.7,0,0.0007012622721,0.0007012622721
2026-08-12,144.9,144.9,0,0.01541695865,0.01541695865
2026-08-13,145.05,145.05,0,0.001035196687,0.001035196687
2026-08-14,144.45,144.45,0,-0.004136504654,-0.004136504654
2026-08-17,144.55,144.55,0,0.0006922810661,0.0006922810661
2026-08-18,142.25,142.25,0,-0.01591144933,-0.01591144933
2026-08-19,141,141,0,-0.008787346221,-0.008787346221
2026-08-20,141.8,141.8,0,0.005673758865,0.005673758865
2026-08-21,142,142,0,0.001410437236,0.001410437236
2026-08-24,142.35,142.35,0,0.002464788732,0.002464788732
2026-08-25,142.25,142.25,0,-0.0007024938532,-0.0007024938532
2026-08-26,144.5,144.5,0,0.0158172232,0.0158172232
2026-08-27,145.8,145.8,0,0.008996539792,0.008996539792
2026-08-28,146,146,0,0.001371742112,0.001371742112
2026-08-31,144.75,144.75,0,-0.008561643836,-0.008561643836
2026-09-01,147.45,147.45,0,0.01865284974,0.01865284974
2026-09-02,146.45,146.45,0,-0.006781959986,-0.006781959986
2026-09-03,144,144,0,-0.01672925913,-0.01672925913
2026-09-04,145.95,145.95,0,0.01354166667,0.01354166667
2026-09-07,147.45,147.45,0,0.01027749229,0.01027749229
2026-09-08,146.05,146.05,0,-0.009494743981,-0.009494743981
2026-09-09,147,147,0,0.006504621705,0.006504621705
2026-09-10,145.5,145.5,0,-0.01020408163,-0.01020408163
2026-09-11,144.75,144.75,0,-0.005154639175,-0.005154639175
2026-09-14,143.45,143.45,0,-0.008981001727,-0.008981001727
2026-09-15,141,141,0,-0.01707912165,-0.01707912165
2026-09-16,142.85,142.85,0,0.01312056738,0.01312056738
2026-09-17,143.85,143.85,0,0.007000350018,0.007000350018
2026-09-18,145.7,145.7,0,0.0128606187,0.0128606187
2026-09-21,146.8,146.8,0,0.00754975978,0.00754975978
2026-09-22,147.2,147.2,0,0.00272479564,0.00272479564
2026-09-23,147,147,0,-0.001358695652,-0.001358695652
2026-09-24,148.15,148.15,0,0.007823129252,0.007823129252
2026-09-29,146.9,146.9,0,-0.008437394533,-0.008437394533
2026-09-30,149.05,149.05,0,0.01463580667,0.01463580667
2026-10-01,148.85,148.85,0,-0.0013418316,-0.0013418316
2026-10-02,150.3,150.3,0,0.009741350353,0.009741350353
