date,close_raw,close_split_adj,div,total_ret,total_ret_fixed
2006-09-12,34.25,4.892857143,0,0,0
2006-09-13,34.45,4.921428571,0,0.005839416058,0.005839416058
2006-09-14,34.33,4.904285714,0,-0.003483309144,-0.003483309144
2006-09-15,34.73,4.961428571,0,0.01165161666,0.01165161666
2006-09-18,35.85,5.121428571,0,0.03224877627,0.03224877627
2006-09-19,35.88,5.125714286,0,0.0008368200837,0.0008368200837
2006-09-20,35.6,5.085714286,0,-0.007803790412,-0.007803790412
2006-09-21,35.75,5.107142857,0,0.004213483146,0.004213483146
2006-09-22,35.62,5.088571429,0,-0.003636363636,-0.003636363636
2006-09-25,35.54,5.077142857,0,-0.002245929253,-0.002245929253
2006-09-26,35.58,5.082857143,0,0.001125492403,0.001125492403
2006-09-27,35.69,5.098571429,0,0.003091624508,0.003091624508
2006-09-28,35.51,5.072857143,0,-0.005043429532,-0.005043429532
2006-09-29,35.26,5.037142857,0,-0.007040270346,-0.007040270346
2006-10-02,35.24,5.034285714,0,-0.0005672149745,-0.0005672149745
2006-10-03,35.36,5.051428571,0,0.003405221339,0.003405221339
2006-10-04,35.16,5.022857143,0,-0.005656108597,-0.005656108597
2006-10-05,35.55,5.078571429,0,0.01109215017,0.01109215017
2006-10-11,35.44,5.062857143,0,-0.003094233474,-0.003094233474
2006-10-12,35.31,5.044285714,0,-0.003668171558,-0.003668171558
2006-10-13,35.7,5.1,0,0.01104502974,0.01104502974
2006-10-14,35.74,5.105714286,0,0.001120448179,0.001120448179
2006-10-16,36.12,5.16,0,0.01063234471,0.01063234471
2006-10-17,35.9,5.128571429,0,-0.006090808416,-0.006090808416
2006-10-18,35.45,5.064285714,0,-0.01253481894,-0.01253481894
2006-10-19,35.4,5.057142857,0,-0.001410437236,-0.001410437236
2006-10-20,35.5,5.071428571,0,0.002824858757,0.002824858757
2006-10-23,35.26,5.037142857,0,-0.00676056338,-0.00676056338
2006-10-24,35.57,5.081428571,0,0.008791832104,0.008791832104
2006-10-25,35.6,5.085714286,0,0.0008434073658,0.0008434073658
2006-10-26,35.7,5.1,0,0.002808988764,0.002808988764
2006-10-27,35.9,5.128571429,0,0.005602240896,0.005602240896
2006-10-30,35.65,5.092857143,0,-0.006963788301,-0.006963788301
2006-10-31,35.62,5.088571429,0,-0.0008415147265,-0.0008415147265
2006-11-01,35.65,5.092857143,0,0.00084222347,0.00084222347
2006-11-02,35.85,5.121428571,0,0.005610098177,0.005610098177
2006-11-03,36.25,5.178571429,0,0.01115760112,0.01115760112
2006-11-06,36,5.142857143,0,-0.006896551724,-0.006896551724
2006-11-07,36.3,5.185714286,0,0.008333333333,0.008333333333
2006-11-08,36.22,5.174285714,0,-0.002203856749,-0.002203856749
2006-11-09,35.99,5.141428571,0,-0.006350082827,-0.006350082827
2006-11-10,35.9,5.128571429,0,-0.002500694637,-0.002500694637
2006-11-13,35.7,5.1,0,-0.005571030641,-0.005571030641
2006-11-14,36,5.142857143,0,0.008403361345,0.008403361345
2006-11-15,36.25,5.178571429,0,0.006944444444,0.006944444444
2006-11-16,36.26,5.18,0,0.000275862069,0.000275862069
2006-11-17,36.3,5.185714286,0,0.00110314396,0.00110314396
2006-11-20,36.25,5.178571429,0,-0.001377410468,-0.001377410468
2006-11-21,36.82,5.26,0,0.01572413793,0.01572413793
2006-11-22,37.03,5.29,0,0.005703422053,0.005703422053
2006-11-23,37.4,5.342857143,0,0.009991898461,0.009991898461
2006-11-24,37.42,5.345714286,0,0.0005347593583,0.0005347593583
2006-11-27,37.84,5.405714286,0,0.01122394441,0.01122394441
2006-11-28,37.35,5.335714286,0,-0.01294926004,-0.01294926004
2006-11-29,37.7,5.385714286,0,0.0093708166,0.0093708166
2006-11-30,37.83,5.404285714,0,0.003448275862,0.003448275862
2006-12-01,38.03,5.432857143,0,0.005286809411,0.005286809411
2006-12-04,38,5.428571429,0,-0.0007888509072,-0.0007888509072
2006-12-05,37.75,5.392857143,0,-0.006578947368,-0.006578947368
2006-12-06,38.3,5.471428571,0,0.01456953642,0.01456953642
2006-12-07,38.35,5.478571429,0,0.001305483029,0.001305483029
2006-12-08,37.96,5.422857143,0,-0.01016949153,-0.01016949153
2006-12-11,37.75,5.392857143,0,-0.005532139094,-0.005532139094
2006-12-12,36.99,5.284285714,0,-0.02013245033,-0.02013245033
2006-12-13,36.7,5.242857143,0,-0.007839956745,-0.007839956745
2006-12-14,36.8,5.257142857,0,0.00272479564,0.00272479564
2006-12-15,37.19,5.312857143,0,0.01059782609,0.01059782609
2006-12-18,37.8,5.4,0,0.01640225867,0.01640225867
2006-12-19,37.55,5.364285714,0,-0.006613756614,-0.006613756614
2006-12-20,37.72,5.388571429,0,0.004527296937,0.004527296937
2006-12-21,37.78,5.397142857,0,0.001590668081,0.001590668081
2006-12-22,37.85,5.407142857,0,0.001852832186,0.001852832186
2006-12-25,37.6,5.371428571,0,-0.006605019815,-0.006605019815
2006-12-26,37.95,5.421428571,0,0.009308510638,0.009308510638
2006-12-27,37.93,5.418571429,0,-0.0005270092227,-0.0005270092227
2006-12-28,37.98,5.425714286,0,0.00131821777,0.00131821777
2006-12-29,38.24,5.462857143,0,0.006845708268,0.006845708268
2007-01-02,38.9,5.557142857,0,0.01725941423,0.01725941423
2007-01-03,39.21,5.601428571,0,0.007969151671,0.007969151671
2007-01-04,39.21,5.601428571,0,0,0
2007-01-05,38.75,5.535714286,0,-0.0117317011,-0.0117317011
2007-01-08,38.15,5.45,0,-0.01548387097,-0.01548387097
2007-01-09,38.3,5.471428571,0,0.003931847969,0.003931847969
2007-01-10,37.86,5.408571429,0,-0.01148825065,-0.01148825065
2007-01-11,37.65,5.378571429,0,-0.005546751189,-0.005546751189
2007-01-12,38.7,5.528571429,0,0.02788844622,0.02788844622
2007-01-15,39,5.571428571,0,0.007751937984,0.007751937984
2007-01-16,39.15,5.592857143,0,0.003846153846,0.003846153846
2007-01-17,39.1,5.585714286,0,-0.001277139208,-0.001277139208
2007-01-18,39.35,5.621428571,0,0.006393861893,0.006393861893
2007-01-19,39.08,5.582857143,0,-0.006861499365,-0.006861499365
2007-01-22,38.7,5.528571429,0,-0.009723643808,-0.009723643808
2007-01-23,38.5,5.5,0,-0.005167958656,-0.005167958656
2007-01-24,39.18,5.597142857,0,0.01766233766,0.01766233766
2007-01-25,39.42,5.631428571,0,0.006125574273,0.006125574273
2007-01-26,38.7,5.528571429,0,-0.01826484018,-0.01826484018
2007-01-29,38.3,5.471428571,0,-0.01033591731,-0.01033591731
2007-01-30,38.05,5.435714286,0,-0.006527415144,-0.006527415144
2007-01-31,37.75,5.392857143,0,-0.007884362681,-0.007884362681
2007-02-01,37.7,5.385714286,0,-0.001324503311,-0.001324503311
2007-02-02,38.05,5.435714286,0,0.009283819629,0.009283819629
2007-02-05,37.81,5.401428571,0,-0.006307490145,-0.006307490145
2007-02-06,38.3,5.471428571,0,0.01295953451,0.01295953451
2007-02-07,38.42,5.488571429,0,0.003133159269,0.003133159269
2007-02-08,38.35,5.478571429,0,-0.001821967725,-0.001821967725
2007-02-09,38.36,5.48,0,0.000260756193,0.000260756193
2007-02-12,37.92,5.417142857,0,-0.01147028154,-0.01147028154
2007-02-13,37.5,5.357142857,0,-0.01107594937,-0.01107594937
2007-02-14,37.8,5.4,0,0.008,0.008
2007-02-26,38.46,5.494285714,0,0.01746031746,0.01746031746
2007-02-27,38.38,5.482857143,0,-0.002080083203,-0.002080083203
2007-03-01,37.5,5.357142857,0,-0.02292860865,-0.02292860865
2007-03-02,37.19,5.312857143,0,-0.008266666667,-0.008266666667
2007-03-03,36.95,5.278571429,0,-0.006453347674,-0.006453347674
2007-03-05,35.8,5.114285714,0,-0.03112313938,-0.03112313938
2007-03-06,35.9,5.128571429,0,0.002793296089,0.002793296089
2007-03-07,36.15,5.164285714,0,0.006963788301,0.006963788301
2007-03-08,36.5,5.214285714,0,0.009681881051,0.009681881051
2007-03-09,36.5,5.214285714,0,0,0
2007-03-12,37.05,5.292857143,0,0.01506849315,0.01506849315
2007-03-13,37.35,5.335714286,0,0.008097165992,0.008097165992
2007-03-14,36.7,5.242857143,0,-0.01740294511,-0.01740294511
2007-03-15,37.39,5.341428571,0,0.01880108992,0.01880108992
2007-03-16,37.2,5.314285714,0,-0.005081572613,-0.005081572613
2007-03-19,37.35,5.335714286,0,0.004032258065,0.004032258065
2007-03-20,37.3,5.328571429,0,-0.001338688086,-0.001338688086
2007-03-21,37.25,5.321428571,0,-0.001340482574,-0.001340482574
2007-03-22,37.8,5.4,0,0.01476510067,0.01476510067
2007-03-23,37.81,5.401428571,0,0.0002645502646,0.0002645502646
2007-03-26,38.05,5.435714286,0,0.006347527109,0.006347527109
2007-03-27,37.86,5.408571429,0,-0.004993429698,-0.004993429698
2007-03-28,37.4,5.342857143,0,-0.01215002641,-0.01215002641
2007-03-29,37.58,5.368571429,0,0.004812834225,0.004812834225
2007-03-30,37.5,5.357142857,0,-0.002128791911,-0.002128791911
2007-04-02,37.8,5.4,0,0.008,0.008
2007-04-03,37.84,5.405714286,0,0.001058201058,0.001058201058
2007-04-04,38.15,5.45,0,0.008192389006,0.008192389006
2007-04-09,38.51,5.501428571,0,0.009436435125,0.009436435125
2007-04-10,38.35,5.478571429,0,-0.004154764996,-0.004154764996
2007-04-11,38.7,5.528571429,0,0.009126466754,0.009126466754
2007-04-12,38.79,5.541428571,0,0.002325581395,0.002325581395
2007-04-13,38.5,5.5,0,-0.007476153648,-0.007476153648
2007-04-14,38.52,5.502857143,0,0.0005194805195,0.0005194805195
2007-04-16,38.5,5.5,0,-0.0005192107996,-0.0005192107996
2007-04-17,38.11,5.444285714,0,-0.01012987013,-0.01012987013
2007-04-18,38.2,5.457142857,0,0.002361584886,0.002361584886
2007-04-19,37.7,5.385714286,0,-0.01308900524,-0.01308900524
2007-04-20,37.9,5.414285714,0,0.005305039788,0.005305039788
2007-04-23,38.4,5.485714286,0,0.01319261214,0.01319261214
2007-04-24,38.65,5.521428571,0,0.006510416667,0.006510416667
2007-04-25,38.59,5.512857143,0,-0.001552393273,-0.001552393273
2007-04-26,38.6,5.514285714,0,0.0002591344908,0.0002591344908
2007-04-27,38.4,5.485714286,0,-0.00518134715,-0.00518134715
2007-04-30,38.1,5.442857143,0,-0.0078125,-0.0078125
2007-05-02,38.49,5.498571429,0,0.01023622047,0.01023622047
2007-05-03,38.8,5.542857143,0,0.00805404001,0.00805404001
2007-05-04,39.23,5.604285714,0,0.01108247423,0.01108247423
2007-05-07,39.44,5.634285714,0,0.005353046138,0.005353046138
2007-05-08,39.86,5.694285714,0,0.01064908722,0.01064908722
2007-05-09,39.62,5.66,0,-0.006021073758,-0.006021073758
2007-05-10,39.72,5.674285714,0,0.002523977789,0.002523977789
2007-05-11,39.32,5.617142857,0,-0.01007049345,-0.01007049345
2007-05-14,39.37,5.624285714,0,0.001271617497,0.001271617497
2007-05-15,38.95,5.564285714,0,-0.01066802134,-0.01066802134
2007-05-16,38.99,5.57,0,0.001026957638,0.001026957638
2007-05-17,39.05,5.578571429,0,0.001538856117,0.001538856117
2007-05-18,39.1,5.585714286,0,0.001280409731,0.001280409731
2007-05-21,39.5,5.642857143,0,0.01023017903,0.01023017903
2007-05-22,39.8,5.685714286,0,0.007594936709,0.007594936709
2007-05-23,40.2,5.742857143,0,0.01005025126,0.01005025126
2007-05-24,40.1,5.728571429,0,-0.002487562189,-0.002487562189
2007-05-25,39.9,5.7,0,-0.004987531172,-0.004987531172
2007-05-28,40,5.714285714,0,0.002506265664,0.002506265664
2007-05-29,40.28,5.754285714,0,0.007,0.007
2007-05-30,39.93,5.704285714,0,-0.00868917577,-0.00868917577
2007-05-31,40.3,5.757142857,0,0.009266215878,0.009266215878
2007-06-01,40.65,5.807142857,0,0.008684863524,0.008684863524
2007-06-04,41.09,5.87,0,0.01082410824,0.01082410824
2007-06-05,41.1,5.871428571,0,0.0002433682161,0.0002433682161
2007-06-06,41.6,5.942857143,0,0.01216545012,0.01216545012
2007-06-07,41.8,5.971428571,0,0.004807692308,0.004807692308
2007-06-08,41.75,5.964285714,0,-0.001196172249,-0.001196172249
2007-06-11,41.94,5.991428571,0,0.004550898204,0.004550898204
2007-06-12,42.2,6.028571429,0,0.00619933238,0.00619933238
2007-06-13,42,6,0,-0.004739336493,-0.004739336493
2007-06-14,42.61,6.087142857,0,0.01452380952,0.01452380952
2007-06-15,43.05,6.15,0,0.0103262145,0.0103262145
2007-06-20,43.9,6.271428571,0,0.01974448316,0.01974448316
2007-06-21,44.9,6.414285714,0,0.02277904328,0.02277904328
2007-06-22,44.25,6.321428571,0,-0.0144766147,-0.0144766147
2007-06-23,44.2,6.314285714,0,-0.001129943503,-0.001129943503
2007-06-25,45,6.428571429,0,0.01809954751,0.01809954751
2007-06-26,44.3,6.328571429,0,-0.01555555556,-0.01555555556
2007-06-27,44.1,6.3,0,-0.004514672686,-0.004514672686
2007-06-28,44.15,6.307142857,0,0.001133786848,0.001133786848
2007-06-29,44.35,6.335714286,0,0.004530011325,0.004530011325
2007-07-02,44.69,6.384285714,0,0.007666290868,0.007666290868
2007-07-03,45,6.428571429,0,0.006936674871,0.006936674871
2007-07-04,45.37,6.481428571,0,0.008222222222,0.008222222222
2007-07-05,45.9,6.557142857,0,0.01168172801,0.01168172801
2007-07-06,46.1,6.585714286,0,0.004357298475,0.004357298475
2007-07-09,47.1,6.728571429,0,0.02169197397,0.02169197397
2007-07-10,47.2,6.742857143,0,0.002123142251,0.002123142251
2007-07-11,47.1,6.728571429,0,-0.002118644068,-0.002118644068
2007-07-12,47.1,6.728571429,0,0,0
2007-07-13,47.1,6.728571429,0,0,0
2007-07-16,46.31,6.615714286,0,-0.01677282378,-0.01677282378
2007-07-17,46.3,6.614285714,0,-0.0002159360829,-0.0002159360829
2007-07-18,46,6.571428571,0,-0.006479481641,-0.006479481641
2007-07-19,45.95,6.564285714,0,-0.001086956522,-0.001086956522
2007-07-20,46.43,6.632857143,0,0.01044613711,0.01044613711
2007-07-23,46.4,6.628571429,0,-0.0006461339651,-0.0006461339651
2007-07-24,46.8,6.685714286,0,0.008620689655,0.008620689655
2007-07-25,46.8,6.685714286,0,0,0
2007-07-26,46.8,6.685714286,0,0,0
2007-07-27,44.9,6.414285714,0,-0.0405982906,-0.0405982906
2007-07-30,44,6.285714286,0,-0.02004454343,-0.02004454343
2007-07-31,44.3,6.328571429,0,0.006818181818,0.006818181818
2007-08-01,43.8,6.257142857,0,-0.01128668172,-0.01128668172
2007-08-02,44,6.285714286,0,0.004566210046,0.004566210046
2007-08-03,44.65,6.378571429,0,0.01477272727,0.01477272727
2007-08-06,44.5,6.357142857,0,-0.003359462486,-0.003359462486
2007-08-07,44.3,6.328571429,0,-0.004494382022,-0.004494382022
2007-08-08,44,6.285714286,0,-0.006772009029,-0.006772009029
2007-08-09,44.6,6.371428571,0,0.01363636364,0.01363636364
2007-08-10,44,6.285714286,0,-0.0134529148,-0.0134529148
2007-08-13,43.79,6.255714286,0,-0.004772727273,-0.004772727273
2007-08-14,43.6,6.228571429,0,-0.004338890158,-0.004338890158
2007-08-15,42.3,6.042857143,0,-0.02981651376,-0.02981651376
2007-08-16,40.15,5.735714286,0,-0.05082742317,-0.05082742317
2007-08-17,39.95,5.707142857,0,-0.00498132005,-0.00498132005
2007-08-20,41.64,5.948571429,0,0.0423028786,0.0423028786
2007-08-21,41.51,5.93,0,-0.003121998079,-0.003121998079
2007-08-22,41.7,5.957142857,0,0.004577210311,0.004577210311
2007-08-23,42.63,6.09,0,0.02230215827,0.02230215827
2007-08-24,42.6,6.085714286,0,-0.0007037297678,-0.0007037297678
2007-08-27,43.05,6.15,0,0.01056338028,0.01056338028
2007-08-28,43.1,6.157142857,0,0.001161440186,0.001161440186
2007-08-29,42.3,6.042857143,0,-0.01856148492,-0.01856148492
2007-08-30,43.2,6.171428571,0,0.02127659574,0.02127659574
2007-08-31,43.3,6.185714286,0,0.002314814815,0.002314814815
2007-09-03,43.9,6.271428571,0,0.01385681293,0.01385681293
2007-09-04,43.5,6.214285714,0,-0.009111617312,-0.009111617312
2007-09-05,43.7,6.242857143,0,0.004597701149,0.004597701149
2007-09-06,43.75,6.25,0,0.00114416476,0.00114416476
2007-09-07,44.1,6.3,0,0.008,0.008
2007-09-10,43.7,6.242857143,0,-0.009070294785,-0.009070294785
2007-09-11,43.68,6.24,0,-0.0004576659039,-0.0004576659039
2007-09-12,43.95,6.278571429,0,0.006181318681,0.006181318681
2007-09-13,43.49,6.212857143,0,-0.01046643914,-0.01046643914
2007-09-14,43.5,6.214285714,0,0.0002299379168,0.0002299379168
2007-09-17,42.8,6.114285714,0,-0.01609195402,-0.01609195402
2007-09-19,42.93,6.132857143,0,0.003037383178,0.003037383178
2007-09-20,43.1,6.157142857,0,0.003959934778,0.003959934778
2007-09-21,43.15,6.164285714,0,0.001160092807,0.001160092807
2007-09-26,44.5,6.357142857,0,0.03128621089,0.03128621089
2007-09-27,44.5,6.357142857,0,0,0
2007-09-28,44.5,6.357142857,0,0,0
2007-09-29,44.6,6.371428571,0,0.002247191011,0.002247191011
2007-10-01,44.5,6.357142857,0,-0.002242152466,-0.002242152466
2007-10-02,46,6.571428571,0,0.03370786517,0.03370786517
2007-10-03,46.3,6.614285714,0,0.00652173913,0.00652173913
2007-10-04,46.2,6.6,0,-0.002159827214,-0.002159827214
2007-10-05,46.2,6.6,0,0,0
2007-10-08,46.5,6.642857143,0,0.006493506494,0.006493506494
2007-10-09,46.5,6.642857143,0,0,0
2007-10-11,46.2,6.6,0,-0.006451612903,-0.006451612903
2007-10-12,45.5,6.5,0,-0.01515151515,-0.01515151515
2007-10-15,45.5,6.5,0,0,0
2007-10-16,45.99,6.57,0,0.01076923077,0.01076923077
2007-10-17,45.81,6.544285714,0,-0.003913894325,-0.003913894325
2007-10-18,46.65,6.664285714,0,0.01833660773,0.01833660773
2007-10-19,46.5,6.642857143,0,-0.003215434084,-0.003215434084
2007-10-22,45.02,6.431428571,0,-0.03182795699,-0.03182795699
2007-10-23,46,6.571428571,0,0.02176810307,0.02176810307
2007-10-24,46,6.571428571,0,0,0
2007-10-25,46.3,6.614285714,0,0.00652173913,0.00652173913
2007-10-26,46.5,6.642857143,0,0.004319654428,0.004319654428
2007-10-29,47.42,6.774285714,0,0.01978494624,0.01978494624
2007-10-30,47.5,6.785714286,0,0.001687051877,0.001687051877
2007-10-31,47.52,6.788571429,0,0.0004210526316,0.0004210526316
2007-11-01,47.38,6.768571429,0,-0.002946127946,-0.002946127946
2007-11-02,45.98,6.568571429,0,-0.02954833263,-0.02954833263
2007-11-05,45.5,6.5,0,-0.01043932144,-0.01043932144
2007-11-06,45.6,6.514285714,0,0.002197802198,0.002197802198
2007-11-07,45.6,6.514285714,0,0,0
2007-11-08,43.62,6.231428571,0,-0.04342105263,-0.04342105263
2007-11-09,43.95,6.278571429,0,0.007565337001,0.007565337001
2007-11-12,42.3,6.042857143,0,-0.03754266212,-0.03754266212
2007-11-13,42,6,0,-0.007092198582,-0.007092198582
2007-11-14,43,6.142857143,0,0.02380952381,0.02380952381
2007-11-15,42.95,6.135714286,0,-0.001162790698,-0.001162790698
2007-11-16,42.3,6.042857143,0,-0.0151338766,-0.0151338766
2007-11-19,42.8,6.114285714,0,0.01182033097,0.01182033097
2007-11-20,42.2,6.028571429,0,-0.01401869159,-0.01401869159
2007-11-21,42,6,0,-0.004739336493,-0.004739336493
2007-11-22,41.8,5.971428571,0,-0.004761904762,-0.004761904762
2007-11-23,41.5,5.928571429,0,-0.007177033493,-0.007177033493
2007-11-26,42,6,0,0.01204819277,0.01204819277
2007-11-27,41,5.857142857,0,-0.02380952381,-0.02380952381
2007-11-28,41.1,5.871428571,0,0.00243902439,0.00243902439
2007-11-29,41.3,5.9,0,0.004866180049,0.004866180049
2007-11-30,41.6,5.942857143,0,0.007263922518,0.007263922518
2007-12-03,41.75,5.964285714,0,0.003605769231,0.003605769231
2007-12-04,41.7,5.957142857,0,-0.00119760479,-0.00119760479
2007-12-05,42,6,0,0.007194244604,0.007194244604
2007-12-06,42.25,6.035714286,0,0.005952380952,0.005952380952
2007-12-07,42.5,6.071428571,0,0.005917159763,0.005917159763
2007-12-10,41.62,5.945714286,0,-0.02070588235,-0.02070588235
2007-12-11,41.62,5.945714286,0,0,0
2007-12-12,40.8,5.828571429,0,-0.01970206631,-0.01970206631
2007-12-13,40,5.714285714,0,-0.01960784314,-0.01960784314
2007-12-14,39.6,5.657142857,0,-0.01,-0.01
2007-12-17,38.6,5.514285714,0,-0.02525252525,-0.02525252525
2007-12-18,38,5.428571429,0,-0.01554404145,-0.01554404145
2007-12-19,38.53,5.504285714,0,0.01394736842,0.01394736842
2007-12-20,38.5,5.5,0,-0.000778614067,-0.000778614067
2007-12-21,38.4,5.485714286,0,-0.002597402597,-0.002597402597
2007-12-24,39.2,5.6,0,0.02083333333,0.02083333333
2007-12-25,39.35,5.621428571,0,0.003826530612,0.003826530612
2007-12-26,39.2,5.6,0,-0.003811944091,-0.003811944091
2007-12-27,40,5.714285714,0,0.02040816327,0.02040816327
2007-12-28,40,5.714285714,0,0,0
2007-12-31,41,5.857142857,0,0.025,0.025
2008-01-02,40.75,5.821428571,0,-0.006097560976,-0.006097560976
2008-01-03,39.2,5.6,0,-0.03803680982,-0.03803680982
2008-01-04,39,5.571428571,0,-0.005102040816,-0.005102040816
2008-01-07,36.3,5.185714286,0,-0.06923076923,-0.06923076923
2008-01-08,36.3,5.185714286,0,0,0
2008-01-09,36.5,5.214285714,0,0.005509641873,0.005509641873
2008-01-10,36.5,5.214285714,0,0,0
2008-01-11,36.59,5.227142857,0,0.002465753425,0.002465753425
2008-01-14,36.5,5.214285714,0,-0.002459688439,-0.002459688439
2008-01-15,36.9,5.271428571,0,0.01095890411,0.01095890411
2008-01-16,36.28,5.182857143,0,-0.01680216802,-0.01680216802
2008-01-17,36,5.142857143,0,-0.007717750827,-0.007717750827
2008-01-18,35.88,5.125714286,0,-0.003333333333,-0.003333333333
2008-01-21,36.2,5.171428571,0,0.008918617614,0.008918617614
2008-01-22,33.67,4.81,0,-0.06988950276,-0.06988950276
2008-01-23,33,4.714285714,0,-0.0198990199,-0.0198990199
2008-01-24,33.8,4.828571429,0,0.02424242424,0.02424242424
2008-01-25,35.5,5.071428571,0,0.05029585799,0.05029585799
2008-01-28,34.1,4.871428571,0,-0.03943661972,-0.03943661972
2008-01-29,34.21,4.887142857,0,0.003225806452,0.003225806452
2008-01-30,35,5,0,0.02309266296,0.02309266296
2008-01-31,34.99,4.998571429,0,-0.0002857142857,-0.0002857142857
2008-02-01,35.26,5.037142857,0,0.007716490426,0.007716490426
2008-02-12,34.15,4.878571429,0,-0.03148043108,-0.03148043108
2008-02-13,34.21,4.887142857,0,0.001756954612,0.001756954612
2008-02-14,35.6,5.085714286,0,0.04063139433,0.04063139433
2008-02-15,36,5.142857143,0,0.01123595506,0.01123595506
2008-02-18,36,5.142857143,0,0,0
2008-02-19,36.25,5.178571429,0,0.006944444444,0.006944444444
2008-02-20,36.15,5.164285714,0,-0.00275862069,-0.00275862069
2008-02-21,36.79,5.255714286,0,0.01770401107,0.01770401107
2008-02-22,36.7,5.242857143,0,-0.002446316934,-0.002446316934
2008-02-25,37,5.285714286,0,0.008174386921,0.008174386921
2008-02-26,37.58,5.368571429,0,0.01567567568,0.01567567568
2008-02-27,38.55,5.507142857,0,0.02581160192,0.02581160192
2008-02-29,38.4,5.485714286,0,-0.003891050584,-0.003891050584
2008-03-03,37,5.285714286,0,-0.03645833333,-0.03645833333
2008-03-04,37.75,5.392857143,0,0.02027027027,0.02027027027
2008-03-05,37.58,5.368571429,0,-0.004503311258,-0.004503311258
2008-03-06,38.99,5.57,0,0.03751995742,0.03751995742
2008-03-07,38.8,5.542857143,0,-0.00487304437,-0.00487304437
2008-03-10,38,5.428571429,0,-0.0206185567,-0.0206185567
2008-03-11,37.7,5.385714286,0,-0.007894736842,-0.007894736842
2008-03-12,38.35,5.478571429,0,0.01724137931,0.01724137931
2008-03-13,37.5,5.357142857,0,-0.0221642764,-0.0221642764
2008-03-14,37.6,5.371428571,0,0.002666666667,0.002666666667
2008-03-17,36.5,5.214285714,0,-0.02925531915,-0.02925531915
2008-03-18,36.1,5.157142857,0,-0.01095890411,-0.01095890411
2008-03-19,37,5.285714286,0,0.02493074792,0.02493074792
2008-03-20,37,5.285714286,0,0,0
2008-03-21,37.71,5.387142857,0,0.01918918919,0.01918918919
2008-03-24,38.82,5.545714286,0,0.02943516309,0.02943516309
2008-03-25,38.51,5.501428571,0,-0.007985574446,-0.007985574446
2008-03-26,38.55,5.507142857,0,0.001038691249,0.001038691249
2008-03-27,37.51,5.358571429,0,-0.02697795071,-0.02697795071
2008-03-28,38,5.428571429,0,0.01306318315,0.01306318315
2008-03-31,37.8,5.4,0,-0.005263157895,-0.005263157895
2008-04-01,37.58,5.368571429,0,-0.00582010582,-0.00582010582
2008-04-02,37.85,5.407142857,0,0.007184672698,0.007184672698
2008-04-03,38.52,5.502857143,0,0.0177014531,0.0177014531
2008-04-07,38.9,5.557142857,0,0.009865005192,0.009865005192
2008-04-08,38.7,5.528571429,0,-0.005141388175,-0.005141388175
2008-04-09,38.5,5.5,0,-0.005167958656,-0.005167958656
2008-04-10,39.25,5.607142857,0,0.01948051948,0.01948051948
2008-04-11,40,5.714285714,0,0.01910828025,0.01910828025
2008-04-14,39.2,5.6,0,-0.02,-0.02
2008-04-15,39.22,5.602857143,0,0.0005102040816,0.0005102040816
2008-04-16,39.9,5.7,0,0.01733809281,0.01733809281
2008-04-17,40.45,5.778571429,0,0.01378446115,0.01378446115
2008-04-18,40.15,5.735714286,0,-0.007416563659,-0.007416563659
2008-04-21,40.8,5.828571429,0,0.01618929016,0.01618929016
2008-04-22,40.42,5.774285714,0,-0.00931372549,-0.00931372549
2008-04-23,40.4,5.771428571,0,-0.0004948045522,-0.0004948045522
2008-04-24,39.85,5.692857143,0,-0.01361386139,-0.01361386139
2008-04-25,40,5.714285714,0,0.003764115433,0.003764115433
2008-04-28,40.35,5.764285714,0,0.00875,0.00875
2008-04-29,40,5.714285714,0,-0.008674101611,-0.008674101611
2008-04-30,40.2,5.742857143,0,0.005,0.005
2008-05-02,40.3,5.757142857,0,0.002487562189,0.002487562189
2008-05-05,39.75,5.678571429,0,-0.01364764268,-0.01364764268
2008-05-06,40.3,5.757142857,0,0.01383647799,0.01383647799
2008-05-07,40.79,5.827142857,0,0.01215880893,0.01215880893
2008-05-08,40.1,5.728571429,0,-0.01691591076,-0.01691591076
2008-05-09,39.75,5.678571429,0,-0.008728179551,-0.008728179551
2008-05-12,39.5,5.642857143,0,-0.006289308176,-0.006289308176
2008-05-13,40.46,5.78,0,0.02430379747,0.02430379747
2008-05-14,40.85,5.835714286,0,0.009639149778,0.009639149778
2008-05-15,41.4,5.914285714,0,0.01346389229,0.01346389229
2008-05-16,41.93,5.99,0,0.01280193237,0.01280193237
2008-05-19,41.85,5.978571429,0,-0.001907941808,-0.001907941808
2008-05-20,41,5.857142857,0,-0.02031063321,-0.02031063321
2008-05-21,40.9,5.842857143,0,-0.00243902439,-0.00243902439
2008-05-22,40.3,5.757142857,0,-0.01466992665,-0.01466992665
2008-05-23,39.5,5.642857143,0,-0.01985111663,-0.01985111663
2008-05-26,38.9,5.557142857,0,-0.01518987342,-0.01518987342
2008-05-27,39.15,5.592857143,0,0.006426735219,0.006426735219
2008-05-28,39.1,5.585714286,0,-0.001277139208,-0.001277139208
2008-05-29,39.15,5.592857143,0,0.001278772379,0.001278772379
2008-05-30,39.25,5.607142857,0,0.002554278416,0.002554278416
2008-06-02,39.5,5.642857143,0,0.006369426752,0.006369426752
2008-06-03,39,5.571428571,0,-0.01265822785,-0.01265822785
2008-06-04,39.4,5.628571429,0,0.01025641026,0.01025641026
2008-06-05,39.5,5.642857143,0,0.002538071066,0.002538071066
2008-06-06,40,5.714285714,0,0.01265822785,0.01265822785
2008-06-09,38.8,5.542857143,0,-0.03,-0.03
2008-06-10,38.1,5.442857143,0,-0.01804123711,-0.01804123711
2008-06-11,38,5.428571429,0,-0.002624671916,-0.002624671916
2008-06-12,36.89,5.27,0,-0.02921052632,-0.02921052632
2008-06-13,36.81,5.258571429,0,-0.002168609379,-0.002168609379
2008-06-16,37,5.285714286,0,0.005161640858,0.005161640858
2008-06-17,36.5,5.214285714,0,-0.01351351351,-0.01351351351
2008-06-18,37.1,5.3,0,0.01643835616,0.01643835616
2008-06-19,36.5,5.214285714,0,-0.01617250674,-0.01617250674
2008-06-20,36,5.142857143,0,-0.01369863014,-0.01369863014
2008-06-23,35.9,5.128571429,0,-0.002777777778,-0.002777777778
2008-06-24,35.4,5.057142857,0,-0.0139275766,-0.0139275766
2008-06-25,35.55,5.078571429,0,0.004237288136,0.004237288136
2008-06-26,35.7,5.1,0,0.004219409283,0.004219409283
2008-06-27,34.45,4.921428571,0,-0.0350140056,-0.0350140056
2008-06-30,34.8,4.971428571,0,0.01015965167,0.01015965167
2008-07-01,34.4,4.914285714,0,-0.01149425287,-0.01149425287
2008-07-02,34.41,4.915714286,0,0.0002906976744,0.0002906976744
2008-07-03,34.41,4.915714286,0,0,0
2008-07-04,33.5,4.785714286,0,-0.02644580064,-0.02644580064
2008-07-07,33.79,4.827142857,0,0.008656716418,0.008656716418
2008-07-08,33.02,4.717142857,0,-0.02278780704,-0.02278780704
2008-07-09,32.93,4.704285714,0,-0.002725620836,-0.002725620836
2008-07-10,32.8,4.685714286,0,-0.003947767993,-0.003947767993
2008-07-11,32.9,4.7,0,0.003048780488,0.003048780488
2008-07-14,32.87,4.695714286,0,-0.0009118541033,-0.0009118541033
2008-07-15,32.5,4.642857143,0,-0.01125646486,-0.01125646486
2008-07-16,32,4.571428571,0,-0.01538461538,-0.01538461538
2008-07-17,32.45,4.635714286,0,0.0140625,0.0140625
2008-07-18,32.4,4.628571429,0,-0.001540832049,-0.001540832049
2008-07-21,33.7,4.814285714,0,0.04012345679,0.04012345679
2008-07-22,33.1,4.728571429,0,-0.0178041543,-0.0178041543
2008-07-23,33.9,4.842857143,0,0.02416918429,0.02416918429
2008-07-24,34,4.857142857,0,0.002949852507,0.002949852507
2008-07-25,33.49,4.784285714,0,-0.015,-0.015
2008-07-29,32.4,4.628571429,0,-0.03254702896,-0.03254702896
2008-07-30,33,4.714285714,0,0.01851851852,0.01851851852
2008-07-31,32.64,4.662857143,0,-0.01090909091,-0.01090909091
2008-08-01,32.64,4.662857143,0,0,0
2008-08-04,32.55,4.65,0,-0.002757352941,-0.002757352941
2008-08-05,32.2,4.6,0,-0.01075268817,-0.01075268817
2008-08-06,33.46,4.78,0,0.03913043478,0.03913043478
2008-08-07,34,4.857142857,0,0.01613867304,0.01613867304
2008-08-08,35.35,5.05,0,0.03970588235,0.03970588235
2008-08-11,36.39,5.198571429,0,0.02942008487,0.02942008487
2008-08-12,36.26,5.18,0,-0.003572410003,-0.003572410003
2008-08-13,36.15,5.164285714,0,-0.003033645891,-0.003033645891
2008-08-14,36.1,5.157142857,0,-0.001383125864,-0.001383125864
2008-08-15,36.6,5.228571429,0,0.01385041551,0.01385041551
2008-08-18,35.15,5.021428571,0,-0.03961748634,-0.03961748634
2008-08-19,34.7,4.957142857,0,-0.01280227596,-0.01280227596
2008-08-20,35,5,0,0.008645533141,0.008645533141
2008-08-21,34.95,4.992857143,0,-0.001428571429,-0.001428571429
2008-08-22,34.08,4.868571429,0,-0.02489270386,-0.02489270386
2008-08-25,35.05,5.007142857,0,0.02846244131,0.02846244131
2008-08-26,34.78,4.968571429,0,-0.007703281027,-0.007703281027
2008-08-27,35.65,5.092857143,0,0.02501437608,0.02501437608
2008-08-28,35.3,5.042857143,0,-0.009817671809,-0.009817671809
2008-08-29,35.05,5.007142857,0,-0.007082152975,-0.007082152975
2008-09-01,33.19,4.741428571,0,-0.05306704708,-0.05306704708
2008-09-02,32.1,4.585714286,0,-0.03284121723,-0.03284121723
2008-09-03,32.4,4.628571429,0,0.009345794393,0.009345794393
2008-09-04,32.18,4.597142857,0,-0.006790123457,-0.006790123457
2008-09-05,31.2,4.457142857,0,-0.03045369795,-0.03045369795
2008-09-08,33.2,4.742857143,0,0.0641025641,0.0641025641
2008-09-09,31.99,4.57,0,-0.03644578313,-0.03644578313
2008-09-10,31.35,4.478571429,0,-0.02000625195,-0.02000625195
2008-09-11,30.9,4.414285714,0,-0.01435406699,-0.01435406699
2008-09-12,31,4.428571429,0,0.003236245955,0.003236245955
2008-09-15,28.83,4.118571429,0,-0.07,-0.07
2008-09-16,28.4,4.057142857,0,-0.01491501908,-0.01491501908
2008-09-17,29,4.142857143,0,0.02112676056,0.02112676056
2008-09-18,28.62,4.088571429,0,-0.01310344828,-0.01310344828
2008-09-19,30.62,4.374285714,0,0.06988120196,0.06988120196
2008-09-22,31.25,4.464285714,0,0.02057478772,0.02057478772
2008-09-23,31.2,4.457142857,0,-0.0016,-0.0016
2008-09-24,31.3,4.471428571,0,0.003205128205,0.003205128205
2008-09-25,32,4.571428571,0,0.02236421725,0.02236421725
2008-09-26,30.1,4.3,0,-0.059375,-0.059375
2008-09-30,28.19,4.027142857,0,-0.0634551495,-0.0634551495
2008-10-01,28.51,4.072857143,0,0.0113515431,0.0113515431
2008-10-02,28.84,4.12,0,0.011574886,0.011574886
2008-10-03,28.34,4.048571429,0,-0.0173370319,-0.0173370319
2008-10-06,27.35,3.907142857,0,-0.03493295695,-0.03493295695
2008-10-07,27.27,3.895714286,0,-0.002925045704,-0.002925045704
2008-10-08,25.4,3.628571429,0,-0.06857352402,-0.06857352402
2008-10-09,25.4,3.628571429,0,0,0
2008-10-13,24.52,3.502857143,0,-0.03464566929,-0.03464566929
2008-10-14,26.23,3.747142857,0,0.06973898858,0.06973898858
2008-10-15,26.35,3.764285714,0,0.00457491422,0.00457491422
2008-10-16,25.43,3.632857143,0,-0.03491461101,-0.03491461101
2008-10-17,24.56,3.508571429,0,-0.03421156115,-0.03421156115
2008-10-20,24.17,3.452857143,0,-0.01587947883,-0.01587947883
2008-10-21,24.3,3.471428571,0,0.005378568473,0.005378568473
2008-10-22,23.45,3.35,0,-0.03497942387,-0.03497942387
2008-10-23,22.63,3.232857143,0,-0.03496801706,-0.03496801706
2008-10-24,21.84,3.12,0,-0.03490941228,-0.03490941228
2008-10-27,20.32,2.902857143,0,-0.0695970696,-0.0695970696
2008-10-28,21.3,3.042857143,0,0.04822834646,0.04822834646
2008-10-29,21.27,3.038571429,0,-0.001408450704,-0.001408450704
2008-10-30,22.6,3.228571429,0,0.06252938411,0.06252938411
2008-10-31,23.55,3.364285714,0,0.04203539823,0.04203539823
2008-11-03,23.61,3.372857143,0,0.002547770701,0.002547770701
2008-11-04,24,3.428571429,0,0.0165184244,0.0165184244
2008-11-05,23.44,3.348571429,0,-0.02333333333,-0.02333333333
2008-11-06,21.8,3.114285714,0,-0.06996587031,-0.06996587031
2008-11-07,21.48,3.068571429,0,-0.01467889908,-0.01467889908
2008-11-10,20.9,2.985714286,0,-0.0270018622,-0.0270018622
2008-11-11,20.86,2.98,0,-0.001913875598,-0.001913875598
2008-11-12,21.3,3.042857143,0,0.02109300096,0.02109300096
2008-11-13,19.83,2.832857143,0,-0.06901408451,-0.06901408451
2008-11-14,19.2,2.742857143,0,-0.03177004539,-0.03177004539
2008-11-17,19.05,2.721428571,0,-0.0078125,-0.0078125
2008-11-18,18.2,2.6,0,-0.04461942257,-0.04461942257
2008-11-19,18.1,2.585714286,0,-0.005494505495,-0.005494505495
2008-11-20,17.02,2.431428571,0,-0.05966850829,-0.05966850829
2008-11-21,17.86,2.551428571,0,0.04935370153,0.04935370153
2008-11-24,17.7,2.528571429,0,-0.008958566629,-0.008958566629
2008-11-25,18.13,2.59,0,0.02429378531,0.02429378531
2008-11-26,18.5,2.642857143,0,0.02040816327,0.02040816327
2008-11-27,19.1,2.728571429,0,0.03243243243,0.03243243243
2008-11-28,19.4,2.771428571,0,0.01570680628,0.01570680628
2008-12-01,19.42,2.774285714,0,0.001030927835,0.001030927835
2008-12-02,18.6,2.657142857,0,-0.04222451081,-0.04222451081
2008-12-03,18.18,2.597142857,0,-0.02258064516,-0.02258064516
2008-12-04,17.8,2.542857143,0,-0.02090209021,-0.02090209021
2008-12-05,17.92,2.56,0,0.006741573034,0.006741573034
2008-12-08,19.17,2.738571429,0,0.06975446429,0.06975446429
2008-12-09,19.2,2.742857143,0,0.001564945227,0.001564945227
2008-12-10,20.54,2.934285714,0,0.06979166667,0.06979166667
2008-12-11,21.2,3.028571429,0,0.03213242454,0.03213242454
2008-12-12,19.96,2.851428571,0,-0.05849056604,-0.05849056604
2008-12-15,21.19,3.027142857,0,0.06162324649,0.06162324649
2008-12-16,20.67,2.952857143,0,-0.0245398773,-0.0245398773
2008-12-17,21.15,3.021428571,0,0.02322206096,0.02322206096
2008-12-18,21.28,3.04,0,0.006146572104,0.006146572104
2008-12-19,21.26,3.037142857,0,-0.0009398496241,-0.0009398496241
2008-12-22,20.74,2.962857143,0,-0.02445907808,-0.02445907808
2008-12-23,19.99,2.855714286,0,-0.03616200579,-0.03616200579
2008-12-24,20.08,2.868571429,0,0.004502251126,0.004502251126
2008-12-25,19.85,2.835714286,0,-0.01145418327,-0.01145418327
2008-12-26,20.02,2.86,0,0.008564231738,0.008564231738
2008-12-29,20.59,2.941428571,0,0.02847152847,0.02847152847
2008-12-30,20.85,2.978571429,0,0.01262748907,0.01262748907
2008-12-31,20.9,2.985714286,0,0.002398081535,0.002398081535
2009-01-05,21.77,3.11,0,0.04162679426,0.04162679426
2009-01-06,21.9,3.128571429,0,0.005971520441,0.005971520441
2009-01-07,21.9,3.128571429,0,0,0
2009-01-08,20.6,2.942857143,0,-0.05936073059,-0.05936073059
2009-01-09,20.45,2.921428571,0,-0.007281553398,-0.007281553398
2009-01-10,20.2,2.885714286,0,-0.01222493888,-0.01222493888
2009-01-12,21.09,3.012857143,0,0.04405940594,0.04405940594
2009-01-13,20.99,2.998571429,0,-0.004741583689,-0.004741583689
2009-01-14,20.54,2.934285714,0,-0.02143878037,-0.02143878037
2009-01-15,19.7,2.814285714,0,-0.04089581305,-0.04089581305
2009-01-16,19.93,2.847142857,0,0.0116751269,0.0116751269
2009-01-17,20.1,2.871428571,0,0.008529854491,0.008529854491
2009-01-19,20.07,2.867142857,0,-0.001492537313,-0.001492537313
2009-01-20,19.41,2.772857143,0,-0.03288490284,-0.03288490284
2009-01-21,19.24,2.748571429,0,-0.008758371973,-0.008758371973
2009-02-02,20.2,2.885714286,0,0.0498960499,0.0498960499
2009-02-03,20.51,2.93,0,0.01534653465,0.01534653465
2009-02-04,20.78,2.968571429,0,0.01316431009,0.01316431009
2009-02-05,20.9,2.985714286,0,0.005774783446,0.005774783446
2009-02-06,21.2,3.028571429,0,0.01435406699,0.01435406699
2009-02-09,21.7,3.1,0,0.02358490566,0.02358490566
2009-02-10,21.83,3.118571429,0,0.00599078341,0.00599078341
2009-02-11,22.27,3.181428571,0,0.02015574897,0.02015574897
2009-02-12,22.09,3.155714286,0,-0.008082622362,-0.008082622362
2009-02-13,22.57,3.224285714,0,0.02172928927,0.02172928927
2009-02-16,22.48,3.211428571,0,-0.003987594152,-0.003987594152
2009-02-17,21.72,3.102857143,0,-0.03380782918,-0.03380782918
2009-02-18,21.66,3.094285714,0,-0.002762430939,-0.002762430939
2009-02-19,22,3.142857143,0,0.01569713758,0.01569713758
2009-02-20,21.8,3.114285714,0,-0.009090909091,-0.009090909091
2009-02-23,21.9,3.128571429,0,0.004587155963,0.004587155963
2009-02-24,21.86,3.122857143,0,-0.001826484018,-0.001826484018
2009-02-25,22.26,3.18,0,0.01829826167,0.01829826167
2009-02-26,22.21,3.172857143,0,-0.002246181491,-0.002246181491
2009-02-27,22.37,3.195714286,0,0.007203962179,0.007203962179
2009-03-02,21.5,3.071428571,0,-0.03889137237,-0.03889137237
2009-03-03,22,3.142857143,0,0.02325581395,0.02325581395
2009-03-04,22.48,3.211428571,0,0.02181818182,0.02181818182
2009-03-05,23,3.285714286,0,0.0231316726,0.0231316726
2009-03-06,23.21,3.315714286,0,0.009130434783,0.009130434783
2009-03-09,23.2,3.314285714,0,-0.0004308487721,-0.0004308487721
2009-03-10,23.2,3.314285714,0,0,0
2009-03-11,24,3.428571429,0,0.03448275862,0.03448275862
2009-03-12,23.71,3.387142857,0,-0.01208333333,-0.01208333333
2009-03-13,24.19,3.455714286,0,0.02024462252,0.02024462252
2009-03-16,24.3,3.471428571,0,0.004547333609,0.004547333609
2009-03-17,24.6,3.514285714,0,0.01234567901,0.01234567901
2009-03-18,24.68,3.525714286,0,0.00325203252,0.00325203252
2009-03-19,24.68,3.525714286,0,0,0
2009-03-20,23.89,3.412857143,0,-0.03200972447,-0.03200972447
2009-03-23,24.78,3.54,0,0.03725408121,0.03725408121
2009-03-24,25.69,3.67,0,0.03672316384,0.03672316384
2009-03-25,27,3.857142857,0,0.05099260413,0.05099260413
2009-03-26,26.5,3.785714286,0,-0.01851851852,-0.01851851852
2009-03-27,25.7,3.671428571,0,-0.03018867925,-0.03018867925
2009-03-30,25.53,3.647142857,0,-0.006614785992,-0.006614785992
2009-03-31,25.89,3.698571429,0,0.01410105758,0.01410105758
2009-04-01,25.9,3.7,0,0.0003862495172,0.0003862495172
2009-04-02,26.6,3.8,0,0.02702702703,0.02702702703
2009-04-03,26.76,3.822857143,0,0.006015037594,0.006015037594
2009-04-06,26,3.714285714,0,-0.02840059791,-0.02840059791
2009-04-07,26.3,3.757142857,0,0.01153846154,0.01153846154
2009-04-08,25.7,3.671428571,0,-0.02281368821,-0.02281368821
2009-04-09,26.88,3.84,0,0.04591439689,0.04591439689
2009-04-10,26.5,3.785714286,0,-0.01413690476,-0.01413690476
2009-04-13,27.29,3.898571429,0,0.02981132075,0.02981132075
2009-04-14,26.54,3.791428571,0,-0.02748259436,-0.02748259436
2009-04-15,27.4,3.914285714,0,0.03240391861,0.03240391861
2009-04-16,27.93,3.99,0,0.01934306569,0.01934306569
2009-04-17,28.48,4.068571429,0,0.01969208736,0.01969208736
2009-04-20,27.5,3.928571429,0,-0.03441011236,-0.03441011236
2009-04-21,27.79,3.97,0,0.01054545455,0.01054545455
2009-04-22,27.8,3.971428571,0,0.0003598416697,0.0003598416697
2009-04-23,27.76,3.965714286,0,-0.001438848921,-0.001438848921
2009-04-24,27.63,3.947142857,0,-0.004682997118,-0.004682997118
2009-04-27,29.56,4.222857143,0,0.06985161057,0.06985161057
2009-04-28,26.13,3.732857143,1.461,0.2299391069,-0.06661028416554093
2009-04-29,25.54,3.648571429,0,-0.02257941064,-0.02257941064
2009-04-30,27.32,3.902857143,0,0.06969459671,0.06969459671
2009-05-04,29.23,4.175714286,0,0.06991215227,0.06991215227
2009-05-05,28.6,4.085714286,0,-0.02155319877,-0.02155319877
2009-05-06,29.3,4.185714286,0,0.02447552448,0.02447552448
2009-05-07,28.3,4.042857143,0,-0.03412969283,-0.03412969283
2009-05-08,28.55,4.078571429,0,0.008833922261,0.008833922261
2009-05-11,29,4.142857143,0,0.01576182137,0.01576182137
2009-05-12,27.02,3.86,0,-0.06827586207,-0.06827586207
2009-05-13,28.5,4.071428571,0,0.0547742413,0.0547742413
2009-05-14,27,3.857142857,0,-0.05263157895,-0.05263157895
2009-05-15,28.22,4.031428571,0,0.04518518519,0.04518518519
2009-05-18,28.38,4.054285714,0,0.005669737775,0.005669737775
2009-05-19,28.52,4.074285714,0,0.004933051445,0.004933051445
2009-05-20,28.8,4.114285714,0,0.009817671809,0.009817671809
2009-05-21,29.06,4.151428571,0,0.009027777778,0.009027777778
2009-05-22,29,4.142857143,0,-0.002064693737,-0.002064693737
2009-05-25,28.5,4.071428571,0,-0.01724137931,-0.01724137931
2009-05-26,28.11,4.015714286,0,-0.01368421053,-0.01368421053
2009-05-27,29.85,4.264285714,0,0.06189967983,0.06189967983
2009-06-01,29.5,4.214285714,0,-0.01172529313,-0.01172529313
2009-06-02,29.33,4.19,0,-0.005762711864,-0.005762711864
2009-06-03,29.1,4.157142857,0,-0.007841800205,-0.007841800205
2009-06-04,28.81,4.115714286,0,-0.009965635739,-0.009965635739
2009-06-05,28.87,4.124285714,0,0.002082610205,0.002082610205
2009-06-06,28.72,4.102857143,0,-0.005195704884,-0.005195704884
2009-06-08,28.25,4.035714286,0,-0.01636490251,-0.01636490251
2009-06-09,27.6,3.942857143,0,-0.02300884956,-0.02300884956
2009-06-10,28.1,4.014285714,0,0.01811594203,0.01811594203
2009-06-11,28.18,4.025714286,0,0.002846975089,0.002846975089
2009-06-12,27.8,3.971428571,0,-0.01348474095,-0.01348474095
2009-06-15,26.51,3.787142857,0,-0.0464028777,-0.0464028777
2009-06-16,26.3,3.757142857,0,-0.007921539042,-0.007921539042
2009-06-17,26.18,3.74,0,-0.004562737643,-0.004562737643
2009-06-18,25.99,3.712857143,0,-0.007257448434,-0.007257448434
2009-06-19,26.05,3.721428571,0,0.002308580223,0.002308580223
2009-06-22,26.77,3.824285714,0,0.02763915547,0.02763915547
2009-06-23,26.33,3.761428571,0,-0.0164363093,-0.0164363093
2009-06-24,27,3.857142857,0,0.02544625902,0.02544625902
2009-06-25,27.2,3.885714286,0,0.007407407407,0.007407407407
2009-06-26,27.24,3.891428571,0,0.001470588235,0.001470588235
2009-06-29,27.17,3.881428571,0,-0.002569750367,-0.002569750367
2009-06-30,27.25,3.892857143,0,0.002944423997,0.002944423997
2009-07-01,27.75,3.964285714,0,0.01834862385,0.01834862385
2009-07-02,28.29,4.041428571,0,0.01945945946,0.01945945946
2009-07-03,28.01,4.001428571,0,-0.009897490279,-0.009897490279
2009-07-06,28.12,4.017142857,0,0.003927168868,0.003927168868
2009-07-07,28.6,4.085714286,0,0.01706970128,0.01706970128
2009-07-08,28.49,4.07,0,-0.003846153846,-0.003846153846
2009-07-09,28.91,4.13,0,0.01474201474,0.01474201474
2009-07-10,29.1,4.157142857,0,0.006572120374,0.006572120374
2009-07-13,29.07,4.152857143,0,-0.001030927835,-0.001030927835
2009-07-14,29,4.142857143,0,-0.002407980736,-0.002407980736
2009-07-15,29.8,4.257142857,0,0.0275862069,0.0275862069
2009-07-16,30.42,4.345714286,0,0.02080536913,0.02080536913
2009-07-17,29.9,4.271428571,0,-0.01709401709,-0.01709401709
2009-07-20,30.43,4.347142857,0,0.01772575251,0.01772575251
2009-07-21,30.59,4.37,0,0.005257969109,0.005257969109
2009-07-22,30.73,4.39,0,0.004576659039,0.004576659039
2009-07-23,30.72,4.388571429,0,-0.000325414904,-0.000325414904
2009-07-24,30.75,4.392857143,0,0.0009765625,0.0009765625
2009-07-27,31.15,4.45,0,0.01300813008,0.01300813008
2009-07-28,31.91,4.558571429,0,0.02439807384,0.02439807384
2009-07-29,31.58,4.511428571,0,-0.01034158571,-0.01034158571
2009-07-30,30.6,4.371428571,0,-0.03103229892,-0.03103229892
2009-07-31,31.45,4.492857143,0,0.02777777778,0.02777777778
2009-08-03,31,4.428571429,0,-0.01430842607,-0.01430842607
2009-08-04,29.53,4.218571429,0,-0.04741935484,-0.04741935484
2009-08-05,29.8,4.257142857,0,0.009143244158,0.009143244158
2009-08-06,30.38,4.34,0,0.01946308725,0.01946308725
2009-08-10,30.32,4.331428571,0,-0.001974983542,-0.001974983542
2009-08-11,30.46,4.351428571,0,0.004617414248,0.004617414248
2009-08-12,31,4.428571429,0,0.01772816809,0.01772816809
2009-08-13,31.2,4.457142857,0,0.006451612903,0.006451612903
2009-08-14,31.59,4.512857143,0,0.0125,0.0125
2009-08-17,30.91,4.415714286,0,-0.0215257993,-0.0215257993
2009-08-18,30,4.285714286,0,-0.02944031058,-0.02944031058
2009-08-19,30.46,4.351428571,0,0.01533333333,0.01533333333
2009-08-20,30.4,4.342857143,0,-0.001969796454,-0.001969796454
2009-08-21,30.25,4.321428571,0,-0.004934210526,-0.004934210526
2009-08-24,30.76,4.394285714,0,0.01685950413,0.01685950413
2009-08-25,30.99,4.427142857,0,0.007477243173,0.007477243173
2009-08-26,29.88,4.268571429,0,-0.03581800581,-0.03581800581
2009-08-27,30,4.285714286,0,0.004016064257,0.004016064257
2009-08-28,30.19,4.312857143,0,0.006333333333,0.006333333333
2009-08-31,30.85,4.407142857,0,0.02186154356,0.02186154356
2009-09-01,31.6,4.514285714,0,0.02431118314,0.02431118314
2009-09-02,31.55,4.507142857,0,-0.001582278481,-0.001582278481
2009-09-03,31.53,4.504285714,0,-0.0006339144216,-0.0006339144216
2009-09-04,31.3,4.471428571,0,-0.007294640025,-0.007294640025
2009-09-07,31.72,4.531428571,0,0.01341853035,0.01341853035
2009-09-08,31.8,4.542857143,0,0.002522068096,0.002522068096
2009-09-09,31.72,4.531428571,0,-0.00251572327,-0.00251572327
2009-09-10,32.37,4.624285714,0,0.02049180328,0.02049180328
2009-09-11,32.39,4.627142857,0,0.0006178560395,0.0006178560395
2009-09-14,32.4,4.628571429,0,0.0003087372646,0.0003087372646
2009-09-15,32.35,4.621428571,0,-0.001543209877,-0.001543209877
2009-09-16,32.55,4.65,0,0.006182380216,0.006182380216
2009-09-17,32.78,4.682857143,0,0.007066052227,0.007066052227
2009-09-18,32.7,4.671428571,0,-0.002440512508,-0.002440512508
2009-09-21,32.84,4.691428571,0,0.004281345566,0.004281345566
2009-09-22,32.69,4.67,0,-0.004567600487,-0.004567600487
2009-09-23,32.8,4.685714286,0,0.003364943408,0.003364943408
2009-09-24,32.73,4.675714286,0,-0.002134146341,-0.002134146341
2009-09-25,32.3,4.614285714,0,-0.01313779407,-0.01313779407
2009-09-28,31.72,4.531428571,0,-0.01795665635,-0.01795665635
2009-09-29,32.58,4.654285714,0,0.02711223203,0.02711223203
2009-09-30,32.81,4.687142857,0,0.007059545734,0.007059545734
2009-10-01,32.81,4.687142857,0,0,0
2009-10-02,32.19,4.598571429,0,-0.01889667784,-0.01889667784
2009-10-05,32.2,4.6,0,0.0003106554831,0.0003106554831
2009-10-06,32.75,4.678571429,0,0.01708074534,0.01708074534
2009-10-07,32.72,4.674285714,0,-0.0009160305344,-0.0009160305344
2009-10-08,32.23,4.604285714,0,-0.01497555012,-0.01497555012
2009-10-09,32.12,4.588571429,0,-0.003412969283,-0.003412969283
2009-10-12,32.64,4.662857143,0,0.01618929016,0.01618929016
2009-10-13,32.8,4.685714286,0,0.004901960784,0.004901960784
2009-10-14,33.33,4.761428571,0,0.01615853659,0.01615853659
2009-10-15,33.38,4.768571429,0,0.001500150015,0.001500150015
2009-10-16,33.5,4.785714286,0,0.003594967046,0.003594967046
2009-10-19,33.52,4.788571429,0,0.0005970149254,0.0005970149254
2009-10-20,33.65,4.807142857,0,0.003878281623,0.003878281623
2009-10-21,33.32,4.76,0,-0.009806835067,-0.009806835067
2009-10-22,32.31,4.615714286,0,-0.03031212485,-0.03031212485
2009-10-23,32.7,4.671428571,0,0.01207056639,0.01207056639
2009-10-26,32.43,4.632857143,0,-0.008256880734,-0.008256880734
2009-10-27,32.97,4.71,0,0.01665124884,0.01665124884
2009-10-28,32.5,4.642857143,0,-0.01425538368,-0.01425538368
2009-10-29,31.7,4.528571429,0,-0.02461538462,-0.02461538462
2009-10-30,32.05,4.578571429,0,0.01104100946,0.01104100946
2009-11-02,31.98,4.568571429,0,-0.002184087363,-0.002184087363
2009-11-03,31.98,4.568571429,0,0,0
2009-11-04,32.15,4.592857143,0,0.005315822389,0.005315822389
2009-11-05,32.01,4.572857143,0,-0.004354587869,-0.004354587869
2009-11-06,32.39,4.627142857,0,0.01187129022,0.01187129022
2009-11-09,32.48,4.64,0,0.002778635381,0.002778635381
2009-11-10,32.6,4.657142857,0,0.003694581281,0.003694581281
2009-11-11,33.28,4.754285714,0,0.02085889571,0.02085889571
2009-11-12,33.5,4.785714286,0,0.006610576923,0.006610576923
2009-11-13,33.4,4.771428571,0,-0.002985074627,-0.002985074627
2009-11-16,34,4.857142857,0,0.01796407186,0.01796407186
2009-11-17,33.54,4.791428571,0,-0.01352941176,-0.01352941176
2009-11-18,33.53,4.79,0,-0.0002981514609,-0.0002981514609
2009-11-19,33.8,4.828571429,0,0.008052490307,0.008052490307
2009-11-20,32.84,4.691428571,0,-0.02840236686,-0.02840236686
2009-11-23,33.86,4.837142857,0,0.03105968331,0.03105968331
2009-11-24,33.99,4.855714286,0,0.003839338452,0.003839338452
2009-11-25,33.76,4.822857143,0,-0.006766696087,-0.006766696087
2009-11-26,34.12,4.874285714,0,0.01066350711,0.01066350711
2009-11-27,33.45,4.778571429,0,-0.01963657679,-0.01963657679
2009-11-30,33.29,4.755714286,0,-0.004783258595,-0.004783258595
2009-12-01,33.72,4.817142857,0,0.01291679183,0.01291679183
2009-12-02,33.56,4.794285714,0,-0.004744958482,-0.004744958482
2009-12-03,33.53,4.79,0,-0.0008939213349,-0.0008939213349
2009-12-04,33.67,4.81,0,0.004175365344,0.004175365344
2009-12-07,33.5,4.785714286,0,-0.005049005049,-0.005049005049
2009-12-08,33.99,4.855714286,0,0.01462686567,0.01462686567
2009-12-09,33.74,4.82,0,-0.007355104442,-0.007355104442
2009-12-10,33.8,4.828571429,0,0.001778304683,0.001778304683
2009-12-11,33.88,4.84,0,0.002366863905,0.002366863905
2009-12-14,34.25,4.892857143,0,0.01092089728,0.01092089728
2009-12-15,34.23,4.89,0,-0.0005839416058,-0.0005839416058
2009-12-16,33.94,4.848571429,0,-0.008472100497,-0.008472100497
2009-12-17,33.8,4.828571429,0,-0.004124926341,-0.004124926341
2009-12-18,33.99,4.855714286,0,0.005621301775,0.005621301775
2009-12-21,34.79,4.97,0,0.02353633422,0.02353633422
2009-12-22,34.65,4.95,0,-0.004024144869,-0.004024144869
2009-12-23,34.5,4.928571429,0,-0.004329004329,-0.004329004329
2009-12-24,35,5,0,0.01449275362,0.01449275362
2009-12-25,35.2,5.028571429,0,0.005714285714,0.005714285714
2009-12-28,35.49,5.07,0,0.008238636364,0.008238636364
2009-12-29,35.6,5.085714286,0,0.003099464638,0.003099464638
2009-12-30,36.16,5.165714286,0,0.01573033708,0.01573033708
2009-12-31,36.5,5.214285714,0,0.009402654867,0.009402654867
2010-01-04,36.5,5.214285714,0,0,0
2010-01-05,36.55,5.221428571,0,0.001369863014,0.001369863014
2010-01-06,37.4,5.342857143,0,0.02325581395,0.02325581395
2010-01-07,37,5.285714286,0,-0.01069518717,-0.01069518717
2010-01-08,36.89,5.27,0,-0.002972972973,-0.002972972973
2010-01-11,37.1,5.3,0,0.00569259962,0.00569259962
2010-01-12,37,5.285714286,0,-0.00269541779,-0.00269541779
2010-01-13,37,5.285714286,0,0,0
2010-01-14,37,5.285714286,0,0,0
2010-01-15,37.6,5.371428571,0,0.01621621622,0.01621621622
2010-01-18,37.45,5.35,0,-0.003989361702,-0.003989361702
2010-01-19,36.85,5.264285714,0,-0.01602136182,-0.01602136182
2010-01-20,36.75,5.25,0,-0.002713704206,-0.002713704206
2010-01-21,35.95,5.135714286,0,-0.02176870748,-0.02176870748
2010-01-22,35.1,5.014285714,0,-0.02364394993,-0.02364394993
2010-01-25,35,5,0,-0.002849002849,-0.002849002849
2010-01-26,34.25,4.892857143,0,-0.02142857143,-0.02142857143
2010-01-27,34.05,4.864285714,0,-0.005839416058,-0.005839416058
2010-01-28,35.5,5.071428571,0,0.04258443465,0.04258443465
2010-01-29,34,4.857142857,0,-0.04225352113,-0.04225352113
2010-02-01,33.85,4.835714286,0,-0.004411764706,-0.004411764706
2010-02-02,33.02,4.717142857,0,-0.02451994092,-0.02451994092
2010-02-03,33.69,4.812857143,0,0.02029073289,0.02029073289
2010-02-04,33.63,4.804285714,0,-0.0017809439,-0.0017809439
2010-02-05,32.39,4.627142857,0,-0.03687184062,-0.03687184062
2010-02-06,32.35,4.621428571,0,-0.001234949058,-0.001234949058
2010-02-08,32.34,4.62,0,-0.0003091190108,-0.0003091190108
2010-02-09,33.3,4.757142857,0,0.02968460111,0.02968460111
2010-02-10,33.5,4.785714286,0,0.006006006006,0.006006006006
2010-02-22,35.84,5.12,0,0.06985074627,0.06985074627
2010-02-23,34.2,4.885714286,0,-0.04575892857,-0.04575892857
2010-02-25,33.06,4.722857143,0,-0.03333333333,-0.03333333333
2010-02-26,33.15,4.735714286,0,0.002722323049,0.002722323049
2010-03-01,33.41,4.772857143,0,0.007843137255,0.007843137255
2010-03-02,33.44,4.777142857,0,0.0008979347501,0.0008979347501
2010-03-03,33.55,4.792857143,0,0.003289473684,0.003289473684
2010-03-04,32.89,4.698571429,0,-0.01967213115,-0.01967213115
2010-03-05,33.77,4.824285714,0,0.02675585284,0.02675585284
2010-03-08,33.79,4.827142857,0,0.0005922416346,0.0005922416346
2010-03-09,34.59,4.941428571,0,0.02367564368,0.02367564368
2010-03-10,34.21,4.887142857,0,-0.01098583406,-0.01098583406
2010-03-11,34.6,4.942857143,0,0.01140017539,0.01140017539
2010-03-12,34.18,4.882857143,0,-0.01213872832,-0.01213872832
2010-03-15,32.65,4.664285714,0,-0.04476301931,-0.04476301931
2010-03-16,33.51,4.787142857,0,0.02633996937,0.02633996937
2010-03-17,33.52,4.788571429,0,0.0002984183826,0.0002984183826
2010-03-18,34.52,4.931428571,0,0.02983293556,0.02983293556
2010-03-19,34.71,4.958571429,0,0.00550405562,0.00550405562
2010-03-22,34.5,4.928571429,0,-0.006050129646,-0.006050129646
2010-03-23,34.73,4.961428571,0,0.006666666667,0.006666666667
2010-03-25,34.3,4.9,0,-0.01238122661,-0.01238122661
2010-03-26,34.74,4.962857143,0,0.01282798834,0.01282798834
2010-03-29,34.84,4.977142857,0,0.002878526195,0.002878526195
2010-03-30,34.86,4.98,0,0.0005740528129,0.0005740528129
2010-03-31,34.88,4.982857143,0,0.0005737234653,0.0005737234653
2010-04-01,35.3,5.042857143,0,0.0120412844,0.0120412844
2010-04-02,35.2,5.028571429,0,-0.00283286119,-0.00283286119
2010-04-06,35.85,5.121428571,0,0.01846590909,0.01846590909
2010-04-07,35.6,5.085714286,0,-0.006973500697,-0.006973500697
2010-04-08,35.22,5.031428571,0,-0.0106741573,-0.0106741573
2010-04-09,34.98,4.997142857,0,-0.006814310051,-0.006814310051
2010-04-12,35.28,5.04,0,0.008576329331,0.008576329331
2010-04-13,34.6,4.942857143,0,-0.01927437642,-0.01927437642
2010-04-14,35.42,5.06,0,0.02369942197,0.02369942197
2010-04-15,35.26,5.037142857,0,-0.004517221909,-0.004517221909
2010-04-16,35.5,5.071428571,0,0.006806579694,0.006806579694
2010-04-19,35,5,0,-0.01408450704,-0.01408450704
2010-04-20,34.6,4.942857143,0,-0.01142857143,-0.01142857143
2010-04-21,34.83,4.975714286,0,0.006647398844,0.006647398844
2010-04-22,35.13,5.018571429,0,0.008613264427,0.008613264427
2010-04-23,35.35,5.05,0,0.006262453743,0.006262453743
2010-04-26,35.85,5.121428571,0,0.01414427157,0.01414427157
2010-04-27,35.69,5.098571429,0,-0.004463040446,-0.004463040446
2010-04-28,35.06,5.008571429,0,-0.01765200336,-0.01765200336
2010-04-29,35,5,0,-0.001711351968,-0.001711351968
2010-04-30,35.14,5.02,0,0.004,0.004
2010-05-03,34.2,4.885714286,1.4,0.2521343199,0.013090495219123532
2010-05-04,33.43,4.775714286,0,-0.02251461988,-0.02251461988
2010-05-05,32.2,4.6,0,-0.03679329943,-0.03679329943
2010-05-06,31.42,4.488571429,0,-0.02422360248,-0.02422360248
2010-05-07,31.5,4.5,0,0.00254614895,0.00254614895
2010-05-10,31.81,4.544285714,0,0.009841269841,0.009841269841
2010-05-11,31.8,4.542857143,0,-0.0003143665514,-0.0003143665514
2010-05-12,31.59,4.512857143,0,-0.006603773585,-0.006603773585
2010-05-13,32.3,4.614285714,0,0.02247546692,0.02247546692
2010-05-14,32.2,4.6,0,-0.003095975232,-0.003095975232
2010-05-17,31.2,4.457142857,0,-0.03105590062,-0.03105590062
2010-05-18,30.5,4.357142857,0,-0.02243589744,-0.02243589744
2010-05-19,30.5,4.357142857,0,0,0
2010-05-20,30.78,4.397142857,0,0.009180327869,0.009180327869
2010-05-21,29.87,4.267142857,0,-0.02956465237,-0.02956465237
2010-05-24,30.29,4.327142857,0,0.0140609307,0.0140609307
2010-05-25,29.7,4.242857143,0,-0.0194783757,-0.0194783757
2010-05-26,30.18,4.311428571,0,0.01616161616,0.01616161616
2010-05-27,30,4.285714286,0,-0.005964214712,-0.005964214712
2010-05-28,30.6,4.371428571,0,0.02,0.02
2010-05-31,30.9,4.414285714,0,0.009803921569,0.009803921569
2010-06-01,30.8,4.4,0,-0.003236245955,-0.003236245955
2010-06-02,31,4.428571429,0,0.006493506494,0.006493506494
2010-06-03,30.56,4.365714286,0,-0.01419354839,-0.01419354839
2010-06-04,30.5,4.357142857,0,-0.001963350785,-0.001963350785
2010-06-07,30.4,4.342857143,0,-0.003278688525,-0.003278688525
2010-06-08,30.28,4.325714286,0,-0.003947368421,-0.003947368421
2010-06-09,29.98,4.282857143,0,-0.009907529723,-0.009907529723
2010-06-11,30.83,4.404285714,0,0.02835223482,0.02835223482
2010-06-14,30.47,4.352857143,0,-0.01167693805,-0.01167693805
2010-06-15,31.04,4.434285714,0,0.01870692484,0.01870692484
2010-06-17,31.3,4.471428571,0,0.00837628866,0.00837628866
2010-06-18,31.4,4.485714286,0,0.003194888179,0.003194888179
2010-06-21,31.65,4.521428571,0,0.007961783439,0.007961783439
2010-06-23,31.4,4.485714286,0,-0.007898894155,-0.007898894155
2010-06-24,31.4,4.485714286,0,0,0
2010-06-25,31.19,4.455714286,0,-0.006687898089,-0.006687898089
2010-06-28,30.73,4.39,0,-0.01474831677,-0.01474831677
2010-06-29,30.85,4.407142857,0,0.003904978848,0.003904978848
2010-06-30,30,4.285714286,0,-0.02755267423,-0.02755267423
2010-07-01,29.85,4.264285714,0,-0.005,-0.005
2010-07-02,29.3,4.185714286,0,-0.01842546064,-0.01842546064
2010-07-05,29.87,4.267142857,0,0.01945392491,0.01945392491
2010-07-06,30,4.285714286,0,0.004352192836,0.004352192836
2010-07-07,31.35,4.478571429,0,0.045,0.045
2010-07-08,31.15,4.45,0,-0.006379585327,-0.006379585327
2010-07-09,31.6,4.514285714,0,0.01444622793,0.01444622793
2010-07-12,31.9,4.557142857,0,0.009493670886,0.009493670886
2010-07-13,32.2,4.6,0,0.009404388715,0.009404388715
2010-07-14,32.08,4.582857143,0,-0.003726708075,-0.003726708075
2010-07-15,32.28,4.611428571,0,0.006234413965,0.006234413965
2010-07-16,32.16,4.594285714,0,-0.003717472119,-0.003717472119
2010-07-19,32,4.571428571,0,-0.004975124378,-0.004975124378
2010-07-20,32.4,4.628571429,0,0.0125,0.0125
2010-07-21,32.31,4.615714286,0,-0.002777777778,-0.002777777778
2010-07-23,32.45,4.635714286,0,0.004333023832,0.004333023832
2010-07-26,32.75,4.678571429,0,0.009244992296,0.009244992296
2010-07-27,33.5,4.785714286,0,0.02290076336,0.02290076336
2010-07-28,32.76,4.68,0,-0.02208955224,-0.02208955224
2010-07-29,32.77,4.681428571,0,0.0003052503053,0.0003052503053
2010-07-30,32.44,4.634285714,0,-0.01007018615,-0.01007018615
2010-08-02,33.52,4.788571429,0,0.03329223181,0.03329223181
2010-08-03,33.01,4.715714286,0,-0.01521479714,-0.01521479714
2010-08-04,33.1,4.728571429,0,0.002726446531,0.002726446531
2010-08-05,33.2,4.742857143,0,0.003021148036,0.003021148036
2010-08-06,33.2,4.742857143,0,0,0
2010-08-09,33.46,4.78,0,0.007831325301,0.007831325301
2010-08-10,32.65,4.664285714,0,-0.02420800956,-0.02420800956
2010-08-11,32.8,4.685714286,0,0.004594180704,0.004594180704
2010-08-12,32.5,4.642857143,0,-0.009146341463,-0.009146341463
2010-08-13,32.5,4.642857143,0,0,0
2010-08-16,32.1,4.585714286,0,-0.01230769231,-0.01230769231
2010-08-17,32.51,4.644285714,0,0.01277258567,0.01277258567
2010-08-18,32.88,4.697142857,0,0.0113811135,0.0113811135
2010-08-19,32.8,4.685714286,0,-0.002433090024,-0.002433090024
2010-08-20,32.3,4.614285714,0,-0.01524390244,-0.01524390244
2010-08-23,32.79,4.684285714,0,0.01517027864,0.01517027864
2010-08-24,32.6,4.657142857,0,-0.005794449527,-0.005794449527
2010-08-25,32,4.571428571,0,-0.01840490798,-0.01840490798
2010-08-26,31.49,4.498571429,0,-0.0159375,-0.0159375
2010-08-27,31.45,4.492857143,0,-0.001270244522,-0.001270244522
2010-08-31,31.26,4.465714286,0,-0.006041335453,-0.006041335453
2010-09-01,31.48,4.497142857,0,0.007037747921,0.007037747921
2010-09-02,30.72,4.388571429,0,-0.02414231258,-0.02414231258
2010-09-03,31.64,4.52,0,0.02994791667,0.02994791667
2010-09-06,31.8,4.542857143,0,0.005056890013,0.005056890013
2010-09-07,32.28,4.611428571,0,0.01509433962,0.01509433962
2010-09-08,32.2,4.6,0,-0.002478314746,-0.002478314746
2010-09-09,31.72,4.531428571,0,-0.0149068323,-0.0149068323
2010-09-10,32.07,4.581428571,0,0.01103404792,0.01103404792
2010-09-13,33.49,4.784285714,0,0.04427814157,0.04427814157
2010-09-14,33.4,4.771428571,0,-0.002687369364,-0.002687369364
2010-09-15,33.54,4.791428571,0,0.004191616766,0.004191616766
2010-09-16,32.82,4.688571429,0,-0.02146690519,-0.02146690519
2010-09-17,33.12,4.731428571,0,0.009140767824,0.009140767824
2010-09-20,33.98,4.854285714,0,0.02596618357,0.02596618357
2010-09-21,33.85,4.835714286,0,-0.003825779871,-0.003825779871
2010-09-23,33.6,4.8,0,-0.007385524372,-0.007385524372
2010-09-24,32.5,4.642857143,0,-0.03273809524,-0.03273809524
2010-09-27,32.6,4.657142857,0,0.003076923077,0.003076923077
2010-09-28,33.57,4.795714286,0,0.02975460123,0.02975460123
2010-09-29,34.07,4.867142857,0,0.01489425082,0.01489425082
2010-09-30,33.95,4.85,0,-0.003522160258,-0.003522160258
2010-10-01,33.95,4.85,0,0,0
2010-10-04,33.5,4.785714286,0,-0.01325478645,-0.01325478645
2010-10-05,32.85,4.692857143,0,-0.01940298507,-0.01940298507
2010-10-06,33.75,4.821428571,0,0.02739726027,0.02739726027
2010-10-07,33.75,4.821428571,0,0,0
2010-10-08,33.5,4.785714286,0,-0.007407407407,-0.007407407407
2010-10-11,33.21,4.744285714,0,-0.008656716418,-0.008656716418
2010-10-12,32.88,4.697142857,0,-0.009936766034,-0.009936766034
2010-10-13,33.04,4.72,0,0.004866180049,0.004866180049
2010-10-14,32.9,4.7,0,-0.004237288136,-0.004237288136
2010-10-15,32.59,4.655714286,0,-0.009422492401,-0.009422492401
2010-10-18,31.65,4.521428571,0,-0.02884320344,-0.02884320344
2010-10-19,31.8,4.542857143,0,0.004739336493,0.004739336493
2010-10-20,32.26,4.608571429,0,0.01446540881,0.01446540881
2010-10-21,32.7,4.671428571,0,0.01363918165,0.01363918165
2010-10-22,33,4.714285714,0,0.009174311927,0.009174311927
2010-10-25,33.3,4.757142857,0,0.009090909091,0.009090909091
2010-10-26,33.73,4.818571429,0,0.01291291291,0.01291291291
2010-10-27,33.9,4.842857143,0,0.005040023718,0.005040023718
2010-10-28,34.1,4.871428571,0,0.005899705015,0.005899705015
2010-10-29,34.2,4.885714286,0,0.00293255132,0.00293255132
2010-11-01,34.48,4.925714286,0,0.008187134503,0.008187134503
2010-11-02,34.55,4.935714286,0,0.002030162413,0.002030162413
2010-11-03,34.36,4.908571429,0,-0.005499276411,-0.005499276411
2010-11-04,34.53,4.932857143,0,0.004947613504,0.004947613504
2010-11-05,34.46,4.922857143,0,-0.002027222705,-0.002027222705
2010-11-08,33.79,4.827142857,0,-0.01944283227,-0.01944283227
2010-11-09,34,4.857142857,0,0.006214856466,0.006214856466
2010-11-10,33.16,4.737142857,0,-0.02470588235,-0.02470588235
2010-11-11,34.6,4.942857143,0,0.04342581423,0.04342581423
2010-11-12,34,4.857142857,0,-0.01734104046,-0.01734104046
2010-11-15,33.4,4.771428571,0,-0.01764705882,-0.01764705882
2010-11-16,33.72,4.817142857,0,0.009580838323,0.009580838323
2010-11-17,33.4,4.771428571,0,-0.009489916963,-0.009489916963
2010-11-18,33.99,4.855714286,0,0.01766467066,0.01766467066
2010-11-19,34.4,4.914285714,0,0.01206237129,0.01206237129
2010-11-22,34.15,4.878571429,0,-0.00726744186,-0.00726744186
2010-11-23,34.72,4.96,0,0.01669106881,0.01669106881
2010-11-24,34.73,4.961428571,0,0.0002880184332,0.0002880184332
2010-11-25,35,5,0,0.007774258566,0.007774258566
2010-11-26,34.89,4.984285714,0,-0.003142857143,-0.003142857143
2010-11-29,35.21,5.03,0,0.00917168243,0.00917168243
2010-11-30,35.3,5.042857143,0,0.002556092019,0.002556092019
2010-12-01,35.32,5.045714286,0,0.000566572238,0.000566572238
2010-12-02,35.25,5.035714286,0,-0.001981879955,-0.001981879955
2010-12-03,36.61,5.23,0,0.03858156028,0.03858156028
2010-12-06,36.8,5.257142857,0,0.005189838842,0.005189838842
2010-12-07,36.49,5.212857143,0,-0.008423913043,-0.008423913043
2010-12-08,36.15,5.164285714,0,-0.009317621266,-0.009317621266
2010-12-09,37,5.285714286,0,0.0235131397,0.0235131397
2010-12-10,36.59,5.227142857,0,-0.01108108108,-0.01108108108
2010-12-13,37.14,5.305714286,0,0.01503142935,0.01503142935
2010-12-14,37.3,5.328571429,0,0.004308023694,0.004308023694
2010-12-15,36.82,5.26,0,-0.01286863271,-0.01286863271
2010-12-16,36.91,5.272857143,0,0.002444323737,0.002444323737
2010-12-17,37.47,5.352857143,0,0.0151720401,0.0151720401
2010-12-20,36.9,5.271428571,0,-0.01521216974,-0.01521216974
2010-12-21,37.2,5.314285714,0,0.008130081301,0.008130081301
2010-12-22,37,5.285714286,0,-0.005376344086,-0.005376344086
2010-12-23,37.25,5.321428571,0,0.006756756757,0.006756756757
2010-12-24,37.29,5.327142857,0,0.001073825503,0.001073825503
2010-12-27,37.28,5.325714286,0,-0.0002681684098,-0.0002681684098
2010-12-28,37.3,5.328571429,0,0.0005364806867,0.0005364806867
2010-12-29,36.42,5.202857143,0,-0.0235924933,-0.0235924933
2010-12-30,37.11,5.301428571,0,0.01894563427,0.01894563427
2010-12-31,37.01,5.287142857,0,-0.002694691458,-0.002694691458
2011-01-03,37.29,5.327142857,0,0.007565522832,0.007565522832
2011-01-04,37.4,5.342857143,0,0.002949852507,0.002949852507
2011-01-05,36.36,5.194285714,0,-0.02780748663,-0.02780748663
2011-01-06,38.9,5.557142857,0,0.0698569857,0.0698569857
2011-01-07,37.8,5.4,0,-0.02827763496,-0.02827763496
2011-01-10,37.1,5.3,0,-0.01851851852,-0.01851851852
2011-01-11,37.01,5.287142857,0,-0.002425876011,-0.002425876011
2011-01-12,37.02,5.288571429,0,0.000270197244,0.000270197244
2011-01-13,37.15,5.307142857,0,0.003511615343,0.003511615343
2011-01-14,37.25,5.321428571,0,0.00269179004,0.00269179004
2011-01-17,37.25,5.321428571,0,0,0
2011-01-18,37.49,5.355714286,0,0.00644295302,0.00644295302
2011-01-19,38,5.428571429,0,0.01360362763,0.01360362763
2011-01-20,37.98,5.425714286,0,-0.0005263157895,-0.0005263157895
2011-01-21,37.43,5.347142857,0,-0.01448130595,-0.01448130595
2011-01-24,37.38,5.34,0,-0.001335826877,-0.001335826877
2011-01-25,37.72,5.388571429,0,0.009095773141,0.009095773141
2011-01-26,37.98,5.425714286,0,0.006892895016,0.006892895016
2011-01-27,37.88,5.411428571,0,-0.002632964718,-0.002632964718
2011-01-28,38.5,5.5,0,0.01636747624,0.01636747624
2011-02-08,37.23,5.318571429,0,-0.03298701299,-0.03298701299
2011-02-09,37.21,5.315714286,0,-0.0005372011818,-0.0005372011818
2011-02-10,36.11,5.158571429,0,-0.02956194571,-0.02956194571
2011-02-11,35.4,5.057142857,0,-0.01966214345,-0.01966214345
2011-02-14,35.9,5.128571429,0,0.01412429379,0.01412429379
2011-02-15,36.29,5.184285714,0,0.01086350975,0.01086350975
2011-02-16,36.34,5.191428571,0,0.001377790025,0.001377790025
2011-02-17,36.9,5.271428571,0,0.01541001651,0.01541001651
2011-02-18,35.85,5.121428571,0,-0.02845528455,-0.02845528455
2011-02-21,36.17,5.167142857,0,0.008926080893,0.008926080893
2011-02-22,35.65,5.092857143,0,-0.01437655516,-0.01437655516
2011-02-23,34.72,4.96,0,-0.02608695652,-0.02608695652
2011-02-24,35.07,5.01,0,0.01008064516,0.01008064516
2011-02-25,35.43,5.061428571,0,0.01026518392,0.01026518392
2011-03-01,35.74,5.105714286,0,0.008749647192,0.008749647192
2011-03-02,36.27,5.181428571,0,0.01482932289,0.01482932289
2011-03-03,36.28,5.182857143,0,0.0002757099531,0.0002757099531
2011-03-04,36.2,5.171428571,0,-0.002205071665,-0.002205071665
2011-03-07,35.75,5.107142857,0,-0.01243093923,-0.01243093923
2011-03-08,36.52,5.217142857,0,0.02153846154,0.02153846154
2011-03-10,35.88,5.125714286,0,-0.01752464403,-0.01752464403
2011-03-11,35.3,5.042857143,0,-0.01616499443,-0.01616499443
2011-03-14,34.89,4.984285714,0,-0.01161473088,-0.01161473088
2011-03-15,33.22,4.745714286,0,-0.04786471768,-0.04786471768
2011-03-16,33.99,4.855714286,0,0.02317880795,0.02317880795
2011-03-17,33.56,4.794285714,0,-0.01265077964,-0.01265077964
2011-03-18,33.79,4.827142857,0,0.006853396901,0.006853396901
2011-03-21,34.67,4.952857143,0,0.02604320805,0.02604320805
2011-03-22,34.67,4.952857143,0,0,0
2011-03-23,34.11,4.872857143,0,-0.01615229305,-0.01615229305
2011-03-24,35.18,5.025714286,0,0.03136909997,0.03136909997
2011-03-25,35.3,5.042857143,0,0.003411028994,0.003411028994
2011-03-28,35.1,5.014285714,0,-0.00566572238,-0.00566572238
2011-03-29,34.85,4.978571429,0,-0.007122507123,-0.007122507123
2011-03-30,34.91,4.987142857,0,0.001721664275,0.001721664275
2011-03-31,35.24,5.034285714,0,0.009452878831,0.009452878831
2011-04-01,35.24,5.034285714,0,0,0
2011-04-06,35.91,5.13,0,0.01901248581,0.01901248581
2011-04-07,36.9,5.271428571,0,0.02756892231,0.02756892231
2011-04-08,35.93,5.132857143,0,-0.02628726287,-0.02628726287
2011-04-11,35.35,5.05,0,-0.0161424993,-0.0161424993
2011-04-12,35.2,5.028571429,0,-0.004243281471,-0.004243281471
2011-04-13,36.5,5.214285714,0,0.03693181818,0.03693181818
2011-04-14,35.25,5.035714286,0,-0.03424657534,-0.03424657534
2011-04-15,35.26,5.037142857,0,0.0002836879433,0.0002836879433
2011-04-18,34.7,4.957142857,0,-0.01588201929,-0.01588201929
2011-04-19,34.43,4.918571429,0,-0.007780979827,-0.007780979827
2011-04-20,35.1,5.014285714,0,0.01945977345,0.01945977345
2011-04-21,35.84,5.12,0,0.02108262108,0.02108262108
2011-04-22,35.6,5.085714286,0,-0.006696428571,-0.006696428571
2011-04-25,35.57,5.081428571,0,-0.0008426966292,-0.0008426966292
2011-04-26,36.2,5.171428571,0,0.01771155468,0.01771155468
2011-04-27,36.4,5.2,0,0.005524861878,0.005524861878
2011-04-28,36.23,5.175714286,0,-0.00467032967,-0.00467032967
2011-04-29,36.06,5.151428571,0,-0.004692243997,-0.004692243997
2011-05-03,35.98,5.14,0,-0.002218524681,-0.002218524681
2011-05-04,36.03,5.147142857,0,0.001389660923,0.001389660923
2011-05-05,36.45,5.207142857,0,0.01165695254,0.01165695254
2011-05-06,36.27,5.181428571,0,-0.004938271605,-0.004938271605
2011-05-09,36.41,5.201428571,0,0.003859939344,0.003859939344
2011-05-10,34.96,4.994285714,0,-0.03982422411,-0.03982422411
2011-05-11,36.08,5.154285714,0,0.03203661327,0.03203661327
2011-05-12,36.66,5.237142857,0,0.01607538803,0.01607538803
2011-05-13,36.4,5.2,0,-0.007092198582,-0.007092198582
2011-05-16,35.87,5.124285714,0,-0.01456043956,-0.01456043956
2011-05-17,35.66,5.094285714,0,-0.005854474491,-0.005854474491
2011-05-18,35.88,5.125714286,0,0.006169377454,0.006169377454
2011-05-19,36.28,5.182857143,0,0.01114827202,0.01114827202
2011-05-20,35.82,5.117142857,0,-0.01267916207,-0.01267916207
2011-05-23,35.5,5.071428571,0,-0.008933556672,-0.008933556672
2011-05-24,35.48,5.068571429,0,-0.0005633802817,-0.0005633802817
2011-05-25,35.23,5.032857143,0,-0.007046223224,-0.007046223224
2011-05-26,35.39,5.055714286,0,0.004541583877,0.004541583877
2011-05-27,35.8,5.114285714,0,0.01158519356,0.01158519356
2011-05-30,36.03,5.147142857,0,0.006424581006,0.006424581006
2011-05-31,36.9,5.271428571,0,0.02414654455,0.02414654455
2011-06-01,37.47,5.352857143,0,0.01544715447,0.01544715447
2011-06-02,36.97,5.281428571,0,-0.01334400854,-0.01334400854
2011-06-03,36.99,5.284285714,0,0.0005409791723,0.0005409791723
2011-06-07,37.1,5.3,0,0.002973776696,0.002973776696
2011-06-08,37.35,5.335714286,0,0.006738544474,0.006738544474
2011-06-09,36.95,5.278571429,0,-0.01070950469,-0.01070950469
2011-06-10,36,5.142857143,0,-0.02571041949,-0.02571041949
2011-06-13,35.15,5.021428571,0,-0.02361111111,-0.02361111111
2011-06-14,35.93,5.132857143,0,0.02219061166,0.02219061166
2011-06-15,38.3,5.471428571,0,0.06596159198,0.06596159198
2011-06-16,35.62,5.088571429,0,-0.06997389034,-0.06997389034
2011-06-17,34.3,4.9,0,-0.03705783268,-0.03705783268
2011-06-20,33.88,4.84,0,-0.01224489796,-0.01224489796
2011-06-21,34.44,4.92,0,0.01652892562,0.01652892562
2011-06-22,34.12,4.874285714,0,-0.009291521487,-0.009291521487
2011-06-23,34.59,4.941428571,0,0.01377491208,0.01377491208
2011-06-24,34,4.857142857,0,-0.01705695288,-0.01705695288
2011-06-27,33.51,4.787142857,0,-0.01441176471,-0.01441176471
2011-06-28,34.02,4.86,0,0.01521933751,0.01521933751
2011-06-29,34.05,4.864285714,0,0.0008818342152,0.0008818342152
2011-06-30,34.01,4.858571429,0,-0.001174743025,-0.001174743025
2011-07-01,34.35,4.907142857,0,0.009997059688,0.009997059688
2011-07-04,34.56,4.937142857,0,0.006113537118,0.006113537118
2011-07-05,34.44,4.92,0,-0.003472222222,-0.003472222222
2011-07-06,34.8,4.971428571,0,0.01045296167,0.01045296167
2011-07-07,34.29,4.898571429,0,-0.01465517241,-0.01465517241
2011-07-08,34.02,4.86,0,-0.007874015748,-0.007874015748
2011-07-11,33.38,4.768571429,0,-0.01881246326,-0.01881246326
2011-07-12,32.5,4.642857143,0,-0.02636309167,-0.02636309167
2011-07-13,32.45,4.635714286,0,-0.001538461538,-0.001538461538
2011-07-14,32.8,4.685714286,0,0.01078582435,0.01078582435
2011-07-15,32.66,4.665714286,0,-0.004268292683,-0.004268292683
2011-07-18,32.31,4.615714286,0,-0.01071647275,-0.01071647275
2011-07-19,31.9,4.557142857,0,-0.01268956979,-0.01268956979
2011-07-20,33.01,4.715714286,0,0.03479623824,0.03479623824
2011-07-21,33.27,4.752857143,0,0.007876401091,0.007876401091
2011-07-22,33.87,4.838571429,0,0.0180342651,0.0180342651
2011-07-25,33.54,4.791428571,0,-0.009743135518,-0.009743135518
2011-07-26,34.79,4.97,0,0.03726893262,0.03726893262
2011-07-27,34.29,4.898571429,0,-0.01437194596,-0.01437194596
2011-07-28,34.08,4.868571429,0,-0.006124234471,-0.006124234471
2011-07-29,33,4.714285714,0,-0.03169014085,-0.03169014085
2011-08-01,33.6,4.8,0,0.01818181818,0.01818181818
2011-08-02,33.42,4.774285714,0,-0.005357142857,-0.005357142857
2011-08-03,32.8,4.685714286,0,-0.01855176541,-0.01855176541
2011-08-04,32.11,4.587142857,0,-0.02103658537,-0.02103658537
2011-08-05,30,4.285714286,0,-0.06571161632,-0.06571161632
2011-08-08,29,4.142857143,0,-0.03333333333,-0.03333333333
2011-08-09,28.8,4.114285714,0,-0.006896551724,-0.006896551724
2011-08-10,30,4.285714286,0,0.04166666667,0.04166666667
2011-08-11,29.93,4.275714286,0,-0.002333333333,-0.002333333333
2011-08-12,29.99,4.284285714,0,0.002004677581,0.002004677581
2011-08-15,30.34,4.334285714,0,0.01167055685,0.01167055685
2011-08-16,30.5,4.357142857,0,0.005273566249,0.005273566249
2011-08-17,29.99,4.284285714,0,-0.01672131148,-0.01672131148
2011-08-18,28.74,4.105714286,0,-0.04168056019,-0.04168056019
2011-08-19,28.22,4.031428571,0,-0.01809324983,-0.01809324983
2011-08-22,28.18,4.025714286,0,-0.001417434444,-0.001417434444
2011-08-23,29.3,4.185714286,0,0.03974449965,0.03974449965
2011-08-24,29.22,4.174285714,0,-0.002730375427,-0.002730375427
2011-08-25,29.12,4.16,0,-0.003422313484,-0.003422313484
2011-08-26,29.8,4.257142857,0,0.02335164835,0.02335164835
2011-08-29,30.65,4.378571429,0,0.02852348993,0.02852348993
2011-08-30,30.82,4.402857143,0,0.005546492659,0.005546492659
2011-08-31,30.51,4.358571429,0,-0.01005840363,-0.01005840363
2011-09-01,30.85,4.407142857,0,0.01114388725,0.01114388725
2011-09-02,30.17,4.31,0,-0.02204213938,-0.02204213938
2011-09-05,29.65,4.235714286,0,-0.01723566457,-0.01723566457
2011-09-06,29.08,4.154285714,0,-0.01922428331,-0.01922428331
2011-09-07,29.8,4.257142857,0,0.02475928473,0.02475928473
2011-09-08,30.4,4.342857143,0,0.02013422819,0.02013422819
2011-09-09,30.8,4.4,0,0.01315789474,0.01315789474
2011-09-13,30.27,4.324285714,0,-0.01720779221,-0.01720779221
2011-09-14,29.7,4.242857143,0,-0.01883052527,-0.01883052527
2011-09-15,30.56,4.365714286,0,0.02895622896,0.02895622896
2011-09-16,31.6,4.514285714,0,0.03403141361,0.03403141361
2011-09-19,31.22,4.46,0,-0.01202531646,-0.01202531646
2011-09-20,31.35,4.478571429,0,0.004163997438,0.004163997438
2011-09-21,31.84,4.548571429,0,0.01562998405,0.01562998405
2011-09-22,30.86,4.408571429,0,-0.03077889447,-0.03077889447
2011-09-23,29.8,4.257142857,0,-0.03434867142,-0.03434867142
2011-09-26,28.86,4.122857143,0,-0.03154362416,-0.03154362416
2011-09-27,30,4.285714286,0,0.0395010395,0.0395010395
2011-09-28,30.39,4.341428571,0,0.013,0.013
2011-09-29,30.35,4.335714286,0,-0.001316222442,-0.001316222442
2011-09-30,30.4,4.342857143,0,0.001647446458,0.001647446458
2011-10-03,29.85,4.264285714,0,-0.01809210526,-0.01809210526
2011-10-04,29.64,4.234285714,0,-0.007035175879,-0.007035175879
2011-10-05,28.3,4.042857143,0,-0.04520917679,-0.04520917679
2011-10-06,29.81,4.258571429,0,0.05335689046,0.05335689046
2011-10-07,30.25,4.321428571,0,0.0147601476,0.0147601476
2011-10-11,30.68,4.382857143,0,0.01421487603,0.01421487603
2011-10-12,31,4.428571429,0,0.01043024772,0.01043024772
2011-10-13,31.3,4.471428571,0,0.009677419355,0.009677419355
2011-10-14,31,4.428571429,0,-0.009584664537,-0.009584664537
2011-10-17,31.4,4.485714286,0,0.01290322581,0.01290322581
2011-10-18,30.71,4.387142857,0,-0.02197452229,-0.02197452229
2011-10-19,30.86,4.408571429,0,0.004884402475,0.004884402475
2011-10-20,30.47,4.352857143,0,-0.01263771873,-0.01263771873
2011-10-21,29.93,4.275714286,0,-0.01772234985,-0.01772234985
2011-10-24,31.04,4.434285714,0,0.03708653525,0.03708653525
2011-10-25,30.96,4.422857143,0,-0.002577319588,-0.002577319588
2011-10-26,31.09,4.441428571,0,0.004198966408,0.004198966408
2011-10-27,31.32,4.474285714,0,0.007397877131,0.007397877131
2011-10-28,31.26,4.465714286,0,-0.001915708812,-0.001915708812
2011-10-31,31.74,4.534285714,0,0.01535508637,0.01535508637
2011-11-01,31.3,4.471428571,0,-0.0138626339,-0.0138626339
2011-11-02,31.53,4.504285714,0,0.007348242812,0.007348242812
2011-11-03,30.98,4.425714286,0,-0.01744370441,-0.01744370441
2011-11-04,31.38,4.482857143,0,0.01291155584,0.01291155584
2011-11-07,31.7,4.528571429,0,0.01019757808,0.01019757808
2011-11-08,31.5,4.5,0,-0.006309148265,-0.006309148265
2011-11-09,31.8,4.542857143,0,0.009523809524,0.009523809524
2011-11-10,30.38,4.34,0,-0.04465408805,-0.04465408805
2011-11-11,30.8,4.4,0,0.01382488479,0.01382488479
2011-11-14,31.94,4.562857143,0,0.03701298701,0.03701298701
2011-11-15,31.85,4.55,0,-0.002817783344,-0.002817783344
2011-11-16,31.5,4.5,0,-0.01098901099,-0.01098901099
2011-11-17,31.5,4.5,0,0,0
2011-11-18,31,4.428571429,0,-0.01587301587,-0.01587301587
2011-11-21,30.35,4.335714286,0,-0.02096774194,-0.02096774194
2011-11-22,30,4.285714286,0,-0.01153212521,-0.01153212521
2011-11-23,29.2,4.171428571,0,-0.02666666667,-0.02666666667
2011-11-24,28.62,4.088571429,0,-0.0198630137,-0.0198630137
2011-11-25,28.32,4.045714286,0,-0.01048218029,-0.01048218029
2011-11-28,29.22,4.174285714,0,0.03177966102,0.03177966102
2011-11-29,29.28,4.182857143,0,0.00205338809,0.00205338809
2011-11-30,29.34,4.191428571,0,0.002049180328,0.002049180328
2011-12-01,30.43,4.347142857,0,0.03715064758,0.03715064758
2011-12-02,30.43,4.347142857,0,0,0
2011-12-05,29.9,4.271428571,0,-0.01741702267,-0.01741702267
2011-12-06,29.5,4.214285714,0,-0.01337792642,-0.01337792642
2011-12-07,29.5,4.214285714,0,0,0
2011-12-08,29.1,4.157142857,0,-0.01355932203,-0.01355932203
2011-12-09,28.93,4.132857143,0,-0.005841924399,-0.005841924399
2011-12-12,29.16,4.165714286,0,0.00795022468,0.00795022468
2011-12-13,29.01,4.144285714,0,-0.005144032922,-0.005144032922
2011-12-14,29.1,4.157142857,0,0.00310237849,0.00310237849
2011-12-15,28.41,4.058571429,0,-0.02371134021,-0.02371134021
2011-12-16,28.4,4.057142857,0,-0.0003519887364,-0.0003519887364
2011-12-19,28.28,4.04,0,-0.004225352113,-0.004225352113
2011-12-20,28.5,4.071428571,0,0.007779349364,0.007779349364
2011-12-21,29.75,4.25,0,0.04385964912,0.04385964912
2011-12-22,29.52,4.217142857,0,-0.007731092437,-0.007731092437
2011-12-23,30.05,4.292857143,0,0.01795392954,0.01795392954
2011-12-26,29.99,4.284285714,0,-0.001996672213,-0.001996672213
2011-12-27,29.19,4.17,0,-0.02667555852,-0.02667555852
2011-12-28,29.77,4.252857143,0,0.01986981843,0.01986981843
2011-12-29,30.04,4.291428571,0,0.009069533087,0.009069533087
2012-01-02,29.05,4.15,0,-0.03295605859,-0.03295605859
2012-01-03,29.8,4.257142857,0,0.02581755594,0.02581755594
2012-01-05,30.19,4.312857143,0,0.01308724832,0.01308724832
2012-01-06,30,4.285714286,0,-0.00629347466,-0.00629347466
2012-01-09,30.07,4.295714286,0,0.002333333333,0.002333333333
2012-01-10,30.2,4.314285714,0,0.00432324576,0.00432324576
2012-01-11,30.66,4.38,0,0.01523178808,0.01523178808
2012-01-12,30.58,4.368571429,0,-0.002609262883,-0.002609262883
2012-01-13,30.85,4.407142857,0,0.008829300196,0.008829300196
2012-01-16,30.24,4.32,0,-0.01977309562,-0.01977309562
2012-01-17,30.26,4.322857143,0,0.0006613756614,0.0006613756614
2012-01-18,30.79,4.398571429,0,0.01751487112,0.01751487112
2012-01-30,31.85,4.55,0,0.03442676194,0.03442676194
2012-01-31,31.83,4.547142857,0,-0.0006279434851,-0.0006279434851
2012-02-01,32.12,4.588571429,0,0.009110901665,0.009110901665
2012-02-02,32.09,4.584285714,0,-0.0009339975093,-0.0009339975093
2012-02-03,32.33,4.618571429,0,0.00747896541,0.00747896541
2012-02-04,32.33,4.618571429,0,0,0
2012-02-06,32.55,4.65,0,0.00680482524,0.00680482524
2012-02-07,32.28,4.611428571,0,-0.008294930876,-0.008294930876
2012-02-08,32.75,4.678571429,0,0.01456009913,0.01456009913
2012-02-09,33,4.714285714,0,0.007633587786,0.007633587786
2012-02-10,32.15,4.592857143,0,-0.02575757576,-0.02575757576
2012-02-13,32.97,4.71,0,0.02550544323,0.02550544323
2012-02-14,33.29,4.755714286,0,0.009705793145,0.009705793145
2012-02-15,33.2,4.742857143,0,-0.002703514569,-0.002703514569
2012-02-16,33.1,4.728571429,0,-0.003012048193,-0.003012048193
2012-02-17,33.52,4.788571429,0,0.01268882175,0.01268882175
2012-02-20,33.33,4.761428571,0,-0.005668257757,-0.005668257757
2012-02-21,33.1,4.728571429,0,-0.006900690069,-0.006900690069
2012-02-22,33.68,4.811428571,0,0.01752265861,0.01752265861
2012-02-23,33.66,4.808571429,0,-0.000593824228,-0.000593824228
2012-02-24,33.37,4.767142857,0,-0.008615567439,-0.008615567439
2012-02-29,34.24,4.891428571,0,0.02607132155,0.02607132155
2012-03-01,34.4,4.914285714,0,0.004672897196,0.004672897196
2012-03-02,34.75,4.964285714,0,0.0101744186,0.0101744186
2012-03-03,33.98,4.854285714,0,-0.02215827338,-0.02215827338
2012-03-05,33.69,4.812857143,0,-0.008534432019,-0.008534432019
2012-03-06,33.4,4.771428571,0,-0.008607895518,-0.008607895518
2012-03-07,33.4,4.771428571,0,0,0
2012-03-08,33.5,4.785714286,0,0.002994011976,0.002994011976
2012-03-09,33.23,4.747142857,0,-0.008059701493,-0.008059701493
2012-03-12,33.15,4.735714286,0,-0.002407463136,-0.002407463136
2012-03-13,33.4,4.771428571,0,0.00754147813,0.00754147813
2012-03-14,34.18,4.882857143,0,0.02335329341,0.02335329341
2012-03-15,33.6,4.8,0,-0.01696898771,-0.01696898771
2012-03-16,33.84,4.834285714,0,0.007142857143,0.007142857143
2012-03-19,33.72,4.817142857,0,-0.003546099291,-0.003546099291
2012-03-20,33.81,4.83,0,0.002669039146,0.002669039146
2012-03-21,34.19,4.884285714,0,0.01123927832,0.01123927832
2012-03-22,34.45,4.921428571,0,0.007604562738,0.007604562738
2012-03-23,34.29,4.898571429,0,-0.004644412192,-0.004644412192
2012-03-26,33.98,4.854285714,0,-0.0090405366,-0.0090405366
2012-03-27,34.17,4.881428571,0,0.005591524426,0.005591524426
2012-03-28,34.69,4.955714286,0,0.01521802751,0.01521802751
2012-03-29,33.42,4.774285714,0,-0.03660997406,-0.03660997406
2012-03-30,33.65,4.807142857,0,0.006882106523,0.006882106523
2012-04-02,33.56,4.794285714,0,-0.002674591382,-0.002674591382
2012-04-03,33.21,4.744285714,0,-0.01042908224,-0.01042908224
2012-04-05,32.73,4.675714286,0,-0.01445347787,-0.01445347787
2012-04-06,33.06,4.722857143,0,0.01008249313,0.01008249313
2012-04-09,32.78,4.682857143,0,-0.008469449486,-0.008469449486
2012-04-10,32.6,4.657142857,0,-0.005491153142,-0.005491153142
2012-04-11,32.67,4.667142857,0,0.002147239264,0.002147239264
2012-04-12,32.91,4.701428571,0,0.007346189164,0.007346189164
2012-04-13,33.44,4.777142857,0,0.0161045275,0.0161045275
2012-04-16,33.4,4.771428571,0,-0.001196172249,-0.001196172249
2012-04-17,32.8,4.685714286,0,-0.01796407186,-0.01796407186
2012-04-18,32.9,4.7,0,0.003048780488,0.003048780488
2012-04-19,32.87,4.695714286,0,-0.0009118541033,-0.0009118541033
2012-04-20,32.6,4.657142857,0,-0.008214177061,-0.008214177061
2012-04-23,32.19,4.598571429,0,-0.01257668712,-0.01257668712
2012-04-24,32.36,4.622857143,0,0.005281143212,0.005281143212
2012-04-25,32.61,4.658571429,0,0.007725587145,0.007725587145
2012-04-26,32.4,4.628571429,0,-0.00643974241,-0.00643974241
2012-04-27,34.66,4.951428571,0,0.06975308642,0.06975308642
2012-04-30,32.58,4.654285714,0,-0.06001154068,-0.06001154068
2012-05-02,33.88,4.84,0,0.03990178023,0.03990178023
2012-05-03,33.8,4.828571429,0,-0.002361275089,-0.002361275089
2012-05-04,33.9,4.842857143,0,0.002958579882,0.002958579882
2012-05-07,30.53,4.361428571,2.374,0.3907964602,-0.0293805310905787
2012-05-08,30.62,4.374285714,0,0.002947920079,0.002947920079
2012-05-09,30.45,4.35,0,-0.005551926845,-0.005551926845
2012-05-10,30.31,4.33,0,-0.004597701149,-0.004597701149
2012-05-11,30.34,4.334285714,0,0.0009897723524,0.0009897723524
2012-05-15,31,4.428571429,0,0.02175346078,0.02175346078
2012-05-16,29.7,4.242857143,0,-0.04193548387,-0.04193548387
2012-05-17,29.84,4.262857143,0,0.004713804714,0.004713804714
2012-05-18,28.85,4.121428571,0,-0.0331769437,-0.0331769437
2012-05-21,29.3,4.185714286,0,0.01559792028,0.01559792028
2012-05-23,28.35,4.05,0,-0.03242320819,-0.03242320819
2012-05-24,28.5,4.071428571,0,0.005291005291,0.005291005291
2012-05-25,28.35,4.05,0,-0.005263157895,-0.005263157895
2012-05-28,28.44,4.062857143,0,0.003174603175,0.003174603175
2012-05-29,29.8,4.257142857,0,0.04781997187,0.04781997187
2012-05-30,28.61,4.087142857,0,-0.03993288591,-0.03993288591
2012-05-31,28.81,4.115714286,0,0.00699056274,0.00699056274
2012-06-01,28.48,4.068571429,0,-0.01145435613,-0.01145435613
2012-06-04,27.26,3.894285714,0,-0.04283707865,-0.04283707865
2012-06-05,27.3,3.9,0,0.001467351431,0.001467351431
2012-06-06,27.53,3.932857143,0,0.008424908425,0.008424908425
2012-06-07,28.09,4.012857143,0,0.0203414457,0.0203414457
2012-06-08,30.05,4.292857143,0,0.0697757209,0.0697757209
2012-06-11,30.05,4.292857143,0,0,0
2012-06-12,28.5,4.071428571,0,-0.05158069884,-0.05158069884
2012-06-13,29.35,4.192857143,0,0.0298245614,0.0298245614
2012-06-15,29,4.142857143,0,-0.01192504259,-0.01192504259
2012-06-18,29.4,4.2,0,0.01379310345,0.01379310345
2012-06-19,28.9,4.128571429,0,-0.01700680272,-0.01700680272
2012-06-21,28.9,4.128571429,0,0,0
2012-06-22,28.5,4.071428571,0,-0.01384083045,-0.01384083045
2012-06-25,28.21,4.03,0,-0.0101754386,-0.0101754386
2012-06-26,28,4,0,-0.007444168734,-0.007444168734
2012-06-27,29,4.142857143,0,0.03571428571,0.03571428571
2012-06-28,28.9,4.128571429,0,-0.003448275862,-0.003448275862
2012-06-29,28.65,4.092857143,0,-0.008650519031,-0.008650519031
2012-07-02,28.9,4.128571429,0,0.00872600349,0.00872600349
2012-07-03,29.52,4.217142857,0,0.0214532872,0.0214532872
2012-07-04,29.48,4.211428571,0,-0.00135501355,-0.00135501355
2012-07-05,29.43,4.204285714,0,-0.001696065129,-0.001696065129
2012-07-06,29,4.142857143,0,-0.01461094122,-0.01461094122
2012-07-09,29.2,4.171428571,0,0.006896551724,0.006896551724
2012-07-10,29.2,4.171428571,0,0,0
2012-07-11,29,4.142857143,0,-0.006849315068,-0.006849315068
2012-07-12,29,4.142857143,0,0,0
2012-07-13,29.2,4.171428571,0,0.006896551724,0.006896551724
2012-07-16,28.5,4.071428571,0,-0.02397260274,-0.02397260274
2012-07-17,30,4.285714286,0,0.05263157895,0.05263157895
2012-07-18,29.2,4.171428571,0,-0.02666666667,-0.02666666667
2012-07-19,27.9,3.985714286,0,-0.04452054795,-0.04452054795
2012-07-20,28,4,0,0.003584229391,0.003584229391
2012-07-23,26.81,3.83,0,-0.0425,-0.0425
2012-07-24,27.12,3.874285714,0,0.01156284968,0.01156284968
2012-07-25,27.5,3.928571429,0,0.01401179941,0.01401179941
2012-07-26,27,3.857142857,0,-0.01818181818,-0.01818181818
2012-07-27,28.3,4.042857143,0,0.04814814815,0.04814814815
2012-07-30,27.8,3.971428571,0,-0.01766784452,-0.01766784452
2012-08-03,27.91,3.987142857,0,0.003956834532,0.003956834532
2012-08-06,28.14,4.02,0,0.008240773916,0.008240773916
2012-08-07,28.88,4.125714286,0,0.026297086,0.026297086
2012-08-08,28.5,4.071428571,0,-0.01315789474,-0.01315789474
2012-08-09,28.82,4.117142857,0,0.01122807018,0.01122807018
2012-08-10,29,4.142857143,0,0.006245662734,0.006245662734
2012-08-13,28.95,4.135714286,0,-0.001724137931,-0.001724137931
2012-08-14,29.24,4.177142857,0,0.01001727116,0.01001727116
2012-08-15,29.24,4.177142857,0,0,0
2012-08-16,29.15,4.164285714,0,-0.003077975376,-0.003077975376
2012-08-17,29.1,4.157142857,0,-0.001715265866,-0.001715265866
2012-08-20,29,4.142857143,0,-0.003436426117,-0.003436426117
2012-08-21,29.3,4.185714286,0,0.01034482759,0.01034482759
2012-08-22,29.13,4.161428571,0,-0.005802047782,-0.005802047782
2012-08-23,29.15,4.164285714,0,0.0006865774116,0.0006865774116
2012-08-24,29.2,4.171428571,0,0.001715265866,0.001715265866
2012-08-27,29.33,4.19,0,0.004452054795,0.004452054795
2012-08-28,29.04,4.148571429,0,-0.009887487214,-0.009887487214
2012-08-29,29.02,4.145714286,0,-0.0006887052342,-0.0006887052342
2012-08-30,29.09,4.155714286,0,0.002412129566,0.002412129566
2012-08-31,29.05,4.15,0,-0.00137504297,-0.00137504297
2012-09-04,29.51,4.215714286,0,0.01583476764,0.01583476764
2012-09-05,29.43,4.204285714,0,-0.002710945442,-0.002710945442
2012-09-06,28.98,4.14,0,-0.01529051988,-0.01529051988
2012-09-07,29.54,4.22,0,0.0193236715,0.0193236715
2012-09-10,29.73,4.247142857,0,0.006431956669,0.006431956669
2012-09-11,29.96,4.28,0,0.007736293306,0.007736293306
2012-09-12,30.33,4.332857143,0,0.01234979973,0.01234979973
2012-09-13,30.31,4.33,0,-0.0006594131223,-0.0006594131223
2012-09-14,31,4.428571429,0,0.0227647641,0.0227647641
2012-09-17,30.99,4.427142857,0,-0.0003225806452,-0.0003225806452
2012-09-18,30.5,4.357142857,0,-0.01581155211,-0.01581155211
2012-09-19,30.78,4.397142857,0,0.009180327869,0.009180327869
2012-09-20,30.7,4.385714286,0,-0.002599090318,-0.002599090318
2012-09-21,30.61,4.372857143,0,-0.002931596091,-0.002931596091
2012-09-24,31,4.428571429,0,0.01274093434,0.01274093434
2012-09-25,31,4.428571429,0,0,0
2012-09-26,30.73,4.39,0,-0.008709677419,-0.008709677419
2012-09-27,31.25,4.464285714,0,0.01692157501,0.01692157501
2012-10-01,30.67,4.381428571,0,-0.01856,-0.01856
2012-10-02,31.05,4.435714286,0,0.01238995761,0.01238995761
2012-10-03,31.05,4.435714286,0,0,0
2012-10-04,30.73,4.39,0,-0.01030595813,-0.01030595813
2012-10-05,31.08,4.44,0,0.01138952164,0.01138952164
2012-10-08,30.97,4.424285714,0,-0.003539253539,-0.003539253539
2012-10-09,30.5,4.357142857,0,-0.01517597675,-0.01517597675
2012-10-11,30,4.285714286,0,-0.01639344262,-0.01639344262
2012-10-12,30.5,4.357142857,0,0.01666666667,0.01666666667
2012-10-15,30.5,4.357142857,0,0,0
2012-10-16,29.83,4.261428571,0,-0.02196721311,-0.02196721311
2012-10-17,31,4.428571429,0,0.03922225947,0.03922225947
2012-10-18,30.5,4.357142857,0,-0.01612903226,-0.01612903226
2012-10-19,29.7,4.242857143,0,-0.0262295082,-0.0262295082
2012-10-22,29.8,4.257142857,0,0.003367003367,0.003367003367
2012-10-23,30.47,4.352857143,0,0.02248322148,0.02248322148
2012-10-24,29.44,4.205714286,0,-0.03380374138,-0.03380374138
2012-10-25,29.45,4.207142857,0,0.000339673913,0.000339673913
2012-10-26,29.3,4.185714286,0,-0.005093378608,-0.005093378608
2012-10-29,29.97,4.281428571,0,0.0228668942,0.0228668942
2012-10-31,30,4.285714286,0,0.001001001001,0.001001001001
2012-11-01,29.21,4.172857143,0,-0.02633333333,-0.02633333333
2012-11-02,29.76,4.251428571,0,0.01882916809,0.01882916809
2012-11-05,29.45,4.207142857,0,-0.01041666667,-0.01041666667
2012-11-06,29.5,4.214285714,0,0.001697792869,0.001697792869
2012-11-07,29.83,4.261428571,0,0.01118644068,0.01118644068
2012-11-08,29.7,4.242857143,0,-0.00435802883,-0.00435802883
2012-11-09,29.9,4.271428571,0,0.006734006734,0.006734006734
2012-11-12,29.95,4.278571429,0,0.001672240803,0.001672240803
2012-11-13,29.89,4.27,0,-0.002003338898,-0.002003338898
2012-11-14,29.64,4.234285714,0,-0.008364001338,-0.008364001338
2012-11-15,29.57,4.224285714,0,-0.002361673414,-0.002361673414
2012-11-16,29.56,4.222857143,0,-0.0003381805884,-0.0003381805884
2012-11-19,29.67,4.238571429,0,0.003721244926,0.003721244926
2012-11-20,29.78,4.254285714,0,0.003707448601,0.003707448601
2012-11-21,29.55,4.221428571,0,-0.007723304231,-0.007723304231
2012-11-23,30.69,4.384285714,0,0.0385786802,0.0385786802
2012-11-26,31.11,4.444285714,0,0.01368523949,0.01368523949
2012-11-27,30.98,4.425714286,0,-0.004178720669,-0.004178720669
2012-11-28,31.16,4.451428571,0,0.005810200129,0.005810200129
2012-11-29,31.26,4.465714286,0,0.003209242619,0.003209242619
2012-11-30,31.76,4.537142857,0,0.01599488164,0.01599488164
2012-12-03,31.83,4.547142857,0,0.002204030227,0.002204030227
2012-12-04,31.64,4.52,0,-0.005969211436,-0.005969211436
2012-12-05,31.91,4.558571429,0,0.008533501896,0.008533501896
2012-12-07,31.87,4.552857143,0,-0.001253525541,-0.001253525541
2012-12-11,31.55,4.507142857,0,-0.01004079071,-0.01004079071
2012-12-12,32.14,4.591428571,0,0.01870047544,0.01870047544
2012-12-13,32.48,4.64,0,0.01057871811,0.01057871811
2012-12-14,32.3,4.614285714,0,-0.005541871921,-0.005541871921
2012-12-17,31.81,4.544285714,0,-0.01517027864,-0.01517027864
2012-12-18,31.69,4.527142857,0,-0.003772398617,-0.003772398617
2012-12-19,31.85,4.55,0,0.005048911328,0.005048911328
2012-12-21,31,4.428571429,0,-0.02668759812,-0.02668759812
2012-12-22,31.31,4.472857143,0,0.01,0.01
2012-12-24,31.37,4.481428571,0,0.001916320664,0.001916320664
2012-12-25,31.43,4.49,0,0.001912655403,0.001912655403
2012-12-26,31.49,4.498571429,0,0.001909004136,0.001909004136
2012-12-27,31.95,4.564285714,0,0.014607812,0.014607812
2012-12-28,31.95,4.564285714,0,0,0
2013-01-02,32.72,4.674285714,0,0.02410015649,0.02410015649
2013-01-03,32.12,4.588571429,0,-0.01833740831,-0.01833740831
2013-01-04,32.48,4.64,0,0.01120797011,0.01120797011
2013-01-07,32.09,4.584285714,0,-0.01200738916,-0.01200738916
2013-01-08,31.72,4.531428571,0,-0.01153007167,-0.01153007167
2013-01-09,32.15,4.592857143,0,0.01355611602,0.01355611602
2013-01-10,32.01,4.572857143,0,-0.004354587869,-0.004354587869
2013-01-11,32.48,4.64,0,0.01468291159,0.01468291159
2013-01-14,33,4.714285714,0,0.01600985222,0.01600985222
2013-01-15,32.46,4.637142857,0,-0.01636363636,-0.01636363636
2013-01-16,32.05,4.578571429,0,-0.01263093038,-0.01263093038
2013-01-17,31.74,4.534285714,0,-0.009672386895,-0.009672386895
2013-01-18,32.38,4.625714286,0,0.02016383113,0.02016383113
2013-01-21,32.2,4.6,0,-0.005558987029,-0.005558987029
2013-01-22,32.34,4.62,0,0.004347826087,0.004347826087
2013-01-23,31.85,4.55,0,-0.01515151515,-0.01515151515
2013-01-24,32.25,4.607142857,0,0.0125588697,0.0125588697
2013-01-25,32.14,4.591428571,0,-0.003410852713,-0.003410852713
2013-01-28,32.3,4.614285714,0,0.004978220286,0.004978220286
2013-01-29,32.88,4.697142857,0,0.01795665635,0.01795665635
2013-01-30,33,4.714285714,0,0.003649635036,0.003649635036
2013-01-31,32.61,4.658571429,0,-0.01181818182,-0.01181818182
2013-02-01,33.11,4.73,0,0.01533272002,0.01533272002
2013-02-04,33.01,4.715714286,0,-0.003020235578,-0.003020235578
2013-02-05,32.71,4.672857143,0,-0.009088155105,-0.009088155105
2013-02-06,33.21,4.744285714,0,0.01528584531,0.01528584531
2013-02-18,33.52,4.788571429,0,0.00933453779,0.00933453779
2013-02-19,33.84,4.834285714,0,0.009546539379,0.009546539379
2013-02-20,34.11,4.872857143,0,0.007978723404,0.007978723404
2013-02-21,33.75,4.821428571,0,-0.01055408971,-0.01055408971
2013-02-22,33.75,4.821428571,0,0,0
2013-02-23,33.73,4.818571429,0,-0.0005925925926,-0.0005925925926
2013-02-25,33.61,4.801428571,0,-0.003557663801,-0.003557663801
2013-02-26,33.18,4.74,0,-0.01279381137,-0.01279381137
2013-02-27,33.16,4.737142857,0,-0.0006027727547,-0.0006027727547
2013-03-01,33.41,4.772857143,0,0.00753920386,0.00753920386
2013-03-04,33.21,4.744285714,0,-0.005986231667,-0.005986231667
2013-03-05,33.53,4.79,0,0.009635651912,0.009635651912
2013-03-06,33.7,4.814285714,0,0.00507008649,0.00507008649
2013-03-07,33.52,4.788571429,0,-0.005341246291,-0.005341246291
2013-03-08,33.75,4.821428571,0,0.006861575179,0.006861575179
2013-03-11,33.72,4.817142857,0,-0.0008888888889,-0.0008888888889
2013-03-12,33.63,4.804285714,0,-0.002669039146,-0.002669039146
2013-03-13,33.66,4.808571429,0,0.0008920606601,0.0008920606601
2013-03-14,33.54,4.791428571,0,-0.003565062389,-0.003565062389
2013-03-15,33.34,4.762857143,0,-0.005963029219,-0.005963029219
2013-03-18,32.59,4.655714286,0,-0.0224955009,-0.0224955009
2013-03-19,32.87,4.695714286,0,0.008591592513,0.008591592513
2013-03-22,32.31,4.615714286,0,-0.01703681168,-0.01703681168
2013-03-25,32.78,4.682857143,0,0.01454658001,0.01454658001
2013-03-26,32.73,4.675714286,0,-0.001525320317,-0.001525320317
2013-03-27,33.07,4.724285714,0,0.01038802322,0.01038802322
2013-03-29,32.92,4.702857143,0,-0.004535833081,-0.004535833081
2013-04-01,33.03,4.718571429,0,0.003341433779,0.003341433779
2013-04-02,33,4.714285714,0,-0.0009082652134,-0.0009082652134
2013-04-03,32.98,4.711428571,0,-0.0006060606061,-0.0006060606061
2013-04-08,32.49,4.641428571,0,-0.01485748939,-0.01485748939
2013-04-09,32.16,4.594285714,0,-0.01015697138,-0.01015697138
2013-04-10,32.14,4.591428571,0,-0.0006218905473,-0.0006218905473
2013-04-11,32.69,4.67,0,0.01711263223,0.01711263223
2013-04-12,32.84,4.691428571,0,0.004588559192,0.004588559192
2013-04-15,32.41,4.63,0,-0.01309378806,-0.01309378806
2013-04-16,32.41,4.63,0,0,0
2013-04-17,32.55,4.65,0,0.004319654428,0.004319654428
2013-04-18,32.6,4.657142857,0,0.00153609831,0.00153609831
2013-04-19,33.74,4.82,0,0.03496932515,0.03496932515
2013-04-22,34.29,4.898571429,0,0.01630112626,0.01630112626
2013-04-23,33.81,4.83,0,-0.01399825022,-0.01399825022
2013-04-24,33.81,4.83,0,0,0
2013-04-25,34.19,4.884285714,0,0.01123927832,0.01123927832
2013-04-26,34.5,4.928571429,0,0.009066978649,0.009066978649
2013-04-29,34.65,4.95,0,0.004347826087,0.004347826087
2013-04-30,35.05,5.007142857,0,0.01154401154,0.01154401154
2013-05-02,35,5,0,-0.001426533524,-0.001426533524
2013-05-03,35.19,5.027142857,0,0.005428571429,0.005428571429
2013-05-06,35.26,5.037142857,0,0.001989201478,0.001989201478
2013-05-07,35.69,5.098571429,0,0.01219512195,0.01219512195
2013-05-08,36.1,5.157142857,0,0.01148781171,0.01148781171
2013-05-09,36.2,5.171428571,0,0.002770083102,0.002770083102
2013-05-10,35.77,5.11,0,-0.01187845304,-0.01187845304
2013-05-13,35.97,5.138571429,0,0.005591277607,0.005591277607
2013-05-14,36.11,5.158571429,0,0.003892132332,0.003892132332
2013-05-15,35.93,5.132857143,0,-0.004984768762,-0.004984768762
2013-05-16,36.33,5.19,0,0.01113275814,0.01113275814
2013-05-17,36.25,5.178571429,0,-0.002202036884,-0.002202036884
2013-05-20,36.29,5.184285714,0,0.001103448276,0.001103448276
2013-05-21,36.15,5.164285714,0,-0.003857812069,-0.003857812069
2013-05-22,36.14,5.162857143,0,-0.0002766251729,-0.0002766251729
2013-05-23,35.33,5.047142857,0,-0.02241283896,-0.02241283896
2013-05-24,35.39,5.055714286,0,0.001698273422,0.001698273422
2013-05-27,35.26,5.037142857,0,-0.003673354055,-0.003673354055
2013-05-28,35.88,5.125714286,0,0.01758366421,0.01758366421
2013-05-29,35.74,5.105714286,0,-0.003901895206,-0.003901895206
2013-05-30,35.46,5.065714286,0,-0.007834359261,-0.007834359261
2013-06-03,35.03,5.004285714,0,-0.01212633954,-0.01212633954
2013-06-04,35.32,5.045714286,0,0.008278618327,0.008278618327
2013-06-05,35.35,5.05,0,0.0008493771234,0.0008493771234
2013-06-06,34.45,4.921428571,0,-0.02545968883,-0.02545968883
2013-06-07,34.82,4.974285714,0,0.01074020319,0.01074020319
2013-06-10,34.93,4.99,0,0.003159103963,0.003159103963
2013-06-11,34.86,4.98,0,-0.002004008016,-0.002004008016
2013-06-13,33.89,4.841428571,0,-0.02782558807,-0.02782558807
2013-06-14,33.8,4.828571429,0,-0.002655650634,-0.002655650634
2013-06-17,33.87,4.838571429,0,0.002071005917,0.002071005917
2013-06-18,33.93,4.847142857,0,0.001771479185,0.001771479185
2013-06-19,34.21,4.887142857,0,0.008252284114,0.008252284114
2013-06-20,33.08,4.725714286,0,-0.0330312774,-0.0330312774
2013-06-21,32.5,4.642857143,0,-0.01753325272,-0.01753325272
2013-06-25,32.28,4.611428571,0,-0.006769230769,-0.006769230769
2013-06-26,32.58,4.654285714,0,0.009293680297,0.009293680297
2013-06-27,33.43,4.775714286,0,0.02608962554,0.02608962554
2013-07-01,33.81,4.83,0,0.0113670356,0.0113670356
2013-07-03,33.59,4.798571429,0,-0.006506950606,-0.006506950606
2013-07-04,33.88,4.84,0,0.008633521882,0.008633521882
2013-07-05,34.5,4.928571429,0,0.01829988194,0.01829988194
2013-07-08,33.59,4.798571429,0,-0.02637681159,-0.02637681159
2013-07-09,33.66,4.808571429,0,0.002083953558,0.002083953558
2013-07-10,34.1,4.871428571,0,0.01307189542,0.01307189542
2013-07-11,34.71,4.958571429,0,0.01788856305,0.01788856305
2013-07-12,34.63,4.947142857,0,-0.002304811294,-0.002304811294
2013-07-15,34.71,4.958571429,0,0.00231013572,0.00231013572
2013-07-16,34.51,4.93,0,-0.005762028234,-0.005762028234
2013-07-17,34.61,4.944285714,0,0.002897710808,0.002897710808
2013-07-18,33.8,4.828571429,0,-0.02340364057,-0.02340364057
2013-07-19,31.99,4.57,0,-0.05355029586,-0.05355029586
2013-07-22,32.15,4.592857143,0,0.005001562988,0.005001562988
2013-07-23,33.1,4.728571429,0,0.02954898911,0.02954898911
2013-07-24,33.03,4.718571429,0,-0.002114803625,-0.002114803625
2013-07-25,33.44,4.777142857,0,0.01241295792,0.01241295792
2013-07-26,33.44,4.777142857,0,0,0
2013-07-29,33.27,4.752857143,0,-0.005083732057,-0.005083732057
2013-07-30,33.17,4.738571429,0,-0.003005710851,-0.003005710851
2013-07-31,33.12,4.731428571,0,-0.001507386192,-0.001507386192
2013-08-01,32.95,4.707142857,0,-0.005132850242,-0.005132850242
2013-08-02,33.07,4.724285714,0,0.003641881639,0.003641881639
2013-08-05,32.71,4.672857143,0,-0.0108859994,-0.0108859994
2013-08-06,32.49,4.641428571,0,-0.006725771935,-0.006725771935
2013-08-07,32.09,4.584285714,0,-0.01231148046,-0.01231148046
2013-08-08,31.87,4.552857143,0,-0.006855718292,-0.006855718292
2013-08-12,32,4.571428571,0,0.004079071227,0.004079071227
2013-08-13,32.34,4.62,0,0.010625,0.010625
2013-08-14,32.49,4.641428571,0,0.004638218924,0.004638218924
2013-08-16,32.5,4.642857143,0,0.0003077870114,0.0003077870114
2013-08-19,32.43,4.632857143,0,-0.002153846154,-0.002153846154
2013-08-20,31.99,4.57,0,-0.01356768424,-0.01356768424
2013-08-22,31.58,4.511428571,0,-0.01281650516,-0.01281650516
2013-08-23,32.5,4.642857143,0,0.02913236225,0.02913236225
2013-08-26,32.42,4.631428571,0,-0.002461538462,-0.002461538462
2013-08-27,32.6,4.657142857,0,0.005552128316,0.005552128316
2013-08-28,32.17,4.595714286,0,-0.01319018405,-0.01319018405
2013-08-29,32.62,4.66,0,0.01398818775,0.01398818775
2013-08-30,33.02,4.717142857,0,0.0122624157,0.0122624157
2013-09-02,33.46,4.78,0,0.01332525742,0.01332525742
2013-09-03,33.59,4.798571429,0,0.003885236103,0.003885236103
2013-09-04,33.5,4.785714286,0,-0.00267936886,-0.00267936886
2013-09-05,33.7,4.814285714,0,0.005970149254,0.005970149254
2013-09-09,33.77,4.824285714,0,0.002077151335,0.002077151335
2013-09-10,34.15,4.878571429,0,0.01125259106,0.01125259106
2013-09-11,33.95,4.85,0,-0.005856515373,-0.005856515373
2013-09-12,34.22,4.888571429,0,0.00795287187,0.00795287187
2013-09-13,34.13,4.875714286,0,-0.002630040912,-0.002630040912
2013-09-16,34.27,4.895714286,0,0.004101963082,0.004101963082
2013-09-17,34.49,4.927142857,0,0.006419608987,0.006419608987
2013-09-18,34.17,4.881428571,0,-0.009278051609,-0.009278051609
2013-09-23,34.27,4.895714286,0,0.002926543752,0.002926543752
2013-09-24,34.45,4.921428571,0,0.005252407353,0.005252407353
2013-09-25,34.41,4.915714286,0,-0.001161103048,-0.001161103048
2013-09-26,33.96,4.851428571,0,-0.01307759372,-0.01307759372
2013-09-27,34.14,4.877142857,0,0.005300353357,0.005300353357
2013-09-30,33.56,4.794285714,0,-0.01698886936,-0.01698886936
2013-10-02,33.69,4.812857143,0,0.003873659118,0.003873659118
2013-10-03,34.41,4.915714286,0,0.0213713268,0.0213713268
2013-10-04,34.39,4.912857143,0,-0.0005812263877,-0.0005812263877
2013-10-07,34.02,4.86,0,-0.01075894155,-0.01075894155
2013-10-08,33.99,4.855714286,0,-0.0008818342152,-0.0008818342152
2013-10-11,34.38,4.911428571,0,0.01147396293,0.01147396293
2013-10-14,34.02,4.86,0,-0.01047120419,-0.01047120419
2013-10-15,34.33,4.904285714,0,0.00911228689,0.00911228689
2013-10-16,34.46,4.922857143,0,0.003786775415,0.003786775415
2013-10-17,35.2,5.028571429,0,0.02147417295,0.02147417295
2013-10-18,35.7,5.1,0,0.01420454545,0.01420454545
2013-10-21,35,5,0,-0.01960784314,-0.01960784314
2013-10-22,35.17,5.024285714,0,0.004857142857,0.004857142857
2013-10-23,35.17,5.024285714,0,0,0
2013-10-25,36,5.142857143,0,0.0235996588,0.0235996588
2013-10-28,34.91,4.987142857,0,-0.03027777778,-0.03027777778
2013-10-29,34.92,4.988571429,0,0.0002864508737,0.0002864508737
2013-10-30,35.06,5.008571429,0,0.004009163803,0.004009163803
2013-10-31,34.6,4.942857143,0,-0.01312036509,-0.01312036509
2013-11-01,34.83,4.975714286,0,0.006647398844,0.006647398844
2013-11-04,34.8,4.971428571,0,-0.0008613264427,-0.0008613264427
2013-11-05,34.8,4.971428571,0,0,0
2013-11-07,34.2,4.885714286,0,-0.01724137931,-0.01724137931
2013-11-08,34.01,4.858571429,0,-0.005555555556,-0.005555555556
2013-11-12,33.95,4.85,0,-0.001764187004,-0.001764187004
2013-11-13,33.58,4.797142857,0,-0.01089837997,-0.01089837997
2013-11-14,33.39,4.77,0,-0.005658129839,-0.005658129839
2013-11-15,33.45,4.778571429,0,0.001796945193,0.001796945193
2013-11-19,33.78,4.825714286,0,0.009865470852,0.009865470852
2013-11-20,33.48,4.782857143,0,-0.008880994671,-0.008880994671
2013-11-21,33,4.714285714,0,-0.01433691756,-0.01433691756
2013-11-22,33.07,4.724285714,0,0.002121212121,0.002121212121
2013-11-25,33.5,4.785714286,0,0.0130027215,0.0130027215
2013-11-26,33.72,4.817142857,0,0.006567164179,0.006567164179
2013-11-27,34.36,4.908571429,0,0.01897983393,0.01897983393
2013-11-28,34.45,4.921428571,0,0.002619324796,0.002619324796
2013-11-29,34.23,4.89,0,-0.006386066763,-0.006386066763
2013-12-02,34.17,4.881428571,0,-0.001752848379,-0.001752848379
2013-12-03,34.25,4.892857143,0,0.002341235001,0.002341235001
2013-12-04,34.51,4.93,0,0.007591240876,0.007591240876
2013-12-05,33.9,4.842857143,0,-0.01767603593,-0.01767603593
2013-12-06,34.08,4.868571429,0,0.005309734513,0.005309734513
2013-12-09,34.26,4.894285714,0,0.005281690141,0.005281690141
2013-12-10,34.35,4.907142857,0,0.002626970228,0.002626970228
2013-12-11,34.15,4.878571429,0,-0.005822416303,-0.005822416303
2013-12-12,34.01,4.858571429,0,-0.004099560761,-0.004099560761
2013-12-13,33.73,4.818571429,0,-0.008232872685,-0.008232872685
2013-12-16,33.59,4.798571429,0,-0.004150607768,-0.004150607768
2013-12-17,33.96,4.851428571,0,0.01101518309,0.01101518309
2013-12-18,33.48,4.782857143,0,-0.01413427562,-0.01413427562
2013-12-19,33.59,4.798571429,0,0.003285543608,0.003285543608
2013-12-20,33.81,4.83,0,0.006549568324,0.006549568324
2013-12-23,34.3,4.9,0,0.01449275362,0.01449275362
2013-12-24,34.06,4.865714286,0,-0.006997084548,-0.006997084548
2013-12-25,34.11,4.872857143,0,0.001467997651,0.001467997651
2013-12-26,34.1,4.871428571,0,-0.0002931691586,-0.0002931691586
2013-12-27,34.5,4.928571429,0,0.01173020528,0.01173020528
2013-12-30,34.83,4.975714286,0,0.009565217391,0.009565217391
2013-12-31,34.92,4.988571429,0,0.002583979328,0.002583979328
2014-01-02,34.86,4.98,0,-0.001718213058,-0.001718213058
2014-01-03,34.31,4.901428571,0,-0.0157773953,-0.0157773953
2014-01-07,34.52,4.931428571,0,0.006120664529,0.006120664529
2014-01-08,34.78,4.968571429,0,0.007531865585,0.007531865585
2014-01-09,34.29,4.898571429,0,-0.01408855664,-0.01408855664
2014-01-10,34.8,4.971428571,0,0.01487314086,0.01487314086
2014-01-13,34.95,4.992857143,0,0.004310344828,0.004310344828
2014-01-14,34.63,4.947142857,0,-0.009155937053,-0.009155937053
2014-01-15,35.36,5.051428571,0,0.02107998845,0.02107998845
2014-01-16,35.77,5.11,0,0.01159502262,0.01159502262
2014-01-17,35.5,5.071428571,0,-0.007548224769,-0.007548224769
2014-01-20,35.69,5.098571429,0,0.005352112676,0.005352112676
2014-01-21,35.31,5.044285714,0,-0.01064724012,-0.01064724012
2014-01-22,35.3,5.042857143,0,-0.0002832058907,-0.0002832058907
2014-01-23,35.7,5.1,0,0.01133144476,0.01133144476
2014-01-27,34.76,4.965714286,0,-0.02633053221,-0.02633053221
2014-02-05,33.87,4.838571429,0,-0.02560414269,-0.02560414269
2014-02-06,34.2,4.885714286,0,0.009743135518,0.009743135518
2014-02-07,34.55,4.935714286,0,0.01023391813,0.01023391813
2014-02-10,34.69,4.955714286,0,0.004052098408,0.004052098408
2014-02-11,34.75,4.964285714,0,0.001729605074,0.001729605074
2014-02-12,35.25,5.035714286,0,0.01438848921,0.01438848921
2014-02-13,35.25,5.035714286,0,0,0
2014-02-14,35.53,5.075714286,0,0.007943262411,0.007943262411
2014-02-17,35.53,5.075714286,0,0,0
2014-02-18,35.56,5.08,0,0.0008443568815,0.0008443568815
2014-02-19,35.54,5.077142857,0,-0.0005624296963,-0.0005624296963
2014-02-20,35.39,5.055714286,0,-0.004220596511,-0.004220596511
2014-02-21,35.55,5.078571429,0,0.004521051144,0.004521051144
2014-02-24,35.61,5.087142857,0,0.001687763713,0.001687763713
2014-02-25,36.25,5.178571429,0,0.01797247964,0.01797247964
2014-02-26,36.25,5.178571429,0,0,0
2014-02-27,35.78,5.111428571,0,-0.01296551724,-0.01296551724
2014-03-03,35.6,5.085714286,0,-0.005030743432,-0.005030743432
2014-03-04,35.82,5.117142857,0,0.006179775281,0.006179775281
2014-03-05,36.25,5.178571429,0,0.01200446678,0.01200446678
2014-03-06,36.92,5.274285714,0,0.01848275862,0.01848275862
2014-03-07,37,5.285714286,0,0.002166847237,0.002166847237
2014-03-10,36.93,5.275714286,0,-0.001891891892,-0.001891891892
2014-03-11,37.35,5.335714286,0,0.01137286759,0.01137286759
2014-03-12,36.82,5.26,0,-0.01419009371,-0.01419009371
2014-03-13,37.63,5.375714286,0,0.02199891363,0.02199891363
2014-03-14,37.2,5.314285714,0,-0.01142705288,-0.01142705288
2014-03-17,37.1,5.3,0,-0.002688172043,-0.002688172043
2014-03-18,37.11,5.301428571,0,0.000269541779,0.000269541779
2014-03-19,36.97,5.281428571,0,-0.003772568041,-0.003772568041
2014-03-20,36.41,5.201428571,0,-0.01514741682,-0.01514741682
2014-03-21,36.57,5.224285714,0,0.004394397144,0.004394397144
2014-03-24,36.33,5.19,0,-0.006562756358,-0.006562756358
2014-03-25,37,5.285714286,0,0.0184420589,0.0184420589
2014-03-26,37.8,5.4,0,0.02162162162,0.02162162162
2014-03-27,37.19,5.312857143,0,-0.01613756614,-0.01613756614
2014-03-28,37.8,5.4,0,0.01640225867,0.01640225867
2014-03-31,37.58,5.368571429,0,-0.00582010582,-0.00582010582
2014-04-01,38.34,5.477142857,0,0.02022352315,0.02022352315
2014-04-02,38.46,5.494285714,0,0.003129890454,0.003129890454
2014-04-03,38.05,5.435714286,0,-0.01066042642,-0.01066042642
2014-04-07,38.2,5.457142857,0,0.00394218134,0.00394218134
2014-04-08,38.61,5.515714286,0,0.01073298429,0.01073298429
2014-04-09,38.53,5.504285714,0,-0.002072002072,-0.002072002072
2014-04-10,38.56,5.508571429,0,0.000778614067,0.000778614067
2014-04-11,38.31,5.472857143,0,-0.00648340249,-0.00648340249
2014-04-14,38.33,5.475714286,0,0.0005220569042,0.0005220569042
2014-04-15,38.35,5.478571429,0,0.000521784503,0.000521784503
2014-04-16,38.5,5.5,0,0.003911342894,0.003911342894
2014-04-17,38.58,5.511428571,0,0.002077922078,0.002077922078
2014-04-18,39,5.571428571,0,0.01088646967,0.01088646967
2014-04-21,39.1,5.585714286,0,0.002564102564,0.002564102564
2014-04-22,39.3,5.614285714,0,0.005115089514,0.005115089514
2014-04-23,39.4,5.628571429,0,0.002544529262,0.002544529262
2014-04-24,39.07,5.581428571,0,-0.008375634518,-0.008375634518
2014-04-25,39.1,5.585714286,0,0.0007678525723,0.0007678525723
2014-04-28,39.09,5.584285714,0,-0.0002557544757,-0.0002557544757
2014-04-29,39.39,5.627142857,0,0.007674597084,0.007674597084
2014-04-30,38.4,5.485714286,0,-0.02513328256,-0.02513328256
2014-05-02,39.05,5.578571429,0,0.01692708333,0.01692708333
2014-05-05,39.2,5.6,0,0.003841229193,0.003841229193
2014-05-06,36.51,5.215714286,2.462,0.3710204082,-0.005816326479591849
2014-05-07,36.7,5.242857143,0,0.005204053684,0.005204053684
2014-05-08,37.15,5.307142857,0,0.01226158038,0.01226158038
2014-05-09,36.74,5.248571429,0,-0.01103633917,-0.01103633917
2014-05-12,37.14,5.305714286,0,0.01088731628,0.01088731628
2014-05-13,36.45,5.207142857,0,-0.01857835218,-0.01857835218
2014-05-14,36.7,5.242857143,0,0.006858710562,0.006858710562
2014-05-15,37.01,5.287142857,0,0.008446866485,0.008446866485
2014-05-16,36.92,5.274285714,0,-0.002431775196,-0.002431775196
2014-05-19,37.03,5.29,0,0.002979414951,0.002979414951
2014-05-20,37.45,5.35,0,0.01134215501,0.01134215501
2014-05-21,37.04,5.291428571,0,-0.01094793057,-0.01094793057
2014-05-22,37.47,5.352857143,0,0.01160907127,0.01160907127
2014-05-23,37.98,5.425714286,0,0.01361088871,0.01361088871
2014-05-26,40.5,5.785714286,0,0.0663507109,0.0663507109
2014-05-27,40.05,5.721428571,0,-0.01111111111,-0.01111111111
2014-05-28,40,5.714285714,0,-0.001248439451,-0.001248439451
2014-05-29,38.57,5.51,0,-0.03575,-0.03575
2014-05-30,38.57,5.51,0,0,0
2014-06-04,39.13,5.59,0,0.01451905626,0.01451905626
2014-06-05,38.12,5.445714286,0,-0.0258113979,-0.0258113979
2014-06-06,38.2,5.457142857,0,0.002098635887,0.002098635887
2014-06-09,38.42,5.488571429,0,0.005759162304,0.005759162304
2014-06-10,39.19,5.598571429,0,0.02004164498,0.02004164498
2014-06-11,38.83,5.547142857,0,-0.009186016841,-0.009186016841
2014-06-12,38.45,5.492857143,0,-0.009786247747,-0.009786247747
2014-06-13,38.47,5.495714286,0,0.0005201560468,0.0005201560468
2014-06-16,38.8,5.542857143,0,0.008578112815,0.008578112815
2014-06-17,38.67,5.524285714,0,-0.003350515464,-0.003350515464
2014-06-18,39.1,5.585714286,0,0.01111973106,0.01111973106
2014-06-19,39.2,5.6,0,0.002557544757,0.002557544757
2014-06-23,38.59,5.512857143,0,-0.01556122449,-0.01556122449
2014-06-24,39.13,5.59,0,0.0139932625,0.0139932625
2014-06-25,39.18,5.597142857,0,0.001277791975,0.001277791975
2014-06-26,39,5.571428571,0,-0.004594180704,-0.004594180704
2014-06-27,39.5,5.642857143,0,0.01282051282,0.01282051282
2014-06-30,40,5.714285714,0,0.01265822785,0.01265822785
2014-07-01,39.66,5.665714286,0,-0.0085,-0.0085
2014-07-02,40.47,5.781428571,0,0.02042360061,0.02042360061
2014-07-03,41.19,5.884285714,0,0.01779095626,0.01779095626
2014-07-04,41.53,5.932857143,0,0.008254430687,0.008254430687
2014-07-07,41.48,5.925714286,0,-0.001203948953,-0.001203948953
2014-07-08,41.47,5.924285714,0,-0.0002410800386,-0.0002410800386
2014-07-09,40.89,5.841428571,0,-0.01398601399,-0.01398601399
2014-07-10,41.08,5.868571429,0,0.004646612864,0.004646612864
2014-07-11,40.74,5.82,0,-0.008276533593,-0.008276533593
2014-07-14,41.09,5.87,0,0.008591065292,0.008591065292
2014-07-15,41.18,5.882857143,0,0.002190313945,0.002190313945
2014-07-16,40.87,5.838571429,0,-0.007527926178,-0.007527926178
2014-07-17,40.02,5.717142857,0,-0.02079765109,-0.02079765109
2014-07-18,39.92,5.702857143,0,-0.002498750625,-0.002498750625
2014-07-21,39.99,5.712857143,0,0.001753507014,0.001753507014
2014-07-22,40.53,5.79,0,0.01350337584,0.01350337584
2014-07-24,40.6,5.8,0,0.001727115717,0.001727115717
2014-07-25,39.89,5.698571429,0,-0.01748768473,-0.01748768473
2014-07-28,39.75,5.678571429,0,-0.003509651542,-0.003509651542
2014-07-29,39.59,5.655714286,0,-0.004025157233,-0.004025157233
2014-07-30,39.59,5.655714286,0,0,0
2014-07-31,39.03,5.575714286,0,-0.01414498611,-0.01414498611
2014-08-01,41.27,5.895714286,0,0.05739174994,0.05739174994
2014-08-04,39.29,5.612857143,0,-0.04797673855,-0.04797673855
2014-08-05,38.89,5.555714286,0,-0.01018070756,-0.01018070756
2014-08-06,41,5.857142857,0,0.0542555927,0.0542555927
2014-08-07,38.9,5.557142857,0,-0.0512195122,-0.0512195122
2014-08-08,38.2,5.457142857,0,-0.01799485861,-0.01799485861
2014-08-11,39.1,5.585714286,0,0.02356020942,0.02356020942
2014-08-12,39.05,5.578571429,0,-0.001278772379,-0.001278772379
2014-08-13,39.6,5.657142857,0,0.01408450704,0.01408450704
2014-08-15,39.31,5.615714286,0,-0.007323232323,-0.007323232323
2014-08-18,39.17,5.595714286,0,-0.003561434749,-0.003561434749
2014-08-19,40.05,5.721428571,0,0.02246617309,0.02246617309
2014-08-22,40.05,5.721428571,0,0,0
2014-08-25,40.93,5.847142857,0,0.02197253433,0.02197253433
2014-08-26,41.75,5.964285714,0,0.02003420474,0.02003420474
2014-08-27,40.25,5.75,0,-0.03592814371,-0.03592814371
2014-08-29,40.11,5.73,0,-0.00347826087,-0.00347826087
2014-09-01,40.76,5.822857143,0,0.01620543505,0.01620543505
2014-09-02,40.48,5.782857143,0,-0.006869479882,-0.006869479882
2014-09-03,40.65,5.807142857,0,0.004199604743,0.004199604743
2014-09-04,40.15,5.735714286,0,-0.012300123,-0.012300123
2014-09-05,40.35,5.764285714,0,0.00498132005,0.00498132005
2014-09-09,40.25,5.75,0,-0.002478314746,-0.002478314746
2014-09-10,39.83,5.69,0,-0.01043478261,-0.01043478261
2014-09-11,39.74,5.677142857,0,-0.002259603314,-0.002259603314
2014-09-15,39.37,5.624285714,0,-0.009310518369,-0.009310518369
2014-09-16,39.28,5.611428571,0,-0.002286004572,-0.002286004572
2014-09-17,39.02,5.574285714,0,-0.006619144603,-0.006619144603
2014-09-23,38.92,5.56,0,-0.002562788314,-0.002562788314
2014-09-24,38.37,5.481428571,0,-0.0141315519,-0.0141315519
2014-09-25,38.08,5.44,0,-0.007557988011,-0.007557988011
2014-09-26,37.78,5.397142857,0,-0.007878151261,-0.007878151261
2014-09-29,37.82,5.402857143,0,0.001058761249,0.001058761249
2014-09-30,37.75,5.392857143,0,-0.001850872554,-0.001850872554
2014-10-01,38.11,5.444285714,0,0.009536423841,0.009536423841
2014-10-02,38.04,5.434285714,0,-0.001836788245,-0.001836788245
2014-10-03,38.62,5.517142857,0,0.01524710831,0.01524710831
2014-10-06,38.85,5.55,0,0.00595546349,0.00595546349
2014-10-07,38.57,5.51,0,-0.007207207207,-0.007207207207
2014-10-08,38.45,5.492857143,0,-0.003111226342,-0.003111226342
2014-10-13,36.99,5.284285714,0,-0.03797139142,-0.03797139142
2014-10-14,36.92,5.274285714,0,-0.001892403352,-0.001892403352
2014-10-15,36.85,5.264285714,0,-0.001895991333,-0.001895991333
2014-10-16,36.85,5.264285714,0,0,0
2014-10-17,37.62,5.374285714,0,0.02089552239,0.02089552239
2014-10-20,37.87,5.41,0,0.006645401382,0.006645401382
2014-10-21,37.65,5.378571429,0,-0.005809347769,-0.005809347769
2014-10-22,38.4,5.485714286,0,0.01992031873,0.01992031873
2014-10-23,38.25,5.464285714,0,-0.00390625,-0.00390625
2014-10-27,37.71,5.387142857,0,-0.01411764706,-0.01411764706
2014-10-28,38.3,5.471428571,0,0.01564571732,0.01564571732
2014-10-31,38.77,5.538571429,0,0.01227154047,0.01227154047
2014-11-03,39.52,5.645714286,0,0.01934485427,0.01934485427
2014-11-04,39.52,5.645714286,0,0,0
2014-11-05,39.53,5.647142857,0,0.0002530364372,0.0002530364372
2014-11-06,38.62,5.517142857,0,-0.02302049077,-0.02302049077
2014-11-07,39.22,5.602857143,0,0.01553599171,0.01553599171
2014-11-10,39.79,5.684285714,0,0.01453340133,0.01453340133
2014-11-11,39.95,5.707142857,0,0.004021110832,0.004021110832
2014-11-12,39.7,5.671428571,0,-0.006257822278,-0.006257822278
2014-11-13,39.9,5.7,0,0.005037783375,0.005037783375
2014-11-14,39.9,5.7,0,0,0
2014-11-17,39.75,5.678571429,0,-0.003759398496,-0.003759398496
2014-11-18,39.76,5.68,0,0.000251572327,0.000251572327
2014-11-19,40,5.714285714,0,0.006036217304,0.006036217304
2014-11-20,40.57,5.795714286,0,0.01425,0.01425
2014-11-24,41.23,5.89,0,0.01626817846,0.01626817846
2014-11-25,40.84,5.834285714,0,-0.0094591317,-0.0094591317
2014-11-26,40.98,5.854285714,0,0.003428011753,0.003428011753
2014-11-27,41.45,5.921428571,0,0.01146900927,0.01146900927
2014-11-28,41.43,5.918571429,0,-0.000482509047,-0.000482509047
2014-12-01,41.11,5.872857143,0,-0.007723871591,-0.007723871591
2014-12-02,40.88,5.84,0,-0.005594745804,-0.005594745804
2014-12-03,41.27,5.895714286,0,0.009540117417,0.009540117417
2014-12-04,41.64,5.948571429,0,0.008965350133,0.008965350133
2014-12-05,41.39,5.912857143,0,-0.006003842459,-0.006003842459
2014-12-08,41.28,5.897142857,0,-0.002657646775,-0.002657646775
2014-12-09,41.21,5.887142857,0,-0.001695736434,-0.001695736434
2014-12-10,41.5,5.928571429,0,0.007037126911,0.007037126911
2014-12-11,40.8,5.828571429,0,-0.01686746988,-0.01686746988
2014-12-12,41.39,5.912857143,0,0.01446078431,0.01446078431
2014-12-15,40.21,5.744285714,0,-0.02850930176,-0.02850930176
2014-12-16,40.47,5.781428571,0,0.006466053221,0.006466053221
2014-12-17,39.48,5.64,0,-0.02446256486,-0.02446256486
2014-12-18,39.49,5.641428571,0,0.0002532928065,0.0002532928065
2014-12-19,40.7,5.814285714,0,0.03064066852,0.03064066852
2014-12-22,41.24,5.891428571,0,0.01326781327,0.01326781327
2014-12-23,41.14,5.877142857,0,-0.002424830262,-0.002424830262
2014-12-24,41.17,5.881428571,0,0.0007292173068,0.0007292173068
2014-12-25,41.3,5.9,0,0.003157639058,0.003157639058
2014-12-26,41.5,5.928571429,0,0.004842615012,0.004842615012
2014-12-27,41.4,5.914285714,0,-0.002409638554,-0.002409638554
2014-12-29,42.3,6.042857143,0,0.02173913043,0.02173913043
2014-12-30,42.13,6.018571429,0,-0.00401891253,-0.00401891253
2014-12-31,41.95,5.992857143,0,-0.004272489912,-0.004272489912
2015-01-05,42,6,0,0.001191895113,0.001191895113
2015-01-06,40.83,5.832857143,0,-0.02785714286,-0.02785714286
2015-01-07,41.07,5.867142857,0,0.00587803086,0.00587803086
2015-01-08,42.2,6.028571429,0,0.02751400049,0.02751400049
2015-01-09,41.67,5.952857143,0,-0.01255924171,-0.01255924171
2015-01-12,41.38,5.911428571,0,-0.006959443245,-0.006959443245
2015-01-13,41.31,5.901428571,0,-0.001691638473,-0.001691638473
2015-01-14,41.05,5.864285714,0,-0.006293875575,-0.006293875575
2015-01-15,41.25,5.892857143,0,0.004872107186,0.004872107186
2015-01-16,41.46,5.922857143,0,0.005090909091,0.005090909091
2015-01-19,41.93,5.99,0,0.01133622769,0.01133622769
2015-01-20,42,6,0,0.001669449082,0.001669449082
2015-01-21,42.22,6.031428571,0,0.005238095238,0.005238095238
2015-01-22,42.5,6.071428571,0,0.006631927996,0.006631927996
2015-01-23,43.05,6.15,0,0.01294117647,0.01294117647
2015-01-26,43.12,6.16,0,0.00162601626,0.00162601626
2015-01-27,43.32,6.188571429,0,0.004638218924,0.004638218924
2015-01-28,43.39,6.198571429,0,0.00161588181,0.00161588181
2015-01-29,43.12,6.16,0,-0.006222631943,-0.006222631943
2015-01-30,42.67,6.095714286,0,-0.01043599258,-0.01043599258
2015-02-02,42.51,6.072857143,0,-0.003749707054,-0.003749707054
2015-02-03,43,6.142857143,0,0.0115266996,0.0115266996
2015-02-04,43.32,6.188571429,0,0.007441860465,0.007441860465
2015-02-05,43.03,6.147142857,0,-0.006694367498,-0.006694367498
2015-02-06,42.82,6.117142857,0,-0.004880316059,-0.004880316059
2015-02-09,42.67,6.095714286,0,-0.003503035965,-0.003503035965
2015-02-10,42.14,6.02,0,-0.01242090462,-0.01242090462
2015-02-11,43.29,6.184285714,0,0.02728998576,0.02728998576
2015-02-12,43.32,6.188571429,0,0.000693000693,0.000693000693
2015-02-13,43.43,6.204285714,0,0.002539242844,0.002539242844
2015-02-24,43.95,6.278571429,0,0.01197329035,0.01197329035
2015-02-25,44.7,6.385714286,0,0.01706484642,0.01706484642
2015-02-26,44.07,6.295714286,0,-0.01409395973,-0.01409395973
2015-03-02,43.94,6.277142857,0,-0.002949852507,-0.002949852507
2015-03-03,43.92,6.274285714,0,-0.0004551661356,-0.0004551661356
2015-03-04,43.94,6.277142857,0,0.0004553734062,0.0004553734062
2015-03-05,43.9,6.271428571,0,-0.0009103322713,-0.0009103322713
2015-03-06,43.89,6.27,0,-0.0002277904328,-0.0002277904328
2015-03-09,43.24,6.177142857,0,-0.01480975165,-0.01480975165
2015-03-10,43.09,6.155714286,0,-0.003469010176,-0.003469010176
2015-03-11,43.33,6.19,0,0.005569737758,0.005569737758
2015-03-12,43.68,6.24,0,0.008077544426,0.008077544426
2015-03-13,43.75,6.25,0,0.001602564103,0.001602564103
2015-03-16,43.16,6.165714286,0,-0.01348571429,-0.01348571429
2015-03-17,43.46,6.208571429,0,0.006950880445,0.006950880445
2015-03-18,43.92,6.274285714,0,0.01058444547,0.01058444547
2015-03-19,44.24,6.32,0,0.007285974499,0.007285974499
2015-03-20,44.06,6.294285714,0,-0.004068716094,-0.004068716094
2015-03-23,44.16,6.308571429,0,0.00226963232,0.00226963232
2015-03-24,43.91,6.272857143,0,-0.005661231884,-0.005661231884
2015-03-25,43.74,6.248571429,0,-0.003871555454,-0.003871555454
2015-03-26,42.51,6.072857143,0,-0.02812071331,-0.02812071331
2015-03-27,41.9,5.985714286,0,-0.01434956481,-0.01434956481
2015-03-30,41.81,5.972857143,0,-0.00214797136,-0.00214797136
2015-03-31,42.01,6.001428571,0,0.004783544607,0.004783544607
2015-04-01,41.95,5.992857143,0,-0.001428231373,-0.001428231373
2015-04-02,42.36,6.051428571,0,0.009773539928,0.009773539928
2015-04-07,42.14,6.02,0,-0.005193578848,-0.005193578848
2015-04-08,41.71,5.958571429,0,-0.01020408163,-0.01020408163
2015-04-09,41.9,5.985714286,0,0.004555262527,0.004555262527
2015-04-10,42.15,6.021428571,0,0.005966587112,0.005966587112
2015-04-13,42.21,6.03,0,0.001423487544,0.001423487544
2015-04-14,41.82,5.974285714,0,-0.009239516702,-0.009239516702
2015-04-15,41.44,5.92,0,-0.009086561454,-0.009086561454
2015-04-16,42.19,6.027142857,0,0.0180984556,0.0180984556
2015-04-17,41.73,5.961428571,0,-0.0109030576,-0.0109030576
2015-04-20,41.44,5.92,0,-0.006949436856,-0.006949436856
2015-04-21,41.2,5.885714286,0,-0.005791505792,-0.005791505792
2015-04-22,41.56,5.937142857,0,0.008737864078,0.008737864078
2015-04-23,42.34,6.048571429,0,0.0187680462,0.0187680462
2015-04-24,43.26,6.18,0,0.0217288616,0.0217288616
2015-04-27,43.4,6.2,0,0.003236245955,0.003236245955
2015-04-28,43.23,6.175714286,0,-0.003917050691,-0.003917050691
2015-04-29,42.64,6.091428571,0,-0.01364792968,-0.01364792968
2015-04-30,42.3,6.042857143,0,-0.007973733583,-0.007973733583
2015-05-05,42.03,6.004285714,0,-0.006382978723,-0.006382978723
2015-05-06,41.86,5.98,0,-0.004044729955,-0.004044729955
2015-05-07,41.75,5.964285714,0,-0.002627806976,-0.002627806976
2015-05-08,41.86,5.98,0,0.002634730539,0.002634730539
2015-05-11,41.45,5.921428571,0,-0.009794553273,-0.009794553273
2015-05-12,41.43,5.918571429,0,-0.000482509047,-0.000482509047
2015-05-13,41.9,5.985714286,0,0.0113444364,0.0113444364
2015-05-14,41.68,5.954285714,0,-0.005250596659,-0.005250596659
2015-05-15,41.45,5.921428571,0,-0.005518234165,-0.005518234165
2015-05-18,41.64,5.948571429,0,0.004583835947,0.004583835947
2015-05-19,41.7,5.957142857,0,0.00144092219,0.00144092219
2015-05-20,41.9,5.985714286,0,0.00479616307,0.00479616307
2015-05-21,41.43,5.918571429,0,-0.01121718377,-0.01121718377
2015-05-22,42,6,0,0.01375814627,0.01375814627
2015-05-25,41.7,5.957142857,0,-0.007142857143,-0.007142857143
2015-05-26,42.2,6.028571429,0,0.01199040767,0.01199040767
2015-05-27,42.18,6.025714286,0,-0.0004739336493,-0.0004739336493
2015-05-28,42.52,6.074285714,0,0.008060692271,0.008060692271
2015-05-29,42.27,6.038571429,0,-0.005879586077,-0.005879586077
2015-06-01,41.85,5.978571429,0,-0.009936124911,-0.009936124911
2015-06-02,41.76,5.965714286,0,-0.002150537634,-0.002150537634
2015-06-03,41.73,5.961428571,0,-0.0007183908046,-0.0007183908046
2015-06-04,40.8,5.828571429,0,-0.02228612509,-0.02228612509
2015-06-05,40.37,5.767142857,0,-0.01053921569,-0.01053921569
2015-06-08,40.22,5.745714286,0,-0.003715630419,-0.003715630419
2015-06-09,40,5.714285714,0,-0.005469915465,-0.005469915465
2015-06-10,40.07,5.724285714,0,0.00175,0.00175
2015-06-11,40.13,5.732857143,0,0.001497379586,0.001497379586
2015-06-12,40.34,5.762857143,0,0.005232992773,0.005232992773
2015-06-15,39.99,5.712857143,0,-0.008676251859,-0.008676251859
2015-06-16,39.57,5.652857143,0,-0.01050262566,-0.01050262566
2015-06-17,40.25,5.75,0,0.01718473591,0.01718473591
2015-06-22,40.68,5.811428571,0,0.01068322981,0.01068322981
2015-06-23,41,5.857142857,0,0.007866273353,0.007866273353
2015-06-24,41.4,5.914285714,0,0.009756097561,0.009756097561
2015-06-25,41.6,5.942857143,0,0.004830917874,0.004830917874
2015-06-26,45.76,6.537142857,0,0.1,0.1
2015-06-29,41.56,5.937142857,0,-0.09178321678,-0.09178321678
2015-06-30,40.48,5.782857143,0,-0.02598652551,-0.02598652551
2015-07-01,41.86,5.98,0,0.03409090909,0.03409090909
2015-07-02,41.5,5.928571429,0,-0.008600095557,-0.008600095557
2015-07-03,43.3,6.185714286,0,0.04337349398,0.04337349398
2015-07-06,43.51,6.215714286,0,0.004849884527,0.004849884527
2015-07-07,42.15,6.021428571,0,-0.03125718226,-0.03125718226
2015-07-08,40.49,5.784285714,0,-0.0393831554,-0.0393831554
2015-07-09,39.34,5.62,0,-0.02840207459,-0.02840207459
2015-07-13,39.44,5.634285714,0,0.002541942044,0.002541942044
2015-07-14,39.49,5.641428571,0,0.001267748479,0.001267748479
2015-07-15,39,5.571428571,0,-0.01240820461,-0.01240820461
2015-07-16,38.99,5.57,0,-0.0002564102564,-0.0002564102564
2015-07-17,39.28,5.611428571,0,0.007437804565,0.007437804565
2015-07-20,38.58,5.511428571,0,-0.01782077393,-0.01782077393
2015-07-21,38.85,5.55,0,0.00699844479,0.00699844479
2015-07-22,38.48,5.497142857,0,-0.009523809524,-0.009523809524
2015-07-23,37.96,5.422857143,0,-0.01351351351,-0.01351351351
2015-07-24,37.86,5.408571429,0,-0.002634351949,-0.002634351949
2015-07-27,36.99,5.284285714,0,-0.02297939778,-0.02297939778
2015-07-28,37.17,5.31,0,0.004866180049,0.004866180049
2015-07-29,37.17,5.31,0,0,0
2015-07-30,37.63,5.375714286,0,0.0123755717,0.0123755717
2015-07-31,37.62,5.374285714,0,-0.0002657454159,-0.0002657454159
2015-08-03,36.77,5.252857143,0,-0.0225943647,-0.0225943647
2015-08-04,36.74,5.248571429,0,-0.0008158825129,-0.0008158825129
2015-08-05,36.41,5.201428571,0,-0.008982035928,-0.008982035928
2015-08-06,35.7,5.1,0,-0.01950013732,-0.01950013732
2015-08-07,35.69,5.098571429,0,-0.0002801120448,-0.0002801120448
2015-08-10,35.44,5.062857143,0,-0.007004763239,-0.007004763239
2015-08-11,35.67,5.095714286,0,0.006489841986,0.006489841986
2015-08-12,35.17,5.024285714,0,-0.01401738155,-0.01401738155
2015-08-13,35.38,5.054285714,0,0.00597099801,0.00597099801
2015-08-14,35,5,0,-0.01074053137,-0.01074053137
2015-08-17,34.5,4.928571429,0,-0.01428571429,-0.01428571429
2015-08-18,34.69,4.955714286,0,0.005507246377,0.005507246377
2015-08-19,34.07,4.867142857,0,-0.01787258576,-0.01787258576
2015-08-20,34.02,4.86,0,-0.001467566774,-0.001467566774
2015-08-21,33.25,4.75,0,-0.02263374486,-0.02263374486
2015-08-24,31.94,4.562857143,0,-0.03939849624,-0.03939849624
2015-08-25,33.15,4.735714286,0,0.03788353162,0.03788353162
2015-08-26,33.16,4.737142857,0,0.0003016591252,0.0003016591252
2015-08-27,33.5,4.785714286,0,0.01025331725,0.01025331725
2015-08-28,34.2,4.885714286,0,0.02089552239,0.02089552239
2015-08-31,34.33,4.904285714,0,0.003801169591,0.003801169591
2015-09-01,34.26,4.894285714,0,-0.002039032916,-0.002039032916
2015-09-02,34.27,4.895714286,0,0.0002918855809,0.0002918855809
2015-09-03,34.55,4.935714286,0,0.008170411439,0.008170411439
2015-09-04,34.17,4.881428571,0,-0.01099855282,-0.01099855282
2015-09-07,33.99,4.855714286,0,-0.005267778753,-0.005267778753
2015-09-08,34.19,4.884285714,0,0.005884083554,0.005884083554
2015-09-09,35.59,5.084285714,0,0.04094764551,0.04094764551
2015-09-10,35.33,5.047142857,0,-0.007305422872,-0.007305422872
2015-09-11,35.7,5.1,0,0.0104726861,0.0104726861
2015-09-14,35.68,5.097142857,0,-0.0005602240896,-0.0005602240896
2015-09-15,35.36,5.051428571,0,-0.008968609865,-0.008968609865
2015-09-16,36.07,5.152857143,0,0.02007918552,0.02007918552
2015-09-17,36.5,5.214285714,0,0.01192126421,0.01192126421
2015-09-21,35.89,5.127142857,0,-0.01671232877,-0.01671232877
2015-09-22,35.81,5.115714286,0,-0.002229033157,-0.002229033157
2015-09-23,34.96,4.994285714,0,-0.02373638648,-0.02373638648
2015-09-24,34.7,4.957142857,0,-0.007437070938,-0.007437070938
2015-09-25,34.6,4.942857143,0,-0.00288184438,-0.00288184438
2015-09-30,35.35,5.05,0,0.02167630058,0.02167630058
2015-10-01,35.96,5.137142857,0,0.01725601132,0.01725601132
2015-10-02,35.85,5.121428571,0,-0.003058954394,-0.003058954394
2015-10-05,36.02,5.145714286,0,0.004741980474,0.004741980474
2015-10-06,36.18,5.168571429,0,0.00444197668,0.00444197668
2015-10-07,36.51,5.215714286,0,0.00912106136,0.00912106136
2015-10-08,36.74,5.248571429,0,0.006299643933,0.006299643933
2015-10-12,37.44,5.348571429,0,0.01905280348,0.01905280348
2015-10-13,37.25,5.321428571,0,-0.005074786325,-0.005074786325
2015-10-14,37.44,5.348571429,0,0.005100671141,0.005100671141
2015-10-15,37.91,5.415714286,0,0.0125534188,0.0125534188
2015-10-16,37.55,5.364285714,0,-0.009496175152,-0.009496175152
2015-10-19,37.87,5.41,0,0.008521970706,0.008521970706
2015-10-20,37.64,5.377142857,0,-0.006073409031,-0.006073409031
2015-10-21,37.72,5.388571429,0,0.002125398512,0.002125398512
2015-10-23,37.95,5.421428571,0,0.006097560976,0.006097560976
2015-10-26,38.2,5.457142857,0,0.006587615283,0.006587615283
2015-10-27,37.75,5.392857143,0,-0.01178010471,-0.01178010471
2015-10-28,37.55,5.364285714,0,-0.005298013245,-0.005298013245
2015-10-30,37.3,5.328571429,0,-0.006657789614,-0.006657789614
2015-11-02,37.65,5.378571429,0,0.009383378016,0.009383378016
2015-11-03,38.14,5.448571429,0,0.01301460823,0.01301460823
2015-11-04,39.3,5.614285714,0,0.03041426324,0.03041426324
2015-11-05,38.94,5.562857143,0,-0.009160305344,-0.009160305344
2015-11-06,38.21,5.458571429,0,-0.01874678993,-0.01874678993
2015-11-09,38.29,5.47,0,0.002093692751,0.002093692751
2015-11-10,38.03,5.432857143,0,-0.00679028467,-0.00679028467
2015-11-11,37.41,5.344285714,0,-0.01630291875,-0.01630291875
2015-11-12,37.54,5.362857143,0,0.003475006683,0.003475006683
2015-11-13,37.1,5.3,0,-0.01172083111,-0.01172083111
2015-11-16,36.33,5.19,0,-0.02075471698,-0.02075471698
2015-11-17,37.63,5.375714286,0,0.03578309937,0.03578309937
2015-11-18,36.9,5.271428571,0,-0.01939941536,-0.01939941536
2015-11-19,37.28,5.325714286,0,0.01029810298,0.01029810298
2015-11-20,37.48,5.354285714,0,0.005364806867,0.005364806867
2015-11-23,37.66,5.38,0,0.004802561366,0.004802561366
2015-11-24,37.27,5.324285714,0,-0.01035581519,-0.01035581519
2015-11-25,37.45,5.35,0,0.00482962168,0.00482962168
2015-11-26,37.86,5.408571429,0,0.01094793057,0.01094793057
2015-11-27,37.65,5.378571429,0,-0.005546751189,-0.005546751189
2015-11-30,36.84,5.262857143,0,-0.02151394422,-0.02151394422
2015-12-01,37.62,5.374285714,0,0.02117263844,0.02117263844
2015-12-02,38.18,5.454285714,0,0.0148856991,0.0148856991
2015-12-03,37.99,5.427142857,0,-0.004976427449,-0.004976427449
2015-12-04,37.72,5.388571429,0,-0.007107133456,-0.007107133456
2015-12-07,38.43,5.49,0,0.01882290562,0.01882290562
2015-12-08,37.91,5.415714286,0,-0.0135310955,-0.0135310955
2015-12-09,37.82,5.402857143,0,-0.002374043788,-0.002374043788
2015-12-10,37.42,5.345714286,0,-0.0105764146,-0.0105764146
2015-12-11,37.24,5.32,0,-0.004810261892,-0.004810261892
2015-12-14,36.71,5.244285714,0,-0.01423200859,-0.01423200859
2015-12-15,36.98,5.282857143,0,0.007354944157,0.007354944157
2015-12-16,37.54,5.362857143,0,0.01514332071,0.01514332071
2015-12-17,37.8,5.4,0,0.006925945658,0.006925945658
2015-12-18,38.04,5.434285714,0,0.006349206349,0.006349206349
2015-12-21,37.8,5.4,0,-0.006309148265,-0.006309148265
2015-12-22,37.8,5.4,0,0,0
2015-12-23,38.27,5.467142857,0,0.01243386243,0.01243386243
2015-12-24,38.52,5.502857143,0,0.006532532009,0.006532532009
2015-12-25,38.42,5.488571429,0,-0.002596053998,-0.002596053998
2015-12-28,38.59,5.512857143,0,0.004424778761,0.004424778761
2015-12-29,38.33,5.475714286,0,-0.006737496761,-0.006737496761
2015-12-30,38,5.428571429,0,-0.0086094443,-0.0086094443
2016-01-04,37.19,5.312857143,0,-0.02131578947,-0.02131578947
2016-01-05,37.02,5.288571429,0,-0.004571121269,-0.004571121269
2016-01-06,35.85,5.121428571,0,-0.03160453809,-0.03160453809
2016-01-07,34.86,4.98,0,-0.02761506276,-0.02761506276
2016-01-08,35.53,5.075714286,0,0.01921973609,0.01921973609
2016-01-11,34.75,4.964285714,0,-0.02195327892,-0.02195327892
2016-01-12,35.2,5.028571429,0,0.01294964029,0.01294964029
2016-01-13,35.66,5.094285714,0,0.01306818182,0.01306818182
2016-01-15,35.85,5.121428571,0,0.00532809871,0.00532809871
2016-01-18,35.61,5.087142857,0,-0.006694560669,-0.006694560669
2016-01-19,36.11,5.158571429,0,0.01404099972,0.01404099972
2016-01-20,35.42,5.06,0,-0.01910828025,-0.01910828025
2016-01-22,36,5.142857143,0,0.01637492942,0.01637492942
2016-01-25,36.6,5.228571429,0,0.01666666667,0.01666666667
2016-01-26,36.35,5.192857143,0,-0.006830601093,-0.006830601093
2016-01-27,36.63,5.232857143,0,0.007702888583,0.007702888583
2016-01-28,36.7,5.242857143,0,0.001911001911,0.001911001911
2016-01-29,37.45,5.35,0,0.0204359673,0.0204359673
2016-01-30,37.36,5.337142857,0,-0.002403204272,-0.002403204272
2016-02-01,37.55,5.364285714,0,0.005085653105,0.005085653105
2016-02-02,37.55,5.364285714,0,0,0
2016-02-03,37.56,5.365714286,0,0.0002663115846,0.0002663115846
2016-02-15,37.9,5.414285714,0,0.009052183174,0.009052183174
2016-02-16,38.18,5.454285714,0,0.007387862797,0.007387862797
2016-02-17,38.55,5.507142857,0,0.009690937664,0.009690937664
2016-02-18,39,5.571428571,0,0.01167315175,0.01167315175
2016-02-19,39,5.571428571,0,0,0
2016-02-22,39.32,5.617142857,0,0.008205128205,0.008205128205
2016-02-23,39.15,5.592857143,0,-0.004323499491,-0.004323499491
2016-02-25,39.1,5.585714286,0,-0.001277139208,-0.001277139208
2016-02-26,39.26,5.608571429,0,0.004092071611,0.004092071611
2016-03-01,39.54,5.648571429,0,0.007131940907,0.007131940907
2016-03-02,40.11,5.73,0,0.01441578149,0.01441578149
2016-03-03,39.9,5.7,0,-0.005235602094,-0.005235602094
2016-03-07,40.1,5.728571429,0,0.005012531328,0.005012531328
2016-03-08,39.56,5.651428571,0,-0.01346633416,-0.01346633416
2016-03-09,39.77,5.681428571,0,0.005308392315,0.005308392315
2016-03-10,39.79,5.684285714,0,0.0005028916269,0.0005028916269
2016-03-11,40.06,5.722857143,0,0.006785624529,0.006785624529
2016-03-14,41.24,5.891428571,0,0.02945581628,0.02945581628
2016-03-15,40.1,5.728571429,0,-0.02764306499,-0.02764306499
2016-03-16,40.6,5.8,0,0.01246882793,0.01246882793
2016-03-17,40.96,5.851428571,0,0.008866995074,0.008866995074
2016-03-18,41.16,5.88,0,0.0048828125,0.0048828125
2016-03-21,41.34,5.905714286,0,0.004373177843,0.004373177843
2016-03-23,41.12,5.874285714,0,-0.005321722303,-0.005321722303
2016-03-24,40.91,5.844285714,0,-0.005107003891,-0.005107003891
2016-03-25,40.95,5.85,0,0.0009777560499,0.0009777560499
2016-03-28,40.49,5.784285714,0,-0.01123321123,-0.01123321123
2016-03-29,40.76,5.822857143,0,0.006668313164,0.006668313164
2016-03-30,40.8,5.828571429,0,0.0009813542689,0.0009813542689
2016-03-31,41.14,5.877142857,0,0.008333333333,0.008333333333
2016-04-01,40.89,5.841428571,0,-0.00607681089,-0.00607681089
2016-04-06,39.85,5.692857143,0,-0.02543409146,-0.02543409146
2016-04-07,39.65,5.664285714,0,-0.005018820577,-0.005018820577
2016-04-08,40.02,5.717142857,0,0.009331651955,0.009331651955
2016-04-11,40.32,5.76,0,0.007496251874,0.007496251874
2016-04-12,40.82,5.831428571,0,0.01240079365,0.01240079365
2016-04-13,41,5.857142857,0,0.004409603136,0.004409603136
2016-04-14,41,5.857142857,0,0,0
2016-04-15,40.81,5.83,0,-0.004634146341,-0.004634146341
2016-04-18,40.15,5.735714286,0,-0.01617250674,-0.01617250674
2016-04-19,40.15,5.735714286,0,0,0
2016-04-20,39.8,5.685714286,0,-0.008717310087,-0.008717310087
2016-04-21,39.78,5.682857143,0,-0.0005025125628,-0.0005025125628
2016-04-22,39.78,5.682857143,0,0,0
2016-04-25,39.91,5.701428571,0,0.003267973856,0.003267973856
2016-04-26,40.06,5.722857143,0,0.003758456527,0.003758456527
2016-04-27,40.14,5.734285714,0,0.001997004493,0.001997004493
2016-04-28,39.38,5.625714286,0,-0.01893373194,-0.01893373194
2016-04-29,38.69,5.527142857,0,-0.01752158456,-0.01752158456
2016-05-03,37.81,5.401428571,0,-0.02274489532,-0.02274489532
2016-05-04,35,5,2.439,0.3772282465,-0.00981221891111983
2016-05-05,35.02,5.002857143,0,0.0005714285714,0.0005714285714
2016-05-06,34.73,4.961428571,0,-0.008280982296,-0.008280982296
2016-05-09,34.7,4.957142857,0,-0.0008638065073,-0.0008638065073
2016-05-10,34.79,4.97,0,0.002593659942,0.002593659942
2016-05-11,34.85,4.978571429,0,0.001724633515,0.001724633515
2016-05-13,34.41,4.915714286,0,-0.01262553802,-0.01262553802
2016-05-17,34.6,4.942857143,0,0.005521650683,0.005521650683
2016-05-18,34.51,4.93,0,-0.002601156069,-0.002601156069
2016-05-19,34.45,4.921428571,0,-0.001738626485,-0.001738626485
2016-05-20,34.83,4.975714286,0,0.01103047896,0.01103047896
2016-05-23,36.39,5.198571429,0,0.04478897502,0.04478897502
2016-05-24,36,5.142857143,0,-0.01071723001,-0.01071723001
2016-05-25,36.54,5.22,0,0.015,0.015
2016-05-26,36.34,5.191428571,0,-0.005473453749,-0.005473453749
2016-05-27,37.18,5.311428571,0,0.02311502477,0.02311502477
2016-05-30,37.73,5.39,0,0.01479289941,0.01479289941
2016-06-01,37.92,5.417142857,0,0.005035780546,0.005035780546
2016-06-02,37.6,5.371428571,0,-0.008438818565,-0.008438818565
2016-06-06,38.42,5.488571429,0,0.02180851064,0.02180851064
2016-06-07,38.3,5.471428571,0,-0.003123373243,-0.003123373243
2016-06-08,38.96,5.565714286,0,0.01723237598,0.01723237598
2016-06-13,37.93,5.418571429,0,-0.02643737166,-0.02643737166
2016-06-14,38.26,5.465714286,0,0.008700237279,0.008700237279
2016-06-15,38.26,5.465714286,0,0,0
2016-06-16,38.49,5.498571429,0,0.006011500261,0.006011500261
2016-06-17,38.59,5.512857143,0,0.002598077423,0.002598077423
2016-06-20,38.55,5.507142857,0,-0.001036537963,-0.001036537963
2016-06-21,38.73,5.532857143,0,0.0046692607,0.0046692607
2016-06-22,38.57,5.51,0,-0.004131164472,-0.004131164472
2016-06-23,38.8,5.542857143,0,0.005963183822,0.005963183822
2016-06-27,38,5.428571429,0,-0.0206185567,-0.0206185567
2016-06-28,38.35,5.478571429,0,0.009210526316,0.009210526316
2016-06-29,38.94,5.562857143,0,0.01538461538,0.01538461538
2016-06-30,39.67,5.667142857,0,0.01874678993,0.01874678993
2016-07-01,40.19,5.741428571,0,0.01310814217,0.01310814217
2016-07-04,40.36,5.765714286,0,0.004229907937,0.004229907937
2016-07-05,40.24,5.748571429,0,-0.002973240833,-0.002973240833
2016-07-06,39.52,5.645714286,0,-0.01789264414,-0.01789264414
2016-07-07,40,5.714285714,0,0.01214574899,0.01214574899
2016-07-11,41.18,5.882857143,0,0.0295,0.0295
2016-07-12,41.3,5.9,0,0.00291403594,0.00291403594
2016-07-13,41.3,5.9,0,0,0
2016-07-14,41.14,5.877142857,0,-0.00387409201,-0.00387409201
2016-07-15,41.18,5.882857143,0,0.0009722897423,0.0009722897423
2016-07-18,41.66,5.951428571,0,0.01165614376,0.01165614376
2016-07-19,41.84,5.977142857,0,0.004320691311,0.004320691311
2016-07-21,41.97,5.995714286,0,0.00310707457,0.00310707457
2016-07-25,42.24,6.034285714,0,0.006433166548,0.006433166548
2016-07-26,41.86,5.98,0,-0.008996212121,-0.008996212121
2016-07-27,42.8,6.114285714,0,0.02245580506,0.02245580506
2016-07-28,42.56,6.08,0,-0.005607476636,-0.005607476636
2016-07-29,42.45,6.064285714,0,-0.002584586466,-0.002584586466
2016-08-01,42.96,6.137142857,0,0.01201413428,0.01201413428
2016-08-02,42.9,6.128571429,0,-0.001396648045,-0.001396648045
2016-08-03,42.26,6.037142857,0,-0.01491841492,-0.01491841492
2016-08-04,42.19,6.027142857,0,-0.001656412683,-0.001656412683
2016-08-05,42.86,6.122857143,0,0.01588054041,0.01588054041
2016-08-08,43,6.142857143,0,0.003266448903,0.003266448903
2016-08-09,43.46,6.208571429,0,0.01069767442,0.01069767442
2016-08-10,43.35,6.192857143,0,-0.002531063046,-0.002531063046
2016-08-11,42.86,6.122857143,0,-0.01130334487,-0.01130334487
2016-08-12,42.9,6.128571429,0,0.0009332711153,0.0009332711153
2016-08-15,43.1,6.157142857,0,0.004662004662,0.004662004662
2016-08-16,43.02,6.145714286,0,-0.001856148492,-0.001856148492
2016-08-17,42.97,6.138571429,0,-0.001162250116,-0.001162250116
2016-08-18,42.6,6.085714286,0,-0.008610658599,-0.008610658599
2016-08-22,41.86,5.98,0,-0.01737089202,-0.01737089202
2016-08-23,42.57,6.081428571,0,0.01696129957,0.01696129957
2016-08-25,42.78,6.111428571,0,0.004933051445,0.004933051445
2016-08-26,43,6.142857143,0,0.005142589995,0.005142589995
2016-08-29,42.97,6.138571429,0,-0.0006976744186,-0.0006976744186
2016-08-30,42.71,6.101428571,0,-0.00605073307,-0.00605073307
2016-08-31,42.74,6.105714286,0,0.0007024116132,0.0007024116132
2016-09-01,42.57,6.081428571,0,-0.003977538606,-0.003977538606
2016-09-02,42.73,6.104285714,0,0.003758515386,0.003758515386
2016-09-05,42.87,6.124285714,0,0.003276386614,0.003276386614
2016-09-06,43.1,6.157142857,0,0.00536505715,0.00536505715
2016-09-07,44,6.285714286,0,0.02088167053,0.02088167053
2016-09-08,44.29,6.327142857,0,0.006590909091,0.006590909091
2016-09-10,43.05,6.15,0,-0.02799729058,-0.02799729058
2016-09-12,42.79,6.112857143,0,-0.006039488966,-0.006039488966
2016-09-13,42.59,6.084285714,0,-0.00467398925,-0.00467398925
2016-09-14,42.16,6.022857143,0,-0.01009626673,-0.01009626673
2016-09-19,43.5,6.214285714,0,0.03178368121,0.03178368121
2016-09-20,43.97,6.281428571,0,0.0108045977,0.0108045977
2016-09-21,43.97,6.281428571,0,0,0
2016-09-22,44.01,6.287142857,0,0.0009097111667,0.0009097111667
2016-09-23,44.21,6.315714286,0,0.004544421722,0.004544421722
2016-09-29,44.38,6.34,0,0.003845283872,0.003845283872
2016-10-03,44.42,6.345714286,0,0.000901306895,0.000901306895
2016-10-04,44.45,6.35,0,0.0006753714543,0.0006753714543
2016-10-05,44.26,6.322857143,0,-0.004274465692,-0.004274465692
2016-10-07,44.66,6.38,0,0.009037505648,0.009037505648
2016-10-11,44.86,6.408571429,0,0.00447828034,0.00447828034
2016-10-12,44.52,6.36,0,-0.007579135087,-0.007579135087
2016-10-13,44.62,6.374285714,0,0.002246181491,0.002246181491
2016-10-14,44.39,6.341428571,0,-0.005154639175,-0.005154639175
2016-10-17,44.23,6.318571429,0,-0.003604415409,-0.003604415409
2016-10-18,44.49,6.355714286,0,0.005878363102,0.005878363102
2016-10-19,44.82,6.402857143,0,0.007417397168,0.007417397168
2016-10-20,44.7,6.385714286,0,-0.002677376171,-0.002677376171
2016-10-21,44.82,6.402857143,0,0.002684563758,0.002684563758
2016-10-25,45.31,6.472857143,0,0.01093261937,0.01093261937
2016-10-26,45.18,6.454285714,0,-0.002869123814,-0.002869123814
2016-10-27,45.11,6.444285714,0,-0.001549358123,-0.001549358123
2016-10-28,44.6,6.371428571,0,-0.01130569718,-0.01130569718
2016-10-31,45.03,6.432857143,0,0.009641255605,0.009641255605
2016-11-02,44.59,6.37,0,-0.009771263602,-0.009771263602
2016-11-03,44.02,6.288571429,0,-0.01278313523,-0.01278313523
2016-11-04,43.66,6.237142857,0,-0.008178100863,-0.008178100863
2016-11-07,44.23,6.318571429,0,0.01305542831,0.01305542831
2016-11-08,44.68,6.382857143,0,0.01017408998,0.01017408998
2016-11-09,43.35,6.192857143,0,-0.02976723366,-0.02976723366
2016-11-10,43.8,6.257142857,0,0.01038062284,0.01038062284
2016-11-11,42.39,6.055714286,0,-0.03219178082,-0.03219178082
2016-11-14,42.43,6.061428571,0,0.000943618778,0.000943618778
2016-11-15,42.18,6.025714286,0,-0.005892057506,-0.005892057506
2016-11-16,42.17,6.024285714,0,-0.0002370791844,-0.0002370791844
2016-11-17,42.66,6.094285714,0,0.01161963481,0.01161963481
2016-11-18,42.33,6.047142857,0,-0.007735583685,-0.007735583685
2016-11-22,43.21,6.172857143,0,0.02078903851,0.02078903851
2016-11-23,43.68,6.24,0,0.01087711178,0.01087711178
2016-11-25,43.05,6.15,0,-0.01442307692,-0.01442307692
2016-11-28,43.01,6.144285714,0,-0.0009291521487,-0.0009291521487
2016-11-29,43.18,6.168571429,0,0.00395256917,0.00395256917
2016-12-01,42.74,6.105714286,0,-0.01018990273,-0.01018990273
2016-12-02,42.34,6.048571429,0,-0.009358914366,-0.009358914366
2016-12-05,42.15,6.021428571,0,-0.004487482286,-0.004487482286
2016-12-06,42.87,6.124285714,0,0.01708185053,0.01708185053
2016-12-07,42.74,6.105714286,0,-0.003032423606,-0.003032423606
2016-12-08,43.32,6.188571429,0,0.01357042583,0.01357042583
2016-12-12,43.65,6.235714286,0,0.007617728532,0.007617728532
2016-12-13,43.25,6.178571429,0,-0.009163802978,-0.009163802978
2016-12-14,43.86,6.265714286,0,0.01410404624,0.01410404624
2016-12-15,43.5,6.214285714,0,-0.008207934337,-0.008207934337
2016-12-16,43.59,6.227142857,0,0.002068965517,0.002068965517
2016-12-19,43.11,6.158571429,0,-0.01101169993,-0.01101169993
2016-12-20,42.68,6.097142857,0,-0.009974483878,-0.009974483878
2016-12-21,42.65,6.092857143,0,-0.0007029053421,-0.0007029053421
2016-12-22,42.28,6.04,0,-0.008675263775,-0.008675263775
2016-12-23,41.92,5.988571429,0,-0.008514664144,-0.008514664144
2016-12-27,42.42,6.06,0,0.01192748092,0.01192748092
2016-12-28,42.5,6.071428571,0,0.001885902876,0.001885902876
2016-12-30,42.6,6.085714286,0,0.002352941176,0.002352941176
2017-01-04,42.95,6.135714286,0,0.008215962441,0.008215962441
2017-01-05,43.14,6.162857143,0,0.004423748545,0.004423748545
2017-01-06,43.1,6.157142857,0,-0.0009272137228,-0.0009272137228
2017-01-09,43.6,6.228571429,0,0.01160092807,0.01160092807
2017-01-10,43.65,6.235714286,0,0.001146788991,0.001146788991
2017-01-11,43.4,6.2,0,-0.005727376861,-0.005727376861
2017-01-12,43.98,6.282857143,0,0.0133640553,0.0133640553
2017-01-13,43.23,6.175714286,0,-0.017053206,-0.017053206
2017-01-17,43.19,6.17,0,-0.000925283368,-0.000925283368
2017-01-18,42.56,6.08,0,-0.01458670989,-0.01458670989
2017-01-19,42.13,6.018571429,0,-0.01010338346,-0.01010338346
2017-01-20,42.05,6.007142857,0,-0.001898884405,-0.001898884405
2017-01-23,42.07,6.01,0,0.0004756242568,0.0004756242568
2017-01-24,42.7,6.1,0,0.0149750416,0.0149750416
2017-02-02,42.75,6.107142857,0,0.001170960187,0.001170960187
2017-02-03,42.63,6.09,0,-0.002807017544,-0.002807017544
2017-02-06,42.88,6.125714286,0,0.005864414731,0.005864414731
2017-02-07,42.72,6.102857143,0,-0.003731343284,-0.003731343284
2017-02-08,42.66,6.094285714,0,-0.001404494382,-0.001404494382
2017-02-10,43.16,6.165714286,0,0.01172058134,0.01172058134
2017-02-13,43.79,6.255714286,0,0.01459684893,0.01459684893
2017-02-14,43.53,6.218571429,0,-0.005937428637,-0.005937428637
2017-02-15,43.55,6.221428571,0,0.0004594532506,0.0004594532506
2017-02-16,43.97,6.281428571,0,0.009644087256,0.009644087256
2017-02-17,44.05,6.292857143,0,0.001819422333,0.001819422333
2017-02-18,44.07,6.295714286,0,0.0004540295119,0.0004540295119
2017-02-21,43.59,6.227142857,0,-0.0108917631,-0.0108917631
2017-02-22,44.02,6.288571429,0,0.009864647855,0.009864647855
2017-02-23,43.95,6.278571429,0,-0.001590186279,-0.001590186279
2017-02-24,43.81,6.258571429,0,-0.003185437998,-0.003185437998
2017-03-01,43.5,6.214285714,0,-0.007076010043,-0.007076010043
2017-03-02,43.39,6.198571429,0,-0.002528735632,-0.002528735632
2017-03-03,43.27,6.181428571,0,-0.002765614197,-0.002765614197
2017-03-06,43.06,6.151428571,0,-0.004853247053,-0.004853247053
2017-03-07,43.03,6.147142857,0,-0.0006967022759,-0.0006967022759
2017-03-08,43.21,6.172857143,0,0.00418312805,0.00418312805
2017-03-09,43.15,6.164285714,0,-0.001388567461,-0.001388567461
2017-03-10,42.69,6.098571429,0,-0.01066048667,-0.01066048667
2017-03-13,42.99,6.141428571,0,0.007027406887,0.007027406887
2017-03-14,43.6,6.228571429,0,0.01418934636,0.01418934636
2017-03-15,43.77,6.252857143,0,0.003899082569,0.003899082569
2017-03-16,44.22,6.317142857,0,0.01028101439,0.01028101439
2017-03-17,44.19,6.312857143,0,-0.0006784260516,-0.0006784260516
2017-03-20,44.3,6.328571429,0,0.002489250962,0.002489250962
2017-03-21,44.88,6.411428571,0,0.01309255079,0.01309255079
2017-03-22,45.2,6.457142857,0,0.007130124777,0.007130124777
2017-03-23,45.52,6.502857143,0,0.007079646018,0.007079646018
2017-03-24,45.52,6.502857143,0,0,0
2017-03-27,45.32,6.474285714,0,-0.004393673111,-0.004393673111
2017-03-28,45.7,6.528571429,0,0.008384819064,0.008384819064
2017-03-29,45.66,6.522857143,0,-0.000875273523,-0.000875273523
2017-03-30,45.65,6.521428571,0,-0.0002190100745,-0.0002190100745
2017-03-31,46,6.571428571,0,0.007667031763,0.007667031763
2017-04-06,45.57,6.51,0,-0.009347826087,-0.009347826087
2017-04-07,44.72,6.388571429,0,-0.01865262234,-0.01865262234
2017-04-10,45.3,6.471428571,0,0.01296958855,0.01296958855
2017-04-11,45.19,6.455714286,0,-0.002428256071,-0.002428256071
2017-04-12,44.8,6.4,0,-0.008630227927,-0.008630227927
2017-04-13,45.4,6.485714286,0,0.01339285714,0.01339285714
2017-04-14,44.39,6.341428571,0,-0.02224669604,-0.02224669604
2017-04-17,44.65,6.378571429,0,0.005857175039,0.005857175039
2017-04-18,44.87,6.41,0,0.004927211646,0.004927211646
2017-04-19,44.43,6.347142857,0,-0.00980610653,-0.00980610653
2017-04-20,44.56,6.365714286,0,0.002925950934,0.002925950934
2017-04-21,44.9,6.414285714,0,0.00763016158,0.00763016158
2017-04-24,44.9,6.414285714,0,0,0
2017-04-25,45.3,6.471428571,0,0.008908685969,0.008908685969
2017-04-26,45.32,6.474285714,0,0.0004415011038,0.0004415011038
2017-04-27,45.3,6.471428571,0,-0.0004413062665,-0.0004413062665
2017-04-28,45.64,6.52,0,0.007505518764,0.007505518764
2017-05-02,46.22,6.602857143,0,0.01270815074,0.01270815074
2017-05-03,44.83,6.404285714,1.41,0.1834703592,0.000432713046290889
2017-05-04,45.09,6.441428571,0,0.005799687709,0.005799687709
2017-05-05,45.03,6.432857143,0,-0.001330671989,-0.001330671989
2017-05-08,45.2,6.457142857,0,0.003775260937,0.003775260937
2017-05-09,45.67,6.524285714,0,0.01039823009,0.01039823009
2017-05-10,46,6.571428571,0,0.007225749945,0.007225749945
2017-05-11,46.1,6.585714286,0,0.002173913043,0.002173913043
2017-05-12,46.1,6.585714286,0,0,0
2017-05-15,46.04,6.577142857,0,-0.001301518438,-0.001301518438
2017-05-16,46,6.571428571,0,-0.0008688097307,-0.0008688097307
2017-05-17,45.75,6.535714286,0,-0.005434782609,-0.005434782609
2017-05-18,45.62,6.517142857,0,-0.002841530055,-0.002841530055
2017-05-19,45.73,6.532857143,0,0.002411223148,0.002411223148
2017-05-22,45.68,6.525714286,0,-0.001093374153,-0.001093374153
2017-05-23,46.08,6.582857143,0,0.008756567426,0.008756567426
2017-05-24,46.1,6.585714286,0,0.0004340277778,0.0004340277778
2017-05-25,46.5,6.642857143,0,0.008676789588,0.008676789588
2017-05-26,46.5,6.642857143,0,0,0
2017-05-31,46.33,6.618571429,0,-0.003655913978,-0.003655913978
2017-06-02,47.05,6.721428571,0,0.01554068638,0.01554068638
2017-06-05,47.28,6.754285714,0,0.004888416578,0.004888416578
2017-06-06,47.61,6.801428571,0,0.006979695431,0.006979695431
2017-06-07,47.62,6.802857143,0,0.0002100399076,0.0002100399076
2017-06-08,47.71,6.815714286,0,0.001889962201,0.001889962201
2017-06-09,47.75,6.821428571,0,0.0008383986586,0.0008383986586
2017-06-12,46.94,6.705714286,0,-0.01696335079,-0.01696335079
2017-06-13,47.2,6.742857143,0,0.005538985939,0.005538985939
2017-06-14,46.37,6.624285714,0,-0.01758474576,-0.01758474576
2017-06-15,46.93,6.704285714,0,0.01207677378,0.01207677378
2017-06-16,47.77,6.824285714,0,0.01789899851,0.01789899851
2017-06-19,48.15,6.878571429,0,0.007954783337,0.007954783337
2017-06-20,48.72,6.96,0,0.01183800623,0.01183800623
2017-06-21,48.42,6.917142857,0,-0.006157635468,-0.006157635468
2017-06-22,49.02,7.002857143,0,0.01239157373,0.01239157373
2017-06-23,48.65,6.95,0,-0.007547939616,-0.007547939616
2017-06-26,48.81,6.972857143,0,0.003288797533,0.003288797533
2017-06-27,48.49,6.927142857,0,-0.0065560336,-0.0065560336
2017-06-28,48.72,6.96,0,0.00474324603,0.00474324603
2017-06-29,48.94,6.991428571,0,0.004515599343,0.004515599343
2017-06-30,48.7,6.957142857,0,-0.004903964038,-0.004903964038
2017-07-03,48.7,6.957142857,0,0,0
2017-07-04,48.4,6.914285714,0,-0.006160164271,-0.006160164271
2017-07-05,48.36,6.908571429,0,-0.000826446281,-0.000826446281
2017-07-06,48.75,6.964285714,0,0.008064516129,0.008064516129
2017-07-07,48.66,6.951428571,0,-0.001846153846,-0.001846153846
2017-07-10,48.21,6.887142857,0,-0.00924784217,-0.00924784217
2017-07-11,48.51,6.93,0,0.006222775358,0.006222775358
2017-07-12,49.5,7.071428571,0,0.02040816327,0.02040816327
2017-07-13,49.74,7.105714286,0,0.004848484848,0.004848484848
2017-07-14,49.54,7.077142857,0,-0.004020908725,-0.004020908725
2017-07-17,50,7.142857143,0,0.009285425918,0.009285425918
2017-07-18,49.5,7.071428571,0,-0.01,-0.01
2017-07-19,49.78,7.111428571,0,0.005656565657,0.005656565657
2017-07-21,49.83,7.118571429,0,0.001004419446,0.001004419446
2017-07-24,49.6,7.085714286,0,-0.004615693357,-0.004615693357
2017-07-25,50.05,7.15,0,0.009072580645,0.009072580645
2017-07-26,49.62,7.088571429,0,-0.008591408591,-0.008591408591
2017-07-27,49.85,7.121428571,0,0.004635227731,0.004635227731
2017-07-28,49.7,7.1,0,-0.003009027081,-0.003009027081
2017-07-31,49.7,7.1,0,0,0
2017-08-01,49.75,7.107142857,0,0.001006036217,0.001006036217
2017-08-02,50.4,7.2,0,0.01306532663,0.01306532663
2017-08-03,49.99,7.141428571,0,-0.008134920635,-0.008134920635
2017-08-07,50.45,7.207142857,0,0.009201840368,0.009201840368
2017-08-08,50.3,7.185714286,0,-0.002973240833,-0.002973240833
2017-08-09,49.9,7.128571429,0,-0.007952286282,-0.007952286282
2017-08-10,49.84,7.12,0,-0.00120240481,-0.00120240481
2017-08-11,49.39,7.055714286,0,-0.009028892456,-0.009028892456
2017-08-15,49.14,7.02,0,-0.005061753391,-0.005061753391
2017-08-16,49.04,7.005714286,0,-0.002035002035,-0.002035002035
2017-08-17,49.57,7.081428571,0,0.01080750408,0.01080750408
2017-08-18,49.17,7.024285714,0,-0.008069396813,-0.008069396813
2017-08-21,48.83,6.975714286,0,-0.006914785438,-0.006914785438
2017-08-22,49.73,7.104285714,0,0.01843129224,0.01843129224
2017-08-23,49.55,7.078571429,0,-0.003619545546,-0.003619545546
2017-08-25,50.3,7.185714286,0,0.01513622603,0.01513622603
2017-08-28,49.87,7.124285714,0,-0.008548707753,-0.008548707753
2017-08-29,49.98,7.14,0,0.002205734911,0.002205734911
2017-08-30,50.05,7.15,0,0.001400560224,0.001400560224
2017-08-31,50.25,7.178571429,0,0.003996003996,0.003996003996
2017-09-01,50.5,7.214285714,0,0.004975124378,0.004975124378
2017-09-04,50.95,7.278571429,0,0.008910891089,0.008910891089
2017-09-05,50.65,7.235714286,0,-0.005888125613,-0.005888125613
2017-09-06,50.85,7.264285714,0,0.003948667325,0.003948667325
2017-09-07,50.8,7.257142857,0,-0.0009832841691,-0.0009832841691
2017-09-08,50.9,7.271428571,0,0.001968503937,0.001968503937
2017-09-11,50.6,7.228571429,0,-0.005893909627,-0.005893909627
2017-09-12,51.3,7.328571429,0,0.01383399209,0.01383399209
2017-09-13,50.95,7.278571429,0,-0.006822612086,-0.006822612086
2017-09-14,50.95,7.278571429,0,0,0
2017-09-15,51,7.285714286,0,0.0009813542689,0.0009813542689
2017-09-18,51.75,7.392857143,0,0.01470588235,0.01470588235
2017-09-19,52.15,7.45,0,0.007729468599,0.007729468599
2017-09-20,51.25,7.321428571,0,-0.01725790988,-0.01725790988
2017-09-21,51.8,7.4,0,0.01073170732,0.01073170732
2017-09-22,51.45,7.35,0,-0.006756756757,-0.006756756757
2017-09-25,50.6,7.228571429,0,-0.01652089407,-0.01652089407
2017-09-26,50.35,7.192857143,0,-0.004940711462,-0.004940711462
2017-09-27,50.45,7.207142857,0,0.001986097319,0.001986097319
2017-09-30,50.55,7.221428571,0,0.001982160555,0.001982160555
2017-10-03,51.6,7.371428571,0,0.02077151335,0.02077151335
2017-10-06,52,7.428571429,0,0.007751937984,0.007751937984
2017-10-11,53.4,7.628571429,0,0.02692307692,0.02692307692
2017-10-12,54.4,7.771428571,0,0.01872659176,0.01872659176
2017-10-13,54,7.714285714,0,-0.007352941176,-0.007352941176
2017-10-16,54.9,7.842857143,0,0.01666666667,0.01666666667
2017-10-17,54.5,7.785714286,0,-0.007285974499,-0.007285974499
2017-10-18,54.75,7.821428571,0,0.004587155963,0.004587155963
2017-10-19,55,7.857142857,0,0.004566210046,0.004566210046
2017-10-20,54.85,7.835714286,0,-0.002727272727,-0.002727272727
2017-10-23,54.9,7.842857143,0,0.0009115770283,0.0009115770283
2017-10-24,55.15,7.878571429,0,0.004553734062,0.004553734062
2017-10-25,55.15,7.878571429,0,0,0
2017-10-26,55.35,7.907142857,0,0.003626473255,0.003626473255
2017-10-27,55.6,7.942857143,0,0.004516711834,0.004516711834
2017-10-30,55.65,7.95,0,0.0008992805755,0.0008992805755
2017-10-31,56.65,8.092857143,0,0.01796945193,0.01796945193
2017-11-02,56.55,8.078571429,0,-0.001765225066,-0.001765225066
2017-11-03,56.8,8.114285714,0,0.00442086649,0.00442086649
2017-11-06,57,8.142857143,0,0.003521126761,0.003521126761
2017-11-07,57,8.142857143,0,0,0
2017-11-08,56.3,8.042857143,0,-0.01228070175,-0.01228070175
2017-11-10,56.8,8.114285714,0,0.008880994671,0.008880994671
2017-11-13,56.8,8.114285714,0,0,0
2017-11-14,56.6,8.085714286,0,-0.003521126761,-0.003521126761
2017-11-15,55.75,7.964285714,0,-0.01501766784,-0.01501766784
2017-11-16,56.8,8.114285714,0,0.01883408072,0.01883408072
2017-11-17,57,8.142857143,0,0.003521126761,0.003521126761
2017-11-20,56.45,8.064285714,0,-0.009649122807,-0.009649122807
2017-11-21,56.15,8.021428571,0,-0.005314437555,-0.005314437555
2017-11-22,56.45,8.064285714,0,0.005342831701,0.005342831701
2017-11-23,57.55,8.221428571,0,0.01948627104,0.01948627104
2017-11-27,57.9,8.271428571,0,0.006081668115,0.006081668115
2017-11-28,58,8.285714286,0,0.001727115717,0.001727115717
2017-11-29,57.65,8.235714286,0,-0.006034482759,-0.006034482759
2017-11-30,57.2,8.171428571,0,-0.007805724198,-0.007805724198
2017-12-01,57,8.142857143,0,-0.003496503497,-0.003496503497
2017-12-04,57.1,8.157142857,0,0.001754385965,0.001754385965
2017-12-05,56.3,8.042857143,0,-0.01401050788,-0.01401050788
2017-12-06,57.05,8.15,0,0.01332149201,0.01332149201
2017-12-07,57.35,8.192857143,0,0.005258545136,0.005258545136
2017-12-08,57.65,8.235714286,0,0.005231037489,0.005231037489
2017-12-11,58.5,8.357142857,0,0.01474414571,0.01474414571
2017-12-12,58.75,8.392857143,0,0.004273504274,0.004273504274
2017-12-13,58.65,8.378571429,0,-0.00170212766,-0.00170212766
2017-12-14,55.95,7.992857143,0,-0.04603580563,-0.04603580563
2017-12-15,56,8,0,0.0008936550492,0.0008936550492
2017-12-18,54,7.714285714,0,-0.03571428571,-0.03571428571
2017-12-19,52,7.428571429,0,-0.03703703704,-0.03703703704
2017-12-20,51.9,7.414285714,0,-0.001923076923,-0.001923076923
2017-12-21,52.7,7.528571429,0,0.01541425819,0.01541425819
2017-12-22,52.3,7.471428571,0,-0.007590132827,-0.007590132827
2017-12-25,52.55,7.507142857,0,0.004780114723,0.004780114723
2017-12-26,52.15,7.45,0,-0.007611798287,-0.007611798287
2017-12-27,52,7.428571429,0,-0.002876318313,-0.002876318313
2017-12-28,52.45,7.492857143,0,0.008653846154,0.008653846154
2017-12-29,52.85,7.55,0,0.007626310772,0.007626310772
2018-01-02,53.5,7.642857143,0,0.01229895932,0.01229895932
2018-01-03,54.4,7.771428571,0,0.01682242991,0.01682242991
2018-01-04,54.65,7.807142857,0,0.004595588235,0.004595588235
2018-01-05,54.8,7.828571429,0,0.00274473925,0.00274473925
2018-01-08,55.35,7.907142857,0,0.01003649635,0.01003649635
2018-01-09,55.05,7.864285714,0,-0.005420054201,-0.005420054201
2018-01-10,54.4,7.771428571,0,-0.01180744777,-0.01180744777
2018-01-11,53.85,7.692857143,0,-0.01011029412,-0.01011029412
2018-01-15,54.95,7.85,0,0.02042711235,0.02042711235
2018-01-16,55.65,7.95,0,0.0127388535,0.0127388535
2018-01-17,55.85,7.978571429,0,0.003593890386,0.003593890386
2018-01-18,56.8,8.114285714,0,0.01700984781,0.01700984781
2018-01-19,57.8,8.257142857,0,0.0176056338,0.0176056338
2018-01-22,58.35,8.335714286,0,0.009515570934,0.009515570934
2018-01-23,59.45,8.492857143,0,0.01885175664,0.01885175664
2018-01-24,58.7,8.385714286,0,-0.0126156434,-0.0126156434
2018-01-25,58.45,8.35,0,-0.004258943782,-0.004258943782
2018-01-26,58,8.285714286,0,-0.007698887938,-0.007698887938
2018-01-29,58.2,8.314285714,0,0.003448275862,0.003448275862
2018-01-30,57.35,8.192857143,0,-0.014604811,-0.014604811
2018-01-31,57.4,8.2,0,0.0008718395815,0.0008718395815
2018-02-01,58.15,8.307142857,0,0.01306620209,0.01306620209
2018-02-02,57.8,8.257142857,0,-0.006018916595,-0.006018916595
2018-02-05,56.75,8.107142857,0,-0.01816608997,-0.01816608997
2018-02-06,56.25,8.035714286,0,-0.008810572687,-0.008810572687
2018-02-07,56.85,8.121428571,0,0.01066666667,0.01066666667
2018-02-08,56.2,8.028571429,0,-0.01143359719,-0.01143359719
2018-02-09,55,7.857142857,0,-0.02135231317,-0.02135231317
2018-02-12,56.05,8.007142857,0,0.01909090909,0.01909090909
2018-02-21,58.45,8.35,0,0.04281891169,0.04281891169
2018-02-22,58.9,8.414285714,0,0.007698887938,0.007698887938
2018-02-23,58.6,8.371428571,0,-0.005093378608,-0.005093378608
2018-02-26,56.85,8.121428571,0,-0.02986348123,-0.02986348123
2018-02-27,56.9,8.128571429,0,0.0008795074758,0.0008795074758
2018-03-01,56.1,8.014285714,0,-0.01405975395,-0.01405975395
2018-03-02,55.2,7.885714286,0,-0.01604278075,-0.01604278075
2018-03-05,55.4,7.914285714,0,0.003623188406,0.003623188406
2018-03-06,56.6,8.085714286,0,0.02166064982,0.02166064982
2018-03-07,56.3,8.042857143,0,-0.005300353357,-0.005300353357
2018-03-08,57.1,8.157142857,0,0.01420959147,0.01420959147
2018-03-09,57.1,8.157142857,0,0,0
2018-03-12,57.6,8.228571429,0,0.008756567426,0.008756567426
2018-03-13,58.4,8.342857143,0,0.01388888889,0.01388888889
2018-03-14,57.9,8.271428571,0,-0.008561643836,-0.008561643836
2018-03-15,57.65,8.235714286,0,-0.004317789292,-0.004317789292
2018-03-16,57.8,8.257142857,0,0.002601908066,0.002601908066
2018-03-19,57.75,8.25,0,-0.0008650519031,-0.0008650519031
2018-03-20,57.45,8.207142857,0,-0.005194805195,-0.005194805195
2018-03-21,57.7,8.242857143,0,0.004351610096,0.004351610096
2018-03-22,57.85,8.264285714,0,0.00259965338,0.00259965338
2018-03-23,56.15,8.021428571,0,-0.02938634399,-0.02938634399
2018-03-26,56.1,8.014285714,0,-0.0008904719501,-0.0008904719501
2018-03-27,57.2,8.171428571,0,0.01960784314,0.01960784314
2018-03-28,56.7,8.1,0,-0.008741258741,-0.008741258741
2018-03-29,56.35,8.05,0,-0.006172839506,-0.006172839506
2018-03-30,56.75,8.107142857,0,0.007098491571,0.007098491571
2018-03-31,56.9,8.128571429,0,0.002643171806,0.002643171806
2018-04-02,56.95,8.135714286,0,0.0008787346221,0.0008787346221
2018-04-03,56.4,8.057142857,0,-0.009657594381,-0.009657594381
2018-04-09,56.65,8.092857143,0,0.004432624113,0.004432624113
2018-04-10,57,8.142857143,0,0.006178287732,0.006178287732
2018-04-11,57.35,8.192857143,0,0.006140350877,0.006140350877
2018-04-12,56.7,8.1,0,-0.01133391456,-0.01133391456
2018-04-13,57.05,8.15,0,0.006172839506,0.006172839506
2018-04-16,56.7,8.1,0,-0.006134969325,-0.006134969325
2018-04-17,55.9,7.985714286,0,-0.01410934744,-0.01410934744
2018-04-18,55.55,7.935714286,0,-0.00626118068,-0.00626118068
2018-04-19,56.85,8.121428571,0,0.02340234023,0.02340234023
2018-04-20,54.8,7.828571429,0,-0.03605980651,-0.03605980651
2018-04-23,54.5,7.785714286,0,-0.005474452555,-0.005474452555
2018-04-24,54.5,7.785714286,0,0,0
2018-04-25,53.6,7.657142857,0,-0.01651376147,-0.01651376147
2018-04-26,53.65,7.664285714,0,0.0009328358209,0.0009328358209
2018-04-27,53.2,7.6,0,-0.008387698043,-0.008387698043
2018-04-30,53.6,7.657142857,0,0.007518796992,0.007518796992
2018-05-02,53.5,7.642857143,0,-0.001865671642,-0.001865671642
2018-05-03,52.9,7.557142857,1.72,0.2138317757,0.020934579401477915
2018-05-04,51.15,7.307142857,0,-0.03308128544,-0.03308128544
2018-05-07,51,7.285714286,0,-0.00293255132,-0.00293255132
2018-05-08,51.35,7.335714286,0,0.006862745098,0.006862745098
2018-05-09,51.7,7.385714286,0,0.006815968841,0.006815968841
2018-05-10,52.25,7.464285714,0,0.01063829787,0.01063829787
2018-05-11,53,7.571428571,0,0.01435406699,0.01435406699
2018-05-14,52.85,7.55,0,-0.002830188679,-0.002830188679
2018-05-15,52.3,7.471428571,0,-0.01040681173,-0.01040681173
2018-05-16,52.2,7.457142857,0,-0.001912045889,-0.001912045889
2018-05-17,52,7.428571429,0,-0.003831417625,-0.003831417625
2018-05-18,51.45,7.35,0,-0.01057692308,-0.01057692308
2018-05-21,52.2,7.457142857,0,0.01457725948,0.01457725948
2018-05-22,52.5,7.5,0,0.005747126437,0.005747126437
2018-05-23,52.3,7.471428571,0,-0.00380952381,-0.00380952381
2018-05-24,52.3,7.471428571,0,0,0
2018-05-25,52.35,7.478571429,0,0.0009560229446,0.0009560229446
2018-05-28,52.25,7.464285714,0,-0.001910219675,-0.001910219675
2018-05-29,52.1,7.442857143,0,-0.002870813397,-0.002870813397
2018-05-30,51.1,7.3,0,-0.01919385797,-0.01919385797
2018-05-31,51.15,7.307142857,0,0.0009784735812,0.0009784735812
2018-06-01,51.6,7.371428571,0,0.008797653959,0.008797653959
2018-06-04,52.25,7.464285714,0,0.01259689922,0.01259689922
2018-06-05,51.95,7.421428571,0,-0.005741626794,-0.005741626794
2018-06-06,52.3,7.471428571,0,0.006737247353,0.006737247353
2018-06-07,52.5,7.5,0,0.003824091778,0.003824091778
2018-06-08,51.8,7.4,0,-0.01333333333,-0.01333333333
2018-06-11,52.1,7.442857143,0,0.005791505792,0.005791505792
2018-06-12,51.8,7.4,0,-0.00575815739,-0.00575815739
2018-06-13,52.2,7.457142857,0,0.007722007722,0.007722007722
2018-06-14,51.55,7.364285714,0,-0.01245210728,-0.01245210728
2018-06-15,51.4,7.342857143,0,-0.002909796314,-0.002909796314
2018-06-19,51.4,7.342857143,0,0,0
2018-06-20,51.35,7.335714286,0,-0.0009727626459,-0.0009727626459
2018-06-21,51.25,7.321428571,0,-0.001947419669,-0.001947419669
2018-06-22,51.1,7.3,0,-0.002926829268,-0.002926829268
2018-06-25,49.98,7.14,0,-0.02191780822,-0.02191780822
2018-06-26,50.05,7.15,0,0.001400560224,0.001400560224
2018-06-27,49.84,7.12,0,-0.004195804196,-0.004195804196
2018-06-28,49.38,7.054285714,0,-0.00922953451,-0.00922953451
2018-06-29,49.88,7.125714286,0,0.01012555691,0.01012555691
2018-07-02,50.15,7.164285714,0,0.005412991179,0.005412991179
2018-07-03,49.78,7.111428571,0,-0.007377866401,-0.007377866401
2018-07-04,50,7.142857143,0,0.00441944556,0.00441944556
2018-07-05,49.56,7.08,0,-0.0088,-0.0088
2018-07-06,50.2,7.171428571,0,0.01291364003,0.01291364003
2018-07-09,50.85,7.264285714,0,0.01294820717,0.01294820717
2018-07-10,51.1,7.3,0,0.004916420846,0.004916420846
2018-07-11,50.55,7.221428571,0,-0.01076320939,-0.01076320939
2018-07-12,51.1,7.3,0,0.01088031652,0.01088031652
2018-07-13,51.35,7.335714286,0,0.004892367906,0.004892367906
2018-07-16,51.9,7.414285714,0,0.01071080818,0.01071080818
2018-07-17,51.4,7.342857143,0,-0.009633911368,-0.009633911368
2018-07-18,51.5,7.357142857,0,0.001945525292,0.001945525292
2018-07-19,52,7.428571429,0,0.009708737864,0.009708737864
2018-07-20,53.15,7.592857143,0,0.02211538462,0.02211538462
2018-07-23,53.9,7.7,0,0.01411100659,0.01411100659
2018-07-24,53.7,7.671428571,0,-0.003710575139,-0.003710575139
2018-07-25,53.7,7.671428571,0,0,0
2018-07-26,54,7.714285714,0,0.005586592179,0.005586592179
2018-07-27,54.55,7.792857143,0,0.01018518519,0.01018518519
2018-07-30,54.7,7.814285714,0,0.002749770852,0.002749770852
2018-07-31,54.45,7.778571429,0,-0.004570383912,-0.004570383912
2018-08-01,55.5,7.928571429,0,0.01928374656,0.01928374656
2018-08-02,54.6,7.8,0,-0.01621621622,-0.01621621622
2018-08-03,55,7.857142857,0,0.007326007326,0.007326007326
2018-08-06,55.15,7.878571429,0,0.002727272727,0.002727272727
2018-08-07,54.35,7.764285714,0,-0.01450589302,-0.01450589302
2018-08-08,54.95,7.85,0,0.01103955842,0.01103955842
2018-08-09,55.1,7.871428571,0,0.002729754322,0.002729754322
2018-08-10,54.5,7.785714286,0,-0.0108892922,-0.0108892922
2018-08-13,53.25,7.607142857,0,-0.02293577982,-0.02293577982
2018-08-14,53.95,7.707142857,0,0.01314553991,0.01314553991
2018-08-15,53.25,7.607142857,0,-0.01297497683,-0.01297497683
2018-08-16,53,7.571428571,0,-0.004694835681,-0.004694835681
2018-08-17,52.9,7.557142857,0,-0.001886792453,-0.001886792453
2018-08-20,52.95,7.564285714,0,0.0009451795841,0.0009451795841
2018-08-21,53.3,7.614285714,0,0.006610009443,0.006610009443
2018-08-22,53.55,7.65,0,0.00469043152,0.00469043152
2018-08-23,53.8,7.685714286,0,0.00466853408,0.00466853408
2018-08-24,53.9,7.7,0,0.001858736059,0.001858736059
2018-08-27,54.35,7.764285714,0,0.008348794063,0.008348794063
2018-08-28,54.95,7.85,0,0.01103955842,0.01103955842
2018-08-29,55.85,7.978571429,0,0.01637852593,0.01637852593
2018-08-30,56.5,8.071428571,0,0.01163831692,0.01163831692
2018-08-31,55.55,7.935714286,0,-0.01681415929,-0.01681415929
2018-09-03,55.5,7.928571429,0,-0.000900090009,-0.000900090009
2018-09-04,55.6,7.942857143,0,0.001801801802,0.001801801802
2018-09-05,56.3,8.042857143,0,0.01258992806,0.01258992806
2018-09-06,56.15,8.021428571,0,-0.002664298401,-0.002664298401
2018-09-07,56,8,0,-0.00267141585,-0.00267141585
2018-09-10,55.5,7.928571429,0,-0.008928571429,-0.008928571429
2018-09-11,55.35,7.907142857,0,-0.002702702703,-0.002702702703
2018-09-12,54.75,7.821428571,0,-0.0108401084,-0.0108401084
2018-09-13,54.5,7.785714286,0,-0.004566210046,-0.004566210046
2018-09-14,55.75,7.964285714,0,0.02293577982,0.02293577982
2018-09-17,55.4,7.914285714,0,-0.006278026906,-0.006278026906
2018-09-18,54.75,7.821428571,0,-0.01173285199,-0.01173285199
2018-09-19,55.2,7.885714286,0,0.008219178082,0.008219178082
2018-09-20,54.9,7.842857143,0,-0.005434782609,-0.005434782609
2018-09-21,55.25,7.892857143,0,0.006375227687,0.006375227687
2018-09-25,55.8,7.971428571,0,0.009954751131,0.009954751131
2018-09-26,55.95,7.992857143,0,0.002688172043,0.002688172043
2018-09-27,56.3,8.042857143,0,0.006255585344,0.006255585344
2018-09-28,55.75,7.964285714,0,-0.009769094139,-0.009769094139
2018-10-01,55.5,7.928571429,0,-0.004484304933,-0.004484304933
2018-10-02,55.15,7.878571429,0,-0.006306306306,-0.006306306306
2018-10-03,55.25,7.892857143,0,0.001813236627,0.001813236627
2018-10-04,54.45,7.778571429,0,-0.01447963801,-0.01447963801
2018-10-05,53.15,7.592857143,0,-0.02387511478,-0.02387511478
2018-10-08,52.2,7.457142857,0,-0.01787394167,-0.01787394167
2018-10-09,52.2,7.457142857,0,0,0
2018-10-11,48.99,6.998571429,0,-0.06149425287,-0.06149425287
2018-10-12,50.1,7.157142857,0,0.02265768524,0.02265768524
2018-10-15,49.58,7.082857143,0,-0.01037924152,-0.01037924152
2018-10-16,50.2,7.171428571,0,0.01250504236,0.01250504236
2018-10-17,51,7.285714286,0,0.01593625498,0.01593625498
2018-10-18,50.65,7.235714286,0,-0.006862745098,-0.006862745098
2018-10-19,50.2,7.171428571,0,-0.008884501481,-0.008884501481
2018-10-22,50.4,7.2,0,0.003984063745,0.003984063745
2018-10-23,49.33,7.047142857,0,-0.02123015873,-0.02123015873
2018-10-24,49.33,7.047142857,0,0,0
2018-10-25,47.7,6.814285714,0,-0.03304277316,-0.03304277316
2018-10-26,47.32,6.76,0,-0.007966457023,-0.007966457023
2018-10-29,47.5,6.785714286,0,0.003803888419,0.003803888419
2018-10-30,47.93,6.847142857,0,0.009052631579,0.009052631579
2018-10-31,47.8,6.828571429,0,-0.002712288754,-0.002712288754
2018-11-01,50.05,7.15,0,0.04707112971,0.04707112971
2018-11-02,50.1,7.157142857,0,0.000999000999,0.000999000999
2018-11-05,49.88,7.125714286,0,-0.004391217565,-0.004391217565
2018-11-06,48.5,6.928571429,0,-0.02766639936,-0.02766639936
2018-11-07,49.84,7.12,0,0.02762886598,0.02762886598
2018-11-08,50.25,7.178571429,0,0.008226324238,0.008226324238
2018-11-09,49.04,7.005714286,0,-0.02407960199,-0.02407960199
2018-11-12,49.67,7.095714286,0,0.01284665579,0.01284665579
2018-11-13,48.8,6.971428571,0,-0.01751560298,-0.01751560298
2018-11-14,48.96,6.994285714,0,0.003278688525,0.003278688525
2018-11-15,49.13,7.018571429,0,0.003472222222,0.003472222222
2018-11-16,48.5,6.928571429,0,-0.01282312233,-0.01282312233
2018-11-19,48.09,6.87,0,-0.008453608247,-0.008453608247
2018-11-20,47.49,6.784285714,0,-0.01247660636,-0.01247660636
2018-11-21,47.41,6.772857143,0,-0.001684565172,-0.001684565172
2018-11-22,47.73,6.818571429,0,0.00674963088,0.00674963088
2018-11-23,47.53,6.79,0,-0.004190236748,-0.004190236748
2018-11-26,48.4,6.914285714,0,0.01830422891,0.01830422891
2018-11-27,48.45,6.921428571,0,0.001033057851,0.001033057851
2018-11-28,53.25,7.607142857,0,0.09907120743,0.09907120743
2018-11-29,49.66,7.094285714,0,-0.06741784038,-0.06741784038
2018-11-30,49.76,7.108571429,0,0.002013693113,0.002013693113
2018-12-03,50.75,7.25,0,0.01989549839,0.01989549839
2018-12-04,50.7,7.242857143,0,-0.0009852216749,-0.0009852216749
2018-12-05,49.33,7.047142857,0,-0.02702169625,-0.02702169625
2018-12-06,47.97,6.852857143,0,-0.02756943037,-0.02756943037
2018-12-07,48.37,6.91,0,0.008338544924,0.008338544924
2018-12-10,47.52,6.788571429,0,-0.01757287575,-0.01757287575
2018-12-11,48.01,6.858571429,0,0.01031144781,0.01031144781
2018-12-12,48.65,6.95,0,0.01333055613,0.01333055613
2018-12-13,49.04,7.005714286,0,0.008016443988,0.008016443988
2018-12-14,48,6.857142857,0,-0.02120717781,-0.02120717781
2018-12-17,48.51,6.93,0,0.010625,0.010625
2018-12-18,47.87,6.838571429,0,-0.01319315605,-0.01319315605
2018-12-19,48.46,6.922857143,0,0.012325047,0.012325047
2018-12-20,47.87,6.838571429,0,-0.01217498968,-0.01217498968
2018-12-21,47.73,6.818571429,0,-0.002924587424,-0.002924587424
2018-12-22,47.68,6.811428571,0,-0.001047559187,-0.001047559187
2018-12-24,47.51,6.787142857,0,-0.003565436242,-0.003565436242
2018-12-25,46.57,6.652857143,0,-0.01978530836,-0.01978530836
2018-12-26,46.93,6.704285714,0,0.007730298475,0.007730298475
2018-12-27,48.05,6.864285714,0,0.02386533134,0.02386533134
2018-12-28,48.11,6.872857143,0,0.001248699272,0.001248699272
2019-01-02,47.6,6.8,0,-0.01060070671,-0.01060070671
2019-01-03,46.8,6.685714286,0,-0.01680672269,-0.01680672269
2019-01-04,45.56,6.508571429,0,-0.0264957265,-0.0264957265
2019-01-07,46.9,6.7,0,0.02941176471,0.02941176471
2019-01-08,46.37,6.624285714,0,-0.01130063966,-0.01130063966
2019-01-09,47.47,6.781428571,0,0.0237222342,0.0237222342
2019-01-10,47.52,6.788571429,0,0.001053296819,0.001053296819
2019-01-11,48.2,6.885714286,0,0.01430976431,0.01430976431
2019-01-14,48.2,6.885714286,0,0,0
2019-01-15,48.3,6.9,0,0.002074688797,0.002074688797
2019-01-16,48.27,6.895714286,0,-0.0006211180124,-0.0006211180124
2019-01-17,48.55,6.935714286,0,0.005800704371,0.005800704371
2019-01-18,48.62,6.945714286,0,0.001441812564,0.001441812564
2019-01-21,49.25,7.035714286,0,0.0129576306,0.0129576306
2019-01-22,49,7,0,-0.005076142132,-0.005076142132
2019-01-23,48.9,6.985714286,0,-0.002040816327,-0.002040816327
2019-01-24,47.35,6.764285714,0,-0.03169734151,-0.03169734151
2019-01-25,49.95,7.135714286,0,0.05491024287,0.05491024287
2019-01-28,50.4,7.2,0,0.009009009009,0.009009009009
2019-01-29,49.43,7.061428571,0,-0.01924603175,-0.01924603175
2019-01-30,49.29,7.041428571,0,-0.002832288084,-0.002832288084
2019-02-11,50.55,7.221428571,0,0.02556299452,0.02556299452
2019-02-12,50.55,7.221428571,0,0,0
2019-02-13,50.7,7.242857143,0,0.00296735905,0.00296735905
2019-02-14,50.4,7.2,0,-0.005917159763,-0.005917159763
2019-02-15,50.25,7.178571429,0,-0.002976190476,-0.002976190476
2019-02-18,50.55,7.221428571,0,0.005970149254,0.005970149254
2019-02-19,50.1,7.157142857,0,-0.008902077151,-0.008902077151
2019-02-20,50.8,7.257142857,0,0.01397205589,0.01397205589
2019-02-21,51.35,7.335714286,0,0.01082677165,0.01082677165
2019-02-22,51.4,7.342857143,0,0.0009737098345,0.0009737098345
2019-02-25,51.95,7.421428571,0,0.01070038911,0.01070038911
2019-02-26,52.35,7.478571429,0,0.007699711261,0.007699711261
2019-02-27,52,7.428571429,0,-0.006685768863,-0.006685768863
2019-03-04,51.9,7.414285714,0,-0.001923076923,-0.001923076923
2019-03-05,51.5,7.357142857,0,-0.007707129094,-0.007707129094
2019-03-06,51.75,7.392857143,0,0.004854368932,0.004854368932
2019-03-07,51.6,7.371428571,0,-0.002898550725,-0.002898550725
2019-03-08,51.05,7.292857143,0,-0.01065891473,-0.01065891473
2019-03-11,51,7.285714286,0,-0.0009794319295,-0.0009794319295
2019-03-12,52.05,7.435714286,0,0.02058823529,0.02058823529
2019-03-13,52,7.428571429,0,-0.0009606147935,-0.0009606147935
2019-03-14,51.8,7.4,0,-0.003846153846,-0.003846153846
2019-03-15,52.35,7.478571429,0,0.01061776062,0.01061776062
2019-03-18,52.9,7.557142857,0,0.01050620821,0.01050620821
2019-03-19,52.7,7.528571429,0,-0.003780718336,-0.003780718336
2019-03-20,52.75,7.535714286,0,0.0009487666034,0.0009487666034
2019-03-21,53.45,7.635714286,0,0.01327014218,0.01327014218
2019-03-22,53.65,7.664285714,0,0.00374181478,0.00374181478
2019-03-25,52.95,7.564285714,0,-0.01304753029,-0.01304753029
2019-03-26,53.35,7.621428571,0,0.007554296506,0.007554296506
2019-03-27,52.95,7.564285714,0,-0.007497656982,-0.007497656982
2019-03-28,53,7.571428571,0,0.0009442870633,0.0009442870633
2019-03-29,53.2,7.6,0,0.003773584906,0.003773584906
2019-04-01,54.2,7.742857143,0,0.01879699248,0.01879699248
2019-04-02,53.95,7.707142857,0,-0.004612546125,-0.004612546125
2019-04-03,54.35,7.764285714,0,0.007414272475,0.007414272475
2019-04-08,55.3,7.9,0,0.01747930083,0.01747930083
2019-04-09,55.5,7.928571429,0,0.003616636528,0.003616636528
2019-04-10,55.45,7.921428571,0,-0.0009009009009,-0.0009009009009
2019-04-11,55.1,7.871428571,0,-0.006311992786,-0.006311992786
2019-04-12,55,7.857142857,0,-0.001814882033,-0.001814882033
2019-04-15,55.7,7.957142857,0,0.01272727273,0.01272727273
2019-04-16,56,8,0,0.005385996409,0.005385996409
2019-04-17,56.9,8.128571429,0,0.01607142857,0.01607142857
2019-04-18,57.2,8.171428571,0,0.005272407733,0.005272407733
2019-04-19,57.25,8.178571429,0,0.0008741258741,0.0008741258741
2019-04-22,57.4,8.2,0,0.002620087336,0.002620087336
2019-04-23,57.55,8.221428571,0,0.002613240418,0.002613240418
2019-04-24,57.7,8.242857143,0,0.002606429192,0.002606429192
2019-04-25,57.65,8.235714286,0,-0.0008665511265,-0.0008665511265
2019-04-26,56.4,8.057142857,0,-0.02168256722,-0.02168256722
2019-04-29,56.1,8.014285714,0,-0.005319148936,-0.005319148936
2019-04-30,56.4,8.057142857,0,0.005347593583,0.005347593583
2019-05-02,55.3,7.9,1.047,0.1104432624,-0.0009397162943428627
2019-05-03,56.15,8.021428571,0,0.01537070524,0.01537070524
2019-05-06,55.25,7.892857143,0,-0.0160284951,-0.0160284951
2019-05-07,56,8,0,0.01357466063,0.01357466063
2019-05-08,55.4,7.914285714,0,-0.01071428571,-0.01071428571
2019-05-09,54.5,7.785714286,0,-0.01624548736,-0.01624548736
2019-05-10,54.2,7.742857143,0,-0.005504587156,-0.005504587156
2019-05-13,53.05,7.578571429,0,-0.02121771218,-0.02121771218
2019-05-14,52.8,7.542857143,0,-0.004712535344,-0.004712535344
2019-05-15,53.05,7.578571429,0,0.004734848485,0.004734848485
2019-05-16,52.45,7.492857143,0,-0.01131008483,-0.01131008483
2019-05-17,51.95,7.421428571,0,-0.009532888465,-0.009532888465
2019-05-20,51,7.285714286,0,-0.01828681424,-0.01828681424
2019-05-21,50.55,7.221428571,0,-0.008823529412,-0.008823529412
2019-05-22,51.25,7.321428571,0,0.01384767557,0.01384767557
2019-05-23,49.79,7.112857143,0,-0.02848780488,-0.02848780488
2019-05-24,50,7.142857143,0,0.0042177144,0.0042177144
2019-05-27,49.83,7.118571429,0,-0.0034,-0.0034
2019-05-28,49.69,7.098571429,0,-0.002809552478,-0.002809552478
2019-05-29,49.29,7.041428571,0,-0.008049909439,-0.008049909439
2019-05-30,49.74,7.105714286,0,0.009129640901,0.009129640901
2019-05-31,50.85,7.264285714,0,0.02231604343,0.02231604343
2019-06-03,50.95,7.278571429,0,0.001966568338,0.001966568338
2019-06-04,50.6,7.228571429,0,-0.006869479882,-0.006869479882
2019-06-05,50.9,7.271428571,0,0.005928853755,0.005928853755
2019-06-06,50.2,7.171428571,0,-0.0137524558,-0.0137524558
2019-06-10,51.2,7.314285714,0,0.01992031873,0.01992031873
2019-06-11,52.2,7.457142857,0,0.01953125,0.01953125
2019-06-12,52.55,7.507142857,0,0.006704980843,0.006704980843
2019-06-13,51.8,7.4,0,-0.01427212179,-0.01427212179
2019-06-14,51.15,7.307142857,0,-0.01254826255,-0.01254826255
2019-06-17,50.6,7.228571429,0,-0.01075268817,-0.01075268817
2019-06-18,50.7,7.242857143,0,0.001976284585,0.001976284585
2019-06-19,52.3,7.471428571,0,0.0315581854,0.0315581854
2019-06-20,52.6,7.514285714,0,0.005736137667,0.005736137667
2019-06-21,53,7.571428571,0,0.007604562738,0.007604562738
2019-06-24,53.5,7.642857143,0,0.009433962264,0.009433962264
2019-06-25,52.7,7.528571429,0,-0.01495327103,-0.01495327103
2019-06-26,52.4,7.485714286,0,-0.00569259962,-0.00569259962
2019-06-27,53.45,7.635714286,0,0.02003816794,0.02003816794
2019-06-28,53.1,7.585714286,0,-0.006548175865,-0.006548175865
2019-07-01,54.95,7.85,0,0.03483992467,0.03483992467
2019-07-02,54.95,7.85,0,0,0
2019-07-03,53.9,7.7,0,-0.01910828025,-0.01910828025
2019-07-04,54.25,7.75,0,0.006493506494,0.006493506494
2019-07-05,54,7.714285714,0,-0.004608294931,-0.004608294931
2019-07-08,53.95,7.707142857,0,-0.0009259259259,-0.0009259259259
2019-07-09,53.7,7.671428571,0,-0.004633920297,-0.004633920297
2019-07-10,54.65,7.807142857,0,0.01769087523,0.01769087523
2019-07-11,55.5,7.928571429,0,0.01555352242,0.01555352242
2019-07-12,55.7,7.957142857,0,0.003603603604,0.003603603604
2019-07-15,56.15,8.021428571,0,0.008078994614,0.008078994614
2019-07-16,56.35,8.05,0,0.003561887801,0.003561887801
2019-07-17,56,8,0,-0.006211180124,-0.006211180124
2019-07-18,55.9,7.985714286,0,-0.001785714286,-0.001785714286
2019-07-19,56.85,8.121428571,0,0.01699463327,0.01699463327
2019-07-22,57.6,8.228571429,0,0.01319261214,0.01319261214
2019-07-23,57.6,8.228571429,0,0,0
2019-07-24,57.7,8.242857143,0,0.001736111111,0.001736111111
2019-07-25,57.8,8.257142857,0,0.001733102253,0.001733102253
2019-07-26,57.55,8.221428571,0,-0.004325259516,-0.004325259516
2019-07-29,57.3,8.185714286,0,-0.004344048653,-0.004344048653
2019-07-30,57.3,8.185714286,0,0,0
2019-07-31,56.85,8.121428571,0,-0.007853403141,-0.007853403141
2019-08-01,56.4,8.057142857,0,-0.007915567282,-0.007915567282
2019-08-02,55.5,7.928571429,0,-0.01595744681,-0.01595744681
2019-08-05,54.35,7.764285714,0,-0.02072072072,-0.02072072072
2019-08-06,54.8,7.828571429,0,0.008279668813,0.008279668813
2019-08-07,54.7,7.814285714,0,-0.001824817518,-0.001824817518
2019-08-08,55.6,7.942857143,0,0.01645338208,0.01645338208
2019-08-12,55.45,7.921428571,0,-0.002697841727,-0.002697841727
2019-08-13,54.8,7.828571429,0,-0.01172227232,-0.01172227232
2019-08-14,55.15,7.878571429,0,0.006386861314,0.006386861314
2019-08-15,54.5,7.785714286,0,-0.01178603808,-0.01178603808
2019-08-16,55.4,7.914285714,0,0.01651376147,0.01651376147
2019-08-19,55.8,7.971428571,0,0.007220216606,0.007220216606
2019-08-20,56.25,8.035714286,0,0.008064516129,0.008064516129
2019-08-21,56.5,8.071428571,0,0.004444444444,0.004444444444
2019-08-22,56.4,8.057142857,0,-0.001769911504,-0.001769911504
2019-08-23,56.25,8.035714286,0,-0.002659574468,-0.002659574468
2019-08-26,55.3,7.9,0,-0.01688888889,-0.01688888889
2019-08-27,55.4,7.914285714,0,0.001808318264,0.001808318264
2019-08-28,56.05,8.007142857,0,0.01173285199,0.01173285199
2019-08-29,56.3,8.042857143,0,0.004460303301,0.004460303301
2019-08-30,57.2,8.171428571,0,0.01598579041,0.01598579041
2019-09-02,57.2,8.171428571,0,0,0
2019-09-03,56.7,8.1,0,-0.008741258741,-0.008741258741
2019-09-04,57.1,8.157142857,0,0.007054673721,0.007054673721
2019-09-05,58.2,8.314285714,0,0.01926444834,0.01926444834
2019-09-06,58.55,8.364285714,0,0.006013745704,0.006013745704
2019-09-09,58.7,8.385714286,0,0.002561912895,0.002561912895
2019-09-10,58,8.285714286,0,-0.01192504259,-0.01192504259
2019-09-11,58.05,8.292857143,0,0.0008620689655,0.0008620689655
2019-09-12,58.45,8.35,0,0.006890611542,0.006890611542
2019-09-16,58.85,8.407142857,0,0.006843455945,0.006843455945
2019-09-17,58.7,8.385714286,0,-0.002548853016,-0.002548853016
2019-09-18,59.4,8.485714286,0,0.01192504259,0.01192504259
2019-09-19,59,8.428571429,0,-0.006734006734,-0.006734006734
2019-09-20,59.2,8.457142857,0,0.003389830508,0.003389830508
2019-09-23,59,8.428571429,0,-0.003378378378,-0.003378378378
2019-09-24,59.3,8.471428571,0,0.005084745763,0.005084745763
2019-09-25,58.9,8.414285714,0,-0.006745362563,-0.006745362563
2019-09-26,59.5,8.5,0,0.01018675722,0.01018675722
2019-09-27,59.9,8.557142857,0,0.006722689076,0.006722689076
2019-10-01,60.85,8.692857143,0,0.01585976628,0.01585976628
2019-10-02,61.25,8.75,0,0.006573541495,0.006573541495
2019-10-03,60.8,8.685714286,0,-0.007346938776,-0.007346938776
2019-10-04,60.8,8.685714286,0,0,0
2019-10-07,61.2,8.742857143,0,0.006578947368,0.006578947368
2019-10-08,62.25,8.892857143,0,0.01715686275,0.01715686275
2019-10-09,61.8,8.828571429,0,-0.007228915663,-0.007228915663
2019-10-14,62.85,8.978571429,0,0.01699029126,0.01699029126
2019-10-15,63.25,9.035714286,0,0.006364359586,0.006364359586
2019-10-16,63.45,9.064285714,0,0.003162055336,0.003162055336
2019-10-17,63.55,9.078571429,0,0.001576044129,0.001576044129
2019-10-18,63.45,9.064285714,0,-0.001573564123,-0.001573564123
2019-10-21,63.35,9.05,0,-0.001576044129,-0.001576044129
2019-10-22,63.6,9.085714286,0,0.003946329913,0.003946329913
2019-10-23,63.65,9.092857143,0,0.000786163522,0.000786163522
2019-10-24,64,9.142857143,0,0.005498821681,0.005498821681
2019-10-25,64.05,9.15,0,0.00078125,0.00078125
2019-10-28,64.6,9.228571429,0,0.008587041374,0.008587041374
2019-10-29,64.75,9.25,0,0.002321981424,0.002321981424
2019-10-30,64.75,9.25,0,0,0
2019-10-31,65.45,9.35,0,0.01081081081,0.01081081081
2019-11-01,65.15,9.307142857,0,-0.004583651642,-0.004583651642
2019-11-04,66.9,9.557142857,0,0.02686108979,0.02686108979
2019-11-05,67.5,9.642857143,0,0.008968609865,0.008968609865
2019-11-06,67.85,9.692857143,0,0.005185185185,0.005185185185
2019-11-07,67.1,9.585714286,0,-0.01105379514,-0.01105379514
2019-11-08,66.9,9.557142857,0,-0.002980625931,-0.002980625931
2019-11-11,66,9.428571429,0,-0.0134529148,-0.0134529148
2019-11-12,66.5,9.5,0,0.007575757576,0.007575757576
2019-11-13,66.5,9.5,0,0,0
2019-11-14,66.1,9.442857143,0,-0.006015037594,-0.006015037594
2019-11-15,67.1,9.585714286,0,0.01512859304,0.01512859304
2019-11-18,67.7,9.671428571,0,0.008941877794,0.008941877794
2019-11-19,68.3,9.757142857,0,0.008862629247,0.008862629247
2019-11-20,68.35,9.764285714,0,0.0007320644217,0.0007320644217
2019-11-21,67.5,9.642857143,0,-0.01243599122,-0.01243599122
2019-11-22,67.4,9.628571429,0,-0.001481481481,-0.001481481481
2019-11-25,67.6,9.657142857,0,0.00296735905,0.00296735905
2019-11-26,67.4,9.628571429,0,-0.002958579882,-0.002958579882
2019-11-27,67.7,9.671428571,0,0.004451038576,0.004451038576
2019-11-28,67.7,9.671428571,0,0,0
2019-11-29,66.7,9.528571429,0,-0.01477104874,-0.01477104874
2019-12-02,67.05,9.578571429,0,0.005247376312,0.005247376312
2019-12-03,66.55,9.507142857,0,-0.007457121551,-0.007457121551
2019-12-04,66.45,9.492857143,0,-0.001502629602,-0.001502629602
2019-12-05,67.6,9.657142857,0,0.0173062453,0.0173062453
2019-12-06,67.95,9.707142857,0,0.005177514793,0.005177514793
2019-12-09,68.75,9.821428571,0,0.01177336277,0.01177336277
2019-12-10,68.3,9.757142857,0,-0.006545454545,-0.006545454545
2019-12-11,69.05,9.864285714,0,0.01098096633,0.01098096633
2019-12-12,71.75,10.25,0,0.03910209993,0.03910209993
2019-12-13,73,10.42857143,0,0.01742160279,0.01742160279
2019-12-16,72.65,10.37857143,0,-0.004794520548,-0.004794520548
2019-12-17,73.85,10.55,0,0.0165175499,0.0165175499
2019-12-18,74.15,10.59285714,0,0.004062288422,0.004062288422
2019-12-19,72.9,10.41428571,0,-0.01685772084,-0.01685772084
2019-12-20,72.2,10.31428571,0,-0.009602194787,-0.009602194787
2019-12-23,72.6,10.37142857,0,0.005540166205,0.005540166205
2019-12-24,72.4,10.34285714,0,-0.002754820937,-0.002754820937
2019-12-25,72.5,10.35714286,0,0.00138121547,0.00138121547
2019-12-26,72.55,10.36428571,0,0.0006896551724,0.0006896551724
2019-12-27,73.4,10.48571429,0,0.01171605789,0.01171605789
2019-12-30,72.85,10.40714286,0,-0.007493188011,-0.007493188011
2019-12-31,72.2,10.31428571,0,-0.008922443377,-0.008922443377
2020-01-02,73.3,10.47142857,0,0.01523545706,0.01523545706
2020-01-03,72.85,10.40714286,0,-0.006139154161,-0.006139154161
2020-01-06,72.05,10.29285714,0,-0.01098146877,-0.01098146877
2020-01-07,71.8,10.25714286,0,-0.00346981263,-0.00346981263
2020-01-08,71.25,10.17857143,0,-0.007660167131,-0.007660167131
2020-01-09,72.45,10.35,0,0.01684210526,0.01684210526
2020-01-10,72.5,10.35714286,0,0.0006901311249,0.0006901311249
2020-01-13,73.3,10.47142857,0,0.01103448276,0.01103448276
2020-01-14,73.95,10.56428571,0,0.008867667121,0.008867667121
2020-01-15,73,10.42857143,0,-0.01284651792,-0.01284651792
2020-01-16,72.6,10.37142857,0,-0.005479452055,-0.005479452055
2020-01-17,72.3,10.32857143,0,-0.004132231405,-0.004132231405
2020-01-20,72.5,10.35714286,0,0.002766251729,0.002766251729
2020-01-30,68.95,9.85,0,-0.04896551724,-0.04896551724
2020-01-31,69.7,9.957142857,0,0.01087744743,0.01087744743
2020-02-03,68.4,9.771428571,0,-0.01865136298,-0.01865136298
2020-02-04,70.25,10.03571429,0,0.02704678363,0.02704678363
2020-02-05,70.6,10.08571429,0,0.004982206406,0.004982206406
2020-02-06,71.65,10.23571429,0,0.01487252125,0.01487252125
2020-02-07,70.9,10.12857143,0,-0.01046755059,-0.01046755059
2020-02-10,71.55,10.22142857,0,0.009167842031,0.009167842031
2020-02-11,72.6,10.37142857,0,0.01467505241,0.01467505241
2020-02-12,72.8,10.4,0,0.002754820937,0.002754820937
2020-02-13,72.5,10.35714286,0,-0.004120879121,-0.004120879121
2020-02-14,72.3,10.32857143,0,-0.00275862069,-0.00275862069
2020-02-17,72.1,10.3,0,-0.002766251729,-0.002766251729
2020-02-18,70.6,10.08571429,0,-0.02080443828,-0.02080443828
2020-02-19,70.7,10.1,0,0.001416430595,0.001416430595
2020-02-20,70.85,10.12142857,0,0.002121640736,0.002121640736
2020-02-21,70.75,10.10714286,0,-0.001411432604,-0.001411432604
2020-02-24,69.75,9.964285714,0,-0.01413427562,-0.01413427562
2020-02-25,69.35,9.907142857,0,-0.005734767025,-0.005734767025
2020-02-26,68.6,9.8,0,-0.010814708,-0.010814708
2020-02-27,67.9,9.7,0,-0.01020408163,-0.01020408163
2020-03-02,66.85,9.55,0,-0.01546391753,-0.01546391753
2020-03-03,68.45,9.778571429,0,0.023934181,0.023934181
2020-03-04,68.7,9.814285714,0,0.00365230095,0.00365230095
2020-03-05,69.8,9.971428571,0,0.01601164483,0.01601164483
2020-03-06,68.1,9.728571429,0,-0.02435530086,-0.02435530086
2020-03-09,66,9.428571429,0,-0.03083700441,-0.03083700441
2020-03-10,66.5,9.5,0,0.007575757576,0.007575757576
2020-03-11,64.7,9.242857143,0,-0.02706766917,-0.02706766917
2020-03-12,63.1,9.014285714,0,-0.02472952087,-0.02472952087
2020-03-13,62.5,8.928571429,0,-0.009508716323,-0.009508716323
2020-03-16,58.8,8.4,0,-0.0592,-0.0592
2020-03-17,57.7,8.242857143,0,-0.01870748299,-0.01870748299
2020-03-18,55.35,7.907142857,0,-0.04072790295,-0.04072790295
2020-03-19,52.25,7.464285714,0,-0.05600722674,-0.05600722674
2020-03-20,56.4,8.057142857,0,0.07942583732,0.07942583732
2020-03-23,54.3,7.757142857,0,-0.03723404255,-0.03723404255
2020-03-24,57.4,8.2,0,0.05709023941,0.05709023941
2020-03-25,59.5,8.5,0,0.03658536585,0.03658536585
2020-03-26,60,8.571428571,0,0.008403361345,0.008403361345
2020-03-27,59.6,8.514285714,0,-0.006666666667,-0.006666666667
2020-03-30,58.25,8.321428571,0,-0.02265100671,-0.02265100671
2020-03-31,58.4,8.342857143,0,0.002575107296,0.002575107296
2020-04-01,58.75,8.392857143,0,0.005993150685,0.005993150685
2020-04-06,60,8.571428571,0,0.02127659574,0.02127659574
2020-04-07,62,8.857142857,0,0.03333333333,0.03333333333
2020-04-08,62.1,8.871428571,0,0.001612903226,0.001612903226
2020-04-09,61.8,8.828571429,0,-0.004830917874,-0.004830917874
2020-04-10,61.2,8.742857143,0,-0.009708737864,-0.009708737864
2020-04-13,61.3,8.757142857,0,0.001633986928,0.001633986928
2020-04-14,62.4,8.914285714,0,0.01794453507,0.01794453507
2020-04-15,62.95,8.992857143,0,0.008814102564,0.008814102564
2020-04-16,63.3,9.042857143,0,0.005559968229,0.005559968229
2020-04-17,65.8,9.4,0,0.03949447077,0.03949447077
2020-04-20,65.9,9.414285714,0,0.001519756839,0.001519756839
2020-04-21,65,9.285714286,0,-0.01365705615,-0.01365705615
2020-04-22,62.4,8.914285714,1.927,0.1675230769,-0.010353846215066076
2020-04-23,62.65,8.95,0,0.004006410256,0.004006410256
2020-04-24,62.55,8.935714286,0,-0.001596169194,-0.001596169194
2020-04-27,63.75,9.107142857,0,0.01918465228,0.01918465228
2020-04-28,63.1,9.014285714,0,-0.01019607843,-0.01019607843
2020-04-29,63.8,9.114285714,0,0.01109350238,0.01109350238
2020-04-30,64.75,9.25,0,0.01489028213,0.01489028213
2020-05-04,63,9,0,-0.02702702703,-0.02702702703
2020-05-05,62.8,8.971428571,0,-0.003174603175,-0.003174603175
2020-05-06,62.9,8.985714286,0,0.001592356688,0.001592356688
2020-05-07,63.6,9.085714286,0,0.01112877583,0.01112877583
2020-05-08,63.8,9.114285714,0,0.003144654088,0.003144654088
2020-05-11,64.2,9.171428571,0,0.006269592476,0.006269592476
2020-05-12,63.5,9.071428571,0,-0.01090342679,-0.01090342679
2020-05-13,63.5,9.071428571,0,0,0
2020-05-14,63,9,0,-0.007874015748,-0.007874015748
2020-05-15,63.5,9.071428571,0,0.007936507937,0.007936507937
2020-05-18,62.8,8.971428571,0,-0.01102362205,-0.01102362205
2020-05-19,63.55,9.078571429,0,0.01194267516,0.01194267516
2020-05-20,63.25,9.035714286,0,-0.004720692368,-0.004720692368
2020-05-21,64.05,9.15,0,0.01264822134,0.01264822134
2020-05-22,63.1,9.014285714,0,-0.01483216237,-0.01483216237
2020-05-25,62.95,8.992857143,0,-0.002377179081,-0.002377179081
2020-05-26,63.95,9.135714286,0,0.01588562351,0.01588562351
2020-05-27,64.2,9.171428571,0,0.003909304144,0.003909304144
2020-05-28,63.55,9.078571429,0,-0.01012461059,-0.01012461059
2020-05-29,63.35,9.05,0,-0.003147128245,-0.003147128245
2020-06-01,64.35,9.192857143,0,0.01578531965,0.01578531965
2020-06-02,64.6,9.228571429,0,0.003885003885,0.003885003885
2020-06-03,65.45,9.35,0,0.01315789474,0.01315789474
2020-06-04,66.4,9.485714286,0,0.01451489687,0.01451489687
2020-06-05,67.4,9.628571429,0,0.01506024096,0.01506024096
2020-06-08,69.2,9.885714286,0,0.02670623145,0.02670623145
2020-06-09,68.4,9.771428571,0,-0.01156069364,-0.01156069364
2020-06-10,69.25,9.892857143,0,0.01242690058,0.01242690058
2020-06-11,68.55,9.792857143,0,-0.01010830325,-0.01010830325
2020-06-12,68.1,9.728571429,0,-0.006564551422,-0.006564551422
2020-06-15,66.9,9.557142857,0,-0.01762114537,-0.01762114537
2020-06-16,68.3,9.757142857,0,0.02092675635,0.02092675635
2020-06-17,68.2,9.742857143,0,-0.001464128843,-0.001464128843
2020-06-18,68.55,9.792857143,0,0.005131964809,0.005131964809
2020-06-19,68.8,9.828571429,0,0.003646973012,0.003646973012
2020-06-22,69.1,9.871428571,0,0.004360465116,0.004360465116
2020-06-23,69.3,9.9,0,0.002894356006,0.002894356006
2020-06-24,70,10,0,0.0101010101,0.0101010101
2020-06-29,69.1,9.871428571,0,-0.01285714286,-0.01285714286
2020-06-30,69.4,9.914285714,0,0.004341534009,0.004341534009
2020-07-01,69.9,9.985714286,0,0.007204610951,0.007204610951
2020-07-02,71.1,10.15714286,0,0.01716738197,0.01716738197
2020-07-03,72.4,10.34285714,0,0.01828410689,0.01828410689
2020-07-06,74.15,10.59285714,0,0.02417127072,0.02417127072
2020-07-07,74.9,10.7,0,0.0101146325,0.0101146325
2020-07-08,75.7,10.81428571,0,0.01068090788,0.01068090788
2020-07-09,76.1,10.87142857,0,0.005284015852,0.005284015852
2020-07-10,75.85,10.83571429,0,-0.003285151117,-0.003285151117
2020-07-13,77.15,11.02142857,0,0.01713909031,0.01713909031
2020-07-14,78.3,11.18571429,0,0.01490602722,0.01490602722
2020-07-15,77.8,11.11428571,0,-0.006385696041,-0.006385696041
2020-07-16,77.6,11.08571429,0,-0.002570694087,-0.002570694087
2020-07-17,78.5,11.21428571,0,0.01159793814,0.01159793814
2020-07-20,78.5,11.21428571,0,0,0
2020-07-21,81.6,11.65714286,0,0.03949044586,0.03949044586
2020-07-22,82.4,11.77142857,0,0.009803921569,0.009803921569
2020-07-23,82.55,11.79285714,0,0.00182038835,0.00182038835
2020-07-24,83,11.85714286,0,0.005451241672,0.005451241672
2020-07-27,91.3,13.04285714,0,0.1,0.1
2020-07-28,93,13.28571429,0,0.01861993428,0.01861993428
2020-07-29,88.85,12.69285714,0,-0.04462365591,-0.04462365591
2020-07-30,90.95,12.99285714,0,0.02363534046,0.02363534046
2020-07-31,90.2,12.88571429,0,-0.00824628917,-0.00824628917
2020-08-03,87.9,12.55714286,0,-0.02549889135,-0.02549889135
2020-08-04,89.45,12.77857143,0,0.01763367463,0.01763367463
2020-08-05,90.5,12.92857143,0,0.01173840134,0.01173840134
2020-08-06,91.6,13.08571429,0,0.01215469613,0.01215469613
2020-08-07,90.8,12.97142857,0,-0.008733624454,-0.008733624454
2020-08-10,91.3,13.04285714,0,0.00550660793,0.00550660793
2020-08-11,90.3,12.9,0,-0.01095290252,-0.01095290252
2020-08-12,88.45,12.63571429,0,-0.02048726467,-0.02048726467
2020-08-13,89.4,12.77142857,0,0.01074053137,0.01074053137
2020-08-14,90,12.85714286,0,0.006711409396,0.006711409396
2020-08-17,91,13,0,0.01111111111,0.01111111111
2020-08-18,90.1,12.87142857,0,-0.00989010989,-0.00989010989
2020-08-19,89.1,12.72857143,0,-0.01109877913,-0.01109877913
2020-08-20,86.05,12.29285714,0,-0.0342312009,-0.0342312009
2020-08-21,88.05,12.57857143,0,0.02324230099,0.02324230099
2020-08-24,88.65,12.66428571,0,0.006814310051,0.006814310051
2020-08-25,89.6,12.8,0,0.01071630006,0.01071630006
2020-08-26,90.4,12.91428571,0,0.008928571429,0.008928571429
2020-08-27,90.9,12.98571429,0,0.005530973451,0.005530973451
2020-08-28,90,12.85714286,0,-0.009900990099,-0.009900990099
2020-08-31,88.15,12.59285714,0,-0.02055555556,-0.02055555556
2020-09-01,89.2,12.74285714,0,0.01191151446,0.01191151446
2020-09-02,89.3,12.75714286,0,0.001121076233,0.001121076233
2020-09-03,89.7,12.81428571,0,0.004479283315,0.004479283315
2020-09-04,88.8,12.68571429,0,-0.01003344482,-0.01003344482
2020-09-07,88.15,12.59285714,0,-0.00731981982,-0.00731981982
2020-09-08,88.8,12.68571429,0,0.007373794668,0.007373794668
2020-09-09,88.4,12.62857143,0,-0.004504504505,-0.004504504505
2020-09-10,89.1,12.72857143,0,0.007918552036,0.007918552036
2020-09-11,89.45,12.77857143,0,0.003928170595,0.003928170595
2020-09-14,90.4,12.91428571,0,0.01062045836,0.01062045836
2020-09-15,91.4,13.05714286,0,0.0110619469,0.0110619469
2020-09-16,93.65,13.37857143,0,0.02461706783,0.02461706783
2020-09-17,92.4,13.2,0,-0.01334757074,-0.01334757074
2020-09-18,92.25,13.17857143,0,-0.001623376623,-0.001623376623
2020-09-21,91.25,13.03571429,0,-0.0108401084,-0.0108401084
2020-09-22,90.6,12.94285714,0,-0.007123287671,-0.007123287671
2020-09-23,90.25,12.89285714,0,-0.003863134658,-0.003863134658
2020-09-24,88.15,12.59285714,0,-0.02326869806,-0.02326869806
2020-09-25,87.85,12.55,0,-0.003403289847,-0.003403289847
2020-09-28,89.25,12.75,0,0.01593625498,0.01593625498
2020-09-29,89.5,12.78571429,0,0.002801120448,0.002801120448
2020-09-30,90.25,12.89285714,0,0.008379888268,0.008379888268
2020-10-05,89.8,12.82857143,0,-0.004986149584,-0.004986149584
2020-10-06,90.95,12.99285714,0,0.01280623608,0.01280623608
2020-10-07,91.75,13.10714286,0,0.008796041781,0.008796041781
2020-10-08,93.5,13.35714286,0,0.01907356948,0.01907356948
2020-10-12,95.75,13.67857143,0,0.02406417112,0.02406417112
2020-10-13,96.5,13.78571429,0,0.007832898172,0.007832898172
2020-10-14,95.55,13.65,0,-0.009844559585,-0.009844559585
2020-10-15,94.65,13.52142857,0,-0.009419152276,-0.009419152276
2020-10-16,93.45,13.35,0,-0.01267828843,-0.01267828843
2020-10-19,94.6,13.51428571,0,0.01230604601,0.01230604601
2020-10-20,94.15,13.45,0,-0.004756871036,-0.004756871036
2020-10-21,94.45,13.49285714,0,0.003186404673,0.003186404673
2020-10-22,94.5,13.5,0,0.0005293806247,0.0005293806247
2020-10-23,94.3,13.47142857,0,-0.002116402116,-0.002116402116
2020-10-26,94.1,13.44285714,0,-0.002120890774,-0.002120890774
2020-10-27,93.7,13.38571429,0,-0.004250797024,-0.004250797024
2020-10-28,93.05,13.29285714,0,-0.006937033084,-0.006937033084
2020-10-29,91.95,13.13571429,0,-0.01182160129,-0.01182160129
2020-10-30,90.9,12.98571429,0,-0.01141924959,-0.01141924959
2020-11-02,91,13,0,0.001100110011,0.001100110011
2020-11-03,92,13.14285714,0,0.01098901099,0.01098901099
2020-11-04,93.7,13.38571429,0,0.01847826087,0.01847826087
2020-11-05,93.5,13.35714286,0,-0.002134471718,-0.002134471718
2020-11-06,93.7,13.38571429,0,0.002139037433,0.002139037433
2020-11-09,94.95,13.56428571,0,0.01334044824,0.01334044824
2020-11-10,93.75,13.39285714,0,-0.01263823065,-0.01263823065
2020-11-11,94.2,13.45714286,0,0.0048,0.0048
2020-11-12,94.5,13.5,0,0.003184713376,0.003184713376
2020-11-13,94.95,13.56428571,0,0.004761904762,0.004761904762
2020-11-16,99,14.14285714,0,0.04265402844,0.04265402844
2020-11-17,100.05,14.29285714,0,0.01060606061,0.01060606061
2020-11-18,101.7,14.52857143,0,0.01649175412,0.01649175412
2020-11-19,101.05,14.43571429,0,-0.006391347099,-0.006391347099
2020-11-20,100.9,14.41428571,0,-0.001484413657,-0.001484413657
2020-11-23,102.55,14.65,0,0.01635282458,0.01635282458
2020-11-24,102.25,14.60714286,0,-0.002925402243,-0.002925402243
2020-11-25,101.3,14.47142857,0,-0.009290953545,-0.009290953545
2020-11-26,101.7,14.52857143,0,0.003948667325,0.003948667325
2020-11-27,101.65,14.52142857,0,-0.0004916420846,-0.0004916420846
2020-11-30,100.6,14.37142857,0,-0.01032956222,-0.01032956222
2020-12-01,101.5,14.5,0,0.008946322068,0.008946322068
2020-12-02,103.2,14.74285714,0,0.01674876847,0.01674876847
2020-12-03,103,14.71428571,0,-0.001937984496,-0.001937984496
2020-12-04,104.9,14.98571429,0,0.01844660194,0.01844660194
2020-12-07,107.2,15.31428571,0,0.02192564347,0.02192564347
2020-12-08,109.15,15.59285714,0,0.01819029851,0.01819029851
2020-12-09,108.95,15.56428571,0,-0.001832340815,-0.001832340815
2020-12-10,107.05,15.29285714,0,-0.01743919229,-0.01743919229
2020-12-11,107,15.28571429,0,-0.0004670714619,-0.0004670714619
2020-12-14,106.15,15.16428571,0,-0.007943925234,-0.007943925234
2020-12-15,105,15,0,-0.01083372586,-0.01083372586
2020-12-16,106.75,15.25,0,0.01666666667,0.01666666667
2020-12-17,106.6,15.22857143,0,-0.001405152225,-0.001405152225
2020-12-18,106,15.14285714,0,-0.005628517824,-0.005628517824
2020-12-21,107,15.28571429,0,0.009433962264,0.009433962264
2020-12-22,105.95,15.13571429,0,-0.009813084112,-0.009813084112
2020-12-23,106.3,15.18571429,0,0.003303445021,0.003303445021
2020-12-24,106.15,15.16428571,0,-0.001411100659,-0.001411100659
2020-12-25,106.5,15.21428571,0,0.003297220914,0.003297220914
2020-12-28,107.8,15.4,0,0.01220657277,0.01220657277
2020-12-29,108,15.42857143,0,0.00185528757,0.00185528757
2020-12-30,109.85,15.69285714,0,0.01712962963,0.01712962963
2020-12-31,110.2,15.74285714,0,0.003186162949,0.003186162949
2021-01-04,112.1,16.01428571,0,0.01724137931,0.01724137931
2021-01-05,112.9,16.12857143,0,0.007136485281,0.007136485281
2021-01-06,113.6,16.22857143,0,0.006200177148,0.006200177148
2021-01-07,116.8,16.68571429,0,0.02816901408,0.02816901408
2021-01-08,119.5,17.07142857,0,0.02311643836,0.02311643836
2021-01-11,120.75,17.25,0,0.01046025105,0.01046025105
2021-01-12,121.35,17.33571429,0,0.004968944099,0.004968944099
2021-01-13,125,17.85714286,0,0.03007828595,0.03007828595
2021-01-14,122.8,17.54285714,0,-0.0176,-0.0176
2021-01-15,123.7,17.67142857,0,0.007328990228,0.007328990228
2021-01-18,124.15,17.73571429,0,0.003637833468,0.003637833468
2021-01-19,128.5,18.35714286,0,0.03503826017,0.03503826017
2021-01-20,130.65,18.66428571,0,0.01673151751,0.01673151751
2021-01-21,136.45,19.49285714,0,0.04439341753,0.04439341753
2021-01-22,135.9,19.41428571,0,-0.004030780506,-0.004030780506
2021-01-25,130.1,18.58571429,0,-0.04267844003,-0.04267844003
2021-01-26,126.5,18.07142857,0,-0.02767102229,-0.02767102229
2021-01-27,127.05,18.15,0,0.004347826087,0.004347826087
2021-01-28,123.8,17.68571429,0,-0.02558048013,-0.02558048013
2021-01-29,122.15,17.45,0,-0.0133279483,-0.0133279483
2021-02-01,125.25,17.89285714,0,0.02537863283,0.02537863283
2021-02-02,129.6,18.51428571,0,0.03473053892,0.03473053892
2021-02-03,129.55,18.50714286,0,-0.0003858024691,-0.0003858024691
2021-02-04,128.8,18.4,0,-0.005789270552,-0.005789270552
2021-02-05,130.2,18.6,0,0.01086956522,0.01086956522
2021-02-17,136.3,19.47142857,0,0.04685099846,0.04685099846
2021-02-18,136.15,19.45,0,-0.001100513573,-0.001100513573
2021-02-19,134.6,19.22857143,0,-0.01138450239,-0.01138450239
2021-02-22,134.3,19.18571429,0,-0.002228826152,-0.002228826152
2021-02-23,132.9,18.98571429,0,-0.01042442293,-0.01042442293
2021-02-24,130,18.57142857,0,-0.02182091798,-0.02182091798
2021-02-25,131.55,18.79285714,0,0.01192307692,0.01192307692
2021-02-26,127.5,18.21428571,0,-0.03078677309,-0.03078677309
2021-03-02,127.05,18.15,0,-0.003529411765,-0.003529411765
2021-03-03,129.1,18.44285714,0,0.01613537977,0.01613537977
2021-03-04,125.05,17.86428571,0,-0.03137103021,-0.03137103021
2021-03-05,124.2,17.74285714,0,-0.006797281088,-0.006797281088
2021-03-08,123.85,17.69285714,0,-0.002818035427,-0.002818035427
2021-03-09,123,17.57142857,0,-0.006863140896,-0.006863140896
2021-03-10,122.9,17.55714286,0,-0.0008130081301,-0.0008130081301
2021-03-11,125.8,17.97142857,0,0.02359641985,0.02359641985
2021-03-12,126.85,18.12142857,0,0.008346581876,0.008346581876
2021-03-15,126.3,18.04285714,0,-0.00433582972,-0.00433582972
2021-03-16,126.8,18.11428571,0,0.003958828187,0.003958828187
2021-03-17,125.5,17.92857143,0,-0.01025236593,-0.01025236593
2021-03-18,126,18,0,0.003984063745,0.003984063745
2021-03-19,123.9,17.7,0,-0.01666666667,-0.01666666667
2021-03-22,124.5,17.78571429,0,0.004842615012,0.004842615012
2021-03-23,124.75,17.82142857,0,0.002008032129,0.002008032129
2021-03-24,122.75,17.53571429,0,-0.01603206413,-0.01603206413
2021-03-25,123,17.57142857,0,0.002036659878,0.002036659878
2021-03-26,125.05,17.86428571,0,0.01666666667,0.01666666667
2021-03-29,126.4,18.05714286,0,0.01079568173,0.01079568173
2021-03-30,126.95,18.13571429,0,0.004351265823,0.004351265823
2021-03-31,125.45,17.92142857,0,-0.01181567546,-0.01181567546
2021-04-01,126.8,18.11428571,0,0.01076125947,0.01076125947
2021-04-06,128.85,18.40714286,0,0.01616719243,0.01616719243
2021-04-07,129,18.42857143,0,0.001164144354,0.001164144354
2021-04-08,129.9,18.55714286,0,0.006976744186,0.006976744186
2021-04-09,129.2,18.45714286,0,-0.005388760585,-0.005388760585
2021-04-12,128.4,18.34285714,0,-0.006191950464,-0.006191950464
2021-04-13,127.7,18.24285714,0,-0.005451713396,-0.005451713396
2021-04-14,128.1,18.3,0,0.003132341425,0.003132341425
2021-04-15,129.45,18.49285714,0,0.01053864169,0.01053864169
2021-04-16,128.95,18.42142857,0,-0.003862495172,-0.003862495172
2021-04-19,128.25,18.32142857,0,-0.005428460644,-0.005428460644
2021-04-20,127.1,18.15714286,1.032,0.04736062378,-0.0009200777388631565
2021-04-21,125.85,17.97857143,0,-0.009834775767,-0.009834775767
2021-04-22,125.5,17.92857143,0,-0.002781088598,-0.002781088598
2021-04-23,127.35,18.19285714,0,0.01474103586,0.01474103586
2021-04-26,129.3,18.47142857,0,0.01531213192,0.01531213192
2021-04-27,129.5,18.5,0,0.00154679041,0.00154679041
2021-04-28,128.9,18.41428571,0,-0.004633204633,-0.004633204633
2021-04-29,129.55,18.50714286,0,0.005042668735,0.005042668735
2021-05-03,126,18,0,-0.02740254728,-0.02740254728
2021-05-04,125,17.85714286,0,-0.007936507937,-0.007936507937
2021-05-05,123.15,17.59285714,0,-0.0148,-0.0148
2021-05-06,123.55,17.65,0,0.003248071458,0.003248071458
2021-05-07,126.85,18.12142857,0,0.02670983408,0.02670983408
2021-05-10,124.2,17.74285714,0,-0.02089081592,-0.02089081592
2021-05-11,119.05,17.00714286,0,-0.04146537842,-0.04146537842
2021-05-12,115.5,16.5,0,-0.02981940361,-0.02981940361
2021-05-13,114.4,16.34285714,0,-0.009523809524,-0.009523809524
2021-05-14,116.15,16.59285714,0,0.0152972028,0.0152972028
2021-05-17,113.6,16.22857143,0,-0.02195436935,-0.02195436935
2021-05-18,119.5,17.07142857,0,0.05193661972,0.05193661972
2021-05-19,118.7,16.95714286,0,-0.006694560669,-0.006694560669
2021-05-20,117.55,16.79285714,0,-0.009688289806,-0.009688289806
2021-05-21,119.15,17.02142857,0,0.01361122926,0.01361122926
2021-05-24,119.2,17.02857143,0,0.0004196391104,0.0004196391104
2021-05-25,122,17.42857143,0,0.02348993289,0.02348993289
2021-05-26,122,17.42857143,0,0,0
2021-05-27,121.3,17.32857143,0,-0.005737704918,-0.005737704918
2021-05-28,123.5,17.64285714,0,0.01813685078,0.01813685078
2021-05-31,125.05,17.86428571,0,0.01255060729,0.01255060729
2021-06-01,125.1,17.87142857,0,0.000399840064,0.000399840064
2021-06-02,124.1,17.72857143,0,-0.007993605116,-0.007993605116
2021-06-03,124.5,17.78571429,0,0.003223207091,0.003223207091
2021-06-04,123.95,17.70714286,0,-0.004417670683,-0.004417670683
2021-06-07,124,17.71428571,0,0.0004033884631,0.0004033884631
2021-06-08,123.6,17.65714286,0,-0.003225806452,-0.003225806452
2021-06-09,122.6,17.51428571,0,-0.008090614887,-0.008090614887
2021-06-10,124.75,17.82142857,0,0.01753670473,0.01753670473
2021-06-11,125.45,17.92142857,0,0.005611222445,0.005611222445
2021-06-15,126.55,18.07857143,0,0.008768433639,0.008768433639
2021-06-16,126.1,18.01428571,0,-0.003555906756,-0.003555906756
2021-06-17,126.5,18.07142857,0,0.003172085646,0.003172085646
2021-06-18,126.2,18.02857143,0,-0.002371541502,-0.002371541502
2021-06-21,122.7,17.52857143,0,-0.02773375594,-0.02773375594
2021-06-22,122,17.42857143,0,-0.005704971475,-0.005704971475
2021-06-23,125,17.85714286,0,0.02459016393,0.02459016393
2021-06-24,124.7,17.81428571,0,-0.0024,-0.0024
2021-06-25,124.3,17.75714286,0,-0.003207698476,-0.003207698476
2021-06-28,124.2,17.74285714,0,-0.0008045052293,-0.0008045052293
2021-06-29,124.65,17.80714286,0,0.003623188406,0.003623188406
2021-06-30,125,17.85714286,0,0.002807862014,0.002807862014
2021-07-01,124.35,17.76428571,0,-0.0052,-0.0052
2021-07-02,124.1,17.72857143,0,-0.002010454363,-0.002010454363
2021-07-05,125.6,17.94285714,0,0.01208702659,0.01208702659
2021-07-06,125.5,17.92857143,0,-0.0007961783439,-0.0007961783439
2021-07-07,125.6,17.94285714,0,0.000796812749,0.000796812749
2021-07-08,124.95,17.85,0,-0.005175159236,-0.005175159236
2021-07-09,124,17.71428571,0,-0.007603041216,-0.007603041216
2021-07-12,125.95,17.99285714,0,0.01572580645,0.01572580645
2021-07-13,127.4,18.2,0,0.01151250496,0.01151250496
2021-07-14,128.5,18.35714286,0,0.00863422292,0.00863422292
2021-07-15,129.1,18.44285714,0,0.0046692607,0.0046692607
2021-07-16,126.45,18.06428571,0,-0.02052672347,-0.02052672347
2021-07-19,124.45,17.77857143,0,-0.01581652827,-0.01581652827
2021-07-20,123.8,17.68571429,0,-0.005222981117,-0.005222981117
2021-07-21,123.85,17.69285714,0,0.0004038772213,0.0004038772213
2021-07-22,125,17.85714286,0,0.009285425918,0.009285425918
2021-07-23,124.4,17.77142857,0,-0.0048,-0.0048
2021-07-26,124.1,17.72857143,0,-0.002411575563,-0.002411575563
2021-07-27,124.1,17.72857143,0,0,0
2021-07-28,122.65,17.52142857,0,-0.01168412571,-0.01168412571
2021-07-29,124.15,17.73571429,0,0.01222992254,0.01222992254
2021-07-30,123.75,17.67857143,0,-0.003221908981,-0.003221908981
2021-08-02,125.4,17.91428571,0,0.01333333333,0.01333333333
2021-08-03,126.15,18.02142857,0,0.005980861244,0.005980861244
2021-08-04,126.95,18.13571429,0,0.006341656758,0.006341656758
2021-08-05,127.2,18.17142857,0,0.001969279244,0.001969279244
2021-08-06,126.5,18.07142857,0,-0.005503144654,-0.005503144654
2021-08-09,126,18,0,-0.00395256917,-0.00395256917
2021-08-10,125.05,17.86428571,0,-0.00753968254,-0.00753968254
2021-08-11,124.35,17.76428571,0,-0.005597760896,-0.005597760896
2021-08-12,124.05,17.72142857,0,-0.002412545235,-0.002412545235
2021-08-13,122.55,17.50714286,0,-0.01209189843,-0.01209189843
2021-08-16,122.5,17.5,0,-0.000407996736,-0.000407996736
2021-08-17,121.2,17.31428571,0,-0.0106122449,-0.0106122449
2021-08-18,121.5,17.35714286,0,0.002475247525,0.002475247525
2021-08-19,118.3,16.9,0,-0.02633744856,-0.02633744856
2021-08-20,117.6,16.8,0,-0.005917159763,-0.005917159763
2021-08-23,120.7,17.24285714,0,0.02636054422,0.02636054422
2021-08-24,121.25,17.32142857,0,0.004556752278,0.004556752278
2021-08-25,122.95,17.56428571,0,0.01402061856,0.01402061856
2021-08-26,123.9,17.7,0,0.007726718178,0.007726718178
2021-08-27,124.8,17.82857143,0,0.007263922518,0.007263922518
2021-08-30,126.25,18.03571429,0,0.01161858974,0.01161858974
2021-08-31,127.05,18.15,0,0.006336633663,0.006336633663
2021-09-01,127.9,18.27142857,0,0.006690279418,0.006690279418
2021-09-02,126.85,18.12142857,0,-0.008209538702,-0.008209538702
2021-09-03,129.05,18.43571429,0,0.01734331888,0.01734331888
2021-09-06,129.85,18.55,0,0.006199147617,0.006199147617
2021-09-07,129,18.42857143,0,-0.006546014632,-0.006546014632
2021-09-08,127.25,18.17857143,0,-0.01356589147,-0.01356589147
2021-09-09,127.55,18.22142857,0,0.002357563851,0.002357563851
2021-09-10,128.75,18.39285714,0,0.009408075265,0.009408075265
2021-09-13,127.6,18.22857143,0,-0.008932038835,-0.008932038835
2021-09-14,127.65,18.23571429,0,0.0003918495298,0.0003918495298
2021-09-15,126.55,18.07857143,0,-0.008617312965,-0.008617312965
2021-09-16,125.95,17.99285714,0,-0.004741209008,-0.004741209008
2021-09-17,126.55,18.07857143,0,0.004763795157,0.004763795157
2021-09-22,123.45,17.63571429,0,-0.02449624654,-0.02449624654
2021-09-23,124.95,17.85,0,0.01215066829,0.01215066829
2021-09-24,126.05,18.00714286,0,0.008803521409,0.008803521409
2021-09-27,126.45,18.06428571,0,0.003173343911,0.003173343911
2021-09-28,125.5,17.92857143,0,-0.007512850929,-0.007512850929
2021-09-29,122.1,17.44285714,0,-0.02709163347,-0.02709163347
2021-09-30,122.6,17.51428571,0,0.004095004095,0.004095004095
2021-10-01,120.4,17.2,0,-0.01794453507,-0.01794453507
2021-10-04,119.35,17.05,0,-0.008720930233,-0.008720930233
2021-10-05,119.5,17.07142857,0,0.001256807708,0.001256807708
2021-10-06,119.5,17.07142857,0,0,0
2021-10-07,122,17.42857143,0,0.02092050209,0.02092050209
2021-10-08,121.05,17.29285714,0,-0.007786885246,-0.007786885246
2021-10-12,120.1,17.15714286,0,-0.007847996696,-0.007847996696
2021-10-13,119.25,17.03571429,0,-0.00707743547,-0.00707743547
2021-10-14,119.6,17.08571429,0,0.002935010482,0.002935010482
2021-10-15,123.6,17.65714286,0,0.03344481605,0.03344481605
2021-10-18,122.7,17.52857143,0,-0.007281553398,-0.007281553398
2021-10-19,124.3,17.75714286,0,0.0130399348,0.0130399348
2021-10-20,124.45,17.77857143,0,0.001206757844,0.001206757844
2021-10-21,124.05,17.72142857,0,-0.003214142226,-0.003214142226
2021-10-22,124.55,17.79285714,0,0.004030632809,0.004030632809
2021-10-25,124.1,17.72857143,0,-0.003613006825,-0.003613006825
2021-10-26,125.1,17.87142857,0,0.008058017728,0.008058017728
2021-10-27,125.75,17.96428571,0,0.005195843325,0.005195843325
2021-10-28,125.25,17.89285714,0,-0.003976143141,-0.003976143141
2021-10-29,124.4,17.77142857,0,-0.006786427146,-0.006786427146
2021-11-01,124.85,17.83571429,0,0.003617363344,0.003617363344
2021-11-02,124.6,17.8,0,-0.002002402883,-0.002002402883
2021-11-03,125.15,17.87857143,0,0.004414125201,0.004414125201
2021-11-04,124.6,17.8,0,-0.004394726328,-0.004394726328
2021-11-05,127,18.14285714,0,0.01926163724,0.01926163724
2021-11-08,127.7,18.24285714,0,0.005511811024,0.005511811024
2021-11-09,129.3,18.47142857,0,0.0125293657,0.0125293657
2021-11-10,129.5,18.5,0,0.00154679041,0.00154679041
2021-11-11,128.35,18.33571429,0,-0.00888030888,-0.00888030888
2021-11-12,128.65,18.37857143,0,0.002337358785,0.002337358785
2021-11-15,129.9,18.55714286,0,0.009716284493,0.009716284493
2021-11-16,130.05,18.57857143,0,0.001154734411,0.001154734411
2021-11-17,130.35,18.62142857,0,0.002306805075,0.002306805075
2021-11-18,131.1,18.72857143,0,0.005753739931,0.005753739931
2021-11-19,132.3,18.9,0,0.009153318078,0.009153318078
2021-11-22,132,18.85714286,0,-0.002267573696,-0.002267573696
2021-11-23,130.3,18.61428571,0,-0.01287878788,-0.01287878788
2021-11-24,129.4,18.48571429,0,-0.006907137375,-0.006907137375
2021-11-25,129.45,18.49285714,0,0.0003863987635,0.0003863987635
2021-11-26,127.4,18.2,0,-0.0158362302,-0.0158362302
2021-11-29,127.5,18.21428571,0,0.0007849293564,0.0007849293564
2021-11-30,127.7,18.24285714,0,0.001568627451,0.001568627451
2021-12-01,129.8,18.54285714,0,0.01644479248,0.01644479248
2021-12-02,131.25,18.75,0,0.01117103236,0.01117103236
2021-12-03,130.95,18.70714286,0,-0.002285714286,-0.002285714286
2021-12-06,130.3,18.61428571,0,-0.004963726613,-0.004963726613
2021-12-07,130.05,18.57857143,0,-0.001918649271,-0.001918649271
2021-12-08,130.75,18.67857143,0,0.005382545175,0.005382545175
2021-12-09,130.8,18.68571429,0,0.0003824091778,0.0003824091778
2021-12-10,130.4,18.62857143,0,-0.003058103976,-0.003058103976
2021-12-13,130.2,18.6,0,-0.001533742331,-0.001533742331
2021-12-14,128.8,18.4,0,-0.01075268817,-0.01075268817
2021-12-15,129.2,18.45714286,0,0.003105590062,0.003105590062
2021-12-16,130.8,18.68571429,0,0.01238390093,0.01238390093
2021-12-17,130.35,18.62142857,0,-0.003440366972,-0.003440366972
2021-12-20,129.05,18.43571429,0,-0.009973149214,-0.009973149214
2021-12-21,129.95,18.56428571,0,0.006974041069,0.006974041069
2021-12-22,130.2,18.6,0,0.001923816853,0.001923816853
2021-12-23,131.4,18.77142857,0,0.009216589862,0.009216589862
2021-12-24,131.5,18.78571429,0,0.0007610350076,0.0007610350076
2021-12-27,132.5,18.92857143,0,0.007604562738,0.007604562738
2021-12-28,133.7,19.1,0,0.009056603774,0.009056603774
2021-12-29,134.2,19.17142857,0,0.003739715782,0.003739715782
2021-12-30,134.15,19.16428571,0,-0.0003725782414,-0.0003725782414
2022-01-03,135.2,19.31428571,0,0.007827059262,0.007827059262
2022-01-04,139.05,19.86428571,0,0.02847633136,0.02847633136
2022-01-05,138.45,19.77857143,0,-0.004314994606,-0.004314994606
2022-01-06,136.65,19.52142857,0,-0.01300108342,-0.01300108342
2022-01-07,134.75,19.25,0,-0.01390413465,-0.01390413465
2022-01-10,135.6,19.37142857,0,0.006307977737,0.006307977737
2022-01-11,136.2,19.45714286,0,0.004424778761,0.004424778761
2022-01-12,137.35,19.62142857,0,0.008443465492,0.008443465492
2022-01-13,137.55,19.65,0,0.001456133964,0.001456133964
2022-01-14,138,19.71428571,0,0.003271537623,0.003271537623
2022-01-17,140.4,20.05714286,0,0.01739130435,0.01739130435
2022-01-18,138.15,19.73571429,0,-0.01602564103,-0.01602564103
2022-01-19,136.7,19.52857143,0,-0.01049583786,-0.01049583786
2022-01-20,137,19.57142857,0,0.002194586686,0.002194586686
2022-01-21,133.9,19.12857143,0,-0.02262773723,-0.02262773723
2022-01-24,135.6,19.37142857,0,0.01269604182,0.01269604182
2022-01-25,133.4,19.05714286,0,-0.01622418879,-0.01622418879
2022-01-26,132.5,18.92857143,0,-0.006746626687,-0.006746626687
2022-02-07,132.7,18.95714286,0,0.001509433962,0.001509433962
2022-02-08,133.05,19.00714286,0,0.002637528259,0.002637528259
2022-02-09,134.5,19.21428571,0,0.01089815859,0.01089815859
2022-02-10,136.3,19.47142857,0,0.01338289963,0.01338289963
2022-02-11,136.1,19.44285714,0,-0.001467351431,-0.001467351431
2022-02-14,133.5,19.07142857,0,-0.01910360029,-0.01910360029
2022-02-15,133,19,0,-0.003745318352,-0.003745318352
2022-02-16,135.4,19.34285714,0,0.01804511278,0.01804511278
2022-02-17,135.6,19.37142857,0,0.001477104874,0.001477104874
2022-02-18,134.85,19.26428571,0,-0.005530973451,-0.005530973451
2022-02-21,134.35,19.19285714,0,-0.003707823508,-0.003707823508
2022-02-22,132.4,18.91428571,0,-0.01451432825,-0.01451432825
2022-02-23,132.85,18.97857143,0,0.003398791541,0.003398791541
2022-02-24,129.1,18.44285714,0,-0.02822732405,-0.02822732405
2022-02-25,129.3,18.47142857,0,0.001549186677,0.001549186677
2022-03-01,130.55,18.65,0,0.009667440062,0.009667440062
2022-03-02,129.85,18.55,0,-0.005361930295,-0.005361930295
2022-03-03,130.15,18.59285714,0,0.002310358106,0.002310358106
2022-03-04,128.65,18.37857143,0,-0.01152516327,-0.01152516327
2022-03-07,124.65,17.80714286,0,-0.03109211038,-0.03109211038
2022-03-08,121.85,17.40714286,0,-0.02246289611,-0.02246289611
2022-03-09,122.65,17.52142857,0,0.006565449323,0.006565449323
2022-03-10,126.05,18.00714286,0,0.02772115777,0.02772115777
2022-03-11,124.25,17.75,0,-0.0142800476,-0.0142800476
2022-03-14,123.8,17.68571429,0,-0.003621730382,-0.003621730382
2022-03-15,120.6,17.22857143,0,-0.02584814216,-0.02584814216
2022-03-16,121.2,17.31428571,0,0.004975124378,0.004975124378
2022-03-17,125.95,17.99285714,0,0.03919141914,0.03919141914
2022-03-18,125.8,17.97142857,0,-0.001190948789,-0.001190948789
2022-03-21,126.25,18.03571429,0,0.003577106518,0.003577106518
2022-03-22,125.9,17.98571429,0,-0.002772277228,-0.002772277228
2022-03-23,127.25,18.17857143,0,0.01072279587,0.01072279587
2022-03-24,127.25,18.17857143,0,0,0
2022-03-25,128.05,18.29285714,0,0.006286836935,0.006286836935
2022-03-28,126.45,18.06428571,0,-0.01249511909,-0.01249511909
2022-03-29,126.3,18.04285714,0,-0.00118623962,-0.00118623962
2022-03-30,128.05,18.29285714,0,0.01385589865,0.01385589865
2022-03-31,127.55,18.22142857,0,-0.003904724717,-0.003904724717
2022-04-01,126.1,18.01428571,0,-0.01136809094,-0.01136809094
2022-04-06,124.3,17.75714286,0,-0.01427438541,-0.01427438541
2022-04-07,121.55,17.36428571,0,-0.02212389381,-0.02212389381
2022-04-08,121.9,17.41428571,0,0.002879473468,0.002879473468
2022-04-11,119.65,17.09285714,0,-0.01845775226,-0.01845775226
2022-04-12,119.55,17.07857143,0,-0.0008357709987,-0.0008357709987
2022-04-13,122.5,17.5,0,0.02467586784,0.02467586784
2022-04-14,122.55,17.50714286,0,0.0004081632653,0.0004081632653
2022-04-15,119.95,17.13571429,0,-0.02121583027,-0.02121583027
2022-04-18,119.5,17.07142857,0,-0.003751563151,-0.003751563151
2022-04-19,120.45,17.20714286,0,0.007949790795,0.007949790795
2022-04-20,110.6,15.8,10.19,0.5104192611,0.0028227478617148805
2022-04-21,110.55,15.79285714,0,-0.000452079566,-0.000452079566
2022-04-22,109.1,15.58571429,0,-0.013116237,-0.013116237
2022-04-25,106.35,15.19285714,0,-0.02520623281,-0.02520623281
2022-04-26,106.2,15.17142857,0,-0.001410437236,-0.001410437236
2022-04-27,103.55,14.79285714,0,-0.02495291902,-0.02495291902
2022-04-28,104.55,14.93571429,0,0.009657170449,0.009657170449
2022-04-29,105.85,15.12142857,0,0.01243424199,0.01243424199
2022-05-03,105.35,15.05,0,-0.004723665564,-0.004723665564
2022-05-04,105.55,15.07857143,0,0.001898433792,0.001898433792
2022-05-05,107,15.28571429,0,0.01373756514,0.01373756514
2022-05-06,104.8,14.97142857,0,-0.02056074766,-0.02056074766
2022-05-09,103,14.71428571,0,-0.01717557252,-0.01717557252
2022-05-10,103,14.71428571,0,0,0
2022-05-11,103.3,14.75714286,0,0.002912621359,0.002912621359
2022-05-12,100.85,14.40714286,0,-0.02371732817,-0.02371732817
2022-05-13,102.4,14.62857143,0,0.01536936044,0.01536936044
2022-05-16,103.35,14.76428571,0,0.00927734375,0.00927734375
2022-05-17,105.1,15.01428571,0,0.01693275278,0.01693275278
2022-05-18,106.05,15.15,0,0.009039010466,0.009039010466
2022-05-19,104.35,14.90714286,0,-0.01603017445,-0.01603017445
2022-05-20,105.15,15.02142857,0,0.007666506948,0.007666506948
2022-05-23,104.8,14.97142857,0,-0.003328578222,-0.003328578222
2022-05-24,103.45,14.77857143,0,-0.01288167939,-0.01288167939
2022-05-25,104.4,14.91428571,0,0.00918318028,0.00918318028
2022-05-26,102.7,14.67142857,0,-0.0162835249,-0.0162835249
2022-05-27,105,15,0,0.02239532619,0.02239532619
2022-05-30,107.35,15.33571429,0,0.02238095238,0.02238095238
2022-05-31,109.2,15.6,0,0.01723334886,0.01723334886
2022-06-01,108.95,15.56428571,0,-0.002289377289,-0.002289377289
2022-06-02,107.6,15.37142857,0,-0.01239100505,-0.01239100505
2022-06-06,107.9,15.41428571,0,0.002788104089,0.002788104089
2022-06-07,106.85,15.26428571,0,-0.009731232623,-0.009731232623
2022-06-08,108.1,15.44285714,0,0.01169864296,0.01169864296
2022-06-09,107.8,15.4,0,-0.002775208141,-0.002775208141
2022-06-10,106.7,15.24285714,0,-0.01020408163,-0.01020408163
2022-06-13,103.5,14.78571429,0,-0.02999062793,-0.02999062793
2022-06-14,103.2,14.74285714,0,-0.002898550725,-0.002898550725
2022-06-15,102.65,14.66428571,0,-0.005329457364,-0.005329457364
2022-06-16,101.9,14.55714286,0,-0.007306380906,-0.007306380906
2022-06-17,100.3,14.32857143,0,-0.0157016683,-0.0157016683
2022-06-20,99.4,14.2,0,-0.008973080758,-0.008973080758
2022-06-21,101.55,14.50714286,0,0.02162977867,0.02162977867
2022-06-22,98.6,14.08571429,0,-0.0290497292,-0.0290497292
2022-06-23,97,13.85714286,0,-0.01622718053,-0.01622718053
2022-06-24,97.05,13.86428571,0,0.0005154639175,0.0005154639175
2022-06-27,99.4,14.2,0,0.02421432251,0.02421432251
2022-06-28,98.55,14.07857143,0,-0.008551307847,-0.008551307847
2022-06-29,97.45,13.92142857,0,-0.01116184678,-0.01116184678
2022-06-30,94.55,13.50714286,0,-0.02975885069,-0.02975885069
2022-07-01,90.05,12.86428571,0,-0.04759386568,-0.04759386568
2022-07-04,88.8,12.68571429,0,-0.01388117712,-0.01388117712
2022-07-05,89.85,12.83571429,0,0.01182432432,0.01182432432
2022-07-06,87.3,12.47142857,0,-0.02838063439,-0.02838063439
2022-07-07,91.15,13.02142857,0,0.04410080183,0.04410080183
2022-07-08,93,13.28571429,0,0.02029621503,0.02029621503
2022-07-11,92.2,13.17142857,0,-0.008602150538,-0.008602150538
2022-07-12,89.65,12.80714286,0,-0.02765726681,-0.02765726681
2022-07-13,93.1,13.3,0,0.0384829894,0.0384829894
2022-07-14,93.8,13.4,0,0.007518796992,0.007518796992
2022-07-15,96.65,13.80714286,0,0.03038379531,0.03038379531
2022-07-18,97.2,13.88571429,0,0.005690636317,0.005690636317
2022-07-19,96.75,13.82142857,0,-0.00462962963,-0.00462962963
2022-07-20,97.7,13.95714286,0,0.009819121447,0.009819121447
2022-07-21,99.35,14.19285714,0,0.01688843398,0.01688843398
2022-07-22,99.3,14.18571429,0,-0.0005032712632,-0.0005032712632
2022-07-25,98.85,14.12142857,0,-0.004531722054,-0.004531722054
2022-07-26,97.75,13.96428571,0,-0.01112797167,-0.01112797167
2022-07-27,98.9,14.12857143,0,0.01176470588,0.01176470588
2022-07-28,98.7,14.1,0,-0.002022244692,-0.002022244692
2022-07-29,99.45,14.20714286,0,0.007598784195,0.007598784195
2022-08-01,99.1,14.15714286,0,-0.003519356461,-0.003519356461
2022-08-02,97.35,13.90714286,0,-0.01765893037,-0.01765893037
2022-08-03,97.75,13.96428571,0,0.004108885465,0.004108885465
2022-08-04,98.3,14.04285714,0,0.005626598465,0.005626598465
2022-08-05,100.85,14.40714286,0,0.02594099695,0.02594099695
2022-08-08,100.55,14.36428571,0,-0.002974714923,-0.002974714923
2022-08-09,100.2,14.31428571,0,-0.003480855296,-0.003480855296
2022-08-10,98.9,14.12857143,0,-0.0129740519,-0.0129740519
2022-08-11,100.9,14.41428571,0,0.02022244692,0.02022244692
2022-08-12,101.5,14.5,0,0.005946481665,0.005946481665
2022-08-15,102.8,14.68571429,0,0.01280788177,0.01280788177
2022-08-16,102.95,14.70714286,0,0.001459143969,0.001459143969
2022-08-17,103.15,14.73571429,0,0.001942690627,0.001942690627
2022-08-18,102.35,14.62142857,0,-0.007755695589,-0.007755695589
2022-08-19,102.8,14.68571429,0,0.004396678065,0.004396678065
2022-08-22,101.05,14.43571429,0,-0.0170233463,-0.0170233463
2022-08-23,99.85,14.26428571,0,-0.01187530925,-0.01187530925
2022-08-24,99.65,14.23571429,0,-0.002003004507,-0.002003004507
2022-08-25,100.7,14.38571429,0,0.01053687908,0.01053687908
2022-08-26,101.25,14.46428571,0,0.005461767627,0.005461767627
2022-08-29,98.75,14.10714286,0,-0.02469135802,-0.02469135802
2022-08-30,98.95,14.13571429,0,0.002025316456,0.002025316456
2022-08-31,99.85,14.26428571,0,0.009095502779,0.009095502779
2022-09-01,97.5,13.92857143,0,-0.02353530295,-0.02353530295
2022-09-02,96.3,13.75714286,0,-0.01230769231,-0.01230769231
2022-09-05,96.3,13.75714286,0,0,0
2022-09-06,96.6,13.8,0,0.003115264798,0.003115264798
2022-09-07,94.1,13.44285714,0,-0.02587991718,-0.02587991718
2022-09-08,94.9,13.55714286,0,0.008501594049,0.008501594049
2022-09-12,97.25,13.89285714,0,0.02476290832,0.02476290832
2022-09-13,98.05,14.00714286,0,0.00822622108,0.00822622108
2022-09-14,95.95,13.70714286,0,-0.02141764406,-0.02141764406
2022-09-15,96.15,13.73571429,0,0.002084418968,0.002084418968
2022-09-16,95.1,13.58571429,0,-0.01092043682,-0.01092043682
2022-09-19,94.7,13.52857143,0,-0.004206098843,-0.004206098843
2022-09-20,95.75,13.67857143,0,0.0110876452,0.0110876452
2022-09-21,94.45,13.49285714,0,-0.0135770235,-0.0135770235
2022-09-22,93.55,13.36428571,0,-0.009528851244,-0.009528851244
2022-09-23,92.1,13.15714286,0,-0.01549973276,-0.01549973276
2022-09-26,90.25,12.89285714,0,-0.02008686211,-0.02008686211
2022-09-27,90.4,12.91428571,0,0.001662049861,0.001662049861
2022-09-28,88.15,12.59285714,0,-0.02488938053,-0.02488938053
2022-09-29,87.6,12.51428571,0,-0.006239364719,-0.006239364719
2022-09-30,86.55,12.36428571,0,-0.01198630137,-0.01198630137
2022-10-03,85.45,12.20714286,0,-0.01270941652,-0.01270941652
2022-10-04,87.9,12.55714286,0,0.02867173786,0.02867173786
2022-10-05,90.6,12.94285714,0,0.03071672355,0.03071672355
2022-10-06,91.3,13.04285714,0,0.007726269316,0.007726269316
2022-10-07,89.45,12.77857143,0,-0.02026286966,-0.02026286966
2022-10-11,83.95,11.99285714,0,-0.06148686417,-0.06148686417
2022-10-12,83.4,11.91428571,0,-0.006551518761,-0.006551518761
2022-10-13,82.3,11.75714286,0,-0.01318944844,-0.01318944844
2022-10-14,85.6,12.22857143,0,0.04009720535,0.04009720535
2022-10-17,83.95,11.99285714,0,-0.01927570093,-0.01927570093
2022-10-18,85.05,12.15,0,0.01310303752,0.01310303752
2022-10-19,83.7,11.95714286,0,-0.01587301587,-0.01587301587
2022-10-20,83.05,11.86428571,0,-0.007765830346,-0.007765830346
2022-10-21,82.35,11.76428571,0,-0.008428657435,-0.008428657435
2022-10-24,82.5,11.78571429,0,0.001821493625,0.001821493625
2022-10-25,80.1,11.44285714,0,-0.02909090909,-0.02909090909
2022-10-26,80.4,11.48571429,0,0.003745318352,0.003745318352
2022-10-27,82.15,11.73571429,0,0.02176616915,0.02176616915
2022-10-28,80.75,11.53571429,0,-0.01704199635,-0.01704199635
2022-10-31,82.45,11.77857143,0,0.02105263158,0.02105263158
2022-11-01,83.1,11.87142857,0,0.007883565797,0.007883565797
2022-11-02,83.9,11.98571429,0,0.009626955475,0.009626955475
2022-11-03,82.6,11.8,0,-0.01549463647,-0.01549463647
2022-11-04,82.55,11.79285714,0,-0.0006053268765,-0.0006053268765
2022-11-07,84.05,12.00714286,0,0.01817080557,0.01817080557
2022-11-08,85,12.14285714,0,0.01130279595,0.01130279595
2022-11-09,88.15,12.59285714,0,0.03705882353,0.03705882353
2022-11-10,87.1,12.44285714,0,-0.01191151446,-0.01191151446
2022-11-11,92.15,13.16428571,0,0.0579793341,0.0579793341
2022-11-14,93.1,13.3,0,0.01030927835,0.01030927835
2022-11-15,98.05,14.00714286,0,0.05316863588,0.05316863588
2022-11-16,98.5,14.07142857,0,0.004589495156,0.004589495156
2022-11-17,98.5,14.07142857,0,0,0
2022-11-18,98.45,14.06428571,0,-0.0005076142132,-0.0005076142132
2022-11-21,97.7,13.95714286,0,-0.007618080244,-0.007618080244
2022-11-22,98.7,14.1,0,0.01023541453,0.01023541453
2022-11-23,99.1,14.15714286,0,0.004052684904,0.004052684904
2022-11-24,100,14.28571429,0,0.009081735621,0.009081735621
2022-11-25,99.85,14.26428571,0,-0.0015,-0.0015
2022-11-28,97.6,13.94285714,0,-0.0225338007,-0.0225338007
2022-11-29,98.3,14.04285714,0,0.007172131148,0.007172131148
2022-11-30,99.05,14.15,0,0.007629704985,0.007629704985
2022-12-01,100.9,14.41428571,0,0.01867743564,0.01867743564
2022-12-02,100.5,14.35714286,0,-0.00396432111,-0.00396432111
2022-12-05,100,14.28571429,0,-0.004975124378,-0.004975124378
2022-12-06,98.55,14.07857143,0,-0.0145,-0.0145
2022-12-07,97.45,13.92142857,0,-0.01116184678,-0.01116184678
2022-12-08,96.7,13.81428571,0,-0.007696254489,-0.007696254489
2022-12-09,98.3,14.04285714,0,0.01654601861,0.01654601861
2022-12-12,97.15,13.87857143,0,-0.01169888098,-0.01169888098
2022-12-13,96.7,13.81428571,0,-0.004632012352,-0.004632012352
2022-12-14,98.15,14.02142857,0,0.01499482937,0.01499482937
2022-12-15,98.15,14.02142857,0,0,0
2022-12-16,96.6,13.8,0,-0.01579215487,-0.01579215487
2022-12-19,95.85,13.69285714,0,-0.007763975155,-0.007763975155
2022-12-20,93.8,13.4,0,-0.02138758477,-0.02138758477
2022-12-21,93.8,13.4,0,0,0
2022-12-22,95.35,13.62142857,0,0.01652452026,0.01652452026
2022-12-23,93.65,13.37857143,0,-0.01782905087,-0.01782905087
2022-12-26,93.75,13.39285714,0,0.001067805659,0.001067805659
2022-12-27,94.2,13.45714286,0,0.0048,0.0048
2022-12-28,92.6,13.22857143,0,-0.016985138,-0.016985138
2022-12-29,92,13.14285714,0,-0.006479481641,-0.006479481641
2022-12-30,92.5,13.21428571,0,0.005434782609,0.005434782609
2023-01-03,93.3,13.32857143,0,0.008648648649,0.008648648649
2023-01-04,92.9,13.27142857,0,-0.004287245445,-0.004287245445
2023-01-05,93.65,13.37857143,0,0.008073196986,0.008073196986
2023-01-06,94.15,13.45,0,0.005339028297,0.005339028297
2023-01-09,97.95,13.99285714,0,0.04036112586,0.04036112586
2023-01-10,98.7,14.1,0,0.007656967841,0.007656967841
2023-01-11,98.55,14.07857143,0,-0.001519756839,-0.001519756839
2023-01-12,98.55,14.07857143,0,0,0
2023-01-13,100,14.28571429,0,0.01471334348,0.01471334348
2023-01-16,100.7,14.38571429,0,0.007,0.007
2023-01-17,100.4,14.34285714,0,-0.002979145978,-0.002979145978
2023-01-30,106.2,15.17142857,0,0.0577689243,0.0577689243
2023-01-31,104.2,14.88571429,0,-0.01883239171,-0.01883239171
2023-02-01,105.05,15.00714286,0,0.008157389635,0.008157389635
2023-02-02,107.05,15.29285714,0,0.01903855307,0.01903855307
2023-02-03,107.2,15.31428571,0,0.001401214386,0.001401214386
2023-02-06,105.6,15.08571429,0,-0.01492537313,-0.01492537313
2023-02-07,105.25,15.03571429,0,-0.003314393939,-0.003314393939
2023-02-08,107.55,15.36428571,0,0.02185273159,0.02185273159
2023-02-09,107.45,15.35,0,-0.000929800093,-0.000929800093
2023-02-10,107.7,15.38571429,0,0.002326663564,0.002326663564
2023-02-13,106.95,15.27857143,0,-0.006963788301,-0.006963788301
2023-02-14,107.85,15.40714286,0,0.008415147265,0.008415147265
2023-02-15,105.05,15.00714286,0,-0.02596198424,-0.02596198424
2023-02-16,106.45,15.20714286,0,0.01332698715,0.01332698715
2023-02-17,104.9,14.98571429,0,-0.01456082668,-0.01456082668
2023-02-20,104.9,14.98571429,0,0,0
2023-02-21,104.75,14.96428571,0,-0.00142993327,-0.00142993327
2023-02-22,103.45,14.77857143,0,-0.01241050119,-0.01241050119
2023-02-23,105.6,15.08571429,0,0.02078298695,0.02078298695
2023-02-24,104.6,14.94285714,0,-0.00946969697,-0.00946969697
2023-03-01,106.15,15.16428571,0,0.01481835564,0.01481835564
2023-03-02,105.85,15.12142857,0,-0.002826189355,-0.002826189355
2023-03-03,105.8,15.11428571,0,-0.0004723665564,-0.0004723665564
2023-03-06,106.75,15.25,0,0.008979206049,0.008979206049
2023-03-07,107.35,15.33571429,0,0.005620608899,0.005620608899
2023-03-08,106.25,15.17857143,0,-0.01024685608,-0.01024685608
2023-03-09,106.6,15.22857143,0,0.003294117647,0.003294117647
2023-03-10,104.9,14.98571429,0,-0.01594746717,-0.01594746717
2023-03-13,105.35,15.05,0,0.004289799809,0.004289799809
2023-03-14,104.2,14.88571429,0,-0.0109159943,-0.0109159943
2023-03-15,104.3,14.9,0,0.0009596928983,0.0009596928983
2023-03-16,103.95,14.85,0,-0.003355704698,-0.003355704698
2023-03-17,106.25,15.17857143,0,0.02212602213,0.02212602213
2023-03-20,105.65,15.09285714,0,-0.005647058824,-0.005647058824
2023-03-21,106.2,15.17142857,0,0.005205868434,0.005205868434
2023-03-22,108.4,15.48571429,0,0.02071563089,0.02071563089
2023-03-23,109.35,15.62142857,0,0.008763837638,0.008763837638
2023-03-24,110.1,15.72857143,0,0.006858710562,0.006858710562
2023-03-27,109.3,15.61428571,0,-0.007266121708,-0.007266121708
2023-03-28,107.65,15.37857143,0,-0.01509606587,-0.01509606587
2023-03-29,108.1,15.44285714,0,0.004180213655,0.004180213655
2023-03-30,109.15,15.59285714,0,0.009713228492,0.009713228492
2023-03-31,109.6,15.65714286,0,0.004122766835,0.004122766835
2023-04-06,108.55,15.50714286,0,-0.009580291971,-0.009580291971
2023-04-07,108.6,15.51428571,0,0.0004606172271,0.0004606172271
2023-04-10,108.7,15.52857143,0,0.0009208103131,0.0009208103131
2023-04-11,108.5,15.5,0,-0.001839926403,-0.001839926403
2023-04-12,108.05,15.43571429,0,-0.004147465438,-0.004147465438
2023-04-13,106.8,15.25714286,0,-0.01156871819,-0.01156871819
2023-04-14,107.9,15.41428571,0,0.01029962547,0.01029962547
2023-04-17,107.55,15.36428571,0,-0.003243744208,-0.003243744208
2023-04-18,107.15,15.30714286,0,-0.003719200372,-0.003719200372
2023-04-19,106.15,15.16428571,0,-0.009332711153,-0.009332711153
2023-04-20,106.15,15.16428571,0,0,0
2023-04-21,101.6,14.51428571,4,0.2209138012,-0.00518134715172347
2023-04-24,100.95,14.42142857,0,-0.006397637795,-0.006397637795
2023-04-25,99.3,14.18571429,0,-0.01634472511,-0.01634472511
2023-04-26,98.75,14.10714286,0,-0.0055387714,-0.0055387714
2023-04-27,99.05,14.15,0,0.003037974684,0.003037974684
2023-04-28,100.3,14.32857143,0,0.01261988894,0.01261988894
2023-05-02,100.7,14.38571429,0,0.003988035892,0.003988035892
2023-05-03,100.25,14.32142857,0,-0.004468718967,-0.004468718967
2023-05-04,100.65,14.37857143,0,0.003990024938,0.003990024938
2023-05-05,100.75,14.39285714,0,0.0009935419771,0.0009935419771
2023-05-08,101.4,14.48571429,0,0.006451612903,0.006451612903
2023-05-09,102,14.57142857,0,0.005917159763,0.005917159763
2023-05-10,100.65,14.37857143,0,-0.01323529412,-0.01323529412
2023-05-11,100.35,14.33571429,0,-0.002980625931,-0.002980625931
2023-05-12,100.1,14.3,0,-0.002491280518,-0.002491280518
2023-05-15,99.9,14.27142857,0,-0.001998001998,-0.001998001998
2023-05-16,101.55,14.50714286,0,0.01651651652,0.01651651652
2023-05-17,103.3,14.75714286,0,0.0172328902,0.0172328902
2023-05-18,104.9,14.98571429,0,0.01548886738,0.01548886738
2023-05-19,105.55,15.07857143,0,0.006196377502,0.006196377502
2023-05-22,105.5,15.07142857,0,-0.0004737091426,-0.0004737091426
2023-05-23,105.4,15.05714286,0,-0.0009478672986,-0.0009478672986
2023-05-24,105,15,0,-0.003795066414,-0.003795066414
2023-05-25,107.05,15.29285714,0,0.01952380952,0.01952380952
2023-05-26,110.5,15.78571429,0,0.03222793087,0.03222793087
2023-05-29,111.7,15.95714286,0,0.01085972851,0.01085972851
2023-05-30,111.75,15.96428571,0,0.0004476275739,0.0004476275739
2023-05-31,110.9,15.84285714,0,-0.007606263982,-0.007606263982
2023-06-01,110,15.71428571,0,-0.008115419297,-0.008115419297
2023-06-02,111.7,15.95714286,0,0.01545454545,0.01545454545
2023-06-05,111.15,15.87857143,0,-0.004923903312,-0.004923903312
2023-06-06,111.6,15.94285714,0,0.004048582996,0.004048582996
2023-06-07,113.15,16.16428571,0,0.01388888889,0.01388888889
2023-06-08,111.55,15.93571429,0,-0.01414052143,-0.01414052143
2023-06-09,112.7,16.1,0,0.01030927835,0.01030927835
2023-06-12,114.2,16.31428571,0,0.01330967169,0.01330967169
2023-06-13,117.4,16.77142857,0,0.02802101576,0.02802101576
2023-06-14,116.9,16.7,0,-0.004258943782,-0.004258943782
2023-06-15,117.75,16.82142857,0,0.007271171942,0.007271171942
2023-06-16,117.5,16.78571429,0,-0.002123142251,-0.002123142251
2023-06-19,117.3,16.75714286,0,-0.00170212766,-0.00170212766
2023-06-20,116.85,16.69285714,0,-0.003836317136,-0.003836317136
2023-06-21,116.7,16.67142857,0,-0.001283697047,-0.001283697047
2023-06-26,116,16.57142857,0,-0.005998286204,-0.005998286204
2023-06-27,115.05,16.43571429,0,-0.008189655172,-0.008189655172
2023-06-28,115.15,16.45,0,0.0008691873099,0.0008691873099
2023-06-29,115.45,16.49285714,0,0.002605297438,0.002605297438
2023-06-30,116.1,16.58571429,0,0.005630142919,0.005630142919
2023-07-03,117.05,16.72142857,0,0.008182601206,0.008182601206
2023-07-04,118.4,16.91428571,0,0.01153353268,0.01153353268
2023-07-05,117.6,16.8,0,-0.006756756757,-0.006756756757
2023-07-06,115.4,16.48571429,0,-0.01870748299,-0.01870748299
2023-07-07,115.2,16.45714286,0,-0.001733102253,-0.001733102253
2023-07-10,115,16.42857143,0,-0.001736111111,-0.001736111111
2023-07-11,117.05,16.72142857,0,0.01782608696,0.01782608696
2023-07-12,117.7,16.81428571,0,0.005553182401,0.005553182401
2023-07-13,119.7,17.1,0,0.01699235344,0.01699235344
2023-07-14,121.2,17.31428571,0,0.01253132832,0.01253132832
2023-07-17,121.3,17.32857143,0,0.0008250825083,0.0008250825083
2023-07-18,120.7,17.24285714,0,-0.00494641385,-0.00494641385
2023-07-19,119.9,17.12857143,0,-0.006628003314,-0.006628003314
2023-07-20,120.2,17.17142857,0,0.002502085071,0.002502085071
2023-07-21,118.4,16.91428571,0,-0.0149750416,-0.0149750416
2023-07-24,119.15,17.02142857,0,0.006334459459,0.006334459459
2023-07-25,120.15,17.16428571,0,0.008392782207,0.008392782207
2023-07-26,119.55,17.07857143,0,-0.004993757803,-0.004993757803
2023-07-27,120.1,17.15714286,0,0.004600585529,0.004600585529
2023-07-28,120.6,17.22857143,0,0.004163197336,0.004163197336
2023-07-31,119.1,17.01428571,0,-0.01243781095,-0.01243781095
2023-08-01,119.4,17.05714286,0,0.002518891688,0.002518891688
2023-08-02,117,16.71428571,0,-0.02010050251,-0.02010050251
2023-08-04,116.45,16.63571429,0,-0.004700854701,-0.004700854701
2023-08-07,118.3,16.9,0,0.01588664663,0.01588664663
2023-08-08,117,16.71428571,0,-0.01098901099,-0.01098901099
2023-08-09,117.1,16.72857143,0,0.0008547008547,0.0008547008547
2023-08-10,115.2,16.45714286,0,-0.01622544833,-0.01622544833
2023-08-11,114.85,16.40714286,0,-0.003038194444,-0.003038194444
2023-08-14,113.8,16.25714286,0,-0.009142359599,-0.009142359599
2023-08-15,114.6,16.37142857,0,0.007029876977,0.007029876977
2023-08-16,114.7,16.38571429,0,0.000872600349,0.000872600349
2023-08-17,115.95,16.56428571,0,0.01089799477,0.01089799477
2023-08-18,114.4,16.34285714,0,-0.01336783096,-0.01336783096
2023-08-21,113.85,16.26428571,0,-0.004807692308,-0.004807692308
2023-08-22,115,16.42857143,0,0.0101010101,0.0101010101
2023-08-23,116.55,16.65,0,0.01347826087,0.01347826087
2023-08-24,118.85,16.97857143,0,0.01973401973,0.01973401973
2023-08-25,116,16.57142857,0,-0.02397980648,-0.02397980648
2023-08-28,116.35,16.62142857,0,0.003017241379,0.003017241379
2023-08-29,117.25,16.75,0,0.007735281478,0.007735281478
2023-08-30,117.6,16.8,0,0.002985074627,0.002985074627
2023-08-31,116.85,16.69285714,0,-0.00637755102,-0.00637755102
2023-09-01,116.85,16.69285714,0,0,0
2023-09-04,117.6,16.8,0,0.006418485237,0.006418485237
2023-09-05,117.45,16.77857143,0,-0.001275510204,-0.001275510204
2023-09-06,117.5,16.78571429,0,0.0004257130694,0.0004257130694
2023-09-07,116.35,16.62142857,0,-0.009787234043,-0.009787234043
2023-09-08,115.4,16.48571429,0,-0.008165019338,-0.008165019338
2023-09-11,114.3,16.32857143,0,-0.009532062392,-0.009532062392
2023-09-12,115.65,16.52142857,0,0.01181102362,0.01181102362
2023-09-13,115.2,16.45714286,0,-0.003891050584,-0.003891050584
2023-09-14,117.5,16.78571429,0,0.01996527778,0.01996527778
2023-09-15,118.5,16.92857143,0,0.008510638298,0.008510638298
2023-09-18,116.6,16.65714286,0,-0.01603375527,-0.01603375527
2023-09-19,115.9,16.55714286,0,-0.006003430532,-0.006003430532
2023-09-20,115.15,16.45,0,-0.006471095772,-0.006471095772
2023-09-21,113.4,16.2,0,-0.01519756839,-0.01519756839
2023-09-22,113.45,16.20714286,0,0.0004409171076,0.0004409171076
2023-09-25,114.25,16.32142857,0,0.007051564566,0.007051564566
2023-09-26,112.75,16.10714286,0,-0.01312910284,-0.01312910284
2023-09-27,113.1,16.15714286,0,0.00310421286,0.00310421286
2023-09-28,113.4,16.2,0,0.002652519894,0.002652519894
2023-10-02,115.95,16.56428571,0,0.02248677249,0.02248677249
2023-10-03,115.15,16.45,0,-0.006899525658,-0.006899525658
2023-10-04,113.95,16.27857143,0,-0.01042118975,-0.01042118975
2023-10-05,115.35,16.47857143,0,0.01228609039,0.01228609039
2023-10-06,116,16.57142857,0,0.00563502384,0.00563502384
2023-10-11,117.45,16.77857143,0,0.0125,0.0125
2023-10-12,118.7,16.95714286,0,0.01064282673,0.01064282673
2023-10-13,118.65,16.95,0,-0.0004212299916,-0.0004212299916
2023-10-16,117.6,16.8,0,-0.008849557522,-0.008849557522
2023-10-17,117.9,16.84285714,0,0.002551020408,0.002551020408
2023-10-18,115.55,16.50714286,0,-0.01993214589,-0.01993214589
2023-10-19,116.45,16.63571429,0,0.007788836002,0.007788836002
2023-10-20,116.85,16.69285714,0,0.003434950623,0.003434950623
2023-10-23,115.3,16.47142857,0,-0.01326486949,-0.01326486949
2023-10-24,115.65,16.52142857,0,0.00303555941,0.00303555941
2023-10-25,116.1,16.58571429,0,0.003891050584,0.003891050584
2023-10-26,113.25,16.17857143,0,-0.02454780362,-0.02454780362
2023-10-27,113.9,16.27142857,0,0.005739514349,0.005739514349
2023-10-30,113.7,16.24285714,0,-0.001755926251,-0.001755926251
2023-10-31,112.7,16.1,0,-0.008795074758,-0.008795074758
2023-11-01,113.2,16.17142857,0,0.004436557232,0.004436557232
2023-11-02,116.25,16.60714286,0,0.0269434629,0.0269434629
2023-11-03,116.95,16.70714286,0,0.006021505376,0.006021505376
2023-11-06,118.15,16.87857143,0,0.01026079521,0.01026079521
2023-11-07,118.2,16.88571429,0,0.0004231908591,0.0004231908591
2023-11-08,118.95,16.99285714,0,0.006345177665,0.006345177665
2023-11-09,119.2,17.02857143,0,0.002101723413,0.002101723413
2023-11-10,118.75,16.96428571,0,-0.003775167785,-0.003775167785
2023-11-13,121.25,17.32142857,0,0.02105263158,0.02105263158
2023-11-14,121.7,17.38571429,0,0.003711340206,0.003711340206
2023-11-15,122.8,17.54285714,0,0.009038619556,0.009038619556
2023-11-16,122.8,17.54285714,0,0,0
2023-11-17,123.15,17.59285714,0,0.002850162866,0.002850162866
2023-11-20,122.8,17.54285714,0,-0.002842062525,-0.002842062525
2023-11-21,124.35,17.76428571,0,0.01262214984,0.01262214984
2023-11-22,122.65,17.52142857,0,-0.01367108967,-0.01367108967
2023-11-23,122.85,17.55,0,0.001630656339,0.001630656339
2023-11-24,122.75,17.53571429,0,-0.000814000814,-0.000814000814
2023-11-27,121.35,17.33571429,0,-0.01140529532,-0.01140529532
2023-11-28,122.6,17.51428571,0,0.01030078286,0.01030078286
2023-11-29,122.6,17.51428571,0,0,0
2023-11-30,123.15,17.59285714,0,0.004486133768,0.004486133768
2023-12-01,123.3,17.61428571,0,0.001218026797,0.001218026797
2023-12-04,122.95,17.56428571,0,-0.002838605028,-0.002838605028
2023-12-05,122.15,17.45,0,-0.006506710045,-0.006506710045
2023-12-06,122.65,17.52142857,0,0.004093327876,0.004093327876
2023-12-07,121.9,17.41428571,0,-0.006114961272,-0.006114961272
2023-12-08,123,17.57142857,0,0.009023789992,0.009023789992
2023-12-11,123.45,17.63571429,0,0.003658536585,0.003658536585
2023-12-12,124,17.71428571,0,0.004455245038,0.004455245038
2023-12-13,124.5,17.78571429,0,0.004032258065,0.004032258065
2023-12-14,126.25,18.03571429,0,0.0140562249,0.0140562249
2023-12-15,125.95,17.99285714,0,-0.002376237624,-0.002376237624
2023-12-18,126.1,18.01428571,0,0.001190948789,0.001190948789
2023-12-19,125.7,17.95714286,0,-0.003172085646,-0.003172085646
2023-12-20,126.7,18.1,0,0.007955449483,0.007955449483
2023-12-21,125.75,17.96428571,0,-0.007498026835,-0.007498026835
2023-12-22,126.25,18.03571429,0,0.003976143141,0.003976143141
2023-12-25,127.1,18.15714286,0,0.006732673267,0.006732673267
2023-12-26,127.95,18.27857143,0,0.006687647522,0.006687647522
2023-12-27,129.25,18.46428571,0,0.01016021884,0.01016021884
2023-12-28,129.4,18.48571429,0,0.001160541586,0.001160541586
2023-12-29,129.4,18.48571429,0,0,0
2024-01-02,128.45,18.35,0,-0.007341576507,-0.007341576507
2024-01-03,125.9,17.98571429,0,-0.01985208252,-0.01985208252
2024-01-04,125.7,17.95714286,0,-0.001588562351,-0.001588562351
2024-01-05,125.4,17.91428571,0,-0.002386634845,-0.002386634845
2024-01-08,126.1,18.01428571,0,0.005582137161,0.005582137161
2024-01-09,126.4,18.05714286,0,0.002379064235,0.002379064235
2024-01-10,126,18,0,-0.003164556962,-0.003164556962
2024-01-11,126.75,18.10714286,0,0.005952380952,0.005952380952
2024-01-12,126.55,18.07857143,0,-0.00157790927,-0.00157790927
2024-01-15,126.95,18.13571429,0,0.003160806006,0.003160806006
2024-01-16,126.3,18.04285714,0,-0.005120126034,-0.005120126034
2024-01-17,125.15,17.87857143,0,-0.00910530483,-0.00910530483
2024-01-18,126.05,18.00714286,0,0.007191370356,0.007191370356
2024-01-19,131.8,18.82857143,0,0.04561681872,0.04561681872
2024-01-22,132.6,18.94285714,0,0.006069802731,0.006069802731
2024-01-23,133.05,19.00714286,0,0.003393665158,0.003393665158
2024-01-24,132.95,18.99285714,0,-0.0007515971439,-0.0007515971439
2024-01-25,135,19.28571429,0,0.01541933058,0.01541933058
2024-01-26,134.8,19.25714286,0,-0.001481481481,-0.001481481481
2024-01-29,135.4,19.34285714,0,0.004451038576,0.004451038576
2024-01-30,135.45,19.35,0,0.0003692762186,0.0003692762186
2024-01-31,133.2,19.02857143,0,-0.01661129568,-0.01661129568
2024-02-01,133.25,19.03571429,0,0.0003753753754,0.0003753753754
2024-02-02,134.7,19.24285714,0,0.01088180113,0.01088180113
2024-02-05,136,19.42857143,0,0.009651076466,0.009651076466
2024-02-15,143.45,20.49285714,0,0.05477941176,0.05477941176
2024-02-16,142,20.28571429,0,-0.01010805159,-0.01010805159
2024-02-19,141.3,20.18571429,0,-0.004929577465,-0.004929577465
2024-02-20,142.6,20.37142857,0,0.009200283086,0.009200283086
2024-02-21,141.3,20.18571429,0,-0.009116409537,-0.009116409537
2024-02-22,143.3,20.47142857,0,0.01415428167,0.01415428167
2024-02-23,144.75,20.67857143,0,0.01011863224,0.01011863224
2024-02-26,145.05,20.72142857,0,0.00207253886,0.00207253886
2024-02-27,144.3,20.61428571,0,-0.005170630817,-0.005170630817
2024-02-29,144.05,20.57857143,0,-0.001732501733,-0.001732501733
2024-03-01,144,20.57142857,0,-0.0003471017008,-0.0003471017008
2024-03-04,149.05,21.29285714,0,0.03506944444,0.03506944444
2024-03-05,150.7,21.52857143,0,0.0110701107,0.0110701107
2024-03-06,151.5,21.64285714,0,0.005308560053,0.005308560053
2024-03-07,155.1,22.15714286,0,0.02376237624,0.02376237624
2024-03-08,156.7,22.38571429,0,0.01031592521,0.01031592521
2024-03-11,155.25,22.17857143,0,-0.009253350351,-0.009253350351
2024-03-12,157,22.42857143,0,0.01127214171,0.01127214171
2024-03-13,157.4,22.48571429,0,0.002547770701,0.002547770701
2024-03-14,156.4,22.34285714,0,-0.006353240152,-0.006353240152
2024-03-15,155.25,22.17857143,0,-0.007352941176,-0.007352941176
2024-03-18,156.95,22.42142857,0,0.01095008052,0.01095008052
2024-03-19,156.4,22.34285714,0,-0.003504300733,-0.003504300733
2024-03-20,155.85,22.26428571,0,-0.003516624041,-0.003516624041
2024-03-21,160,22.85714286,0,0.02662816811,0.02662816811
2024-03-22,160.15,22.87857143,0,0.0009375,0.0009375
2024-03-25,159.8,22.82857143,0,-0.00218545114,-0.00218545114
2024-03-26,159.3,22.75714286,0,-0.003128911139,-0.003128911139
2024-03-27,159.1,22.72857143,0,-0.001255492781,-0.001255492781
2024-03-28,158.75,22.67857143,0,-0.002199874293,-0.002199874293
2024-03-29,159.3,22.75714286,0,0.003464566929,0.003464566929
2024-04-01,158.8,22.68571429,0,-0.003138731952,-0.003138731952
2024-04-02,162,23.14285714,0,0.0201511335,0.0201511335
2024-04-03,160.75,22.96428571,0,-0.007716049383,-0.007716049383
2024-04-08,161.1,23.01428571,0,0.002177293935,0.002177293935
2024-04-09,165.5,23.64285714,0,0.02731222843,0.02731222843
2024-04-10,165.35,23.62142857,0,-0.0009063444109,-0.0009063444109
2024-04-11,165.2,23.6,0,-0.0009071666163,-0.0009071666163
2024-04-12,165.1,23.58571429,0,-0.0006053268765,-0.0006053268765
2024-04-15,162.5,23.21428571,0,-0.0157480315,-0.0157480315
2024-04-16,158.55,22.65,0,-0.02430769231,-0.02430769231
2024-04-17,160.75,22.96428571,0,0.01387574898,0.01387574898
2024-04-18,156.85,22.40714286,6.43,0.2557387247,0.015738725041817503
2024-04-19,148.05,21.15,0,-0.0561045585,-0.0561045585
2024-04-22,144.25,20.60714286,0,-0.02566700439,-0.02566700439
2024-04-23,145.9,20.84285714,0,0.01143847487,0.01143847487
2024-04-24,151.6,21.65714286,0,0.03906785469,0.03906785469
2024-04-25,148.55,21.22142857,0,-0.02011873351,-0.02011873351
2024-04-26,151.25,21.60714286,0,0.01817569842,0.01817569842
2024-04-29,153.4,21.91428571,0,0.01421487603,0.01421487603
2024-04-30,153.9,21.98571429,0,0.003259452412,0.003259452412
2024-05-02,151.1,21.58571429,0,-0.01819363223,-0.01819363223
2024-05-03,151.25,21.60714286,0,0.0009927200529,0.0009927200529
2024-05-06,153.8,21.97142857,0,0.01685950413,0.01685950413
2024-05-07,154.85,22.12142857,0,0.006827048114,0.006827048114
2024-05-08,156.2,22.31428571,0,0.008718114304,0.008718114304
2024-05-09,156,22.28571429,0,-0.001280409731,-0.001280409731
2024-05-10,156.7,22.38571429,0,0.004487179487,0.004487179487
2024-05-13,157.9,22.55714286,0,0.007657945118,0.007657945118
2024-05-14,159.55,22.79285714,0,0.01044965168,0.01044965168
2024-05-15,161.65,23.09285714,0,0.01316201818,0.01316201818
2024-05-16,161.9,23.12857143,0,0.001546551191,0.001546551191
2024-05-17,161.7,23.1,0,-0.001235330451,-0.001235330451
2024-05-20,161.2,23.02857143,0,-0.003092145949,-0.003092145949
2024-05-21,161.65,23.09285714,0,0.002791563275,0.002791563275
2024-05-22,165.45,23.63571429,0,0.0235075781,0.0235075781
2024-05-23,167.6,23.94285714,0,0.0129948625,0.0129948625
2024-05-24,166.85,23.83571429,0,-0.004474940334,-0.004474940334
2024-05-27,169.15,24.16428571,0,0.01378483668,0.01378483668
2024-05-28,170.1,24.3,0,0.005616316879,0.005616316879
2024-05-29,168.4,24.05714286,0,-0.009994121105,-0.009994121105
2024-05-30,164.85,23.55,0,-0.0210807601,-0.0210807601
2024-05-31,162.8,23.25714286,0,-0.01243554747,-0.01243554747
2024-06-03,166.3,23.75714286,0,0.0214987715,0.0214987715
2024-06-04,163.3,23.32857143,0,-0.01803968731,-0.01803968731
2024-06-05,165.05,23.57857143,0,0.01071647275,0.01071647275
2024-06-06,170.75,24.39285714,0,0.0345349894,0.0345349894
2024-06-07,169,24.14285714,0,-0.0102489019,-0.0102489019
2024-06-11,169.65,24.23571429,0,0.003846153846,0.003846153846
2024-06-12,173.4,24.77142857,0,0.02210433245,0.02210433245
2024-06-13,176.6,25.22857143,0,0.0184544406,0.0184544406
2024-06-14,177.5,25.35714286,0,0.005096262741,0.005096262741
2024-06-17,177.55,25.36428571,0,0.0002816901408,0.0002816901408
2024-06-18,181.1,25.87142857,0,0.01999436778,0.01999436778
2024-06-19,187.65,26.80714286,0,0.03616786306,0.03616786306
2024-06-20,188.05,26.86428571,0,0.002131628031,0.002131628031
2024-06-21,186.5,26.64285714,0,-0.0082424887,-0.0082424887
2024-06-24,181.7,25.95714286,0,-0.02573726542,-0.02573726542
2024-06-25,181.65,25.95,0,-0.0002751788663,-0.0002751788663
2024-06-26,183.8,26.25714286,0,0.01183594825,0.01183594825
2024-06-27,183.25,26.17857143,0,-0.002992383025,-0.002992383025
2024-06-28,184.8,26.4,0,0.008458390177,0.008458390177
2024-07-01,184.4,26.34285714,0,-0.002164502165,-0.002164502165
2024-07-02,182.9,26.12857143,0,-0.008134490239,-0.008134490239
2024-07-03,184.9,26.41428571,0,0.01093493712,0.01093493712
2024-07-04,190.7,27.24285714,0,0.03136830719,0.03136830719
2024-07-05,189.8,27.11428571,0,-0.004719454641,-0.004719454641
2024-07-08,195.85,27.97857143,0,0.03187565859,0.03187565859
2024-07-09,196.5,28.07142857,0,0.003318866479,0.003318866479
2024-07-10,197.3,28.18571429,0,0.004071246819,0.004071246819
2024-07-11,201.5,28.78571429,0,0.02128737962,0.02128737962
2024-07-12,194.75,27.82142857,0,-0.03349875931,-0.03349875931
2024-07-15,194.85,27.83571429,0,0.000513478819,0.000513478819
2024-07-16,196.25,28.03571429,0,0.007185014113,0.007185014113
2024-07-17,194,27.71428571,0,-0.01146496815,-0.01146496815
2024-07-18,189.4,27.05714286,0,-0.02371134021,-0.02371134021
2024-07-19,183.9,26.27142857,0,-0.02903907075,-0.02903907075
2024-07-22,177.35,25.33571429,0,-0.03561718325,-0.03561718325
2024-07-23,183.1,26.15714286,0,0.03242176487,0.03242176487
2024-07-26,174.55,24.93571429,0,-0.04669579465,-0.04669579465
2024-07-29,175.95,25.13571429,0,0.008020624463,0.008020624463
2024-07-30,176.45,25.20714286,0,0.002841716397,0.002841716397
2024-07-31,176.25,25.17857143,0,-0.001133465571,-0.001133465571
2024-08-01,179.8,25.68571429,0,0.02014184397,0.02014184397
2024-08-02,170.05,24.29285714,0,-0.0542269188,-0.0542269188
2024-08-05,153.45,21.92142857,0,-0.09761834754,-0.09761834754
2024-08-06,162.25,23.17857143,0,0.05734767025,0.05734767025
2024-08-07,169.55,24.22142857,0,0.04499229584,0.04499229584
2024-08-08,165.65,23.66428571,0,-0.02300206429,-0.02300206429
2024-08-09,171.5,24.5,0,0.03531542409,0.03531542409
2024-08-12,173.7,24.81428571,0,0.01282798834,0.01282798834
2024-08-13,174.3,24.9,0,0.003454231434,0.003454231434
2024-08-14,176.15,25.16428571,0,0.01061388411,0.01061388411
2024-08-15,175.25,25.03571429,0,-0.005109281862,-0.005109281862
2024-08-16,179.4,25.62857143,0,0.02368045649,0.02368045649
2024-08-19,180.1,25.72857143,0,0.003901895206,0.003901895206
2024-08-20,180.5,25.78571429,0,0.00222098834,0.00222098834
2024-08-21,178.55,25.50714286,0,-0.0108033241,-0.0108033241
2024-08-22,177.4,25.34285714,0,-0.006440772893,-0.006440772893
2024-08-23,177.55,25.36428571,0,0.0008455467869,0.0008455467869
2024-08-26,177.45,25.35,0,-0.0005632216277,-0.0005632216277
2024-08-27,176.35,25.19285714,0,-0.006198929276,-0.006198929276
2024-08-28,179.2,25.6,0,0.01616104338,0.01616104338
2024-08-29,177.25,25.32142857,0,-0.01088169643,-0.01088169643
2024-08-30,177.4,25.34285714,0,0.0008462623413,0.0008462623413
2024-09-02,177.05,25.29285714,0,-0.001972942503,-0.001972942503
2024-09-03,176.75,25.25,0,-0.0016944366,-0.0016944366
2024-09-04,168.05,24.00714286,0,-0.04922206506,-0.04922206506
2024-09-05,168.25,24.03571429,0,0.001190121988,0.001190121988
2024-09-06,170.1,24.3,0,0.01099554235,0.01099554235
2024-09-09,167.7,23.95714286,0,-0.01410934744,-0.01410934744
2024-09-10,167.25,23.89285714,0,-0.002683363148,-0.002683363148
2024-09-11,167.3,23.9,0,0.0002989536622,0.0002989536622
2024-09-12,173.9,24.84285714,0,0.03945008966,0.03945008966
2024-09-13,174.35,24.90714286,0,0.002587694077,0.002587694077
2024-09-16,174.9,24.98571429,0,0.003154574132,0.003154574132
2024-09-18,173.2,24.74285714,0,-0.009719839909,-0.009719839909
2024-09-19,175.95,25.13571429,0,0.01587759815,0.01587759815
2024-09-20,177.8,25.4,0,0.01051435067,0.01051435067
2024-09-23,178.6,25.51428571,0,0.00449943757,0.00449943757
2024-09-24,180.3,25.75714286,0,0.009518477044,0.009518477044
2024-09-25,183.5,26.21428571,0,0.01774819745,0.01774819745
2024-09-26,185.05,26.43571429,0,0.008446866485,0.008446866485
2024-09-27,184.4,26.34285714,0,-0.003512564172,-0.003512564172
2024-09-30,177.1,25.3,0,-0.03958785249,-0.03958785249
2024-10-01,179.05,25.57857143,0,0.0110107284,0.0110107284
2024-10-04,179.25,25.60714286,0,0.001117006423,0.001117006423
2024-10-07,184.15,26.30714286,0,0.02733612273,0.02733612273
2024-10-08,183.65,26.23571429,0,-0.002715177844,-0.002715177844
2024-10-09,186.2,26.6,0,0.01388510754,0.01388510754
2024-10-11,189.8,27.11428571,0,0.01933404941,0.01933404941
2024-10-14,189.9,27.12857143,0,0.0005268703899,0.0005268703899
2024-10-15,194.15,27.73571429,0,0.02238020011,0.02238020011
2024-10-16,191.1,27.3,0,-0.01570950296,-0.01570950296
2024-10-17,191,27.28571429,0,-0.0005232862376,-0.0005232862376
2024-10-18,195,27.85714286,0,0.02094240838,0.02094240838
2024-10-21,196.55,28.07857143,0,0.007948717949,0.007948717949
2024-10-22,195.7,27.95714286,0,-0.004324599339,-0.004324599339
2024-10-23,194.4,27.77142857,0,-0.006642820644,-0.006642820644
2024-10-24,192,27.42857143,0,-0.01234567901,-0.01234567901
2024-10-25,193.8,27.68571429,0,0.009375,0.009375
2024-10-28,193.35,27.62142857,0,-0.002321981424,-0.002321981424
2024-10-29,189.25,27.03571429,0,-0.02120506853,-0.02120506853
2024-10-30,189.15,27.02142857,0,-0.0005284015852,-0.0005284015852
2024-11-01,188,26.85714286,0,-0.006079830822,-0.006079830822
2024-11-04,190.55,27.22142857,0,0.01356382979,0.01356382979
2024-11-05,190.8,27.25714286,0,0.001311991603,0.001311991603
2024-11-06,192.9,27.55714286,0,0.01100628931,0.01100628931
2024-11-07,195.2,27.88571429,0,0.01192327631,0.01192327631
2024-11-08,197.15,28.16428571,0,0.009989754098,0.009989754098
2024-11-11,197.25,28.17857143,0,0.000507227999,0.000507227999
2024-11-12,191.9,27.41428571,0,-0.02712294043,-0.02712294043
2024-11-13,190.55,27.22142857,0,-0.007034914018,-0.007034914018
2024-11-14,189.25,27.03571429,0,-0.006822356337,-0.006822356337
2024-11-15,190,27.14285714,0,0.003963011889,0.003963011889
2024-11-18,186.35,26.62142857,0,-0.01921052632,-0.01921052632
2024-11-19,189.3,27.04285714,0,0.01583042662,0.01583042662
2024-11-20,188,26.85714286,0,-0.006867406233,-0.006867406233
2024-11-21,186.2,26.6,0,-0.009574468085,-0.009574468085
2024-11-22,190.35,27.19285714,0,0.02228786251,0.02228786251
2024-11-25,189.5,27.07142857,0,-0.004465458366,-0.004465458366
2024-11-26,186.2,26.6,0,-0.01741424802,-0.01741424802
2024-11-27,182.9,26.12857143,0,-0.01772287863,-0.01772287863
2024-11-28,182.7,26.1,0,-0.001093493712,-0.001093493712
2024-11-29,183.9,26.27142857,0,0.006568144499,0.006568144499
2024-12-02,188.15,26.87857143,0,0.02311038608,0.02311038608
2024-12-03,190.9,27.27142857,0,0.01461599787,0.01461599787
2024-12-04,192.9,27.55714286,0,0.01047668937,0.01047668937
2024-12-05,193.8,27.68571429,0,0.00466562986,0.00466562986
2024-12-06,192.5,27.5,0,-0.006707946336,-0.006707946336
2024-12-09,193.3,27.61428571,0,0.004155844156,0.004155844156
2024-12-10,191.35,27.33571429,0,-0.0100879462,-0.0100879462
2024-12-11,189.55,27.07857143,0,-0.009406846094,-0.009406846094
2024-12-12,191.6,27.37142857,0,0.01081508837,0.01081508837
2024-12-13,191.95,27.42142857,0,0.001826722338,0.001826722338
2024-12-16,192.5,27.5,0,0.002865329513,0.002865329513
2024-12-17,193.7,27.67142857,0,0.006233766234,0.006233766234
2024-12-18,194.55,27.79285714,0,0.00438822922,0.00438822922
2024-12-19,192.9,27.55714286,0,-0.008481110254,-0.008481110254
2024-12-20,190.25,27.17857143,0,-0.01373768792,-0.01373768792
2024-12-23,194.35,27.76428571,0,0.02155059133,0.02155059133
2024-12-24,194.75,27.82142857,0,0.002058142526,0.002058142526
2024-12-25,195.5,27.92857143,0,0.003851091142,0.003851091142
2024-12-26,195.85,27.97857143,0,0.00179028133,0.00179028133
2024-12-27,196.4,28.05714286,0,0.002808271636,0.002808271636
2024-12-30,195.3,27.9,0,-0.005600814664,-0.005600814664
2024-12-31,194.6,27.8,0,-0.003584229391,-0.003584229391
2025-01-02,192.25,27.46428571,0,-0.01207605344,-0.01207605344
2025-01-03,194,27.71428571,0,0.009102730819,0.009102730819
2025-01-06,199.95,28.56428571,0,0.03067010309,0.03067010309
2025-01-07,203.7,29.1,0,0.01875468867,0.01875468867
2025-01-08,200.3,28.61428571,0,-0.01669121257,-0.01669121257
2025-01-09,198.1,28.3,0,-0.01098352471,-0.01098352471
2025-01-10,197.75,28.25,0,-0.001766784452,-0.001766784452
2025-01-13,192.9,27.55714286,0,-0.02452591656,-0.02452591656
2025-01-14,193.45,27.63571429,0,0.002851218248,0.002851218248
2025-01-15,192.5,27.5,0,-0.004910829672,-0.004910829672
2025-01-16,196.7,28.1,0,0.02181818182,0.02181818182
2025-01-17,197.5,28.21428571,0,0.00406710727,0.00406710727
2025-01-20,199.1,28.44285714,0,0.008101265823,0.008101265823
2025-01-21,199.55,28.50714286,0,0.002260170768,0.002260170768
2025-01-22,202.4,28.91428571,0,0.0142821348,0.0142821348
2025-02-03,192.3,27.47142857,0,-0.04990118577,-0.04990118577
2025-02-04,194.35,27.76428571,0,0.01066042642,0.01066042642
2025-02-05,197.2,28.17142857,0,0.0146642655,0.0146642655
2025-02-06,197.65,28.23571429,0,0.002281947262,0.002281947262
2025-02-07,199.9,28.55714286,0,0.01138375917,0.01138375917
2025-02-10,197,28.14285714,0,-0.01450725363,-0.01450725363
2025-02-11,197.8,28.25714286,0,0.004060913706,0.004060913706
2025-02-12,197.25,28.17857143,0,-0.002780586451,-0.002780586451
2025-02-13,196.5,28.07142857,0,-0.003802281369,-0.003802281369
2025-02-14,193.65,27.66428571,0,-0.01450381679,-0.01450381679
2025-02-17,196.15,28.02142857,0,0.01290988897,0.01290988897
2025-02-18,197.3,28.18571429,0,0.005862860056,0.005862860056
2025-02-19,197.6,28.22857143,0,0.001520527116,0.001520527116
2025-02-20,196.4,28.05714286,0,-0.006072874494,-0.006072874494
2025-02-21,197.95,28.27857143,0,0.007892057026,0.007892057026
2025-02-24,196.2,28.02857143,0,-0.008840616317,-0.008840616317
2025-02-25,193,27.57142857,0,-0.01630988787,-0.01630988787
2025-02-26,194.5,27.78571429,0,0.007772020725,0.007772020725
2025-02-27,191.8,27.4,0,-0.01388174807,-0.01388174807
2025-03-03,186.2,26.6,0,-0.02919708029,-0.02919708029
2025-03-04,185.7,26.52857143,0,-0.00268528464,-0.00268528464
2025-03-05,188.15,26.87857143,0,0.01319332256,0.01319332256
2025-03-06,186.65,26.66428571,0,-0.007972362477,-0.007972362477
2025-03-07,184.35,26.33571429,0,-0.0123225288,-0.0123225288
2025-03-10,183.9,26.27142857,0,-0.00244100895,-0.00244100895
2025-03-11,179.45,25.63571429,0,-0.02419793366,-0.02419793366
2025-03-12,180.5,25.78571429,0,0.005851212037,0.005851212037
2025-03-13,178.95,25.56428571,0,-0.008587257618,-0.008587257618
2025-03-14,178.1,25.44285714,0,-0.004749930148,-0.004749930148
2025-03-17,179.55,25.65,0,0.008141493543,0.008141493543
2025-03-18,180.65,25.80714286,0,0.006126427179,0.006126427179
2025-03-19,178.1,25.44285714,0,-0.01411569333,-0.01411569333
2025-03-20,182.25,26.03571429,0,0.023301516,0.023301516
2025-03-21,180.7,25.81428571,0,-0.008504801097,-0.008504801097
2025-03-24,180.25,25.75,0,-0.00249031544,-0.00249031544
2025-03-25,182.7,26.1,0,0.01359223301,0.01359223301
2025-03-26,182.6,26.08571429,0,-0.0005473453749,-0.0005473453749
2025-03-27,178.2,25.45714286,0,-0.02409638554,-0.02409638554
2025-03-28,175.75,25.10714286,0,-0.01374859708,-0.01374859708
2025-03-31,169,24.14285714,0,-0.03840682788,-0.03840682788
2025-04-01,173.65,24.80714286,0,0.0275147929,0.0275147929
2025-04-02,173.35,24.76428571,0,-0.001727613015,-0.001727613015
2025-04-07,156.05,22.29285714,0,-0.09979809634,-0.09979809634
2025-04-08,148.4,21.2,0,-0.04902274912,-0.04902274912
2025-04-09,140.35,20.05,0,-0.05424528302,-0.05424528302
2025-04-10,154.35,22.05,0,0.09975062344,0.09975062344
2025-04-11,160.65,22.95,0,0.04081632653,0.04081632653
2025-04-14,159.15,22.73571429,0,-0.009337068161,-0.009337068161
2025-04-15,161.1,23.01428571,0,0.01225259189,0.01225259189
2025-04-16,157.65,22.52142857,0,-0.02141527002,-0.02141527002
2025-04-17,156.7,22.38571429,0,-0.006026006977,-0.006026006977
2025-04-18,157.15,22.45,0,0.002871729419,0.002871729419
2025-04-21,154.5,22.07142857,0,-0.01686286987,-0.01686286987
2025-04-22,153,21.85714286,0,-0.009708737864,-0.009708737864
2025-04-23,157.3,22.47142857,3.23,0.1758823529,0.04921568607199789
2025-04-24,155.45,22.20714286,0,-0.01176096631,-0.01176096631
2025-04-25,160,22.85714286,0,0.02926986169,0.02926986169
2025-04-28,161.1,23.01428571,0,0.006875,0.006875
2025-04-29,161.95,23.13571429,0,0.005276225947,0.005276225947
2025-04-30,161.6,23.08571429,0,-0.002161160852,-0.002161160852
2025-05-02,167.7,23.95714286,0,0.03774752475,0.03774752475
2025-05-05,164.9,23.55714286,0,-0.01669648181,-0.01669648181
2025-05-06,163.7,23.38571429,0,-0.007277137659,-0.007277137659
2025-05-07,163.45,23.35,0,-0.001527183873,-0.001527183873
2025-05-08,166,23.71428571,0,0.01560110125,0.01560110125
2025-05-09,167.55,23.93571429,0,0.009337349398,0.009337349398
2025-05-12,169.7,24.24285714,0,0.01283199045,0.01283199045
2025-05-13,172.95,24.70714286,0,0.01915144372,0.01915144372
2025-05-14,177.75,25.39285714,0,0.02775368604,0.02775368604
2025-05-15,176.85,25.26428571,0,-0.005063291139,-0.005063291139
2025-05-16,177.1,25.3,0,0.001413627368,0.001413627368
2025-05-19,174,24.85714286,0,-0.0175042349,-0.0175042349
2025-05-20,174.15,24.87857143,0,0.0008620689655,0.0008620689655
2025-05-21,176.8,25.25714286,0,0.01521676715,0.01521676715
2025-05-22,174.6,24.94285714,0,-0.01244343891,-0.01244343891
2025-05-23,173.45,24.77857143,0,-0.006586483391,-0.006586483391
2025-05-26,173.5,24.78571429,0,0.0002882675123,0.0002882675123
2025-05-27,171.75,24.53571429,0,-0.01008645533,-0.01008645533
2025-05-28,173.05,24.72142857,0,0.007569141194,0.007569141194
2025-05-29,173.55,24.79285714,0,0.002889338342,0.002889338342
2025-06-02,169.1,24.15714286,0,-0.02564102564,-0.02564102564
2025-06-03,170.35,24.33571429,0,0.007392075695,0.007392075695
2025-06-04,175.8,25.11428571,0,0.03199295568,0.03199295568
2025-06-05,176.3,25.18571429,0,0.002844141069,0.002844141069
2025-06-06,175.75,25.10714286,0,-0.00311968236,-0.00311968236
2025-06-09,177.9,25.41428571,0,0.01223328592,0.01223328592
2025-06-10,183.6,26.22857143,0,0.03204047218,0.03204047218
2025-06-11,185.5,26.5,0,0.01034858388,0.01034858388
2025-06-12,184.4,26.34285714,0,-0.005929919137,-0.005929919137
2025-06-13,181.25,25.89285714,0,-0.0170824295,-0.0170824295
2025-06-16,181.3,25.9,0,0.000275862069,0.000275862069
2025-06-17,182.7,26.1,0,0.007722007722,0.007722007722
2025-06-18,184.8,26.4,0,0.01149425287,0.01149425287
2025-06-19,182.75,26.10714286,0,-0.01109307359,-0.01109307359
2025-06-20,183,26.14285714,0,0.001367989056,0.001367989056
2025-06-23,181.1,25.87142857,0,-0.01038251366,-0.01038251366
2025-06-24,184.6,26.37142857,0,0.01932633904,0.01932633904
2025-06-25,187.1,26.72857143,0,0.01354279523,0.01354279523
2025-06-26,187.55,26.79285714,0,0.002405130946,0.002405130946
2025-06-27,187.8,26.82857143,0,0.001332977873,0.001332977873
2025-06-30,188.1,26.87142857,0,0.001597444089,0.001597444089
2025-07-01,188.9,26.98571429,0,0.004253056885,0.004253056885
2025-07-02,189.75,27.10714286,0,0.00449973531,0.00449973531
2025-07-03,191.45,27.35,0,0.008959156785,0.008959156785
2025-07-04,190.1,27.15714286,0,-0.007051449465,-0.007051449465
2025-07-07,188.95,26.99285714,0,-0.006049447659,-0.006049447659
2025-07-08,187.55,26.79285714,0,-0.007409367558,-0.007409367558
2025-07-09,190.55,27.22142857,0,0.01599573447,0.01599573447
2025-07-10,192.45,27.49285714,0,0.009971136185,0.009971136185
2025-07-11,192.95,27.56428571,0,0.002598077423,0.002598077423
2025-07-14,191.75,27.39285714,0,-0.006219227779,-0.006219227779
2025-07-15,194.3,27.75714286,0,0.01329856584,0.01329856584
2025-07-16,196.85,28.12142857,0,0.013124035,0.013124035
2025-07-17,197.35,28.19285714,0,0.00254000508,0.00254000508
2025-07-18,200.2,28.6,0,0.01444134786,0.01444134786
2025-07-21,199.65,28.52142857,0,-0.002747252747,-0.002747252747
2025-07-22,197.9,28.27142857,0,-0.008765339344,-0.008765339344
2025-07-23,199.1,28.44285714,0,0.006063668519,0.006063668519
2025-07-24,200.4,28.62857143,0,0.00652938222,0.00652938222
2025-07-25,200.15,28.59285714,0,-0.00124750499,-0.00124750499
2025-07-28,200.7,28.67142857,0,0.002747939046,0.002747939046
2025-07-29,198.05,28.29285714,0,-0.01320378675,-0.01320378675
2025-07-30,200.2,28.6,0,0.01085584448,0.01085584448
2025-07-31,203,29,0,0.01398601399,0.01398601399
2025-08-01,200.35,28.62142857,0,-0.01305418719,-0.01305418719
2025-08-04,199.2,28.45714286,0,-0.005739955079,-0.005739955079
2025-08-05,201.4,28.77142857,0,0.01104417671,0.01104417671
2025-08-06,199.15,28.45,0,-0.01117179742,-0.01117179742
2025-08-07,206.4,29.48571429,0,0.03640472006,0.03640472006
2025-08-08,205.85,29.40714286,0,-0.002664728682,-0.002664728682
2025-08-11,207.7,29.67142857,0,0.008987126548,0.008987126548
2025-08-12,207.9,29.7,0,0.000962927299,0.000962927299
2025-08-13,209.15,29.87857143,0,0.006012506013,0.006012506013
2025-08-14,207.85,29.69285714,0,-0.006215634712,-0.006215634712
2025-08-15,207.45,29.63571429,0,-0.001924464758,-0.001924464758
2025-08-18,208.85,29.83571429,0,0.006748614124,0.006748614124
2025-08-19,208.05,29.72142857,0,-0.003830500359,-0.003830500359
2025-08-20,200.95,28.70714286,0,-0.03412641192,-0.03412641192
2025-08-21,203.05,29.00714286,0,0.01045036079,0.01045036079
2025-08-22,201.5,28.78571429,0,-0.007633587786,-0.007633587786
2025-08-25,206.75,29.53571429,0,0.02605459057,0.02605459057
2025-08-26,207.4,29.62857143,0,0.003143893591,0.003143893591
2025-08-27,209.55,29.93571429,0,0.01036644166,0.01036644166
2025-08-28,206.8,29.54285714,0,-0.01312335958,-0.01312335958
2025-08-29,207,29.57142857,0,0.0009671179884,0.0009671179884
2025-09-01,204.25,29.17857143,0,-0.01328502415,-0.01328502415
2025-09-02,203.55,29.07857143,0,-0.003427172583,-0.003427172583
2025-09-03,203.5,29.07142857,0,-0.0002456398919,-0.0002456398919
2025-09-04,205,29.28571429,0,0.007371007371,0.007371007371
2025-09-05,207.5,29.64285714,0,0.01219512195,0.01219512195
2025-09-08,209.8,29.97142857,0,0.01108433735,0.01108433735
2025-09-09,211.9,30.27142857,0,0.01000953289,0.01000953289
2025-09-10,216.2,30.88571429,0,0.02029259084,0.02029259084
2025-09-11,218.45,31.20714286,0,0.01040703053,0.01040703053
2025-09-12,220.5,31.5,0,0.009384298466,0.009384298466
2025-09-15,220.05,31.43571429,0,-0.002040816327,-0.002040816327
2025-09-16,224.25,32.03571429,0,0.01908657123,0.01908657123
2025-09-17,222.6,31.8,0,-0.007357859532,-0.007357859532
2025-09-18,224.3,32.04285714,0,0.007637017071,0.007637017071
2025-09-19,224.85,32.12142857,0,0.002452073116,0.002452073116
2025-09-22,226.25,32.32142857,0,0.006226373138,0.006226373138
2025-09-23,231.9,33.12857143,0,0.02497237569,0.02497237569
2025-09-24,232.15,33.16428571,0,0.001078050884,0.001078050884
2025-09-25,230.65,32.95,0,-0.006461339651,-0.006461339651
2025-09-26,226.7,32.38571429,0,-0.01712551485,-0.01712551485
2025-09-30,229,32.71428571,0,0.01014556683,0.01014556683
2025-10-01,229.95,32.85,0,0.004148471616,0.004148471616
2025-10-02,234.95,33.56428571,0,0.02174385736,0.02174385736
2025-10-03,239.1,34.15714286,0,0.01766333262,0.01766333262
2025-10-07,246.45,35.20714286,0,0.03074027604,0.03074027604
2025-10-08,244.1,34.87142857,0,-0.009535402719,-0.009535402719
2025-10-09,247.3,35.32857143,0,0.0131093814,0.0131093814
2025-10-13,242.55,34.65,0,-0.01920744036,-0.01920744036
2025-10-14,241.35,34.47857143,0,-0.004947433519,-0.004947433519
2025-10-15,245.75,35.10714286,0,0.01823078517,0.01823078517
2025-10-16,252.8,36.11428571,0,0.02868769074,0.02868769074
2025-10-17,248.15,35.45,0,-0.01839398734,-0.01839398734
2025-10-20,252.85,36.12142857,0,0.01894015716,0.01894015716
2025-10-21,253.2,36.17142857,0,0.001384219893,0.001384219893
2025-10-22,251.2,35.88571429,0,-0.007898894155,-0.007898894155
2025-10-23,248.95,35.56428571,0,-0.008957006369,-0.008957006369
2025-10-27,255.8,36.54285714,0,0.02751556537,0.02751556537
2025-10-28,254.25,36.32142857,0,-0.006059421423,-0.006059421423
2025-10-29,260,37.14285714,0,0.02261553589,0.02261553589
2025-10-30,260,37.14285714,0,0,0
2025-10-31,261.2,37.31428571,0,0.004615384615,0.004615384615
2025-11-03,258.75,36.96428571,0,-0.009379785605,-0.009379785605
2025-11-04,257.35,36.76428571,0,-0.005410628019,-0.005410628019
2025-11-05,253.6,36.22857143,0,-0.0145715951,-0.0145715951
2025-11-06,254.85,36.40714286,0,0.004929022082,0.004929022082
2025-11-07,251.5,35.92857143,0,-0.01314498725,-0.01314498725
2025-11-10,255.85,36.55,0,0.01729622266,0.01729622266
2025-11-11,253.6,36.22857143,0,-0.008794215361,-0.008794215361
2025-11-12,255.3,36.47142857,0,0.006703470032,0.006703470032
2025-11-13,254.1,36.3,0,-0.004700352526,-0.004700352526
2025-11-14,248.5,35.5,0,-0.02203856749,-0.02203856749
2025-11-17,249,35.57142857,0,0.002012072435,0.002012072435
2025-11-18,245.3,35.04285714,0,-0.01485943775,-0.01485943775
2025-11-26,35.35,35.35,0,0.008764777823,0.008764777823
2025-11-27,35.68,35.68,0,0.009335219236,0.009335219236
2025-11-28,36.01,36.01,0,0.009248878924,0.009248878924
2025-12-01,35.36,35.36,0,-0.01805054152,-0.01805054152
2025-12-02,35.41,35.41,0,0.001414027149,0.001414027149
2025-12-03,35.81,35.81,0,0.011296244,0.011296244
2025-12-04,35.68,35.68,0,-0.003630270874,-0.003630270874
2025-12-05,36.12,36.12,0,0.01233183857,0.01233183857
2025-12-08,36.82,36.82,0,0.01937984496,0.01937984496
2025-12-09,36.77,36.77,0,-0.001357957632,-0.001357957632
2025-12-10,37.02,37.02,0,0.006799020941,0.006799020941
2025-12-11,36.55,36.55,0,-0.01269584009,-0.01269584009
2025-12-12,36.64,36.64,0,0.002462380301,0.002462380301
2025-12-15,36.05,36.05,0,-0.01610262009,-0.01610262009
2025-12-16,35.65,35.65,0,-0.01109570042,-0.01109570042
2025-12-17,35.46,35.46,0,-0.005329593268,-0.005329593268
2025-12-18,35.31,35.31,0,-0.004230118443,-0.004230118443
2025-12-19,35.64,35.64,0,0.009345794393,0.009345794393
2025-12-22,36.21,36.21,0,0.01599326599,0.01599326599
2025-12-23,36.46,36.46,0,0.006904170119,0.006904170119
2025-12-24,36.55,36.55,0,0.002468458585,0.002468458585
2025-12-26,36.89,36.89,0,0.009302325581,0.009302325581
2025-12-29,37.4,37.4,0,0.01382488479,0.01382488479
2025-12-30,37.45,37.45,0,0.001336898396,0.001336898396
2025-12-31,37.89,37.89,0,0.01174899866,0.01174899866
2026-01-02,38.76,38.76,0,0.02296120348,0.02296120348
2026-01-05,40.4,40.4,0,0.04231166151,0.04231166151
2026-01-06,41.1,41.1,0,0.01732673267,0.01732673267
2026-01-07,40.77,40.77,0,-0.00802919708,-0.00802919708
2026-01-08,40.84,40.84,0,0.001716948737,0.001716948737
2026-01-09,40.66,40.66,0,-0.004407443683,-0.004407443683
2026-01-12,40.9,40.9,0,0.005902606985,0.005902606985
2026-01-13,41.24,41.24,0,0.008312958435,0.008312958435
2026-01-14,41.35,41.35,0,0.002667313288,0.002667313288
2026-01-15,41.1,41.1,0,-0.006045949214,-0.006045949214
2026-01-16,42.07,42.07,0,0.02360097324,0.02360097324
2026-01-19,42.48,42.48,0,0.009745661992,0.009745661992
2026-01-20,42.64,42.64,0,0.003766478343,0.003766478343
2026-01-21,42.11,42.11,0,-0.01242964353,-0.01242964353
2026-01-22,42.42,42.42,0,0.007361671812,0.007361671812
2026-01-23,42.81,42.81,0,0.009193776521,0.009193776521
2026-01-26,42.85,42.85,0,0.0009343611306,0.0009343611306
2026-01-27,43.42,43.42,0,0.01330221704,0.01330221704
2026-01-28,44.23,44.23,0,0.0186549977,0.0186549977
2026-01-29,43.96,43.96,0,-0.006104453991,-0.006104453991
2026-01-30,43.28,43.28,0,-0.01546860783,-0.01546860783
2026-02-02,42.52,42.52,0,-0.01756007394,-0.01756007394
2026-02-03,43.37,43.37,0,0.01999059266,0.01999059266
2026-02-04,43.43,43.43,0,0.001383444777,0.001383444777
2026-02-05,42.86,42.86,0,-0.01312456827,-0.01312456827
2026-02-06,42.71,42.71,0,-0.003499766682,-0.003499766682
2026-02-09,43.88,43.88,0,0.02739405292,0.02739405292
2026-02-10,44.95,44.95,0,0.02438468551,0.02438468551
2026-02-11,46.07,46.07,0,0.02491657397,0.02491657397
2026-02-23,45.8,45.8,0,-0.005860646842,-0.005860646842
2026-02-24,47.28,47.28,0,0.03231441048,0.03231441048
2026-02-25,48.38,48.38,0,0.02326565144,0.02326565144
2026-02-26,48.42,48.42,0,0.0008267879289,0.0008267879289
2026-03-02,47.9,47.9,0,-0.0107393639,-0.0107393639
2026-03-03,46.81,46.81,0,-0.02275574113,-0.02275574113
2026-03-04,44.74,44.74,0,-0.04422132023,-0.04422132023
2026-03-05,45.85,45.85,0,0.02481001341,0.02481001341
2026-03-06,45.6,45.6,0,-0.005452562704,-0.005452562704
2026-03-09,43.38,43.38,0,-0.04868421053,-0.04868421053
2026-03-10,44.56,44.56,0,0.02720147533,0.02720147533
2026-03-11,46.46,46.46,0,0.04263913824,0.04263913824
2026-03-12,45.65,45.65,0,-0.01743435213,-0.01743435213
2026-03-13,45.3,45.3,0,-0.007667031763,-0.007667031763
2026-03-16,45.17,45.17,0,-0.002869757174,-0.002869757174
2026-03-17,45.68,45.68,0,0.01129067965,0.01129067965
2026-03-18,46.45,46.45,0,0.01685639229,0.01685639229
2026-03-19,45.54,45.54,0,-0.01959095802,-0.01959095802
2026-03-20,45.26,45.26,0,-0.006148440931,-0.006148440931
2026-03-23,44.1,44.1,0,-0.0256296951,-0.0256296951
2026-03-24,44.13,44.13,0,0.0006802721088,0.0006802721088
2026-03-25,45.08,45.08,0,0.02152730569,0.02152730569
2026-03-26,44.9,44.9,0,-0.003992901508,-0.003992901508
2026-03-27,44.5,44.5,0,-0.008908685969,-0.008908685969
2026-03-30,43.66,43.66,0,-0.01887640449,-0.01887640449
2026-03-31,42.82,42.82,0,-0.01923957856,-0.01923957856
2026-04-01,44.73,44.73,0,0.04460532461,0.04460532461
2026-04-02,43.82,43.82,0,-0.02034428795,-0.02034428795
2026-04-07,44.54,44.54,0,0.01643085349,0.01643085349
2026-04-08,46.95,46.95,0,0.05410866637,0.05410866637
2026-04-09,46.9,46.9,0,-0.001064962726,-0.001064962726
2026-04-10,47.94,47.94,0,0.02217484009,0.02217484009
2026-04-13,47.86,47.86,0,-0.001668752607,-0.001668752607
2026-04-14,49.33,49.33,0,0.0307145842,0.0307145842
2026-04-15,50.2,50.2,0,0.01763632678,0.01763632678
2026-04-16,50.7,50.7,0,0.009960159363,0.009960159363
2026-04-17,50.05,50.05,0,-0.01282051282,-0.01282051282
2026-04-20,49.2,49.2,1.199,0.006973026973,0.006973026973
2026-04-21,49.94,49.94,0,0.01504065041,0.01504065041
2026-04-22,50.25,50.25,0,0.006207448939,0.006207448939
2026-04-23,50.35,50.35,0,0.001990049751,0.001990049751
2026-04-24,52.7,52.7,0,0.04667328699,0.04667328699
2026-04-27,54.85,54.85,0,0.04079696395,0.04079696395
2026-04-28,53.8,53.8,0,-0.01914311759,-0.01914311759
2026-04-29,53.05,53.05,0,-0.01394052045,-0.01394052045
2026-04-30,52.65,52.65,0,-0.00754005655,-0.00754005655
2026-05-04,55.4,55.4,0,0.0522317189,0.0522317189
2026-05-05,55.4,55.4,0,0,0
2026-05-06,56.1,56.1,0,0.01263537906,0.01263537906
2026-05-07,57.55,57.55,0,0.02584670232,0.02584670232
2026-05-08,57.1,57.1,0,-0.007819287576,-0.007819287576
2026-05-11,56.95,56.95,0,-0.002626970228,-0.002626970228
2026-05-12,56.9,56.9,0,-0.0008779631255,-0.0008779631255
2026-05-13,56.15,56.15,0,-0.01318101933,-0.01318101933
2026-05-14,56.6,56.6,0,0.008014247551,0.008014247551
2026-05-15,55.95,55.95,0,-0.01148409894,-0.01148409894
2026-05-18,55.85,55.85,0,-0.001787310098,-0.001787310098
2026-05-19,54.8,54.8,0,-0.0188003581,-0.0188003581
2026-05-20,54.45,54.45,0,-0.006386861314,-0.006386861314
2026-05-21,56.4,56.4,0,0.03581267218,0.03581267218
2026-05-22,57.65,57.65,0,0.02216312057,0.02216312057
2026-05-25,59.6,59.6,0,0.03382480486,0.03382480486
2026-05-26,59.25,59.25,0,-0.005872483221,-0.005872483221
2026-05-27,60.45,60.45,0,0.02025316456,0.02025316456
2026-05-28,59.4,59.4,0,-0.01736972705,-0.01736972705
2026-05-29,61.5,61.5,0,0.03535353535,0.03535353535
2026-06-01,62.05,62.05,0,0.008943089431,0.008943089431
2026-06-02,62.7,62.7,0,0.01047542305,0.01047542305
2026-06-03,63.6,63.6,0,0.01435406699,0.01435406699
2026-06-04,62.3,62.3,0,-0.02044025157,-0.02044025157
2026-06-05,61,61,0,-0.02086677368,-0.02086677368
2026-06-08,58.85,58.85,0,-0.03524590164,-0.03524590164
2026-06-09,60.15,60.15,0,0.02209005947,0.02209005947
2026-06-10,58.25,58.25,0,-0.03158769742,-0.03158769742
2026-06-11,58.15,58.15,0,-0.001716738197,-0.001716738197
2026-06-12,59.6,59.6,0,0.02493551161,0.02493551161
2026-06-15,61.6,61.6,0,0.03355704698,0.03355704698
2026-06-16,61.85,61.85,0,0.004058441558,0.004058441558
2026-06-17,62.15,62.15,0,0.004850444624,0.004850444624
2026-06-18,62.8,62.8,0,0.01045856798,0.01045856798
2026-06-22,65.25,65.25,0,0.03901273885,0.03901273885
2026-06-23,64.6,64.6,0,-0.009961685824,-0.009961685824
2026-06-24,63.05,63.05,0,-0.02399380805,-0.02399380805
2026-06-25,63,63,0,-0.0007930214116,-0.0007930214116
2026-06-26,60.6,60.6,0,-0.0380952381,-0.0380952381
2026-06-29,61.35,61.35,0,0.01237623762,0.01237623762
2026-06-30,63.35,63.35,0,0.032599837,0.032599837
2026-07-01,64.4,64.4,0,0.01657458564,0.01657458564
2026-07-02,64.1,64.1,0,-0.004658385093,-0.004658385093
2026-07-03,63.55,63.55,0,-0.008580343214,-0.008580343214
2026-07-06,63.55,63.55,0,0,0
2026-07-07,62.2,62.2,0,-0.02124311566,-0.02124311566
2026-07-08,62.15,62.15,0,-0.0008038585209,-0.0008038585209
2026-07-09,62,62,0,-0.002413515688,-0.002413515688
2026-07-13,62.1,62.1,0,0.001612903226,0.001612903226
2026-07-14,61.15,61.15,0,-0.0152979066,-0.0152979066
2026-07-15,62.25,62.25,0,0.01798855274,0.01798855274
2026-07-16,62.2,62.2,0,-0.0008032128514,-0.0008032128514
2026-07-17,57.9,57.9,0,-0.0691318328,-0.0691318328
2026-07-20,57.6,57.6,0,-0.00518134715,-0.00518134715
2026-07-21,60.3,60.3,0,0.046875,0.046875
2026-07-22,60.6,60.6,0,0.004975124378,0.004975124378
2026-07-23,60.9,60.9,0,0.00495049505,0.00495049505
2026-07-24,59.5,59.5,0,-0.02298850575,-0.02298850575
2026-07-27,59.3,59.3,0,-0.003361344538,-0.003361344538
2026-07-28,56.65,56.65,0,-0.04468802698,-0.04468802698
2026-07-29,54.4,54.4,0,-0.03971756399,-0.03971756399
2026-07-30,54.3,54.3,0,-0.001838235294,-0.001838235294
2026-07-31,59.7,59.7,0,0.09944751381,0.09944751381
2026-08-03,59.15,59.15,0,-0.009212730318,-0.009212730318
2026-08-04,58.65,58.65,0,-0.008453085376,-0.008453085376
2026-08-05,60.65,60.65,0,0.03410059676,0.03410059676
2026-08-06,60.45,60.45,0,-0.003297609233,-0.003297609233
2026-08-07,60.2,60.2,0,-0.004135649297,-0.004135649297
2026-08-10,60.95,60.95,0,0.01245847176,0.01245847176
2026-08-11,61.05,61.05,0,0.001640689089,0.001640689089
2026-08-12,61.5,61.5,0,0.007371007371,0.007371007371
2026-08-13,62.4,62.4,0,0.01463414634,0.01463414634
2026-08-14,61.95,61.95,0,-0.007211538462,-0.007211538462
2026-08-17,61.8,61.8,0,-0.002421307506,-0.002421307506
2026-08-18,60.9,60.9,0,-0.0145631068,-0.0145631068
2026-08-19,60.15,60.15,0,-0.01231527094,-0.01231527094
2026-08-20,60.45,60.45,0,0.004987531172,0.004987531172
2026-08-21,60.85,60.85,0,0.006617038875,0.006617038875
2026-08-24,60.55,60.55,0,-0.004930156122,-0.004930156122
2026-08-25,61,61,0,0.007431874484,0.007431874484
2026-08-26,61.95,61.95,0,0.01557377049,0.01557377049
2026-08-27,61.9,61.9,0,-0.000807102502,-0.000807102502
2026-08-28,62.35,62.35,0,0.007269789984,0.007269789984
2026-08-31,61.85,61.85,0,-0.008019246191,-0.008019246191
2026-09-01,63.05,63.05,0,0.0194017785,0.0194017785
2026-09-02,62.05,62.05,0,-0.01586042823,-0.01586042823
2026-09-03,61.6,61.6,0,-0.007252215955,-0.007252215955
2026-09-04,62.7,62.7,0,0.01785714286,0.01785714286
2026-09-07,63.75,63.75,0,0.01674641148,0.01674641148
2026-09-08,63.6,63.6,0,-0.002352941176,-0.002352941176
2026-09-09,63.75,63.75,0,0.002358490566,0.002358490566
2026-09-10,63.6,63.6,0,-0.002352941176,-0.002352941176
2026-09-11,62.55,62.55,0,-0.01650943396,-0.01650943396
2026-09-14,61.9,61.9,0,-0.01039168665,-0.01039168665
2026-09-15,61.6,61.6,0,-0.004846526656,-0.004846526656
2026-09-16,61.95,61.95,0,0.005681818182,0.005681818182
2026-09-17,62.7,62.7,0,0.01210653753,0.01210653753
2026-09-18,63.8,63.8,0,0.01754385965,0.01754385965
2026-09-21,64.55,64.55,0,0.01175548589,0.01175548589
2026-09-22,64.75,64.75,0,0.003098373354,0.003098373354
2026-09-23,65.45,65.45,0,0.01081081081,0.01081081081
2026-09-24,65.4,65.4,0,-0.0007639419404,-0.0007639419404
2026-09-29,64.95,64.95,0,-0.006880733945,-0.006880733945
2026-09-30,65.45,65.45,0,0.007698229407,0.007698229407
2026-10-01,66,66,0,0.008403361345,0.008403361345
2026-10-02,65.95,65.95,0,-0.0007575757576,-0.0007575757576
