date,close_raw,close_split_adj,div,total_ret
2007-07-16,30.04,30.04,0,0
2007-07-17,30.18,30.18,0,0.00466045273
2007-07-18,29.99,29.99,0,-0.006295559973
2007-07-19,30.05,30.05,0,0.002000666889
2007-07-20,30.5,30.5,0,0.0149750416
2007-07-23,30.45,30.45,0,-0.001639344262
2007-07-24,30.7,30.7,0,0.008210180624
2007-07-25,30.7,30.7,0,0
2007-07-26,30.4,30.4,0,-0.009771986971
2007-07-27,29.6,29.6,0,-0.02631578947
2007-07-30,28.8,28.8,0,-0.02702702703
2007-07-31,29.4,29.4,0,0.02083333333
2007-08-01,29,29,0,-0.01360544218
2007-08-02,29.2,29.2,0,0.006896551724
2007-08-03,29.21,29.21,0,0.0003424657534
2007-08-06,29,29,0,-0.007189318726
2007-08-07,28.75,28.75,0,-0.008620689655
2007-08-08,29,29,0,0.008695652174
2007-08-09,29.3,29.3,0,0.01034482759
2007-08-10,28.79,28.79,0,-0.01740614334
2007-08-13,28.79,28.79,0,0
2007-08-14,28.9,28.9,0,0.003820771101
2007-08-15,28.2,28.2,0,-0.02422145329
2007-08-16,26.7,26.7,0,-0.05319148936
2007-08-17,25.7,25.7,0,-0.03745318352
2007-08-20,27.45,27.45,0,0.06809338521
2007-08-21,27.36,27.36,0,-0.003278688525
2007-08-22,27.36,27.36,0,0
2007-08-23,27.8,27.8,0,0.01608187135
2007-08-24,27.78,27.78,0,-0.0007194244604
2007-08-27,28,28,0,0.007919366451
2007-08-28,27.81,27.81,0,-0.006785714286
2007-08-29,27.2,27.2,0,-0.02193455592
2007-08-30,27.36,27.36,0,0.005882352941
2007-08-31,28.4,28.4,0,0.03801169591
2007-09-03,28.41,28.41,0,0.0003521126761
2007-09-04,28.35,28.35,0,-0.002111932418
2007-09-05,28.51,28.51,0,0.005643738977
2007-09-06,28.7,28.7,0,0.006664328306
2007-09-07,28.74,28.74,0,0.001393728223
2007-09-10,28.6,28.6,0,-0.004871259569
2007-09-11,28.75,28.75,0,0.005244755245
2007-09-12,28.8,28.8,0,0.001739130435
2007-09-13,28.9,28.9,0,0.003472222222
2007-09-14,28.9,28.9,0,0
2007-09-17,28.51,28.51,0,-0.01349480969
2007-09-19,28.68,28.68,0,0.005962820063
2007-09-20,28.39,28.39,0,-0.01011157601
2007-09-21,28.56,28.56,0,0.005988023952
2007-09-26,29.1,29.1,0,0.01890756303
2007-09-27,29.65,29.65,0,0.01890034364
2007-09-28,29.9,29.9,0,0.008431703204
2007-09-29,29.9,29.9,0,0
2007-10-01,29.8,29.8,0,-0.003344481605
2007-10-02,30.11,30.11,0,0.01040268456
2007-10-03,30.31,30.31,0,0.006642311524
2007-10-04,30.36,30.36,0,0.001649620587
2007-10-05,30.13,30.13,0,-0.007575757576
2007-10-08,30.32,30.32,0,0.006306007302
2007-10-09,30.29,30.29,0,-0.0009894459103
2007-10-11,30.3,30.3,0,0.000330141961
2007-10-12,29.65,29.65,0,-0.02145214521
2007-10-15,29.8,29.8,0,0.005059021922
2007-10-16,29.97,29.97,0,0.005704697987
2007-10-17,30,30,0,0.001001001001
2007-10-18,30.69,30.69,0,0.023
2007-10-19,30.5,30.5,0,-0.006190941675
2007-10-22,29.72,29.72,0,-0.02557377049
2007-10-23,30.34,30.34,0,0.02086137281
2007-10-24,30,30,0,-0.01120632828
2007-10-25,30.31,30.31,0,0.01033333333
2007-10-26,30.6,30.6,0,0.009567799406
2007-10-29,31.23,31.23,0,0.02058823529
2007-10-30,31.12,31.12,0,-0.003522254243
2007-10-31,31.13,31.13,0,0.0003213367609
2007-11-01,30.8,30.8,0,-0.01060070671
2007-11-02,29.8,29.8,0,-0.03246753247
2007-11-05,29.68,29.68,0,-0.004026845638
2007-11-06,29.71,29.71,0,0.001010781671
2007-11-07,29.59,29.59,0,-0.004039044093
2007-11-08,28.3,28.3,0,-0.0435958094
2007-11-09,28.35,28.35,0,0.001766784452
2007-11-12,27.45,27.45,0,-0.03174603175
2007-11-13,27.36,27.36,0,-0.003278688525
2007-11-14,28.25,28.25,0,0.03252923977
2007-11-15,28.03,28.03,0,-0.007787610619
2007-11-16,27.48,27.48,0,-0.01962183375
2007-11-19,27.72,27.72,0,0.008733624454
2007-11-20,27.8,27.8,0,0.002886002886
2007-11-21,27,27,0,-0.02877697842
2007-11-22,27.08,27.08,0,0.002962962963
2007-11-23,26.73,26.73,0,-0.01292466765
2007-11-26,27.15,27.15,0,0.01571268238
2007-11-27,26.8,26.8,0,-0.01289134438
2007-11-28,26.9,26.9,0,0.003731343284
2007-11-29,27.13,27.13,0,0.008550185874
2007-11-30,27.38,27.38,0,0.009214891264
2007-12-03,27.15,27.15,0,-0.008400292184
2007-12-04,27.27,27.27,0,0.004419889503
2007-12-05,27.69,27.69,0,0.01540154015
2007-12-06,27.69,27.69,0,0
2007-12-07,27.7,27.7,0,0.0003611412062
2007-12-10,27.25,27.25,0,-0.01624548736
2007-12-11,27.1,27.1,0,-0.005504587156
2007-12-12,26.6,26.6,0,-0.0184501845
2007-12-13,25.56,25.56,0,-0.03909774436
2007-12-14,25.01,25.01,0,-0.02151799687
2007-12-17,24.3,24.3,0,-0.02838864454
2007-12-18,24.45,24.45,0,0.006172839506
2007-12-19,25,25,0,0.02249488753
2007-12-20,24.5,24.5,0,-0.02
2007-12-21,25,25,0,0.02040816327
2007-12-24,25.61,25.61,0,0.0244
2007-12-25,25.6,25.6,0,-0.0003904724717
2007-12-26,25.68,25.68,0,0.003125
2007-12-27,26.1,26.1,0,0.01635514019
2007-12-28,26.33,26.33,0,0.008812260536
2007-12-31,26.8,26.8,0,0.01785036081
2008-01-02,25.95,25.95,0,-0.03171641791
2008-01-03,25.36,25.36,0,-0.02273603083
2008-01-04,25.05,25.05,0,-0.01222397476
2008-01-07,23.4,23.4,0,-0.06586826347
2008-01-08,23.34,23.34,0,-0.002564102564
2008-01-09,23.7,23.7,0,0.01542416452
2008-01-10,23.88,23.88,0,0.007594936709
2008-01-11,23.84,23.84,0,-0.001675041876
2008-01-14,23.7,23.7,0,-0.005872483221
2008-01-15,24.38,24.38,0,0.02869198312
2008-01-16,23.19,23.19,0,-0.04881050041
2008-01-17,23.35,23.35,0,0.006899525658
2008-01-18,23.61,23.61,0,0.01113490364
2008-01-21,23.5,23.5,0,-0.004659042778
2008-01-22,21.86,21.86,0,-0.06978723404
2008-01-23,21.83,21.83,0,-0.001372369625
2008-01-24,21.85,21.85,0,0.0009161704077
2008-01-25,22.68,22.68,0,0.03798627002
2008-01-28,21.69,21.69,0,-0.04365079365
2008-01-29,22.01,22.01,0,0.01475334255
2008-01-30,22.08,22.08,0,0.003180372558
2008-01-31,22.15,22.15,0,0.003170289855
2008-02-01,22.79,22.79,0,0.02889390519
2008-02-12,21.91,21.91,0,-0.03861342694
2008-02-13,21.8,21.8,0,-0.005020538567
2008-02-14,22.85,22.85,0,0.04816513761
2008-02-15,22.8,22.8,0,-0.002188183807
2008-02-18,22.96,22.96,0,0.00701754386
2008-02-19,23.2,23.2,0,0.01045296167
2008-02-20,22.81,22.81,0,-0.01681034483
2008-02-21,23.43,23.43,0,0.02718106094
2008-02-22,23.4,23.4,0,-0.001280409731
2008-02-25,23.88,23.88,0,0.02051282051
2008-02-26,23.96,23.96,0,0.003350083752
2008-02-27,24.39,24.39,0,0.01794657763
2008-02-29,24.46,24.46,0,0.0028700287
2008-03-03,23.51,23.51,0,-0.03883892069
2008-03-04,24.13,24.13,0,0.0263717567
2008-03-05,24.1,24.1,0,-0.001243265644
2008-03-06,24.98,24.98,0,0.03651452282
2008-03-07,24.75,24.75,0,-0.009207365893
2008-03-10,24.18,24.18,0,-0.02303030303
2008-03-11,24.16,24.16,0,-0.0008271298594
2008-03-12,24.47,24.47,0,0.01283112583
2008-03-13,23.73,23.73,0,-0.03024111157
2008-03-14,23.6,23.6,0,-0.005478297514
2008-03-17,22.8,22.8,0,-0.03389830508
2008-03-18,22.93,22.93,0,0.005701754386
2008-03-19,23.2,23.2,0,0.01177496729
2008-03-20,23.4,23.4,0,0.008620689655
2008-03-21,23.87,23.87,0,0.02008547009
2008-03-24,24.8,24.8,0,0.03896103896
2008-03-25,24.8,24.8,0,0
2008-03-26,24.56,24.56,0,-0.009677419355
2008-03-27,24.05,24.05,0,-0.02076547231
2008-03-28,24.2,24.2,0,0.006237006237
2008-03-31,24.08,24.08,0,-0.004958677686
2008-04-01,24.18,24.18,0,0.00415282392
2008-04-02,24.86,24.86,0,0.02812241522
2008-04-03,24.95,24.95,0,0.003620273532
2008-04-07,25.25,25.25,0,0.0120240481
2008-04-08,25.31,25.31,0,0.002376237624
2008-04-09,25.01,25.01,0,-0.01185302252
2008-04-10,25.3,25.3,0,0.01159536186
2008-04-11,25.41,25.41,0,0.004347826087
2008-04-14,25.05,25.05,0,-0.01416765053
2008-04-15,25.3,25.3,0,0.00998003992
2008-04-16,25.8,25.8,0,0.01976284585
2008-04-17,26.2,26.2,0,0.01550387597
2008-04-18,26,26,0,-0.007633587786
2008-04-21,26.19,26.19,0,0.007307692308
2008-04-22,26,26,0,-0.007254677358
2008-04-23,25.96,25.96,0,-0.001538461538
2008-04-24,25.7,25.7,0,-0.01001540832
2008-04-25,25.8,25.8,0,0.003891050584
2008-04-28,26.09,26.09,0,0.01124031008
2008-04-29,25.75,25.75,0,-0.01303181296
2008-04-30,25.9,25.9,0,0.005825242718
2008-05-02,26.01,26.01,0,0.004247104247
2008-05-05,25.5,25.5,0,-0.01960784314
2008-05-06,25.88,25.88,0,0.01490196078
2008-05-07,26.11,26.11,0,0.008887171561
2008-05-08,25.77,25.77,0,-0.01302183072
2008-05-09,25.5,25.5,0,-0.01047729919
2008-05-12,25.69,25.69,0,0.007450980392
2008-05-13,26.18,26.18,0,0.01907356948
2008-05-14,26.2,26.2,0,0.0007639419404
2008-05-15,26.4,26.4,0,0.007633587786
2008-05-16,26.76,26.76,0,0.01363636364
2008-05-19,26.69,26.69,0,-0.002615844544
2008-05-20,26.25,26.25,0,-0.01648557512
2008-05-21,26.05,26.05,0,-0.007619047619
2008-05-22,26.03,26.03,0,-0.0007677543186
2008-05-23,25.5,25.5,0,-0.02036112178
2008-05-26,25.75,25.75,0,0.009803921569
2008-05-27,25.16,25.16,0,-0.02291262136
2008-05-28,24.85,24.85,0,-0.01232114467
2008-05-29,25,25,0,0.006036217304
2008-05-30,24.9,24.9,0,-0.004
2008-06-02,25.15,25.15,0,0.01004016064
2008-06-03,24.9,24.9,0,-0.009940357853
2008-06-04,24.92,24.92,0,0.0008032128514
2008-06-05,25.4,25.4,0,0.01926163724
2008-06-06,25.36,25.36,0,-0.00157480315
2008-06-09,24.81,24.81,0,-0.02168769716
2008-06-10,24.18,24.18,0,-0.0253929867
2008-06-11,24.15,24.15,0,-0.001240694789
2008-06-12,23.41,23.41,0,-0.03064182195
2008-06-13,23.58,23.58,0,0.007261853909
2008-06-16,23.41,23.41,0,-0.007209499576
2008-06-17,23.65,23.65,0,0.01025202905
2008-06-18,23.65,23.65,0,0
2008-06-19,23.24,23.24,0,-0.01733615222
2008-06-20,23.09,23.09,0,-0.006454388985
2008-06-23,22.93,22.93,0,-0.00692940667
2008-06-24,22.6,22.6,0,-0.01439162669
2008-06-25,22.88,22.88,0,0.01238938053
2008-06-26,22.75,22.75,0,-0.005681818182
2008-06-27,21.75,21.75,0,-0.04395604396
2008-06-30,21.91,21.91,0,0.007356321839
2008-07-01,21.83,21.83,0,-0.003651300776
2008-07-02,21.8,21.8,0,-0.001374255612
2008-07-03,22,22,0,0.009174311927
2008-07-04,21.4,21.4,0,-0.02727272727
2008-07-07,21.68,21.68,0,0.01308411215
2008-07-08,20.93,20.93,0,-0.03459409594
2008-07-09,20.96,20.96,0,0.001433349259
2008-07-10,20.78,20.78,0,-0.00858778626
2008-07-11,21.46,21.46,0,0.03272377286
2008-07-14,21.11,21.11,0,-0.01630941286
2008-07-15,20.4,20.4,0,-0.03363334912
2008-07-16,20.11,20.11,0,-0.01421568627
2008-07-17,20.98,20.98,0,0.04326205868
2008-07-18,20.8,20.8,0,-0.008579599619
2008-07-21,21.48,21.48,0,0.03269230769
2008-07-22,21.35,21.35,0,-0.006052141527
2008-07-23,21.8,21.8,0,0.02107728337
2008-07-24,21.9,21.9,0,0.004587155963
2008-07-25,21.63,21.63,0,-0.01232876712
2008-07-29,20.95,20.95,0,-0.03143781785
2008-07-30,21.43,21.43,0,0.02291169451
2008-07-31,21.15,21.15,0,-0.01306579561
2008-08-01,21,21,0,-0.007092198582
2008-08-04,21.07,21.07,0,0.003333333333
2008-08-05,20.75,20.75,0,-0.01518747034
2008-08-06,21.83,21.83,0,0.05204819277
2008-08-07,21.99,21.99,0,0.007329363262
2008-08-08,22.71,22.71,0,0.03274215553
2008-08-11,23.25,23.25,0,0.02377807133
2008-08-12,23.33,23.33,0,0.003440860215
2008-08-13,23.35,23.35,0,0.0008572653236
2008-08-14,23.28,23.28,0,-0.002997858672
2008-08-15,23,23,0,-0.01202749141
2008-08-18,22.31,22.31,0,-0.03
2008-08-19,22.13,22.13,0,-0.008068130883
2008-08-20,22.4,22.4,0,0.01220063263
2008-08-21,22.06,22.06,0,-0.01517857143
2008-08-22,22.1,22.1,0,0.001813236627
2008-08-25,22.4,22.4,0,0.01357466063
2008-08-26,22.29,22.29,0,-0.004910714286
2008-08-27,22.83,22.83,0,0.02422611036
2008-08-28,22.65,22.65,0,-0.007884362681
2008-08-29,22.58,22.58,0,-0.003090507726
2008-09-01,21.6,21.6,0,-0.04340124004
2008-09-02,21.03,21.03,0,-0.02638888889
2008-09-03,20.82,20.82,0,-0.009985734665
2008-09-04,20.48,20.48,0,-0.01633045149
2008-09-05,20.2,20.2,0,-0.013671875
2008-09-08,21.57,21.57,0,0.06782178218
2008-09-09,20.4,20.4,0,-0.05424200278
2008-09-10,20.45,20.45,0,0.002450980392
2008-09-11,19.89,19.89,0,-0.02738386308
2008-09-12,19.97,19.97,0,0.004022121669
2008-09-15,19.1,19.1,0,-0.04356534802
2008-09-16,18.22,18.22,0,-0.04607329843
2008-09-17,18.49,18.49,0,0.01481888035
2008-09-18,18.1,18.1,0,-0.02109248242
2008-09-19,19.36,19.36,0,0.06961325967
2008-09-22,19.68,19.68,0,0.01652892562
2008-09-23,19.72,19.72,0,0.002032520325
2008-09-24,19.8,19.8,0,0.004056795132
2008-09-25,19.55,19.55,0,-0.01262626263
2008-09-26,18.87,18.87,0,-0.0347826087
2008-09-30,18.1,18.1,0,-0.04080551139
2008-10-01,18.36,18.36,0,0.01436464088
2008-10-02,18.18,18.18,0,-0.009803921569
2008-10-03,18.25,18.25,0,0.003850385039
2008-10-06,17.74,17.74,0,-0.02794520548
2008-10-07,17.95,17.95,0,0.01183765502
2008-10-08,16.71,16.71,0,-0.06908077994
2008-10-09,16.7,16.7,0,-0.0005984440455
2008-10-13,16.12,16.12,0,-0.03473053892
2008-10-14,17.24,17.24,0,0.06947890819
2008-10-15,16.64,16.64,0,-0.03480278422
2008-10-16,16.06,16.06,0,-0.03485576923
2008-10-17,15.6,15.6,0,-0.02864259029
2008-10-20,15.55,15.55,0,-0.003205128205
2008-10-21,15.73,15.73,0,0.0115755627
2008-10-22,15.35,15.35,0,-0.02415766052
2008-10-23,14.82,14.82,0,-0.0345276873
2008-10-24,14.31,14.31,0,-0.03441295547
2008-10-27,13.31,13.31,0,-0.06988120196
2008-10-28,14.2,14.2,0,0.06686701728
2008-10-29,13.79,13.79,0,-0.02887323944
2008-10-30,14.75,14.75,0,0.06961566352
2008-10-31,15.13,15.13,0,0.02576271186
2008-11-03,15.5,15.5,0,0.02445472571
2008-11-04,15.6,15.6,0,0.006451612903
2008-11-05,15.45,15.45,0,-0.009615384615
2008-11-06,14.37,14.37,0,-0.06990291262
2008-11-07,14.3,14.3,0,-0.004871259569
2008-11-10,14.07,14.07,0,-0.01608391608
2008-11-11,13.9,13.9,0,-0.01208244492
2008-11-12,14.02,14.02,0,0.008633093525
2008-11-13,13.04,13.04,0,-0.06990014265
2008-11-14,13.2,13.2,0,0.01226993865
2008-11-17,13.03,13.03,0,-0.01287878788
2008-11-18,12.43,12.43,0,-0.0460475825
2008-11-19,12.48,12.48,0,0.004022526146
2008-11-20,11.85,11.85,0,-0.05048076923
2008-11-21,12.67,12.67,0,0.06919831224
2008-11-24,12.31,12.31,0,-0.02841357537
2008-11-25,12.62,12.62,0,0.02518277823
2008-11-26,12.72,12.72,0,0.007923930269
2008-11-27,13.26,13.26,0,0.04245283019
2008-11-28,13.19,13.19,0,-0.005279034691
2008-12-01,13.3,13.3,0,0.008339651251
2008-12-02,12.53,12.53,0,-0.05789473684
2008-12-03,12.34,12.34,0,-0.01516360734
2008-12-04,12.39,12.39,0,0.004051863857
2008-12-05,12.34,12.34,0,-0.00403551251
2008-12-08,13.1,13.1,0,0.06158833063
2008-12-09,13.1,13.1,0,0
2008-12-10,13.96,13.96,0,0.06564885496
2008-12-11,14,14,0,0.002865329513
2008-12-12,13.2,13.2,0,-0.05714285714
2008-12-15,13.8,13.8,0,0.04545454545
2008-12-16,13.79,13.79,0,-0.0007246376812
2008-12-17,13.94,13.94,0,0.01087744743
2008-12-18,13.97,13.97,0,0.002152080344
2008-12-19,14.1,14.1,0,0.009305654975
2008-12-22,13.67,13.67,0,-0.0304964539
2008-12-23,13.19,13.19,0,-0.03511338698
2008-12-24,13.18,13.18,0,-0.0007581501137
2008-12-25,13.22,13.22,0,0.003034901366
2008-12-26,13.2,13.2,0,-0.001512859304
2008-12-29,13.08,13.08,0,-0.009090909091
2008-12-30,13.65,13.65,0,0.04357798165
2008-12-31,13.76,13.76,0,0.008058608059
2009-01-05,14.16,14.16,0,0.02906976744
2009-01-06,14.22,14.22,0,0.004237288136
2009-01-07,14.38,14.38,0,0.01125175809
2009-01-08,13.61,13.61,0,-0.05354659249
2009-01-09,13.44,13.44,0,-0.01249081558
2009-01-10,13.42,13.42,0,-0.001488095238
2009-01-12,13.55,13.55,0,0.009687034277
2009-01-13,13.83,13.83,0,0.02066420664
2009-01-14,13.84,13.84,0,0.000723065799
2009-01-15,13.09,13.09,0,-0.05419075145
2009-01-16,13.38,13.38,0,0.02215431627
2009-01-17,13.44,13.44,0,0.004484304933
2009-01-19,13.42,13.42,0,-0.001488095238
2009-01-20,13.05,13.05,0,-0.02757078987
2009-01-21,13.15,13.15,0,0.007662835249
2009-02-02,13.26,13.26,0,0.008365019011
2009-02-03,13.51,13.51,0,0.01885369532
2009-02-04,13.7,13.7,0,0.01406365655
2009-02-05,13.63,13.63,0,-0.005109489051
2009-02-06,13.83,13.83,0,0.01467351431
2009-02-09,14.03,14.03,0,0.01446131598
2009-02-10,14.16,14.16,0,0.009265858874
2009-02-11,14.5,14.5,0,0.02401129944
2009-02-12,14.16,14.16,0,-0.02344827586
2009-02-13,14.58,14.58,0,0.02966101695
2009-02-16,14.54,14.54,0,-0.002743484225
2009-02-17,14.2,14.2,0,-0.02338376891
2009-02-18,14.29,14.29,0,0.006338028169
2009-02-19,14.5,14.5,0,0.01469559132
2009-02-20,14.2,14.2,0,-0.02068965517
2009-02-23,14.35,14.35,0,0.01056338028
2009-02-24,14.3,14.3,0,-0.003484320557
2009-02-25,14.38,14.38,0,0.005594405594
2009-02-26,14.49,14.49,0,0.007649513213
2009-02-27,14.75,14.75,0,0.01794340925
2009-03-02,14.4,14.4,0,-0.02372881356
2009-03-03,14.55,14.55,0,0.01041666667
2009-03-04,15,15,0,0.03092783505
2009-03-05,15.36,15.36,0,0.024
2009-03-06,15.49,15.49,0,0.008463541667
2009-03-09,15.35,15.35,0,-0.00903808909
2009-03-10,15.3,15.3,0,-0.00325732899
2009-03-11,15.52,15.52,0,0.01437908497
2009-03-12,15.5,15.5,0,-0.001288659794
2009-03-13,15.89,15.89,0,0.02516129032
2009-03-16,16.08,16.08,0,0.01195720579
2009-03-17,16.36,16.36,0,0.01741293532
2009-03-18,16.32,16.32,0,-0.002444987775
2009-03-19,16.15,16.15,0,-0.01041666667
2009-03-20,15.67,15.67,0,-0.02972136223
2009-03-23,16.38,16.38,0,0.04530950862
2009-03-24,16.8,16.8,0,0.02564102564
2009-03-25,17.23,17.23,0,0.0255952381
2009-03-26,17.37,17.37,0,0.008125362739
2009-03-27,17.38,17.38,0,0.0005757052389
2009-03-30,16.74,16.74,0,-0.03682393556
2009-03-31,16.8,16.8,0,0.003584229391
2009-04-01,16.98,16.98,0,0.01071428571
2009-04-02,17.34,17.34,0,0.02120141343
2009-04-03,17.35,17.35,0,0.0005767012687
2009-04-06,17.22,17.22,0,-0.007492795389
2009-04-07,17.34,17.34,0,0.006968641115
2009-04-08,17.01,17.01,0,-0.01903114187
2009-04-09,17.8,17.8,0,0.04644326867
2009-04-10,17.97,17.97,0,0.009550561798
2009-04-13,18.05,18.05,0,0.004451864218
2009-04-14,18.3,18.3,0,0.01385041551
2009-04-15,18.1,18.1,0,-0.01092896175
2009-04-16,18.51,18.51,0,0.0226519337
2009-04-17,17.91,17.91,0,-0.03241491086
2009-04-20,18.24,18.24,0,0.01842546064
2009-04-21,18.4,18.4,0,0.008771929825
2009-04-22,18.51,18.51,0,0.00597826087
2009-04-23,18.6,18.6,0,0.004862236629
2009-04-24,18.63,18.63,0,0.001612903226
2009-04-27,18.25,18.25,0,-0.0203972088
2009-04-28,18.05,18.05,0,-0.01095890411
2009-04-29,18,18,0,-0.002770083102
2009-04-30,19.26,19.26,0,0.07
2009-05-04,20.6,20.6,0,0.06957424714
2009-05-05,20.21,20.21,0,-0.01893203883
2009-05-06,20.48,20.48,0,0.01335972291
2009-05-07,20.38,20.38,0,-0.0048828125
2009-05-08,20.58,20.58,0,0.009813542689
2009-05-11,20.8,20.8,0,0.01068999028
2009-05-12,19.93,19.93,0,-0.04182692308
2009-05-13,20.09,20.09,0,0.008028098344
2009-05-14,19.7,19.7,0,-0.01941264311
2009-05-15,20.15,20.15,0,0.02284263959
2009-05-18,20.3,20.3,0,0.007444168734
2009-05-19,20.6,20.6,0,0.01477832512
2009-05-20,20.56,20.56,0,-0.001941747573
2009-05-21,20.75,20.75,0,0.009241245136
2009-05-22,20.8,20.8,0,0.002409638554
2009-05-25,20.64,20.64,0,-0.007692307692
2009-05-26,20.4,20.4,0,-0.01162790698
2009-05-27,21.4,21.4,0,0.04901960784
2009-06-01,21.23,21.23,0,-0.007943925234
2009-06-02,21.3,21.3,0,0.003297220914
2009-06-03,21.31,21.31,0,0.0004694835681
2009-06-04,20.87,20.87,0,-0.02064758329
2009-06-05,20.93,20.93,0,0.002874940105
2009-06-06,21.18,21.18,0,0.01194457716
2009-06-08,20.61,20.61,0,-0.0269121813
2009-06-09,20.01,20.01,0,-0.02911208151
2009-06-10,20.16,20.16,0,0.007496251874
2009-06-11,20.3,20.3,0,0.006944444444
2009-06-12,20,20,0,-0.01477832512
2009-06-15,19.19,19.19,0,-0.0405
2009-06-16,19.11,19.11,0,-0.004168837936
2009-06-17,18.96,18.96,0,-0.007849293564
2009-06-18,19,19,0,0.002109704641
2009-06-19,19.05,19.05,0,0.002631578947
2009-06-22,19.56,19.56,0,0.02677165354
2009-06-23,19.24,19.24,0,-0.0163599182
2009-06-24,19.7,19.7,0,0.02390852391
2009-06-25,19.88,19.88,0,0.009137055838
2009-06-26,19.8,19.8,0,-0.004024144869
2009-06-29,19.54,19.54,0,-0.01313131313
2009-06-30,19.83,19.83,0,0.01484135107
2009-07-01,20.31,20.31,0,0.02420574887
2009-07-02,20.5,20.5,0,0.009354997538
2009-07-03,20.44,20.44,0,-0.002926829268
2009-07-06,20.36,20.36,0,-0.003913894325
2009-07-07,20.78,20.78,0,0.02062868369
2009-07-08,20.52,20.52,0,-0.0125120308
2009-07-09,21.1,21.1,0,0.02826510721
2009-07-10,21.14,21.14,0,0.001895734597
2009-07-13,20.66,20.66,0,-0.02270577105
2009-07-14,21.16,21.16,0,0.02420135528
2009-07-15,21.55,21.55,0,0.01843100189
2009-07-16,21.65,21.65,0,0.00464037123
2009-07-17,21.9,21.9,0,0.01154734411
2009-07-20,22.19,22.19,0,0.01324200913
2009-07-21,22.2,22.2,0,0.0004506534475
2009-07-22,22.25,22.25,0,0.002252252252
2009-07-23,22.27,22.27,0,0.0008988764045
2009-07-24,22.27,22.27,0,0
2009-07-27,22.47,22.47,0,0.008980691513
2009-07-28,23.02,23.02,0,0.02447708055
2009-07-29,22.73,22.73,0,-0.01259774109
2009-07-30,22.49,22.49,0,-0.01055873295
2009-07-31,22.85,22.85,0,0.01600711427
2009-08-03,22.52,22.52,0,-0.01444201313
2009-08-04,22,22,0,-0.02309058615
2009-08-05,21.91,21.91,0,-0.004090909091
2009-08-06,21.88,21.88,0,-0.001369237791
2009-08-10,22.25,22.25,0,0.01691042048
2009-08-11,22.37,22.37,0,0.005393258427
2009-08-12,22.42,22.42,0,0.002235136343
2009-08-13,22.82,22.82,0,0.0178412132
2009-08-14,22.9,22.9,0,0.003505696757
2009-08-17,22.47,22.47,0,-0.01877729258
2009-08-18,22.05,22.05,0,-0.01869158879
2009-08-19,22,22,0,-0.002267573696
2009-08-20,22.1,22.1,0,0.004545454545
2009-08-21,21.66,21.66,0,-0.01990950226
2009-08-24,22.19,22.19,0,0.02446906741
2009-08-25,22.16,22.16,0,-0.001351960342
2009-08-26,22,22,0,-0.007220216606
2009-08-27,22.05,22.05,0,0.002272727273
2009-08-28,22.21,22.21,0,0.007256235828
2009-08-31,22.36,22.36,0,0.006753714543
2009-09-01,23.4,23.4,0,0.04651162791
2009-09-02,23.4,23.4,0,0
2009-09-03,23.48,23.48,0,0.003418803419
2009-09-04,23.75,23.75,0,0.01149914821
2009-09-07,23.98,23.98,0,0.009684210526
2009-09-08,24.26,24.26,0,0.011676397
2009-09-09,23.95,23.95,0,-0.01277823578
2009-09-10,24.09,24.09,0,0.005845511482
2009-09-11,23.9,23.9,0,-0.007887090079
2009-09-14,23.65,23.65,0,-0.01046025105
2009-09-15,23.98,23.98,0,0.01395348837
2009-09-16,24.35,24.35,0,0.0154295246
2009-09-17,24.37,24.37,0,0.0008213552361
2009-09-18,24.45,24.45,0,0.003282724661
2009-09-21,24.44,24.44,0,-0.000408997955
2009-09-22,24.5,24.5,0,0.002454991817
2009-09-23,24.45,24.45,0,-0.002040816327
2009-09-24,24.09,24.09,0,-0.01472392638
2009-09-25,24.06,24.06,0,-0.001245330012
2009-09-28,23.82,23.82,0,-0.009975062344
2009-09-29,24.32,24.32,0,0.02099076406
2009-09-30,24.6,24.6,0,0.01151315789
2009-10-01,24.58,24.58,0,-0.0008130081301
2009-10-02,24.04,24.04,0,-0.02196908055
2009-10-05,24.05,24.05,0,0.0004159733777
2009-10-06,24.6,24.6,0,0.02286902287
2009-10-07,24.52,24.52,0,-0.00325203252
2009-10-08,24.09,24.09,0,-0.01753670473
2009-10-09,24.21,24.21,0,0.00498132005
2009-10-12,24.35,24.35,0,0.005782734407
2009-10-13,24.5,24.5,0,0.006160164271
2009-10-14,24.9,24.9,0,0.01632653061
2009-10-15,24.95,24.95,0,0.002008032129
2009-10-16,24.8,24.8,0,-0.006012024048
2009-10-19,25,25,0,0.008064516129
2009-10-20,25.04,25.04,0,0.0016
2009-10-21,24.92,24.92,0,-0.004792332268
2009-10-22,24.6,24.6,0,-0.01284109149
2009-10-23,24.75,24.75,0,0.006097560976
2009-10-26,24.69,24.69,0,-0.002424242424
2009-10-27,24.69,24.69,0,0
2009-10-28,24.4,24.4,0,-0.01174564601
2009-10-29,23.85,23.85,0,-0.02254098361
2009-10-30,23.96,23.96,0,0.004612159329
2009-11-02,23.9,23.9,0,-0.002504173623
2009-11-03,23.78,23.78,0,-0.005020920502
2009-11-04,24.12,24.12,0,0.01429772918
2009-11-05,24.1,24.1,0,-0.0008291873964
2009-11-06,24.22,24.22,0,0.004979253112
2009-11-09,24.3,24.3,0,0.003303055326
2009-11-10,24.55,24.55,0,0.01028806584
2009-11-11,24.82,24.82,0,0.01099796334
2009-11-12,24.8,24.8,0,-0.0008058017728
2009-11-13,24.93,24.93,0,0.005241935484
2009-11-16,25.25,25.25,0,0.01283594063
2009-11-17,25.22,25.22,0,-0.001188118812
2009-11-18,25.23,25.23,0,0.0003965107058
2009-11-19,25.28,25.28,0,0.001981767737
2009-11-20,25.18,25.18,0,-0.003955696203
2009-11-23,25.14,25.14,0,-0.001588562351
2009-11-24,25.15,25.15,0,0.0003977724741
2009-11-25,25.39,25.39,0,0.009542743539
2009-11-26,25.4,25.4,0,0.0003938558488
2009-11-27,24.69,24.69,0,-0.02795275591
2009-11-30,24.95,24.95,0,0.01053057918
2009-12-01,25.19,25.19,0,0.009619238477
2009-12-02,25.19,25.19,0,0
2009-12-03,25.2,25.2,0,0.0003969829297
2009-12-04,25.11,25.11,0,-0.003571428571
2009-12-07,25.6,25.6,0,0.01951413779
2009-12-08,25.6,25.6,0,0
2009-12-09,25.77,25.77,0,0.006640625
2009-12-10,25.32,25.32,0,-0.01746216531
2009-12-11,25.65,25.65,0,0.01303317536
2009-12-14,25.84,25.84,0,0.007407407407
2009-12-15,25.89,25.89,0,0.00193498452
2009-12-16,25.78,25.78,0,-0.004248744689
2009-12-17,25.8,25.8,0,0.0007757951901
2009-12-18,25.6,25.6,0,-0.007751937984
2009-12-21,25.83,25.83,0,0.008984375
2009-12-22,25.98,25.98,0,0.005807200929
2009-12-23,26.29,26.29,0,0.01193225558
2009-12-24,26.6,26.6,0,0.01179155572
2009-12-25,26.6,26.6,0,0
2009-12-28,26.86,26.86,0,0.00977443609
2009-12-29,26.89,26.89,0,0.001116902457
2009-12-30,26.92,26.92,0,0.001115656378
2009-12-31,27.43,27.43,0,0.01894502229
2010-01-04,27.44,27.44,0,0.0003645643456
2010-01-05,27.26,27.26,0,-0.006559766764
2010-01-06,27.5,27.5,0,0.008804108584
2010-01-07,27.15,27.15,0,-0.01272727273
2010-01-08,27.27,27.27,0,0.004419889503
2010-01-11,27.4,27.4,0,0.004767143381
2010-01-12,27.38,27.38,0,-0.0007299270073
2010-01-13,27.1,27.1,0,-0.01022644266
2010-01-14,27.53,27.53,0,0.01586715867
2010-01-15,27.97,27.97,0,0.01598256448
2010-01-18,27.9,27.9,0,-0.002502681444
2010-01-19,27.38,27.38,0,-0.01863799283
2010-01-20,27.38,27.38,0,0
2010-01-21,27.1,27.1,0,-0.01022644266
2010-01-22,26.18,26.18,0,-0.03394833948
2010-01-25,26.22,26.22,0,0.001527883881
2010-01-26,25.25,25.25,0,-0.03699466056
2010-01-27,25.22,25.22,0,-0.001188118812
2010-01-28,25.8,25.8,0,0.02299762094
2010-01-29,25.35,25.35,0,-0.01744186047
2010-02-01,25,25,0,-0.01380670611
2010-02-02,24.8,24.8,0,-0.008
2010-02-03,25.17,25.17,0,0.01491935484
2010-02-04,25.2,25.2,0,0.001191895113
2010-02-05,24.07,24.07,0,-0.04484126984
2010-02-06,24.15,24.15,0,0.003323639385
2010-02-08,24.01,24.01,0,-0.005797101449
2010-02-09,24.47,24.47,0,0.01915868388
2010-02-10,24.79,24.79,0,0.01307723743
2010-02-22,25.05,25.05,0,0.01048810004
2010-02-23,25.06,25.06,0,0.0003992015968
2010-02-24,24.79,24.79,0,-0.01077414206
2010-02-25,24.4,24.4,0,-0.01573215006
2010-02-26,24.3,24.3,0,-0.004098360656
2010-03-01,24.98,24.98,0,0.02798353909
2010-03-02,24.9,24.9,0,-0.00320256205
2010-03-03,24.95,24.95,0,0.002008032129
2010-03-04,24.6,24.6,0,-0.01402805611
2010-03-05,24.95,24.95,0,0.01422764228
2010-03-08,25.39,25.39,0,0.01763527054
2010-03-09,25.55,25.55,0,0.00630169358
2010-03-10,25.65,25.65,0,0.003913894325
2010-03-11,25.55,25.55,0,-0.003898635478
2010-03-12,25.5,25.5,0,-0.001956947162
2010-03-15,25.2,25.2,0,-0.01176470588
2010-03-16,25.34,25.34,0,0.005555555556
2010-03-17,25.73,25.73,0,0.01539068666
2010-03-18,25.9,25.9,0,0.006607073455
2010-03-19,25.81,25.81,0,-0.003474903475
2010-03-22,25.56,25.56,0,-0.009686168152
2010-03-23,25.62,25.62,0,0.00234741784
2010-03-24,25.79,25.79,0,0.006635441062
2010-03-25,25.86,25.86,0,0.002714230322
2010-03-26,26,26,0,0.005413766435
2010-03-29,26.13,26.13,0,0.005
2010-03-30,26.12,26.12,0,-0.0003827018752
2010-03-31,26.15,26.15,0,0.001148545176
2010-04-01,26.37,26.37,0,0.008413001912
2010-04-02,26.32,26.32,0,-0.001896094046
2010-04-06,26.65,26.65,0,0.01253799392
2010-04-07,26.7,26.7,0,0.001876172608
2010-04-08,26.33,26.33,0,-0.0138576779
2010-04-09,26.45,26.45,0,0.004557538929
2010-04-12,26.45,26.45,0,0
2010-04-13,26.25,26.25,0,-0.007561436673
2010-04-14,26.4,26.4,0,0.005714285714
2010-04-15,26.5,26.5,0,0.003787878788
2010-04-16,26.35,26.35,0,-0.005660377358
2010-04-19,25.7,25.7,0,-0.02466793169
2010-04-20,25.8,25.8,0,0.003891050584
2010-04-21,26.25,26.25,0,0.01744186047
2010-04-22,26.29,26.29,0,0.001523809524
2010-04-23,26.44,26.44,0,0.00570559148
2010-04-26,26.98,26.98,0,0.02042360061
2010-04-27,26.9,26.9,0,-0.002965159377
2010-04-28,26.7,26.7,0,-0.007434944238
2010-04-29,26.55,26.55,0,-0.005617977528
2010-04-30,26.4,26.4,0,-0.005649717514
2010-05-03,26.22,26.22,0,-0.006818181818
2010-05-04,26.2,26.2,0,-0.0007627765065
2010-05-05,25.44,25.44,0,-0.02900763359
2010-05-06,24.82,24.82,0,-0.02437106918
2010-05-07,24.82,24.82,0,0
2010-05-10,25.15,25.15,0,0.01329572925
2010-05-11,25.06,25.06,0,-0.003578528827
2010-05-12,25,25,0,-0.002394253791
2010-05-13,25.42,25.42,0,0.0168
2010-05-14,25.45,25.45,0,0.001180173092
2010-05-17,24.91,24.91,0,-0.02121807466
2010-05-18,24.85,24.85,0,-0.002408671216
2010-05-19,24.7,24.7,0,-0.006036217304
2010-05-20,24.3,24.3,0,-0.01619433198
2010-05-21,23.89,23.89,0,-0.01687242798
2010-05-24,24.04,24.04,0,0.006278777731
2010-05-25,23.35,23.35,0,-0.02870216306
2010-05-26,23.89,23.89,0,0.02312633833
2010-05-27,24.07,24.07,0,0.007534533278
2010-05-28,24.1,24.1,0,0.001246364769
2010-05-31,24.18,24.18,0,0.003319502075
2010-06-01,24.05,24.05,0,-0.005376344086
2010-06-02,23.72,23.72,0,-0.01372141372
2010-06-03,24.28,24.28,0,0.02360876897
2010-06-04,24.25,24.25,0,-0.001235584843
2010-06-07,23.48,23.48,0,-0.03175257732
2010-06-08,23.33,23.33,0,-0.006388415673
2010-06-09,23.15,23.15,0,-0.007715387913
2010-06-10,23.5,23.5,0,0.0151187905
2010-06-11,23.91,23.91,0,0.01744680851
2010-06-14,24.08,24.08,0,0.007109995818
2010-06-15,24.37,24.37,0,0.01204318937
2010-06-17,24.46,24.46,0,0.003693065244
2010-06-18,24.37,24.37,0,-0.003679476697
2010-06-21,24.78,24.78,0,0.01682396389
2010-06-22,24.77,24.77,0,-0.000403551251
2010-06-23,24.59,24.59,0,-0.007266855067
2010-06-24,24.6,24.6,0,0.0004066693778
2010-06-25,24.2,24.2,0,-0.0162601626
2010-06-28,24.2,24.2,0,0
2010-06-29,24.15,24.15,0,-0.002066115702
2010-06-30,23.48,23.48,0,-0.02774327122
2010-07-01,23.3,23.3,0,-0.007666098807
2010-07-02,23.43,23.43,0,0.005579399142
2010-07-05,23.88,23.88,0,0.01920614597
2010-07-06,24.36,24.36,0,0.02010050251
2010-07-07,24.23,24.23,0,-0.005336617406
2010-07-08,24.75,24.75,0,0.02146099876
2010-07-09,24.9,24.9,0,0.006060606061
2010-07-12,25.09,25.09,0,0.007630522088
2010-07-13,24.88,24.88,0,-0.008369868473
2010-07-14,25.39,25.39,0,0.02049839228
2010-07-15,25.4,25.4,0,0.0003938558488
2010-07-16,25.09,25.09,0,-0.01220472441
2010-07-19,24.88,24.88,0,-0.008369868473
2010-07-20,25.16,25.16,0,0.01125401929
2010-07-21,25.25,25.25,0,0.003577106518
2010-07-22,25.2,25.2,0,-0.00198019802
2010-07-23,25.75,25.75,0,0.02182539683
2010-07-26,25.74,25.74,0,-0.0003883495146
2010-07-27,25.6,25.6,0,-0.005439005439
2010-07-28,25.75,25.75,0,0.005859375
2010-07-29,25.88,25.88,0,0.005048543689
2010-07-30,25.5,25.5,0,-0.01468315301
2010-08-02,25.96,25.96,0,0.01803921569
2010-08-03,26.12,26.12,0,0.006163328197
2010-08-04,26.06,26.06,0,-0.002297090352
2010-08-05,26,26,0,-0.002302379125
2010-08-06,25.93,25.93,0,-0.002692307692
2010-08-09,26.14,26.14,0,0.008098727343
2010-08-10,25.9,25.9,0,-0.009181331293
2010-08-11,25.6,25.6,0,-0.01158301158
2010-08-12,25.35,25.35,0,-0.009765625
2010-08-13,25.75,25.75,0,0.0157790927
2010-08-16,25.89,25.89,0,0.005436893204
2010-08-17,25.85,25.85,0,-0.001544998069
2010-08-18,25.61,25.61,0,-0.009284332689
2010-08-19,26,26,0,0.0152284264
2010-08-20,25.82,25.82,0,-0.006923076923
2010-08-23,25.86,25.86,0,0.001549186677
2010-08-24,25.8,25.8,0,-0.002320185615
2010-08-25,25.25,25.25,0,-0.02131782946
2010-08-26,25.2,25.2,0,-0.00198019802
2010-08-27,25.02,25.02,0,-0.007142857143
2010-08-30,25.09,25.09,0,0.002797761791
2010-08-31,24.59,24.59,0,-0.01992825827
2010-09-01,24.55,24.55,0,-0.001626677511
2010-09-02,24.72,24.72,0,0.006924643585
2010-09-03,25.32,25.32,0,0.02427184466
2010-09-06,25.43,25.43,0,0.004344391785
2010-09-07,25.43,25.43,0,0
2010-09-08,25.33,25.33,0,-0.00393236335
2010-09-09,25.41,25.41,0,0.003158310304
2010-09-10,25.61,25.61,0,0.007870916962
2010-09-13,26.32,26.32,0,0.02772354549
2010-09-14,26.37,26.37,0,0.001899696049
2010-09-15,26.46,26.46,0,0.003412969283
2010-09-16,26.35,26.35,0,-0.004157218443
2010-09-17,26.55,26.55,0,0.007590132827
2010-09-20,26.47,26.47,0,-0.003013182674
2010-09-21,26.6,26.6,0,0.004911220249
2010-09-23,26.55,26.55,0,-0.001879699248
2010-09-24,26.4,26.4,0,-0.005649717514
2010-09-27,26.51,26.51,0,0.004166666667
2010-09-28,26.49,26.49,0,-0.0007544322897
2010-09-29,26.77,26.77,0,0.01057002643
2010-09-30,26.62,26.62,0,-0.005603287262
2010-10-01,26.62,26.62,0,0
2010-10-04,26.48,26.48,0,-0.005259203606
2010-10-05,26.18,26.18,0,-0.01132930514
2010-10-06,26.5,26.5,0,0.01222307105
2010-10-07,26.44,26.44,0,-0.002264150943
2010-10-08,26.41,26.41,0,-0.001134644478
2010-10-11,26.23,26.23,0,-0.006815600151
2010-10-12,25.85,25.85,0,-0.01448722836
2010-10-13,25.84,25.84,0,-0.0003868471954
2010-10-14,26.2,26.2,0,0.01393188854
2010-10-15,25.99,25.99,0,-0.008015267176
2010-10-18,25.58,25.58,0,-0.01577529819
2010-10-19,25.59,25.59,0,0.0003909304144
2010-10-20,25.79,25.79,0,0.00781555295
2010-10-21,25.94,25.94,0,0.005816207832
2010-10-22,26,26,0,0.002313030069
2010-10-25,26.53,26.53,0,0.02038461538
2010-10-26,26.6,26.6,0,0.002638522427
2010-10-27,26.46,26.46,0,-0.005263157895
2010-10-28,26.8,26.8,0,0.01284958428
2010-10-29,26.65,26.65,0,-0.005597014925
2010-11-01,26.91,26.91,0,0.009756097561
2010-11-02,26.7,26.7,0,-0.007803790412
2010-11-03,26.53,26.53,0,-0.006367041199
2010-11-04,26.69,26.69,0,0.006030908406
2010-11-05,26.72,26.72,0,0.001124016486
2010-11-08,26.5,26.5,0,-0.008233532934
2010-11-09,26.66,26.66,0,0.006037735849
2010-11-10,26.75,26.75,0,0.003375843961
2010-11-11,26.72,26.72,0,-0.001121495327
2010-11-12,26.42,26.42,0,-0.01122754491
2010-11-15,26.47,26.47,0,0.001892505678
2010-11-16,26.6,26.6,0,0.004911220249
2010-11-17,26.48,26.48,0,-0.004511278195
2010-11-18,26.4,26.4,0,-0.003021148036
2010-11-19,26.6,26.6,0,0.007575757576
2010-11-22,27.08,27.08,0,0.01804511278
2010-11-23,25.8,25.8,1,-0.01033973412
2010-11-24,25.87,25.87,0,0.002713178295
2010-11-25,25.95,25.95,0,0.003092385002
2010-11-26,26.04,26.04,0,0.003468208092
2010-11-29,26.11,26.11,0,0.002688172043
2010-11-30,26.1,26.1,0,-0.0003829950211
2010-12-01,26.31,26.31,0,0.008045977011
2010-12-02,26.55,26.55,0,0.009122006842
2010-12-03,26.84,26.84,0,0.01092278719
2010-12-06,26.9,26.9,0,0.002235469449
2010-12-07,26.85,26.85,0,-0.001858736059
2010-12-08,26.83,26.83,0,-0.0007448789572
2010-12-09,27.2,27.2,0,0.01379053299
2010-12-10,27.18,27.18,0,-0.0007352941176
2010-12-13,27.25,27.25,0,0.002575423105
2010-12-14,27.16,27.16,0,-0.003302752294
2010-12-15,27.1,27.1,0,-0.002209131075
2010-12-16,27.16,27.16,0,0.00221402214
2010-12-17,27.35,27.35,0,0.006995581738
2010-12-20,27.16,27.16,0,-0.006946983547
2010-12-21,27.2,27.2,0,0.00147275405
2010-12-22,27.42,27.42,0,0.008088235294
2010-12-23,27.51,27.51,0,0.003282275711
2010-12-24,27.42,27.42,0,-0.003271537623
2010-12-27,27.3,27.3,0,-0.004376367615
2010-12-28,27.17,27.17,0,-0.004761904762
2010-12-29,27.02,27.02,0,-0.005520794994
2010-12-30,26.99,26.99,0,-0.001110288675
2010-12-31,27.28,27.28,0,0.01074472027
2011-01-03,27.22,27.22,0,-0.00219941349
2011-01-04,27.16,27.16,0,-0.002204261572
2011-01-05,26.73,26.73,0,-0.01583210604
2011-01-06,26.9,26.9,0,0.006359895249
2011-01-07,26.8,26.8,0,-0.003717472119
2011-01-10,26.91,26.91,0,0.004104477612
2011-01-11,27.26,27.26,0,0.01300631735
2011-01-12,27.35,27.35,0,0.003301540719
2011-01-13,27.4,27.4,0,0.001828153565
2011-01-14,27.36,27.36,0,-0.001459854015
2011-01-17,27.34,27.34,0,-0.000730994152
2011-01-18,27.5,27.5,0,0.005852231163
2011-01-19,27.88,27.88,0,0.01381818182
2011-01-20,27.54,27.54,0,-0.01219512195
2011-01-21,27.32,27.32,0,-0.007988380537
2011-01-24,27.4,27.4,0,0.002928257687
2011-01-25,27.5,27.5,0,0.003649635036
2011-01-26,27.7,27.7,0,0.007272727273
2011-01-27,28.08,28.08,0,0.01371841155
2011-01-28,28.06,28.06,0,-0.0007122507123
2011-02-08,27.6,27.6,0,-0.01639344262
2011-02-09,27.24,27.24,0,-0.01304347826
2011-02-10,26.86,26.86,0,-0.01395007342
2011-02-11,26.16,26.16,0,-0.02606105733
2011-02-14,26.6,26.6,0,0.01681957187
2011-02-15,26.68,26.68,0,0.003007518797
2011-02-16,26.7,26.7,0,0.0007496251874
2011-02-17,26.69,26.69,0,-0.0003745318352
2011-02-18,27.1,27.1,0,0.01536155864
2011-02-21,26.92,26.92,0,-0.006642066421
2011-02-22,26.31,26.31,0,-0.02265973254
2011-02-23,26.08,26.08,0,-0.008741923223
2011-02-24,26.19,26.19,0,0.004217791411
2011-02-25,26.68,26.68,0,0.01870943108
2011-03-01,26.97,26.97,0,0.01086956522
2011-03-02,26.76,26.76,0,-0.007786429366
2011-03-03,27.1,27.1,0,0.01270553064
2011-03-04,27.3,27.3,0,0.007380073801
2011-03-07,27.02,27.02,0,-0.01025641026
2011-03-08,27.1,27.1,0,0.0029607698
2011-03-09,26.93,26.93,0,-0.006273062731
2011-03-10,26.71,26.71,0,-0.008169327887
2011-03-11,26.32,26.32,0,-0.01460127293
2011-03-14,26.15,26.15,0,-0.006458966565
2011-03-15,25.71,25.71,0,-0.01682600382
2011-03-16,25.34,25.34,0,-0.01439128744
2011-03-17,24.96,24.96,0,-0.01499605367
2011-03-18,25.17,25.17,0,0.008413461538
2011-03-21,25.54,25.54,0,0.01470003973
2011-03-22,25.54,25.54,0,0
2011-03-23,25.61,25.61,0,0.002740798747
2011-03-24,25.89,25.89,0,0.01093322921
2011-03-25,26.12,26.12,0,0.008883738895
2011-03-28,25.82,25.82,0,-0.01148545176
2011-03-29,25.64,25.64,0,-0.006971340046
2011-03-30,25.85,25.85,0,0.008190327613
2011-03-31,25.8,25.8,0,-0.001934235977
2011-04-01,26,26,0,0.007751937984
2011-04-06,26.72,26.72,0,0.02769230769
2011-04-07,26.64,26.64,0,-0.002994011976
2011-04-08,26.5,26.5,0,-0.005255255255
2011-04-11,26.51,26.51,0,0.0003773584906
2011-04-12,25.89,25.89,0,-0.02338740098
2011-04-13,26.19,26.19,0,0.01158748552
2011-04-14,26.3,26.3,0,0.004200076365
2011-04-15,26.11,26.11,0,-0.007224334601
2011-04-18,26.1,26.1,0,-0.0003829950211
2011-04-19,25.8,25.8,0,-0.01149425287
2011-04-20,26.41,26.41,0,0.02364341085
2011-04-21,26.77,26.77,0,0.0136312003
2011-04-22,26.74,26.74,0,-0.001120657452
2011-04-25,26.65,26.65,0,-0.003365744203
2011-04-26,26.49,26.49,0,-0.006003752345
2011-04-27,26.75,26.75,0,0.009815024538
2011-04-28,26.75,26.75,0,0
2011-04-29,26.5,26.5,0,-0.009345794393
2011-05-03,26.43,26.43,0,-0.002641509434
2011-05-04,26.49,26.49,0,0.00227014756
2011-05-05,26.76,26.76,0,0.01019252548
2011-05-06,26.76,26.76,0,0
2011-05-09,27.1,27.1,0,0.01270553064
2011-05-10,26.78,26.78,0,-0.01180811808
2011-05-11,26.71,26.71,0,-0.002613890963
2011-05-12,26.77,26.77,0,0.002246349682
2011-05-13,26.85,26.85,0,0.002988419873
2011-05-16,26.46,26.46,0,-0.01452513966
2011-05-17,26.25,26.25,0,-0.007936507937
2011-05-18,26.52,26.52,0,0.01028571429
2011-05-19,26.4,26.4,0,-0.004524886878
2011-05-20,26.16,26.16,0,-0.009090909091
2011-05-23,25.95,25.95,0,-0.008027522936
2011-05-24,26,26,0,0.001926782274
2011-05-25,25.71,25.71,0,-0.01115384615
2011-05-26,26,26,0,0.01127965772
2011-05-27,26.2,26.2,0,0.007692307692
2011-05-30,26.24,26.24,0,0.001526717557
2011-05-31,26.88,26.88,0,0.0243902439
2011-06-01,27.13,27.13,0,0.009300595238
2011-06-02,26.82,26.82,0,-0.01142646517
2011-06-03,27.05,27.05,0,0.008575689784
2011-06-07,27.13,27.13,0,0.002957486137
2011-06-08,27.11,27.11,0,-0.0007371913011
2011-06-09,27.02,27.02,0,-0.003319808189
2011-06-10,26.45,26.45,0,-0.02109548483
2011-06-13,26.05,26.05,0,-0.01512287335
2011-06-14,26.46,26.46,0,0.01573896353
2011-06-15,26.5,26.5,0,0.001511715797
2011-06-16,25.83,25.83,0,-0.02528301887
2011-06-17,25.59,25.59,0,-0.009291521487
2011-06-20,25.32,25.32,0,-0.01055099648
2011-06-21,25.65,25.65,0,0.01303317536
2011-06-22,25.5,25.5,0,-0.005847953216
2011-06-23,25.5,25.5,0,0
2011-06-24,25.36,25.36,0,-0.005490196078
2011-06-27,25.09,25.09,0,-0.0106466877
2011-06-28,25.2,25.2,0,0.004384216819
2011-06-29,25.34,25.34,0,0.005555555556
2011-06-30,25.41,25.41,0,0.002762430939
2011-07-01,25.79,25.79,0,0.01495474223
2011-07-04,25.81,25.81,0,0.0007754943777
2011-07-05,25.58,25.58,0,-0.0089112747
2011-07-06,26,26,0,0.0164190774
2011-07-07,25.86,25.86,0,-0.005384615385
2011-07-08,25.6,25.6,0,-0.01005413766
2011-07-11,25.2,25.2,0,-0.015625
2011-07-12,24.79,24.79,0,-0.01626984127
2011-07-13,24.6,24.6,0,-0.007664380799
2011-07-14,24.5,24.5,0,-0.00406504065
2011-07-15,24.69,24.69,0,0.007755102041
2011-07-18,24.59,24.59,0,-0.004050222762
2011-07-19,24.47,24.47,0,-0.004880032534
2011-07-20,25.24,25.24,0,0.03146710257
2011-07-21,25.4,25.4,0,0.006339144216
2011-07-22,25.47,25.47,0,0.002755905512
2011-07-25,25.18,25.18,0,-0.01138594425
2011-07-26,25.69,25.69,0,0.02025416998
2011-07-27,25.74,25.74,0,0.0019462826
2011-07-28,25.46,25.46,0,-0.01087801088
2011-07-29,25.03,25.03,0,-0.01688923802
2011-08-01,25.5,25.5,0,0.01877746704
2011-08-02,25.42,25.42,0,-0.003137254902
2011-08-03,24.91,24.91,0,-0.02006294256
2011-08-04,24.53,24.53,0,-0.0152549177
2011-08-05,22.82,22.82,0,-0.0697105585
2011-08-08,22.19,22.19,0,-0.02760736196
2011-08-09,22,22,0,-0.008562415502
2011-08-10,22.5,22.5,0,0.02272727273
2011-08-11,22.74,22.74,0,0.01066666667
2011-08-12,22.27,22.27,0,-0.02066842568
2011-08-15,23,23,0,0.03277952402
2011-08-16,22.9,22.9,0,-0.004347826087
2011-08-17,22.6,22.6,0,-0.01310043668
2011-08-18,21.88,21.88,0,-0.03185840708
2011-08-19,21.17,21.17,0,-0.03244972578
2011-08-22,21.17,21.17,0,0
2011-08-23,21.7,21.7,0,0.02503542749
2011-08-24,21.99,21.99,0,0.0133640553
2011-08-25,21.8,21.8,0,-0.008640291041
2011-08-26,22.1,22.1,0,0.01376146789
2011-08-29,22.44,22.44,0,0.01538461538
2011-08-30,22.62,22.62,0,0.008021390374
2011-08-31,22.77,22.77,0,0.006631299735
2011-09-01,22.86,22.86,0,0.00395256917
2011-09-02,22.79,22.79,0,-0.003062117235
2011-09-05,22.24,22.24,0,-0.02413339184
2011-09-06,21.99,21.99,0,-0.01124100719
2011-09-07,22.52,22.52,0,0.02410186448
2011-09-08,22.72,22.72,0,0.008880994671
2011-09-09,22.99,22.99,0,0.01188380282
2011-09-13,22.3,22.3,0,-0.03001304915
2011-09-14,22.02,22.02,0,-0.01255605381
2011-09-15,22.5,22.5,0,0.02179836512
2011-09-16,23.25,23.25,0,0.03333333333
2011-09-19,22.86,22.86,0,-0.01677419355
2011-09-20,23,23,0,0.006124234471
2011-09-21,23,23,0,0
2011-09-22,22.39,22.39,0,-0.02652173913
2011-09-23,21.91,21.91,0,-0.02143814203
2011-09-26,21.26,21.26,0,-0.0296668188
2011-09-27,21.85,21.85,0,0.02775164628
2011-09-28,21.78,21.78,0,-0.003203661327
2011-09-29,22,22,0,0.0101010101
2011-09-30,22,22,0,0
2011-10-03,21.65,21.65,0,-0.01590909091
2011-10-04,21.5,21.5,0,-0.006928406467
2011-10-05,21.6,21.6,0,0.004651162791
2011-10-06,21.65,21.65,0,0.002314814815
2011-10-07,21.75,21.75,0,0.004618937644
2011-10-11,22.34,22.34,0,0.02712643678
2011-10-12,22.5,22.5,0,0.007162041182
2011-10-13,22.41,22.41,0,-0.004
2011-10-14,22.2,22.2,0,-0.0093708166
2011-10-17,22.72,22.72,0,0.02342342342
2011-10-18,22.41,22.41,0,-0.0136443662
2011-10-19,22.27,22.27,0,-0.006247211066
2011-10-20,22,22,0,-0.01212393354
2011-10-21,21.84,21.84,0,-0.007272727273
2011-10-24,22.69,22.69,0,0.03891941392
2011-10-25,22.71,22.71,0,0.0008814455707
2011-10-26,22.82,22.82,0,0.004843681198
2011-10-27,22.79,22.79,0,-0.001314636284
2011-10-28,22.85,22.85,0,0.002632733655
2011-10-31,22.74,22.74,0,-0.004814004376
2011-11-01,22.9,22.9,0,0.007036059807
2011-11-02,23.05,23.05,0,0.006550218341
2011-11-03,22.6,22.6,0,-0.01952277657
2011-11-04,23.03,23.03,0,0.01902654867
2011-11-07,23.11,23.11,0,0.003473729917
2011-11-08,23.12,23.12,0,0.0004327131112
2011-11-09,23.09,23.09,0,-0.001297577855
2011-11-10,22.38,22.38,0,-0.0307492421
2011-11-11,22.38,22.38,0,0
2011-11-14,23.09,23.09,0,0.03172475424
2011-11-15,22.88,22.88,0,-0.009094846254
2011-11-16,22.7,22.7,0,-0.007867132867
2011-11-17,22.76,22.76,0,0.002643171806
2011-11-18,22.47,22.47,0,-0.01274165202
2011-11-21,21.93,21.93,0,-0.02403204272
2011-11-22,21.71,21.71,0,-0.01003191974
2011-11-23,20.08,20.08,1,-0.02901888531
2011-11-24,19.85,19.85,0,-0.01145418327
2011-11-25,19.6,19.6,0,-0.01259445844
2011-11-28,20.05,20.05,0,0.02295918367
2011-11-29,20.4,20.4,0,0.0174563591
2011-11-30,20.16,20.16,0,-0.01176470588
2011-12-01,21.02,21.02,0,0.04265873016
2011-12-02,20.8,20.8,0,-0.01046622265
2011-12-05,20.79,20.79,0,-0.0004807692308
2011-12-06,20.4,20.4,0,-0.01875901876
2011-12-07,20.42,20.42,0,0.0009803921569
2011-12-08,20.09,20.09,0,-0.01616062684
2011-12-09,19.9,19.9,0,-0.009457441513
2011-12-12,20,20,0,0.005025125628
2011-12-13,20.04,20.04,0,0.002
2011-12-14,20,20,0,-0.001996007984
2011-12-15,19.7,19.7,0,-0.015
2011-12-16,19.75,19.75,0,0.002538071066
2011-12-19,19.38,19.38,0,-0.01873417722
2011-12-20,19.59,19.59,0,0.01083591331
2011-12-21,20.46,20.46,0,0.04441041348
2011-12-22,20.4,20.4,0,-0.00293255132
2011-12-23,20.69,20.69,0,0.01421568627
2011-12-26,20.82,20.82,0,0.006283228613
2011-12-27,20.71,20.71,0,-0.005283381364
2011-12-28,20.58,20.58,0,-0.006277160792
2011-12-29,20.64,20.64,0,0.002915451895
2011-12-30,20.59,20.59,0,-0.00242248062
2012-01-02,20.5,20.5,0,-0.00437105391
2012-01-03,20.57,20.57,0,0.003414634146
2012-01-04,20.66,20.66,0,0.004375303841
2012-01-05,20.8,20.8,0,0.006776379477
2012-01-06,20.85,20.85,0,0.002403846154
2012-01-09,20.73,20.73,0,-0.005755395683
2012-01-10,20.98,20.98,0,0.01205981669
2012-01-11,21.05,21.05,0,0.003336510963
2012-01-12,21.09,21.09,0,0.00190023753
2012-01-13,21.17,21.17,0,0.003793266951
2012-01-16,20.79,20.79,0,-0.01794992915
2012-01-17,21.1,21.1,0,0.01491101491
2012-01-18,21.25,21.25,0,0.007109004739
2012-01-30,21.93,21.93,0,0.032
2012-01-31,22,22,0,0.003191974464
2012-02-01,22.21,22.21,0,0.009545454545
2012-02-02,22.6,22.6,0,0.01755965781
2012-02-03,22.69,22.69,0,0.003982300885
2012-02-04,22.85,22.85,0,0.007051564566
2012-02-06,22.66,22.66,0,-0.008315098468
2012-02-07,22.77,22.77,0,0.004854368932
2012-02-08,23.27,23.27,0,0.02195871761
2012-02-09,23.32,23.32,0,0.0021486893
2012-02-10,23.12,23.12,0,-0.008576329331
2012-02-13,23.3,23.3,0,0.007785467128
2012-02-14,23.34,23.34,0,0.001716738197
2012-02-15,23.61,23.61,0,0.01156812339
2012-02-16,23.24,23.24,0,-0.01567132571
2012-02-17,23.32,23.32,0,0.003442340792
2012-02-20,23.33,23.33,0,0.0004288164666
2012-02-21,23.13,23.13,0,-0.008572653236
2012-02-22,23.56,23.56,0,0.01859057501
2012-02-23,23.4,23.4,0,-0.006791171477
2012-02-24,23.5,23.5,0,0.004273504274
2012-02-29,23.85,23.85,0,0.01489361702
2012-03-01,23.93,23.93,0,0.003354297694
2012-03-02,23.88,23.88,0,-0.002089427497
2012-03-03,23.86,23.86,0,-0.000837520938
2012-03-05,23.71,23.71,0,-0.006286672255
2012-03-06,23.32,23.32,0,-0.0164487558
2012-03-07,23.22,23.22,0,-0.004288164666
2012-03-08,23.5,23.5,0,0.0120585702
2012-03-09,23.67,23.67,0,0.007234042553
2012-03-12,23.49,23.49,0,-0.007604562738
2012-03-13,23.59,23.59,0,0.004257130694
2012-03-14,23.81,23.81,0,0.009325985587
2012-03-15,23.9,23.9,0,0.003779924402
2012-03-16,23.84,23.84,0,-0.002510460251
2012-03-19,23.62,23.62,0,-0.009228187919
2012-03-20,23.7,23.7,0,0.003386960203
2012-03-21,23.58,23.58,0,-0.005063291139
2012-03-22,23.95,23.95,0,0.01569126378
2012-03-23,23.95,23.95,0,0
2012-03-26,23.7,23.7,0,-0.01043841336
2012-03-27,23.92,23.92,0,0.009282700422
2012-03-28,24.09,24.09,0,0.007107023411
2012-03-29,23.5,23.5,0,-0.02449149024
2012-03-30,23.48,23.48,0,-0.0008510638298
2012-04-02,23.59,23.59,0,0.00468483816
2012-04-03,23.19,23.19,0,-0.01695633743
2012-04-05,22.85,22.85,0,-0.01466149202
2012-04-06,23,23,0,0.006564551422
2012-04-09,22.88,22.88,0,-0.005217391304
2012-04-10,22.73,22.73,0,-0.006555944056
2012-04-11,22.99,22.99,0,0.01143862736
2012-04-12,23.03,23.03,0,0.001739886907
2012-04-13,23.5,23.5,0,0.02040816327
2012-04-16,23.4,23.4,0,-0.004255319149
2012-04-17,22.93,22.93,0,-0.02008547009
2012-04-18,22.97,22.97,0,0.001744439599
2012-04-19,22.82,22.82,0,-0.006530256857
2012-04-20,22.5,22.5,0,-0.01402278703
2012-04-23,22.22,22.22,0,-0.01244444444
2012-04-24,22.41,22.41,0,0.008550855086
2012-04-25,22.66,22.66,0,0.01115573405
2012-04-26,22.66,22.66,0,0
2012-04-27,22.45,22.45,0,-0.009267431598
2012-04-30,22.34,22.34,0,-0.004899777283
2012-05-02,22.84,22.84,0,0.02238137869
2012-05-03,22.84,22.84,0,0
2012-05-04,22.91,22.91,0,0.003064798599
2012-05-07,22.31,22.31,0,-0.02618943693
2012-05-08,22.33,22.33,0,0.000896458987
2012-05-09,22.22,22.22,0,-0.004926108374
2012-05-10,22.3,22.3,0,0.003600360036
2012-05-11,22.23,22.23,0,-0.003139013453
2012-05-14,22,22,0,-0.01034637877
2012-05-15,22,22,0,0
2012-05-16,21.76,21.76,0,-0.01090909091
2012-05-17,22.1,22.1,0,0.015625
2012-05-18,21.5,21.5,0,-0.02714932127
2012-05-21,21.6,21.6,0,0.004651162791
2012-05-22,21.86,21.86,0,0.01203703704
2012-05-23,21.39,21.39,0,-0.02150045746
2012-05-24,21.15,21.15,0,-0.01122019635
2012-05-25,21,21,0,-0.007092198582
2012-05-28,21.19,21.19,0,0.009047619048
2012-05-29,21.69,21.69,0,0.02359603587
2012-05-30,21.5,21.5,0,-0.008759797142
2012-05-31,21.45,21.45,0,-0.002325581395
2012-06-01,21.37,21.37,0,-0.00372960373
2012-06-04,20.51,20.51,0,-0.04024333177
2012-06-05,20.7,20.7,0,0.009263773769
2012-06-06,20.8,20.8,0,0.004830917874
2012-06-07,20.95,20.95,0,0.007211538462
2012-06-11,20.9,20.9,0,-0.002386634845
2012-06-12,20.82,20.82,0,-0.003827751196
2012-06-13,21.05,21.05,0,0.01104707012
2012-06-14,20.83,20.83,0,-0.01045130641
2012-06-15,21.2,21.2,0,0.01776284205
2012-06-18,21.52,21.52,0,0.01509433962
2012-06-19,21.54,21.54,0,0.0009293680297
2012-06-20,21.65,21.65,0,0.005106778087
2012-06-21,21.6,21.6,0,-0.002309468822
2012-06-22,21.41,21.41,0,-0.008796296296
2012-06-25,21.39,21.39,0,-0.0009341429239
2012-06-26,21.28,21.28,0,-0.005142589995
2012-06-27,21.15,21.15,0,-0.006109022556
2012-06-28,21.31,21.31,0,0.00756501182
2012-06-29,21.56,21.56,0,0.01173158142
2012-07-02,21.79,21.79,0,0.01066790353
2012-07-03,22.18,22.18,0,0.0178981184
2012-07-04,22.2,22.2,0,0.0009017132552
2012-07-05,22.06,22.06,0,-0.006306306306
2012-07-06,21.63,21.63,0,-0.01949229374
2012-07-09,21.82,21.82,0,0.008784096163
2012-07-10,21.6,21.6,0,-0.01008249313
2012-07-11,21.31,21.31,0,-0.01342592593
2012-07-12,21.3,21.3,0,-0.0004692632567
2012-07-13,21.7,21.7,0,0.01877934272
2012-07-16,21.66,21.66,0,-0.001843317972
2012-07-17,21,21,0,-0.03047091413
2012-07-18,21.04,21.04,0,0.001904761905
2012-07-19,21.22,21.22,0,0.00855513308
2012-07-20,21.08,21.08,0,-0.006597549482
2012-07-23,20.82,20.82,0,-0.01233396584
2012-07-24,21.11,21.11,0,0.01392891451
2012-07-25,20.76,20.76,0,-0.01657981999
2012-07-26,20.78,20.78,0,0.0009633911368
2012-07-27,21,21,0,0.01058710298
2012-07-30,21.31,21.31,0,0.01476190476
2012-07-31,21.11,21.11,0,-0.009385265134
2012-08-01,21.21,21.21,0,0.004737091426
2012-08-03,21.11,21.11,0,-0.00471475719
2012-08-06,21.34,21.34,0,0.01089531028
2012-08-07,21.37,21.37,0,0.001405810684
2012-08-08,21.41,21.41,0,0.001871782873
2012-08-09,22.2,22.2,0,0.03689864549
2012-08-10,22.1,22.1,0,-0.004504504505
2012-08-13,22.15,22.15,0,0.002262443439
2012-08-14,22.3,22.3,0,0.006772009029
2012-08-15,22.3,22.3,0,0
2012-08-16,22.32,22.32,0,0.0008968609865
2012-08-17,22.27,22.27,0,-0.002240143369
2012-08-20,22.28,22.28,0,0.0004490345757
2012-08-21,22.55,22.55,0,0.01211849192
2012-08-22,22.33,22.33,0,-0.009756097561
2012-08-23,22.73,22.73,0,0.01791312136
2012-08-24,22.5,22.5,0,-0.01011878575
2012-08-27,22.46,22.46,0,-0.001777777778
2012-08-28,22.1,22.1,0,-0.0160284951
2012-08-29,22.32,22.32,0,0.009954751131
2012-08-30,22.32,22.32,0,0
2012-08-31,22.25,22.25,0,-0.003136200717
2012-09-03,22.49,22.49,0,0.01078651685
2012-09-04,22.53,22.53,0,0.001778568253
2012-09-05,22.5,22.5,0,-0.001331557923
2012-09-06,22.32,22.32,0,-0.008
2012-09-07,22.8,22.8,0,0.02150537634
2012-09-10,22.75,22.75,0,-0.002192982456
2012-09-11,22.87,22.87,0,0.005274725275
2012-09-12,23.3,23.3,0,0.01880192392
2012-09-13,23.15,23.15,0,-0.00643776824
2012-09-14,23.7,23.7,0,0.02375809935
2012-09-17,23.47,23.47,0,-0.00970464135
2012-09-18,23.48,23.48,0,0.0004260758415
2012-09-19,23.79,23.79,0,0.01320272572
2012-09-20,23.61,23.61,0,-0.007566204288
2012-09-21,23.64,23.64,0,0.00127064803
2012-09-24,23.83,23.83,0,0.008037225042
2012-09-25,23.47,23.47,0,-0.01510700797
2012-09-26,23.22,23.22,0,-0.01065189604
2012-09-27,23.45,23.45,0,0.009905254091
2012-09-28,23.36,23.36,0,-0.003837953092
2012-10-01,23.19,23.19,0,-0.00727739726
2012-10-02,23.55,23.55,0,0.01552393273
2012-10-03,23.78,23.78,0,0.009766454352
2012-10-04,23.48,23.48,0,-0.0126156434
2012-10-05,23.21,23.21,0,-0.01149914821
2012-10-08,23.18,23.18,0,-0.001292546316
2012-10-09,23.13,23.13,0,-0.002157031924
2012-10-11,22.5,22.5,0,-0.02723735409
2012-10-12,22.4,22.4,0,-0.004444444444
2012-10-15,22.29,22.29,0,-0.004910714286
2012-10-16,22.65,22.65,0,0.01615074024
2012-10-17,22.66,22.66,0,0.0004415011038
2012-10-18,22.79,22.79,0,0.005736981465
2012-10-19,22.75,22.75,0,-0.00175515577
2012-10-22,22.26,22.26,0,-0.02153846154
2012-10-23,22.05,22.05,0,-0.009433962264
2012-10-24,22.2,22.2,0,0.006802721088
2012-10-25,22.03,22.03,0,-0.007657657658
2012-10-26,21.98,21.98,0,-0.00226963232
2012-10-29,21.73,21.73,0,-0.01137397634
2012-10-30,21.75,21.75,0,0.0009203865624
2012-10-31,21.79,21.79,0,0.00183908046
2012-11-01,21.81,21.81,0,0.0009178522258
2012-11-02,22.01,22.01,0,0.009170105456
2012-11-05,22.02,22.02,0,0.0004543389368
2012-11-06,22.02,22.02,0,0
2012-11-07,22.15,22.15,0,0.005903723887
2012-11-08,21.99,21.99,0,-0.007223476298
2012-11-09,22.3,22.3,0,0.01409731696
2012-11-12,22.23,22.23,0,-0.003139013453
2012-11-13,21.88,21.88,0,-0.01574448943
2012-11-14,21.92,21.92,0,0.001828153565
2012-11-15,22,22,0,0.003649635036
2012-11-16,21.96,21.96,0,-0.001818181818
2012-11-19,21.95,21.95,0,-0.0004553734062
2012-11-20,21.88,21.88,0,-0.003189066059
2012-11-21,21.77,21.77,0,-0.005027422303
2012-11-22,21.65,21.65,0.55,0.01975195223
2012-11-23,22.14,22.14,0,0.02263279446
2012-11-26,22.36,22.36,0,0.009936766034
2012-11-27,22.36,22.36,0,0
2012-11-28,22.43,22.43,0,0.00313059034
2012-11-29,22.6,22.6,0,0.007579135087
2012-11-30,22.84,22.84,0,0.01061946903
2012-12-03,22.73,22.73,0,-0.004816112084
2012-12-04,22.57,22.57,0,-0.007039155301
2012-12-05,23.04,23.04,0,0.02082410279
2012-12-06,22.96,22.96,0,-0.003472222222
2012-12-07,23.14,23.14,0,0.007839721254
2012-12-10,22.88,22.88,0,-0.01123595506
2012-12-11,22.9,22.9,0,0.0008741258741
2012-12-12,23.08,23.08,0,0.007860262009
2012-12-13,23.16,23.16,0,0.003466204506
2012-12-14,23.02,23.02,0,-0.006044905009
2012-12-17,22.7,22.7,0,-0.01390095569
2012-12-18,22.67,22.67,0,-0.001321585903
2012-12-19,22.76,22.76,0,0.003970004411
2012-12-20,22.6,22.6,0,-0.007029876977
2012-12-21,22.4,22.4,0,-0.008849557522
2012-12-22,22.4,22.4,0,0
2012-12-24,22.5,22.5,0,0.004464285714
2012-12-25,22.53,22.53,0,0.001333333333
2012-12-26,22.86,22.86,0,0.01464713715
2012-12-27,22.87,22.87,0,0.0004374453193
2012-12-28,22.9,22.9,0,0.001311762134
2013-01-02,23.26,23.26,0,0.01572052402
2013-01-03,23.11,23.11,0,-0.006448839209
2013-01-04,22.97,22.97,0,-0.006057983557
2013-01-07,22.81,22.81,0,-0.006965607314
2013-01-08,22.72,22.72,0,-0.003945637878
2013-01-09,22.8,22.8,0,0.003521126761
2013-01-10,22.81,22.81,0,0.0004385964912
2013-01-11,22.92,22.92,0,0.004822446295
2013-01-14,23.01,23.01,0,0.003926701571
2013-01-15,22.86,22.86,0,-0.006518904824
2013-01-16,23,23,0,0.006124234471
2013-01-17,22.5,22.5,0,-0.02173913043
2013-01-18,22.63,22.63,0,0.005777777778
2013-01-21,22.46,22.46,0,-0.007512152011
2013-01-22,22.74,22.74,0,0.0124666073
2013-01-23,22.94,22.94,0,0.008795074758
2013-01-24,22.77,22.77,0,-0.007410636443
2013-01-25,22.59,22.59,0,-0.00790513834
2013-01-28,22.77,22.77,0,0.00796812749
2013-01-29,23.19,23.19,0,0.01844532279
2013-01-30,23.23,23.23,0,0.001724881414
2013-01-31,23.18,23.18,0,-0.002152389152
2013-02-01,23.26,23.26,0,0.003451251079
2013-02-04,23.3,23.3,0,0.001719690456
2013-02-05,23.15,23.15,0,-0.00643776824
2013-02-06,23.28,23.28,0,0.005615550756
2013-02-18,23.3,23.3,0,0.0008591065292
2013-02-19,23.46,23.46,0,0.00686695279
2013-02-20,23.59,23.59,0,0.005541346974
2013-02-21,23.37,23.37,0,-0.009325985587
2013-02-22,23.43,23.43,0,0.002567394095
2013-02-23,23.32,23.32,0,-0.004694835681
2013-02-25,23.32,23.32,0,0
2013-02-26,23.22,23.22,0,-0.004288164666
2013-02-27,23.22,23.22,0,0
2013-03-01,23.32,23.32,0,0.004306632214
2013-03-04,23.24,23.24,0,-0.003430531732
2013-03-05,23.44,23.44,0,0.008605851979
2013-03-06,23.45,23.45,0,0.0004266211604
2013-03-07,23.37,23.37,0,-0.003411513859
2013-03-08,23.53,23.53,0,0.006846384253
2013-03-11,23.52,23.52,0,-0.0004249893753
2013-03-12,23.51,23.51,0,-0.000425170068
2013-03-13,23.5,23.5,0,-0.0004253509145
2013-03-14,23.52,23.52,0,0.0008510638298
2013-03-15,23.27,23.27,0,-0.0106292517
2013-03-18,23,23,0,-0.01160292222
2013-03-19,23.33,23.33,0,0.01434782609
2013-03-20,22.96,22.96,0,-0.01585940849
2013-03-21,23.03,23.03,0,0.003048780488
2013-03-22,23.03,23.03,0,0
2013-03-25,23.2,23.2,0,0.007381676075
2013-03-26,23.12,23.12,0,-0.003448275862
2013-03-27,23.21,23.21,0,0.003892733564
2013-03-28,23.18,23.18,0,-0.001292546316
2013-03-29,23.5,23.5,0,0.01380500431
2013-04-01,23.4,23.4,0,-0.004255319149
2013-04-02,23.5,23.5,0,0.004273504274
2013-04-03,23.52,23.52,0,0.0008510638298
2013-04-08,23.11,23.11,0,-0.01743197279
2013-04-09,22.91,22.91,0,-0.008654262224
2013-04-10,22.9,22.9,0,-0.0004364906155
2013-04-11,23.13,23.13,0,0.01004366812
2013-04-12,23.08,23.08,0,-0.002161694769
2013-04-15,23.2,23.2,0,0.005199306759
2013-04-16,23,23,0,-0.008620689655
2013-04-17,23.19,23.19,0,0.008260869565
2013-04-18,23,23,0,-0.008193186718
2013-04-19,23.6,23.6,0,0.02608695652
2013-04-22,23.68,23.68,0,0.003389830508
2013-04-23,23.41,23.41,0,-0.01140202703
2013-04-24,23.65,23.65,0,0.01025202905
2013-04-25,23.78,23.78,0,0.005496828753
2013-04-26,23.89,23.89,0,0.004625735913
2013-04-29,23.93,23.93,0,0.001674340728
2013-04-30,24.15,24.15,0,0.009193480986
2013-05-02,24.3,24.3,0,0.006211180124
2013-05-03,24.3,24.3,0,0
2013-05-06,24.48,24.48,0,0.007407407407
2013-05-07,24.55,24.55,0,0.002859477124
2013-05-08,24.85,24.85,0,0.01221995927
2013-05-09,24.94,24.94,0,0.003621730382
2013-05-10,24.76,24.76,0,-0.007217321572
2013-05-13,24.7,24.7,0,-0.002423263328
2013-05-14,24.8,24.8,0,0.004048582996
2013-05-15,24.82,24.82,0,0.0008064516129
2013-05-16,25.08,25.08,0,0.01047542305
2013-05-17,24.93,24.93,0,-0.005980861244
2013-05-20,24.99,24.99,0,0.002406738869
2013-05-21,25,25,0,0.000400160064
2013-05-22,25.04,25.04,0,0.0016
2013-05-23,24.57,24.57,0,-0.01876996805
2013-05-24,24.5,24.5,0,-0.002849002849
2013-05-27,24.71,24.71,0,0.008571428571
2013-05-28,24.67,24.67,0,-0.001618777823
2013-05-29,24.9,24.9,0,0.009323064451
2013-05-30,24.71,24.71,0,-0.007630522088
2013-05-31,24.71,24.71,0,0
2013-06-03,24.5,24.5,0,-0.008498583569
2013-06-04,24.33,24.33,0,-0.00693877551
2013-06-05,24.3,24.3,0,-0.001233045623
2013-06-06,24.11,24.11,0,-0.007818930041
2013-06-07,24.18,24.18,0,0.002903359602
2013-06-10,24.21,24.21,0,0.001240694789
2013-06-11,24.06,24.06,0,-0.006195786865
2013-06-13,23.59,23.59,0,-0.01953449709
2013-06-14,23.52,23.52,0,-0.00296735905
2013-06-17,23.45,23.45,0,-0.002976190476
2013-06-18,23.53,23.53,0,0.003411513859
2013-06-19,23.74,23.74,0,0.008924776881
2013-06-20,23.24,23.24,0,-0.02106149958
2013-06-21,22.94,22.94,0,-0.01290877797
2013-06-24,22.85,22.85,0,-0.003923278117
2013-06-25,22.76,22.76,0,-0.003938730853
2013-06-26,23.03,23.03,0,0.0118629174
2013-06-27,23.39,23.39,0,0.01563178463
2013-06-28,23.45,23.45,0,0.002565198803
2013-07-01,23.73,23.73,0,0.01194029851
2013-07-02,23.75,23.75,0,0.0008428150021
2013-07-03,23.54,23.54,0,-0.008842105263
2013-07-04,23.7,23.7,0,0.006796941376
2013-07-05,24.12,24.12,0,0.01772151899
2013-07-09,23.52,23.52,0,-0.02487562189
2013-07-10,24.06,24.06,0,0.02295918367
2013-07-11,24.3,24.3,0,0.009975062344
2013-07-12,24.2,24.2,0,-0.004115226337
2013-07-15,24.16,24.16,0,-0.001652892562
2013-07-16,24.08,24.08,0,-0.003311258278
2013-07-17,24.11,24.11,0,0.001245847176
2013-07-18,23.75,23.75,0,-0.01493156367
2013-07-19,23.24,23.24,0,-0.02147368421
2013-07-22,23.33,23.33,0,0.003872633391
2013-07-23,23.58,23.58,0,0.01071581655
2013-07-24,23.9,23.9,0,0.01357082273
2013-07-25,23.85,23.85,0,-0.002092050209
2013-07-26,23.8,23.8,0,-0.002096436059
2013-07-29,23.54,23.54,0,-0.01092436975
2013-07-30,23.78,23.78,0,0.01019541206
2013-07-31,23.71,23.71,0,-0.002943650126
2013-08-01,23.5,23.5,0,-0.008857022353
2013-08-02,23.51,23.51,0,0.0004255319149
2013-08-05,23.6,23.6,0,0.003828158231
2013-08-06,23.39,23.39,0,-0.008898305085
2013-08-07,23.06,23.06,0,-0.01410859342
2013-08-08,23,23,0,-0.002601908066
2013-08-09,22.9,22.9,0,-0.004347826087
2013-08-12,22.95,22.95,0,0.002183406114
2013-08-13,23.35,23.35,0,0.0174291939
2013-08-14,23.25,23.25,0,-0.004282655246
2013-08-15,23.14,23.14,0,-0.004731182796
2013-08-16,23.37,23.37,0,0.009939498704
2013-08-19,23.23,23.23,0,-0.005990586222
2013-08-20,23.05,23.05,0,-0.007748600947
2013-08-22,23.03,23.03,0,-0.0008676789588
2013-08-23,23.49,23.49,0,0.01997394703
2013-08-26,23.48,23.48,0,-0.0004257130694
2013-08-27,23.3,23.3,0,-0.007666098807
2013-08-28,23.24,23.24,0,-0.002575107296
2013-08-29,23.45,23.45,0,0.009036144578
2013-08-30,23.65,23.65,0,0.008528784648
2013-09-02,23.74,23.74,0,0.003805496829
2013-09-03,24.15,24.15,0,0.01727042965
2013-09-04,23.9,23.9,0,-0.01035196687
2013-09-05,24.22,24.22,0,0.01338912134
2013-09-06,24.2,24.2,0,-0.0008257638315
2013-09-09,24.3,24.3,0,0.004132231405
2013-09-10,24.29,24.29,0,-0.0004115226337
2013-09-11,24.2,24.2,0,-0.003705228489
2013-09-12,24.23,24.23,0,0.001239669421
2013-09-13,24.03,24.03,0,-0.008254230293
2013-09-14,24,24,0,-0.001248439451
2013-09-16,24.4,24.4,0,0.01666666667
2013-09-17,24.34,24.34,0,-0.002459016393
2013-09-18,24.2,24.2,0,-0.005751848809
2013-09-23,24.3,24.3,0,0.004132231405
2013-09-24,24.41,24.41,0,0.004526748971
2013-09-25,24.32,24.32,0,-0.003687013519
2013-09-26,24.08,24.08,0,-0.009868421053
2013-09-27,24.37,24.37,0,0.01204318937
2013-09-30,23.91,23.91,0,-0.0188756668
2013-10-01,24,24,0,0.003764115433
2013-10-02,24.06,24.06,0,0.0025
2013-10-03,24.46,24.46,0,0.01662510391
2013-10-04,24.48,24.48,0,0.0008176614881
2013-10-07,24.3,24.3,0,-0.007352941176
2013-10-08,24.3,24.3,0,0
2013-10-09,24.29,24.29,0,-0.0004115226337
2013-10-11,24.25,24.25,0,-0.001646768217
2013-10-14,24.02,24.02,0,-0.009484536082
2013-10-15,24.34,24.34,0,0.01332223147
2013-10-16,24.26,24.26,0,-0.003286770748
2013-10-17,24.24,24.24,0,-0.0008244023083
2013-10-18,24.48,24.48,0,0.009900990099
2013-10-21,24.68,24.68,0,0.008169934641
2013-10-22,24.58,24.58,0,-0.004051863857
2013-10-23,24.5,24.5,0,-0.0032546786
2013-10-24,24.5,24.5,0,0
2013-10-25,24.22,24.22,0,-0.01142857143
2013-10-28,24.47,24.47,0,0.01032204789
2013-10-29,24.42,24.42,0,-0.002043318349
2013-10-30,24.5,24.5,0,0.003276003276
2013-10-31,24.69,24.69,0,0.007755102041
2013-11-01,24.5,24.5,0,-0.007695423248
2013-11-04,24.5,24.5,0,0
2013-11-05,24.3,24.3,0,-0.008163265306
2013-11-06,24.33,24.33,0,0.001234567901
2013-11-07,24.3,24.3,0,-0.001233045623
2013-11-08,24.22,24.22,0,-0.00329218107
2013-11-11,24.03,24.03,0,-0.0078447564
2013-11-12,23.92,23.92,0,-0.004577611319
2013-11-13,23.77,23.77,0,-0.00627090301
2013-11-14,23.73,23.73,0,-0.001682793437
2013-11-15,23.96,23.96,0,0.009692372524
2013-11-18,23.88,23.88,0,-0.003338898164
2013-11-19,24,24,0,0.005025125628
2013-11-20,23.83,23.83,0,-0.007083333333
2013-11-21,23.6,23.6,0,-0.009651699538
2013-11-22,23.6,23.6,0,0
2013-11-25,23.09,23.09,0.75,0.01016949153
2013-11-26,23.29,23.29,0,0.008661758337
2013-11-27,23.5,23.5,0,0.009016745384
2013-11-28,23.56,23.56,0,0.002553191489
2013-11-29,23.69,23.69,0,0.005517826825
2013-12-02,23.8,23.8,0,0.004643309413
2013-12-03,23.62,23.62,0,-0.00756302521
2013-12-04,23.71,23.71,0,0.003810330229
2013-12-05,23.6,23.6,0,-0.004639392661
2013-12-06,23.6,23.6,0,0
2013-12-09,23.72,23.72,0,0.005084745763
2013-12-10,23.7,23.7,0,-0.0008431703204
2013-12-11,23.7,23.7,0,0
2013-12-12,23.5,23.5,0,-0.008438818565
2013-12-13,23.59,23.59,0,0.003829787234
2013-12-16,23.31,23.31,0,-0.0118694362
2013-12-17,23.51,23.51,0,0.00858000858
2013-12-18,23.36,23.36,0,-0.006380263718
2013-12-19,23.53,23.53,0,0.00727739726
2013-12-20,23.57,23.57,0,0.001699957501
2013-12-23,23.67,23.67,0,0.004242681375
2013-12-24,23.89,23.89,0,0.009294465568
2013-12-25,23.77,23.77,0,-0.005023022185
2013-12-26,23.85,23.85,0,0.003365586874
2013-12-27,24.18,24.18,0,0.01383647799
2013-12-30,24.16,24.16,0,-0.0008271298594
2013-12-31,24.3,24.3,0,0.005794701987
2014-01-02,24.26,24.26,0,-0.001646090535
2014-01-03,24.02,24.02,0,-0.0098928277
2014-01-06,24.21,24.21,0,0.007910074938
2014-01-07,24.27,24.27,0,0.002478314746
2014-01-08,24.38,24.38,0,0.004532344458
2014-01-09,24.35,24.35,0,-0.001230516817
2014-01-10,24.2,24.2,0,-0.006160164271
2014-01-13,24.39,24.39,0,0.007851239669
2014-01-14,24.48,24.48,0,0.0036900369
2014-01-15,24.62,24.62,0,0.005718954248
2014-01-16,24.77,24.77,0,0.006092607636
2014-01-17,24.77,24.77,0,0
2014-01-20,24.9,24.9,0,0.005248284215
2014-01-21,24.9,24.9,0,0
2014-01-22,24.89,24.89,0,-0.0004016064257
2014-01-23,24.95,24.95,0,0.002410606669
2014-01-24,24.88,24.88,0,-0.002805611222
2014-01-27,24.3,24.3,0,-0.02331189711
2014-02-05,23.73,23.73,0,-0.02345679012
2014-02-06,23.9,23.9,0,0.007163927518
2014-02-07,24.25,24.25,0,0.01464435146
2014-02-10,24.21,24.21,0,-0.001649484536
2014-02-11,24.33,24.33,0,0.004956629492
2014-02-12,24.5,24.5,0,0.006987258529
2014-02-13,24.7,24.7,0,0.008163265306
2014-02-14,24.68,24.68,0,-0.0008097165992
2014-02-17,24.65,24.65,0,-0.001215559157
2014-02-18,24.69,24.69,0,0.001622718053
2014-02-19,24.93,24.93,0,0.009720534629
2014-02-20,24.93,24.93,0,0
2014-02-21,25.1,25.1,0,0.006819093462
2014-02-24,24.93,24.93,0,-0.006772908367
2014-02-25,24.93,24.93,0,0
2014-02-26,25.2,25.2,0,0.01083032491
2014-02-27,25.14,25.14,0,-0.002380952381
2014-03-03,25.09,25.09,0,-0.001988862371
2014-03-04,25.1,25.1,0,0.0003985651654
2014-03-05,25.3,25.3,0,0.00796812749
2014-03-06,25.66,25.66,0,0.01422924901
2014-03-07,25.71,25.71,0,0.001948558067
2014-03-10,25.65,25.65,0,-0.002333722287
2014-03-11,25.87,25.87,0,0.008576998051
2014-03-12,25.58,25.58,0,-0.01120989563
2014-03-13,26,26,0,0.0164190774
2014-03-14,25.94,25.94,0,-0.002307692308
2014-03-17,25.8,25.8,0,-0.005397070162
2014-03-18,26.02,26.02,0,0.008527131783
2014-03-19,25.9,25.9,0,-0.004611837048
2014-03-20,25.62,25.62,0,-0.01081081081
2014-03-21,25.51,25.51,0,-0.004293520687
2014-03-24,25.52,25.52,0,0.000392003136
2014-03-25,25.71,25.71,0,0.007445141066
2014-03-26,26.2,26.2,0,0.01905873201
2014-03-27,25.92,25.92,0,-0.0106870229
2014-03-28,25.97,25.97,0,0.001929012346
2014-03-31,26.01,26.01,0,0.001540238737
2014-04-01,26.27,26.27,0,0.009996155325
2014-04-02,26.64,26.64,0,0.01408450704
2014-04-03,26.5,26.5,0,-0.005255255255
2014-04-07,26.46,26.46,0,-0.001509433962
2014-04-08,26.68,26.68,0,0.008314436886
2014-04-09,26.66,26.66,0,-0.0007496251874
2014-04-10,26.74,26.74,0,0.003000750188
2014-04-11,26.43,26.43,0,-0.01159311892
2014-04-14,26.48,26.48,0,0.001891789633
2014-04-15,26.64,26.64,0,0.006042296073
2014-04-16,26.53,26.53,0,-0.004129129129
2014-04-17,26.5,26.5,0,-0.001130795326
2014-04-18,26.91,26.91,0,0.01547169811
2014-04-21,26.98,26.98,0,0.002601263471
2014-04-22,27,27,0,0.0007412898443
2014-04-23,27.19,27.19,0,0.007037037037
2014-04-24,27.1,27.1,0,-0.003310040456
2014-04-25,26.56,26.56,0,-0.01992619926
2014-04-28,26.81,26.81,0,0.009412650602
2014-04-29,26.88,26.88,0,0.002610966057
2014-04-30,26.73,26.73,0,-0.005580357143
2014-05-02,27,27,0,0.0101010101
2014-05-05,26.91,26.91,0,-0.003333333333
2014-05-06,27.14,27.14,0,0.008547008547
2014-05-07,27.18,27.18,0,0.001473839352
2014-05-08,27.29,27.29,0,0.004047093451
2014-05-09,26.92,26.92,0,-0.01355807988
2014-05-12,26.8,26.8,0,-0.004457652303
2014-05-13,26.81,26.81,0,0.0003731343284
2014-05-14,27.23,27.23,0,0.01566579634
2014-05-15,27.34,27.34,0,0.004039662137
2014-05-16,27.06,27.06,0,-0.01024140454
2014-05-19,27.39,27.39,0,0.01219512195
2014-05-20,27.58,27.58,0,0.006936838262
2014-05-21,27.28,27.28,0,-0.01087744743
2014-05-22,27.71,27.71,0,0.01576246334
2014-05-23,27.73,27.73,0,0.0007217610971
2014-05-26,27.91,27.91,0,0.006491164803
2014-05-27,27.89,27.89,0,-0.0007165890362
2014-05-28,28.16,28.16,0,0.009680889208
2014-05-29,28.28,28.28,0,0.004261363636
2014-05-30,28.2,28.2,0,-0.002828854314
2014-06-03,28.2,28.2,0,0
2014-06-04,28.41,28.41,0,0.007446808511
2014-06-05,28.24,28.24,0,-0.005983808518
2014-06-06,28.34,28.34,0,0.003541076487
2014-06-09,28.68,28.68,0,0.01199717713
2014-06-10,28.64,28.64,0,-0.001394700139
2014-06-11,28.58,28.58,0,-0.002094972067
2014-06-12,28.74,28.74,0,0.005598320504
2014-06-13,28.74,28.74,0,0
2014-06-16,28.75,28.75,0,0.000347947112
2014-06-17,28.81,28.81,0,0.002086956522
2014-06-18,28.72,28.72,0,-0.003123915307
2014-06-19,29,29,0,0.009749303621
2014-06-20,29.01,29.01,0,0.0003448275862
2014-06-23,29,29,0,-0.0003447087211
2014-06-24,28.93,28.93,0,-0.002413793103
2014-06-25,28.84,28.84,0,-0.003110957484
2014-06-26,29.2,29.2,0,0.01248266297
2014-06-27,29.2,29.2,0,0
2014-06-30,29.3,29.3,0,0.003424657534
2014-07-01,29.75,29.75,0,0.01535836177
2014-07-02,29.9,29.9,0,0.005042016807
2014-07-03,30.2,30.2,0,0.01003344482
2014-07-04,30.31,30.31,0,0.003642384106
2014-07-07,30.29,30.29,0,-0.0006598482349
2014-07-08,30.34,30.34,0,0.001650709805
2014-07-09,30.38,30.38,0,0.001318391562
2014-07-10,30.36,30.36,0,-0.0006583278473
2014-07-11,30.24,30.24,0,-0.00395256917
2014-07-14,30.39,30.39,0,0.00496031746
2014-07-15,30.45,30.45,0,0.001974333662
2014-07-16,30.12,30.12,0,-0.01083743842
2014-07-17,29.66,29.66,0,-0.01527224436
2014-07-18,29.71,29.71,0,0.001685772084
2014-07-21,29.93,29.93,0,0.00740491417
2014-07-22,30,30,0,0.002338790511
2014-07-24,30.35,30.35,0,0.01166666667
2014-07-25,29.73,29.73,0,-0.02042833608
2014-07-28,29.77,29.77,0,0.001345442314
2014-07-29,29.42,29.42,0,-0.01175680215
2014-07-30,29.5,29.5,0,0.002719238613
2014-07-31,28.95,28.95,0,-0.0186440678
2014-08-01,28.95,28.95,0,0
2014-08-04,29.2,29.2,0,0.008635578584
2014-08-05,29,29,0,-0.006849315068
2014-08-06,29.96,29.96,0,0.03310344828
2014-08-07,29.9,29.9,0,-0.002002670227
2014-08-08,29.1,29.1,0,-0.02675585284
2014-08-11,29.35,29.35,0,0.008591065292
2014-08-12,29.35,29.35,0,0
2014-08-13,29.3,29.3,0,-0.001703577513
2014-08-14,29.5,29.5,0,0.006825938567
2014-08-15,29.4,29.4,0,-0.003389830508
2014-08-18,29.31,29.31,0,-0.00306122449
2014-08-19,29.8,29.8,0,0.01671784374
2014-08-20,29.67,29.67,0,-0.004362416107
2014-08-21,29.96,29.96,0,0.009774182676
2014-08-22,29.89,29.89,0,-0.002336448598
2014-08-25,29.75,29.75,0,-0.004683840749
2014-08-26,29.8,29.8,0,0.001680672269
2014-08-27,30,30,0,0.006711409396
2014-08-28,30.19,30.19,0,0.006333333333
2014-08-29,30.17,30.17,0,-0.0006624710169
2014-09-01,30.47,30.47,0,0.009943652635
2014-09-02,30.08,30.08,0,-0.01279947489
2014-09-03,30.05,30.05,0,-0.0009973404255
2014-09-04,29.9,29.9,0,-0.004991680532
2014-09-05,29.82,29.82,0,-0.002675585284
2014-09-09,30,30,0,0.006036217304
2014-09-10,29.73,29.73,0,-0.009
2014-09-11,29.75,29.75,0,0.0006727211571
2014-09-12,29.21,29.21,0,-0.0181512605
2014-09-15,29.28,29.28,0,0.002396439575
2014-09-16,29.02,29.02,0,-0.008879781421
2014-09-17,29.45,29.45,0,0.01481736733
2014-09-18,29.38,29.38,0,-0.002376910017
2014-09-19,29.55,29.55,0,0.005786249149
2014-09-22,29.05,29.05,0,-0.01692047377
2014-09-23,28.93,28.93,0,-0.00413080895
2014-09-24,28.84,28.84,0,-0.003110957484
2014-09-25,28.59,28.59,0,-0.00866851595
2014-09-26,28.4,28.4,0,-0.006645680308
2014-09-29,28.32,28.32,0,-0.002816901408
2014-09-30,28.3,28.3,0,-0.0007062146893
2014-10-01,28.6,28.6,0,0.01060070671
2014-10-02,28.33,28.33,0,-0.009440559441
2014-10-03,29.1,29.1,0,0.0271796682
2014-10-06,29.1,29.1,0,0
2014-10-07,28.78,28.78,0,-0.01099656357
2014-10-08,28.65,28.65,0,-0.004517025712
2014-10-09,28.54,28.54,0,-0.003839441536
2014-10-13,27.61,27.61,0,-0.03258584443
2014-10-14,27.68,27.68,0,0.002535313292
2014-10-15,27.49,27.49,0,-0.00686416185
2014-10-16,27.66,27.66,0,0.006184066933
2014-10-17,27.3,27.3,0,-0.01301518438
2014-10-20,27.67,27.67,0,0.01355311355
2014-10-21,27.63,27.63,0,-0.001445608963
2014-10-22,27.98,27.98,0,0.01266739052
2014-10-23,27.84,27.84,0,-0.005003573981
2014-10-24,27.6,27.6,0,-0.008620689655
2014-10-27,27.56,27.56,0,-0.001449275362
2014-10-28,27.95,27.95,0,0.0141509434
2014-10-29,28.39,28.39,0,0.01574239714
2014-10-30,28.31,28.31,0,-0.002817893625
2014-10-31,28.5,28.5,0,0.006711409396
2014-11-03,28.72,28.72,0,0.007719298246
2014-11-04,28.91,28.91,0,0.006615598886
2014-11-05,28.64,28.64,0,-0.009339328952
2014-11-06,28.47,28.47,0,-0.00593575419
2014-11-07,28.48,28.48,0,0.0003512469266
2014-11-10,29.05,29.05,0,0.02001404494
2014-11-11,29.02,29.02,0,-0.001032702238
2014-11-12,28.7,28.7,0,-0.01102687802
2014-11-13,28.86,28.86,0,0.005574912892
2014-11-14,28.87,28.87,0,0.0003465003465
2014-11-17,28.67,28.67,0,-0.006927606512
2014-11-18,28.5,28.5,0,-0.005929543076
2014-11-19,28.75,28.75,0,0.008771929825
2014-11-20,29.09,29.09,0,0.01182608696
2014-11-21,29.2,29.2,0,0.003781368168
2014-11-24,29.35,29.35,0,0.005136986301
2014-11-25,28.5,28.5,0.9,0.001703577513
2014-11-26,28.5,28.5,0,0
2014-11-27,28.9,28.9,0,0.01403508772
2014-11-28,28.75,28.75,0,-0.005190311419
2014-12-01,28.44,28.44,0,-0.0107826087
2014-12-02,28.21,28.21,0,-0.008087201125
2014-12-03,28.65,28.65,0,0.01559730592
2014-12-04,28.93,28.93,0,0.009773123909
2014-12-05,28.77,28.77,0,-0.005530591082
2014-12-08,28.7,28.7,0,-0.002433090024
2014-12-09,28.54,28.54,0,-0.005574912892
2014-12-10,28.15,28.15,0,-0.01366503153
2014-12-11,28.14,28.14,0,-0.0003552397869
2014-12-12,28.2,28.2,0,0.002132196162
2014-12-15,28.11,28.11,0,-0.003191489362
2014-12-16,28,28,0,-0.00391319815
2014-12-17,27.62,27.62,0,-0.01357142857
2014-12-18,27.65,27.65,0,0.001086169442
2014-12-19,28.09,28.09,0,0.01591320072
2014-12-22,28.46,28.46,0,0.01317194731
2014-12-23,28.5,28.5,0,0.001405481377
2014-12-24,28.57,28.57,0,0.002456140351
2014-12-25,28.68,28.68,0,0.00385019251
2014-12-26,28.67,28.67,0,-0.0003486750349
2014-12-27,28.79,28.79,0,0.004185559819
2014-12-29,29.03,29.03,0,0.008336227857
2014-12-30,29,29,0,-0.00103341371
2014-12-31,28.9,28.9,0,-0.003448275862
2015-01-05,28.85,28.85,0,-0.001730103806
2015-01-06,28.29,28.29,0,-0.01941074523
2015-01-07,28.49,28.49,0,0.007069635914
2015-01-08,28.97,28.97,0,0.01684801685
2015-01-09,28.83,28.83,0,-0.004832585433
2015-01-12,28.8,28.8,0,-0.001040582726
2015-01-13,28.82,28.82,0,0.0006944444444
2015-01-14,28.53,28.53,0,-0.01006245663
2015-01-15,28.52,28.52,0,-0.0003505082369
2015-01-16,28.64,28.64,0,0.004207573633
2015-01-19,28.8,28.8,0,0.005586592179
2015-01-20,28.9,28.9,0,0.003472222222
2015-01-21,29.2,29.2,0,0.01038062284
2015-01-22,29.3,29.3,0,0.003424657534
2015-01-23,29.81,29.81,0,0.01740614334
2015-01-26,29.8,29.8,0,-0.0003354579
2015-01-27,29.96,29.96,0,0.005369127517
2015-01-28,30,30,0,0.001335113485
2015-01-29,29.82,29.82,0,-0.006
2015-01-30,29.57,29.57,0,-0.008383635144
2015-02-02,29.57,29.57,0,0
2015-02-03,29.82,29.82,0,0.008454514711
2015-02-04,29.97,29.97,0,0.005030181087
2015-02-05,29.82,29.82,0,-0.005005005005
2015-02-06,29.69,29.69,0,-0.004359490275
2015-02-09,29.61,29.61,0,-0.002694509936
2015-02-10,29.36,29.36,0,-0.008443093549
2015-02-11,29.87,29.87,0,0.01737057221
2015-02-12,29.83,29.83,0,-0.001339136257
2015-02-13,29.95,29.95,0,0.004022795843
2015-02-24,30.22,30.22,0,0.009015025042
2015-02-25,30.64,30.64,0,0.01389808074
2015-02-26,30.31,30.31,0,-0.01077023499
2015-03-02,30.22,30.22,0,-0.002969317057
2015-03-03,30.24,30.24,0,0.0006618133686
2015-03-04,30.26,30.26,0,0.0006613756614
2015-03-05,30.22,30.22,0,-0.001321877065
2015-03-06,30.25,30.25,0,0.0009927200529
2015-03-09,30.21,30.21,0,-0.00132231405
2015-03-10,29.87,29.87,0,-0.01125455147
2015-03-11,30,30,0,0.004352192836
2015-03-12,30.03,30.03,0,0.001
2015-03-13,30.15,30.15,0,0.003996003996
2015-03-16,29.91,29.91,0,-0.007960199005
2015-03-17,30.26,30.26,0,0.01170177198
2015-03-18,30.34,30.34,0,0.002643754131
2015-03-19,30.72,30.72,0,0.01252471984
2015-03-20,30.7,30.7,0,-0.0006510416667
2015-03-23,30.77,30.77,0,0.002280130293
2015-03-24,30.67,30.67,0,-0.003249918752
2015-03-25,30.5,30.5,0,-0.005542875774
2015-03-26,29.98,29.98,0,-0.01704918033
2015-03-27,29.7,29.7,0,-0.009339559706
2015-03-30,29.7,29.7,0,0
2015-03-31,29.74,29.74,0,0.001346801347
2015-04-01,29.67,29.67,0,-0.002353732347
2015-04-02,30.03,30.03,0,0.01213346815
2015-04-07,30.07,30.07,0,0.001332001332
2015-04-08,29.63,29.63,0,-0.01463252411
2015-04-09,29.55,29.55,0,-0.00269996625
2015-04-10,29.83,29.83,0,0.009475465313
2015-04-13,29.7,29.7,0,-0.00435802883
2015-04-14,29.64,29.64,0,-0.00202020202
2015-04-15,29.3,29.3,0,-0.01147098516
2015-04-16,29.83,29.83,0,0.0180887372
2015-04-17,29.47,29.47,0,-0.01206838753
2015-04-20,29.45,29.45,0,-0.0006786562606
2015-04-21,29.31,29.31,0,-0.004753820034
2015-04-22,29.47,29.47,0,0.005458887752
2015-04-23,30.01,30.01,0,0.01832371904
2015-04-24,30.4,30.4,0,0.01299566811
2015-04-27,30.47,30.47,0,0.002302631579
2015-04-28,30.29,30.29,0,-0.005907449951
2015-04-29,29.94,29.94,0,-0.01155496864
2015-04-30,29.71,29.71,0,-0.007682030728
2015-05-04,29.8,29.8,0,0.00302928307
2015-05-05,29.69,29.69,0,-0.003691275168
2015-05-06,29.65,29.65,0,-0.001347254968
2015-05-07,29.44,29.44,0,-0.007082630691
2015-05-08,29.45,29.45,0,0.000339673913
2015-05-11,29.26,29.26,0,-0.006451612903
2015-05-12,29.33,29.33,0,0.002392344498
2015-05-13,29.44,29.44,0,0.003750426185
2015-05-14,29.32,29.32,0,-0.004076086957
2015-05-15,29.25,29.25,0,-0.00238744884
2015-05-18,29.08,29.08,0,-0.005811965812
2015-05-19,29.5,29.5,0,0.01444291609
2015-05-20,29.49,29.49,0,-0.0003389830508
2015-05-21,29.3,29.3,0,-0.006442861987
2015-05-22,29.58,29.58,0,0.009556313993
2015-05-25,29.78,29.78,0,0.00676132522
2015-05-26,29.6,29.6,0,-0.00604432505
2015-05-27,29.57,29.57,0,-0.001013513514
2015-05-28,29.81,29.81,0,0.008116334122
2015-05-29,30,30,0,0.006373700101
2015-06-01,29.6,29.6,0,-0.01333333333
2015-06-02,29.53,29.53,0,-0.002364864865
2015-06-03,29.51,29.51,0,-0.0006772773451
2015-06-04,28.74,28.74,0,-0.02609284988
2015-06-05,28.59,28.59,0,-0.005219206681
2015-06-08,28.5,28.5,0,-0.00314795383
2015-06-09,28.27,28.27,0,-0.008070175439
2015-06-10,28.35,28.35,0,0.00282985497
2015-06-11,28.45,28.45,0,0.003527336861
2015-06-12,28.48,28.48,0,0.001054481547
2015-06-15,28.3,28.3,0,-0.006320224719
2015-06-16,28,28,0,-0.01060070671
2015-06-17,28.33,28.33,0,0.01178571429
2015-06-18,28.38,28.38,0,0.001764913519
2015-06-22,28.75,28.75,0,0.01303735025
2015-06-23,28.93,28.93,0,0.006260869565
2015-06-24,29.28,29.28,0,0.01209816799
2015-06-25,29.57,29.57,0,0.009904371585
2015-06-26,29.98,29.98,0,0.01386540413
2015-06-29,29.4,29.4,0,-0.01934623082
2015-06-30,29.5,29.5,0,0.003401360544
2015-07-01,29.81,29.81,0,0.01050847458
2015-07-02,29.3,29.3,0,-0.0171083529
2015-07-03,29.32,29.32,0,0.0006825938567
2015-07-06,29.18,29.18,0,-0.004774897681
2015-07-07,29.26,29.26,0,0.002741603838
2015-07-08,28.2,28.2,0,-0.03622693096
2015-07-09,27.7,27.7,0,-0.01773049645
2015-07-13,27.85,27.85,0,0.005415162455
2015-07-14,27.9,27.9,0,0.001795332136
2015-07-15,27.9,27.9,0,0
2015-07-16,27.82,27.82,0,-0.002867383513
2015-07-17,27.95,27.95,0,0.004672897196
2015-07-20,27.82,27.82,0,-0.004651162791
2015-07-21,28.01,28.01,0,0.006829618979
2015-07-22,27.6,27.6,0,-0.01463762942
2015-07-23,27.15,27.15,0,-0.01630434783
2015-07-24,26.88,26.88,0,-0.009944751381
2015-07-27,26.77,26.77,0,-0.004092261905
2015-07-28,26.79,26.79,0,0.0007471049682
2015-07-29,26.52,26.52,0,-0.01007838746
2015-07-30,26.75,26.75,0,0.008672699849
2015-07-31,26.67,26.67,0,-0.002990654206
2015-08-03,26.2,26.2,0,-0.01762279715
2015-08-04,25.93,25.93,0,-0.01030534351
2015-08-05,26,26,0,0.002699575781
2015-08-06,25.88,25.88,0,-0.004615384615
2015-08-07,25.78,25.78,0,-0.003863987635
2015-08-10,25.68,25.68,0,-0.00387897595
2015-08-11,25.98,25.98,0,0.01168224299
2015-08-12,25.64,25.64,0,-0.01308698999
2015-08-13,25.79,25.79,0,0.005850234009
2015-08-14,25.7,25.7,0,-0.003489724699
2015-08-17,25.27,25.27,0,-0.01673151751
2015-08-18,25.46,25.46,0,0.007518796992
2015-08-19,25,25,0,-0.01806755695
2015-08-20,24.94,24.94,0,-0.0024
2015-08-21,24.26,24.26,0,-0.02726543705
2015-08-24,23.19,23.19,0,-0.0441055235
2015-08-25,23.55,23.55,0,0.01552393273
2015-08-26,23.71,23.71,0,0.006794055202
2015-08-27,24.13,24.13,0,0.01771404471
2015-08-28,24.66,24.66,0,0.02196435972
2015-08-31,24.72,24.72,0,0.002433090024
2015-09-01,24.67,24.67,0,-0.002022653722
2015-09-02,25.1,25.1,0,0.01743007702
2015-09-03,25.02,25.02,0,-0.003187250996
2015-09-04,25.01,25.01,0,-0.0003996802558
2015-09-07,25.1,25.1,0,0.003598560576
2015-09-08,25.18,25.18,0,0.003187250996
2015-09-09,26.08,26.08,0,0.0357426529
2015-09-10,25.93,25.93,0,-0.005751533742
2015-09-11,26.2,26.2,0,0.01041264944
2015-09-14,26.24,26.24,0,0.001526717557
2015-09-15,26,26,0,-0.009146341463
2015-09-16,26.26,26.26,0,0.01
2015-09-17,26.5,26.5,0,0.009139375476
2015-09-18,26.62,26.62,0,0.004528301887
2015-09-21,26.13,26.13,0,-0.01840721262
2015-09-22,26.34,26.34,0,0.00803673938
2015-09-23,25.75,25.75,0,-0.02239939256
2015-09-24,25.59,25.59,0,-0.006213592233
2015-09-25,25.63,25.63,0,0.00156311059
2015-09-30,25.74,25.74,0,0.004291845494
2015-10-01,26.26,26.26,0,0.0202020202
2015-10-02,26.29,26.29,0,0.001142421935
2015-10-05,26.34,26.34,0,0.001901863827
2015-10-06,26.56,26.56,0,0.008352315869
2015-10-07,26.69,26.69,0,0.004894578313
2015-10-08,26.9,26.9,0,0.007868115399
2015-10-12,27,27,0,0.003717472119
2015-10-13,26.87,26.87,0,-0.004814814815
2015-10-14,26.88,26.88,0,0.0003721622627
2015-10-15,27.22,27.22,0,0.01264880952
2015-10-16,27.1,27.1,0,-0.004408523145
2015-10-19,27.1,27.1,0,0
2015-10-20,27.15,27.15,0,0.00184501845
2015-10-21,27.18,27.18,0,0.001104972376
2015-10-22,27.1,27.1,0,-0.002943340692
2015-10-23,27.25,27.25,0,0.005535055351
2015-10-26,27.68,27.68,0,0.01577981651
2015-10-27,27.34,27.34,0,-0.01228323699
2015-10-28,27.22,27.22,0,-0.004389173372
2015-10-29,27.22,27.22,0,0
2015-10-30,27.02,27.02,0,-0.007347538575
2015-11-02,26.97,26.97,0,-0.001850481125
2015-11-03,27.55,27.55,0,0.02150537634
2015-11-04,28.11,28.11,0,0.02032667877
2015-11-05,28.06,28.06,0,-0.001778726432
2015-11-06,27.68,27.68,0,-0.01354240912
2015-11-09,27.5,27.5,0,-0.006502890173
2015-11-10,27.2,27.2,0,-0.01090909091
2015-11-11,26.84,26.84,0,-0.01323529412
2015-11-12,26.85,26.85,0,0.0003725782414
2015-11-13,26.67,26.67,0,-0.006703910615
2015-11-16,26.37,26.37,0,-0.01124859393
2015-11-17,26.98,26.98,0,0.02313234736
2015-11-18,26.64,26.64,0,-0.01260192735
2015-11-19,26.82,26.82,0,0.006756756757
2015-11-20,26.9,26.9,0,0.00298284862
2015-11-23,27.26,27.26,0,0.01338289963
2015-11-24,26.05,26.05,0.9,-0.01137197359
2015-11-25,25.77,25.77,0,-0.01074856046
2015-11-26,26.24,26.24,0,0.01823826154
2015-11-27,26.1,26.1,0,-0.005335365854
2015-11-30,25.5,25.5,0,-0.02298850575
2015-12-01,26.1,26.1,0,0.02352941176
2015-12-02,26.33,26.33,0,0.008812260536
2015-12-03,26.46,26.46,0,0.00493733384
2015-12-04,26.15,26.15,0,-0.01171579743
2015-12-07,26.48,26.48,0,0.01261950287
2015-12-08,26.19,26.19,0,-0.01095166163
2015-12-09,26,26,0,-0.007254677358
2015-12-10,25.77,25.77,0,-0.008846153846
2015-12-11,25.53,25.53,0,-0.009313154831
2015-12-14,25.24,25.24,0,-0.01135918527
2015-12-15,25.21,25.21,0,-0.00118858954
2015-12-16,25.68,25.68,0,0.01864339548
2015-12-17,25.85,25.85,0,0.006619937695
2015-12-18,26.01,26.01,0,0.006189555126
2015-12-21,25.89,25.89,0,-0.00461361015
2015-12-22,25.92,25.92,0,0.001158748552
2015-12-23,26,26,0,0.003086419753
2015-12-24,26.01,26.01,0,0.0003846153846
2015-12-25,26,26,0,-0.0003844675125
2015-12-28,26.33,26.33,0,0.01269230769
2015-12-29,25.85,25.85,0,-0.01823015572
2015-12-30,25.9,25.9,0,0.001934235977
2015-12-31,26,26,0,0.003861003861
2016-01-04,25.38,25.38,0,-0.02384615385
2016-01-05,25.31,25.31,0,-0.002758077226
2016-01-06,24.92,24.92,0,-0.01540892928
2016-01-07,24.21,24.21,0,-0.02849117175
2016-01-08,24.43,24.43,0,0.009087154069
2016-01-11,24.25,24.25,0,-0.007367990176
2016-01-12,24.24,24.24,0,-0.000412371134
2016-01-13,24.45,24.45,0,0.008663366337
2016-01-14,23.94,23.94,0,-0.02085889571
2016-01-15,24.51,24.51,0,0.02380952381
2016-01-18,24.56,24.56,0,0.00203998368
2016-01-19,24.64,24.64,0,0.00325732899
2016-01-20,24.16,24.16,0,-0.01948051948
2016-01-21,24.1,24.1,0,-0.002483443709
2016-01-22,24.46,24.46,0,0.01493775934
2016-01-25,24.97,24.97,0,0.02085036795
2016-01-26,24.77,24.77,0,-0.008009611534
2016-01-27,24.93,24.93,0,0.006459426726
2016-01-28,24.86,24.86,0,-0.002807862014
2016-01-29,25.37,25.37,0,0.02051488335
2016-01-30,25.55,25.55,0,0.007094994088
2016-02-01,25.64,25.64,0,0.003522504892
2016-02-02,25.54,25.54,0,-0.003900156006
2016-02-03,25.61,25.61,0,0.002740798747
2016-02-15,25.66,25.66,0,0.001952362358
2016-02-16,25.91,25.91,0,0.009742790335
2016-02-17,26.01,26.01,0,0.003859513701
2016-02-18,26.22,26.22,0,0.008073817762
2016-02-19,26.29,26.29,0,0.002669717773
2016-02-22,26.23,26.23,0,-0.002282236592
2016-02-23,26.46,26.46,0,0.008768585589
2016-02-24,26.22,26.22,0,-0.009070294785
2016-02-26,26.35,26.35,0,0.004958047292
2016-03-01,26.79,26.79,0,0.01669829222
2016-03-02,27.22,27.22,0,0.01605076521
2016-03-03,27.04,27.04,0,-0.006612784717
2016-03-04,27.12,27.12,0,0.002958579882
2016-03-07,27.25,27.25,0,0.004793510324
2016-03-08,27,27,0,-0.009174311927
2016-03-09,26.95,26.95,0,-0.001851851852
2016-03-10,27.28,27.28,0,0.01224489796
2016-03-11,27.41,27.41,0,0.004765395894
2016-03-14,27.78,27.78,0,0.01349872309
2016-03-15,27.57,27.57,0,-0.007559395248
2016-03-16,27.36,27.36,0,-0.007616974973
2016-03-17,27.61,27.61,0,0.009137426901
2016-03-18,27.7,27.7,0,0.003259688519
2016-03-21,27.78,27.78,0,0.002888086643
2016-03-22,27.48,27.48,0,-0.01079913607
2016-03-23,27.5,27.5,0,0.0007278020378
2016-03-24,27.46,27.46,0,-0.001454545455
2016-03-25,27.38,27.38,0,-0.002913328478
2016-03-28,27.35,27.35,0,-0.001095690285
2016-03-29,27.17,27.17,0,-0.006581352834
2016-03-30,27.61,27.61,0,0.01619433198
2016-03-31,27.7,27.7,0,0.003259688519
2016-04-01,27.39,27.39,0,-0.01119133574
2016-04-06,26.85,26.85,0,-0.01971522453
2016-04-07,26.77,26.77,0,-0.002979515829
2016-04-08,26.92,26.92,0,0.005603287262
2016-04-11,27.05,27.05,0,0.004829123328
2016-04-12,26.95,26.95,0,-0.003696857671
2016-04-13,27.22,27.22,0,0.01001855288
2016-04-14,27.27,27.27,0,0.001836884644
2016-04-15,27.31,27.31,0,0.001466813348
2016-04-18,27.2,27.2,0,-0.004027828634
2016-04-19,26.95,26.95,0,-0.009191176471
2016-04-20,26.74,26.74,0,-0.007792207792
2016-04-21,26.81,26.81,0,0.002617801047
2016-04-22,26.8,26.8,0,-0.0003729951511
2016-04-25,26.67,26.67,0,-0.004850746269
2016-04-26,26.75,26.75,0,0.002999625047
2016-04-27,26.7,26.7,0,-0.001869158879
2016-04-28,26.39,26.39,0,-0.01161048689
2016-04-29,26,26,0,-0.01477832512
2016-05-03,25.67,25.67,0,-0.01269230769
2016-05-04,25.42,25.42,0,-0.009738994936
2016-05-05,25.42,25.42,0,0
2016-05-06,25.29,25.29,0,-0.005114083399
2016-05-09,25.31,25.31,0,0.0007908264136
2016-05-10,25.27,25.27,0,-0.001580403003
2016-05-11,25.38,25.38,0,0.004352987732
2016-05-12,25.33,25.33,0,-0.001970055162
2016-05-13,24.96,24.96,0,-0.01460718516
2016-05-16,25.17,25.17,0,0.008413461538
2016-05-17,25.36,25.36,0,0.00754866905
2016-05-18,25.31,25.31,0,-0.001971608833
2016-05-19,25.31,25.31,0,0
2016-05-20,25.5,25.5,0,0.007506914263
2016-05-23,26.34,26.34,0,0.03294117647
2016-05-24,26.17,26.17,0,-0.006454062263
2016-05-25,26.54,26.54,0,0.01413832633
2016-05-26,26.38,26.38,0,-0.006028636021
2016-05-27,26.61,26.61,0,0.008718726308
2016-05-30,26.92,26.92,0,0.01164975573
2016-05-31,26.84,26.84,0,-0.002971768202
2016-06-01,27.16,27.16,0,0.01192250373
2016-06-02,27.07,27.07,0,-0.003313696613
2016-06-03,27.19,27.19,0,0.004432951607
2016-06-04,27.19,27.19,0,0
2016-06-06,27.32,27.32,0,0.004781169548
2016-06-07,27.66,27.66,0,0.01244509517
2016-06-08,27.82,27.82,0,0.005784526392
2016-06-13,27.33,27.33,0,-0.01761322789
2016-06-14,27.44,27.44,0,0.004024881083
2016-06-15,27.55,27.55,0,0.004008746356
2016-06-16,27.18,27.18,0,-0.01343012704
2016-06-17,27.32,27.32,0,0.00515084621
2016-06-20,27.55,27.55,0,0.008418740849
2016-06-21,27.67,27.67,0,0.004355716878
2016-06-22,27.79,27.79,0,0.004336826888
2016-06-23,27.72,27.72,0,-0.002518891688
2016-06-24,26.96,26.96,0,-0.02741702742
2016-06-27,27.24,27.24,0,0.01038575668
2016-06-28,27.45,27.45,0,0.007709251101
2016-06-29,27.77,27.77,0,0.0116575592
2016-06-30,28.12,28.12,0,0.01260352899
2016-07-01,28.44,28.44,0,0.01137980085
2016-07-04,28.52,28.52,0,0.002812939522
2016-07-05,28.52,28.52,0,0
2016-07-06,27.91,27.91,0,-0.0213884993
2016-07-07,28.26,28.26,0,0.01254030813
2016-07-11,28.92,28.92,0,0.02335456476
2016-07-12,29.02,29.02,0,0.003457814661
2016-07-13,28.92,28.92,0,-0.00344589938
2016-07-14,29.09,29.09,0,0.005878284924
2016-07-15,29.35,29.35,0,0.008937779306
2016-07-18,29.56,29.56,0,0.007155025554
2016-07-19,29.59,29.59,0,0.00101488498
2016-07-20,29.6,29.6,0,0.0003379520108
2016-07-21,29.98,29.98,0,0.01283783784
2016-07-22,29.68,29.68,0,-0.01000667111
2016-07-25,29.42,29.42,0,-0.008760107817
2016-07-26,29.7,29.7,0,0.009517335146
2016-07-27,30.01,30.01,0,0.01043771044
2016-07-28,30,30,0,-0.0003332222592
2016-07-29,29.9,29.9,0,-0.003333333333
2016-08-01,30.15,30.15,0,0.008361204013
2016-08-02,30.2,30.2,0,0.001658374793
2016-08-03,29.92,29.92,0,-0.009271523179
2016-08-04,29.91,29.91,0,-0.0003342245989
2016-08-05,30.29,30.29,0,0.01270478101
2016-08-08,30.27,30.27,0,-0.0006602839221
2016-08-09,30.5,30.5,0,0.007598282128
2016-08-10,30.42,30.42,0,-0.00262295082
2016-08-11,30.23,30.23,0,-0.006245890861
2016-08-12,30.09,30.09,0,-0.004631161098
2016-08-15,30.3,30.3,0,0.006979062812
2016-08-16,30.21,30.21,0,-0.00297029703
2016-08-17,30.28,30.28,0,0.002317113539
2016-08-18,30.07,30.07,0,-0.006935270806
2016-08-19,30.18,30.18,0,0.003658131028
2016-08-22,29.78,29.78,0,-0.01325381047
2016-08-23,29.93,29.93,0,0.005036937542
2016-08-24,29.99,29.99,0,0.002004677581
2016-08-25,30.3,30.3,0,0.01033677893
2016-08-26,30.55,30.55,0,0.008250825083
2016-08-29,30.21,30.21,0,-0.01112929624
2016-08-30,30.25,30.25,0,0.001324064879
2016-08-31,30.3,30.3,0,0.001652892562
2016-09-01,30,30,0,-0.009900990099
2016-09-02,30.19,30.19,0,0.006333333333
2016-09-05,30.45,30.45,0,0.00861212322
2016-09-06,30.7,30.7,0,0.008210180624
2016-09-07,31.12,31.12,0,0.01368078176
2016-09-08,31.06,31.06,0,-0.001928020566
2016-09-09,30.7,30.7,0,-0.01159047006
2016-09-10,30.09,30.09,0,-0.01986970684
2016-09-12,29.94,29.94,0,-0.004985044865
2016-09-13,29.9,29.9,0,-0.001336005344
2016-09-14,30,30,0,0.003344481605
2016-09-19,31.08,31.08,0,0.036
2016-09-20,31.07,31.07,0,-0.0003217503218
2016-09-21,31.1,31.1,0,0.000965561635
2016-09-22,30.99,30.99,0,-0.003536977492
2016-09-23,31.18,31.18,0,0.006131010003
2016-09-26,31,31,0,-0.005772931366
2016-09-29,31.1,31.1,0,0.003225806452
2016-09-30,31.11,31.11,0,0.0003215434084
2016-10-03,31.09,31.09,0,-0.0006428801029
2016-10-04,31.3,31.3,0,0.006754583467
2016-10-05,31.28,31.28,0,-0.0006389776358
2016-10-06,31.31,31.31,0,0.0009590792839
2016-10-07,31.3,31.3,0,-0.0003193867774
2016-10-11,31.3,31.3,0,0
2016-10-12,31.35,31.35,0,0.001597444089
2016-10-13,31.2,31.2,0,-0.004784688995
2016-10-14,31.04,31.04,0,-0.005128205128
2016-10-17,30.8,30.8,0,-0.007731958763
2016-10-18,31.1,31.1,0,0.00974025974
2016-10-19,31.28,31.28,0,0.00578778135
2016-10-20,31.36,31.36,0,0.002557544757
2016-10-21,31.59,31.59,0,0.007334183673
2016-10-24,31.59,31.59,0,0
2016-10-25,32,32,0,0.01297879076
2016-10-26,31.59,31.59,0,-0.0128125
2016-10-27,31.38,31.38,0,-0.006647673314
2016-10-28,31.36,31.36,0,-0.0006373486297
2016-10-31,31.36,31.36,0,0
2016-11-01,31.22,31.22,0,-0.004464285714
2016-11-02,31.08,31.08,0,-0.004484304933
2016-11-03,30.58,30.58,0,-0.01608751609
2016-11-04,30.65,30.65,0,0.002289077829
2016-11-07,30.85,30.85,0,0.006525285481
2016-11-08,30.95,30.95,0,0.003241491086
2016-11-09,30.1,30.1,0,-0.02746365105
2016-11-10,30.6,30.6,0,0.01661129568
2016-11-11,29.86,29.86,0,-0.02418300654
2016-11-14,29.68,29.68,0,-0.006028131279
2016-11-15,29.56,29.56,0,-0.004043126685
2016-11-16,29.84,29.84,0,0.009472259811
2016-11-17,29.86,29.86,0,0.0006702412869
2016-11-18,29.88,29.88,0,0.0006697923644
2016-11-21,29.83,29.83,0,-0.001673360107
2016-11-22,30.54,30.54,0,0.02380154207
2016-11-23,29.72,29.72,1,0.005893909627
2016-11-24,29.55,29.55,0,-0.005720053836
2016-11-25,29.32,29.32,0,-0.007783417936
2016-11-28,29.35,29.35,0,0.00102319236
2016-11-29,29.59,29.59,0,0.008177172061
2016-11-30,29.5,29.5,0,-0.003041568097
2016-12-02,29.21,29.21,0,-0.009830508475
2016-12-05,29.11,29.11,0,-0.003423485108
2016-12-06,29.5,29.5,0,0.01339745792
2016-12-07,29.6,29.6,0,0.003389830508
2016-12-08,29.72,29.72,0,0.004054054054
2016-12-09,29.73,29.73,0,0.000336473755
2016-12-12,29.82,29.82,0,0.003027245207
2016-12-13,29.65,29.65,0,-0.005700871898
2016-12-14,29.88,29.88,0,0.007757166948
2016-12-15,29.89,29.89,0,0.0003346720214
2016-12-16,29.71,29.71,0,-0.006022080964
2016-12-19,29.6,29.6,0,-0.003702457085
2016-12-20,29.33,29.33,0,-0.009121621622
2016-12-21,29.27,29.27,0,-0.00204568701
2016-12-22,29.11,29.11,0,-0.005466347796
2016-12-23,29.07,29.07,0,-0.001374098248
2016-12-26,29,29,0,-0.002407980736
2016-12-27,29.03,29.03,0,0.001034482759
2016-12-28,29.26,29.26,0,0.007922838443
2016-12-29,29.23,29.23,0,-0.001025290499
2016-12-30,29.34,29.34,0,0.003763256928
2017-01-03,29.5,29.5,0,0.005453306067
2017-01-04,29.69,29.69,0,0.006440677966
2017-01-05,29.79,29.79,0,0.00336813742
2017-01-06,29.9,29.9,0,0.003692514267
2017-01-09,30,30,0,0.003344481605
2017-01-10,29.89,29.89,0,-0.003666666667
2017-01-11,29.82,29.82,0,-0.002341920375
2017-01-12,30.06,30.06,0,0.008048289738
2017-01-13,30,30,0,-0.001996007984
2017-01-16,29.89,29.89,0,-0.003666666667
2017-01-17,30,30,0,0.003680160589
2017-01-18,29.88,29.88,0,-0.004
2017-01-19,29.89,29.89,0,0.0003346720214
2017-01-20,29.9,29.9,0,0.0003345600535
2017-01-23,30.29,30.29,0,0.01304347826
2017-01-24,30.47,30.47,0,0.005942555299
2017-02-02,30.6,30.6,0,0.004266491631
2017-02-03,30.35,30.35,0,-0.008169934641
2017-02-06,30.57,30.57,0,0.007248764415
2017-02-07,30.75,30.75,0,0.005888125613
2017-02-08,30.64,30.64,0,-0.003577235772
2017-02-09,30.81,30.81,0,0.005548302872
2017-02-10,31,31,0,0.006166828952
2017-02-13,31.1,31.1,0,0.003225806452
2017-02-14,31.35,31.35,0,0.008038585209
2017-02-15,31.35,31.35,0,0
2017-02-16,31.33,31.33,0,-0.0006379585327
2017-02-17,31.33,31.33,0,0
2017-02-18,31.37,31.37,0,0.001276731567
2017-02-20,31.7,31.7,0,0.01051960472
2017-02-21,31.35,31.35,0,-0.01104100946
2017-02-22,31.37,31.37,0,0.0006379585327
2017-02-23,31.5,31.5,0,0.004144086707
2017-02-24,31.46,31.46,0,-0.00126984127
2017-03-01,31.26,31.26,0,-0.006357279085
2017-03-02,31.07,31.07,0,-0.006078055022
2017-03-03,31,31,0,-0.002252977148
2017-03-06,30.96,30.96,0,-0.001290322581
2017-03-07,31.38,31.38,0,0.01356589147
2017-03-08,31.5,31.5,0,0.003824091778
2017-03-09,31.29,31.29,0,-0.006666666667
2017-03-10,30.82,30.82,0,-0.01502077341
2017-03-13,31.15,31.15,0,0.0107073329
2017-03-14,31.37,31.37,0,0.007062600321
2017-03-15,31.5,31.5,0,0.004144086707
2017-03-16,31.72,31.72,0,0.006984126984
2017-03-17,31.93,31.93,0,0.006620428752
2017-03-20,31.97,31.97,0,0.00125274037
2017-03-21,32.29,32.29,0,0.0100093838
2017-03-22,32.12,32.12,0,-0.00526478786
2017-03-23,32.34,32.34,0,0.006849315068
2017-03-24,32.08,32.08,0,-0.008039579468
2017-03-27,32.12,32.12,0,0.001246882793
2017-03-28,32,32,0,-0.003735990037
2017-03-29,31.89,31.89,0,-0.0034375
2017-03-30,31.85,31.85,0,-0.001254311696
2017-03-31,31.87,31.87,0,0.0006279434851
2017-04-05,32.31,32.31,0,0.01380608723
2017-04-06,32.12,32.12,0,-0.005880532343
2017-04-07,31.81,31.81,0,-0.009651307597
2017-04-10,32.06,32.06,0,0.007859163785
2017-04-11,31.95,31.95,0,-0.00343106675
2017-04-12,32.17,32.17,0,0.006885758998
2017-04-13,32.18,32.18,0,0.0003108486167
2017-04-14,31.74,31.74,0,-0.01367308888
2017-04-17,31.6,31.6,0,-0.004410838059
2017-04-18,31.98,31.98,0,0.01202531646
2017-04-19,31.81,31.81,0,-0.005315822389
2017-04-20,31.6,31.6,0,-0.006601697579
2017-04-21,31.87,31.87,0,0.008544303797
2017-04-24,31.66,31.66,0,-0.006589268905
2017-04-25,32,32,0,0.01073910297
2017-04-26,32.18,32.18,0,0.005625
2017-04-27,32.28,32.28,0,0.003107520199
2017-04-28,32.42,32.42,0,0.004337050805
2017-05-02,32.66,32.66,0,0.007402837754
2017-05-03,32.8,32.8,0,0.0042865891
2017-05-04,32.81,32.81,0,0.0003048780488
2017-05-05,32.75,32.75,0,-0.001828710759
2017-05-08,32.9,32.9,0,0.004580152672
2017-05-09,33.19,33.19,0,0.008814589666
2017-05-10,33.21,33.21,0,0.0006025911419
2017-05-11,33.33,33.33,0,0.003613369467
2017-05-12,33.39,33.39,0,0.001800180018
2017-05-15,33.3,33.3,0,-0.00269541779
2017-05-16,33.19,33.19,0,-0.003303303303
2017-05-17,33.16,33.16,0,-0.0009038867129
2017-05-18,33.12,33.12,0,-0.001206272618
2017-05-19,33.11,33.11,0,-0.0003019323671
2017-05-22,33.11,33.11,0,0
2017-05-23,33.36,33.36,0,0.007550588946
2017-05-24,33.38,33.38,0,0.0005995203837
2017-05-25,33.56,33.56,0,0.005392450569
2017-05-26,33.5,33.5,0,-0.00178784267
2017-05-31,33.5,33.5,0,0
2017-06-01,33.59,33.59,0,0.002686567164
2017-06-02,33.75,33.75,0,0.004763322417
2017-06-03,34,34,0,0.007407407407
2017-06-05,34.2,34.2,0,0.005882352941
2017-06-06,34.13,34.13,0,-0.002046783626
2017-06-07,34.1,34.1,0,-0.0008789920891
2017-06-08,34.23,34.23,0,0.003812316716
2017-06-09,34.33,34.33,0,0.002921413964
2017-06-12,33.99,33.99,0,-0.009903874163
2017-06-13,33.76,33.76,0,-0.006766696087
2017-06-14,33.75,33.75,0,-0.0002962085308
2017-06-15,33.52,33.52,0,-0.006814814815
2017-06-16,33.93,33.93,0,0.01223150358
2017-06-19,34.4,34.4,0,0.01385204833
2017-06-20,34.88,34.88,0,0.01395348837
2017-06-21,34.8,34.8,0,-0.002293577982
2017-06-22,35.03,35.03,0,0.006609195402
2017-06-23,35,35,0,-0.0008564087925
2017-06-26,35.69,35.69,0,0.01971428571
2017-06-27,35.6,35.6,0,-0.002521714766
2017-06-28,35.59,35.59,0,-0.0002808988764
2017-06-29,35.7,35.7,0,0.00309075583
2017-06-30,34.88,34.88,0,-0.02296918768
2017-07-03,34.95,34.95,0,0.002006880734
2017-07-04,34.9,34.9,0,-0.001430615165
2017-07-05,35.03,35.03,0,0.003724928367
2017-07-06,35,35,0,-0.0008564087925
2017-07-07,34.77,34.77,0,-0.006571428571
2017-07-10,34.9,34.9,0,0.003738855335
2017-07-11,35.48,35.48,0,0.01661891117
2017-07-12,35.56,35.56,0,0.002254791432
2017-07-13,35.9,35.9,0,0.009561304837
2017-07-14,35.72,35.72,0,-0.005013927577
2017-07-17,35.78,35.78,0,0.001679731243
2017-07-18,35.92,35.92,0,0.003912800447
2017-07-19,36.14,36.14,0,0.006124721604
2017-07-20,36.13,36.13,0,-0.0002767017156
2017-07-21,35.94,35.94,0,-0.005258787711
2017-07-24,36,36,0,0.001669449082
2017-07-25,36.3,36.3,0,0.008333333333
2017-07-26,36.1,36.1,0,-0.005509641873
2017-07-27,36.5,36.5,0,0.01108033241
2017-07-28,36.13,36.13,0,-0.0101369863
2017-07-31,36.1,36.1,0,-0.0008303349017
2017-08-01,36.21,36.21,0,0.003047091413
2017-08-02,36.58,36.58,0,0.01021817178
2017-08-03,36.36,36.36,0,-0.006014215418
2017-08-04,36.45,36.45,0,0.002475247525
2017-08-07,36.81,36.81,0,0.00987654321
2017-08-08,37.08,37.08,0,0.007334963325
2017-08-09,36.46,36.46,0,-0.0167206041
2017-08-10,35.98,35.98,0,-0.01316511245
2017-08-11,35.88,35.88,0,-0.002779321845
2017-08-14,35.8,35.8,0,-0.002229654404
2017-08-15,36.08,36.08,0,0.00782122905
2017-08-16,35.73,35.73,0,-0.009700665188
2017-08-17,36.27,36.27,0,0.01511335013
2017-08-18,35.7,35.7,0,-0.01571546733
2017-08-21,35.84,35.84,0,0.003921568627
2017-08-22,36.16,36.16,0,0.008928571429
2017-08-23,36.45,36.45,0,0.008019911504
2017-08-24,36.55,36.55,0,0.002743484225
2017-08-25,36.68,36.68,0,0.003556771546
2017-08-28,36.62,36.62,0,-0.001635768811
2017-08-29,36.51,36.51,0,-0.003003823048
2017-08-30,36.75,36.75,0,0.006573541495
2017-08-31,36.87,36.87,0,0.003265306122
2017-09-01,36.91,36.91,0,0.001084892867
2017-09-04,37,37,0,0.002438363587
2017-09-05,37.11,37.11,0,0.002972972973
2017-09-06,36.95,36.95,0,-0.004311506333
2017-09-07,36.95,36.95,0,0
2017-09-08,36.92,36.92,0,-0.0008119079838
2017-09-11,36.89,36.89,0,-0.000812567714
2017-09-12,37.04,37.04,0,0.004066142586
2017-09-13,36.79,36.79,0,-0.006749460043
2017-09-14,37.01,37.01,0,0.005979885839
2017-09-15,36.83,36.83,0,-0.004863550392
2017-09-18,37.16,37.16,0,0.008960086886
2017-09-19,37.1,37.1,0,-0.001614639397
2017-09-20,36.8,36.8,0,-0.008086253369
2017-09-21,36.88,36.88,0,0.002173913043
2017-09-22,36.77,36.77,0,-0.002982646421
2017-09-25,36.11,36.11,0,-0.01794941528
2017-09-26,35.85,35.85,0,-0.007200221545
2017-09-27,35.9,35.9,0,0.001394700139
2017-09-28,35.86,35.86,0,-0.001114206128
2017-09-29,36.02,36.02,0,0.004461795873
2017-09-30,36.24,36.24,0,0.006107717934
2017-10-02,36.61,36.61,0,0.01020971302
2017-10-03,37.07,37.07,0,0.01256487299
2017-10-05,36.9,36.9,0,-0.004585918533
2017-10-06,37.15,37.15,0,0.006775067751
2017-10-11,37.56,37.56,0,0.01103633917
2017-10-12,37.81,37.81,0,0.006656017039
2017-10-13,37.86,37.86,0,0.001322401481
2017-10-16,38.17,38.17,0,0.008188061278
2017-10-17,38.03,38.03,0,-0.003667801939
2017-10-18,37.97,37.97,0,-0.001577701814
2017-10-19,38.28,38.28,0,0.008164340269
2017-10-20,38.41,38.41,0,0.003396029258
2017-10-23,38.49,38.49,0,0.00208279094
2017-10-24,38.46,38.46,0,-0.0007794232268
2017-10-25,38.2,38.2,0,-0.006760270411
2017-10-26,38.12,38.12,0,-0.002094240838
2017-10-27,38.3,38.3,0,0.004721930745
2017-10-30,38.33,38.33,0,0.0007832898172
2017-10-31,38.6,38.6,0,0.007044090791
2017-11-01,38.51,38.51,0,-0.002331606218
2017-11-02,38.64,38.64,0,0.003375746559
2017-11-03,38.64,38.64,0,0
2017-11-06,38.38,38.38,0,-0.006728778468
2017-11-07,38.92,38.92,0,0.01406982804
2017-11-08,38.65,38.65,0,-0.006937307297
2017-11-09,38.52,38.52,0,-0.003363518758
2017-11-10,38.08,38.08,0,-0.01142263759
2017-11-13,38.02,38.02,0,-0.001575630252
2017-11-14,38.13,38.13,0,0.002893214098
2017-11-15,37.5,37.5,0,-0.01652242329
2017-11-16,37.53,37.53,0,0.0008
2017-11-17,38.33,38.33,0,0.02131628031
2017-11-20,38.03,38.03,0,-0.007826767545
2017-11-21,37.99,37.99,0,-0.00105180121
2017-11-22,38.5,38.5,0,0.01342458542
2017-11-23,37.4,37.4,1.15,0.001298701299
2017-11-24,37.29,37.29,0,-0.002941176471
2017-11-27,36.98,36.98,0,-0.008313220703
2017-11-28,36.77,36.77,0,-0.005678745268
2017-11-29,36.65,36.65,0,-0.003263530052
2017-11-30,36.1,36.1,0,-0.01500682128
2017-12-01,35.55,35.55,0,-0.01523545706
2017-12-04,36.08,36.08,0,0.01490857947
2017-12-05,35.6,35.6,0,-0.0133037694
2017-12-06,34.78,34.78,0,-0.02303370787
2017-12-07,34.61,34.61,0,-0.00488786659
2017-12-08,34.7,34.7,0,0.002600404507
2017-12-11,35.33,35.33,0,0.0181556196
2017-12-12,35.29,35.29,0,-0.001132182281
2017-12-13,35.2,35.2,0,-0.002550297535
2017-12-14,35.3,35.3,0,0.002840909091
2017-12-15,35.02,35.02,0,-0.007932011331
2017-12-18,35.02,35.02,0,0
2017-12-19,34.89,34.89,0,-0.003712164477
2017-12-20,34.9,34.9,0,0.000286615076
2017-12-21,35.19,35.19,0,0.008309455587
2017-12-22,35.09,35.09,0,-0.002841716397
2017-12-25,34.86,34.86,0,-0.006554573953
2017-12-26,34.87,34.87,0,0.0002868617326
2017-12-27,34.52,34.52,0,-0.01003728133
2017-12-28,34.94,34.94,0,0.01216685979
2017-12-29,35.33,35.33,0,0.01116199199
2018-01-02,35.36,35.36,0,0.000849136711
2018-01-03,36.05,36.05,0,0.01951357466
2018-01-04,36.05,36.05,0,0
2018-01-05,36.07,36.07,0,0.0005547850208
2018-01-08,36.12,36.12,0,0.001386193513
2018-01-09,35.9,35.9,0,-0.006090808416
2018-01-10,35.46,35.46,0,-0.01225626741
2018-01-11,35.6,35.6,0,0.003948110547
2018-01-12,35.72,35.72,0,0.003370786517
2018-01-15,35.93,35.93,0,0.005879059351
2018-01-16,36.07,36.07,0,0.003896465349
2018-01-17,36.3,36.3,0,0.006376490158
2018-01-18,36.9,36.9,0,0.01652892562
2018-01-19,37.23,37.23,0,0.008943089431
2018-01-22,37.71,37.71,0,0.01289282836
2018-01-23,37.86,37.86,0,0.003977724741
2018-01-24,37.25,37.25,0,-0.01611199155
2018-01-25,37.5,37.5,0,0.006711409396
2018-01-26,37.36,37.36,0,-0.003733333333
2018-01-29,37.51,37.51,0,0.004014989293
2018-01-30,37.7,37.7,0,0.005065315916
2018-02-01,37.55,37.55,0,-0.003978779841
2018-02-02,37.49,37.49,0,-0.001597869507
2018-02-05,36.53,36.53,0,-0.02560682849
2018-02-06,34.8,34.8,0,-0.04735833561
2018-02-07,35.56,35.56,0,0.02183908046
2018-02-08,35.39,35.39,0,-0.004780652418
2018-02-09,34.22,34.22,0,-0.03306018649
2018-02-12,35,35,0,0.0227936879
2018-02-21,35.6,35.6,0,0.01714285714
2018-02-22,35.38,35.38,0,-0.006179775281
2018-02-23,35.68,35.68,0,0.008479366874
2018-02-26,36.09,36.09,0,0.01149103139
2018-02-27,36.26,36.26,0,0.004710446107
2018-03-01,35.9,35.9,0,-0.009928295643
2018-03-02,35.45,35.45,0,-0.01253481894
2018-03-05,35.7,35.7,0,0.007052186178
2018-03-06,36.08,36.08,0,0.0106442577
2018-03-07,36.2,36.2,0,0.00332594235
2018-03-08,36.43,36.43,0,0.00635359116
2018-03-09,36.55,36.55,0,0.003293988471
2018-03-12,37.04,37.04,0,0.01340629275
2018-03-13,37.38,37.38,0,0.009179265659
2018-03-14,37.19,37.19,0,-0.005082932049
2018-03-15,37.1,37.1,0,-0.002420005378
2018-03-16,37,37,0,-0.00269541779
2018-03-19,37.09,37.09,0,0.002432432432
2018-03-20,37.16,37.16,0,0.001887301159
2018-03-21,37.04,37.04,0,-0.003229278794
2018-03-22,37.11,37.11,0,0.001889848812
2018-03-23,36.4,36.4,0,-0.01913230935
2018-03-26,36,36,0,-0.01098901099
2018-03-27,36.89,36.89,0,0.02472222222
2018-03-28,36.49,36.49,0,-0.0108430469
2018-03-29,36.36,36.36,0,-0.003562619896
2018-03-30,36.66,36.66,0,0.008250825083
2018-03-31,36.52,36.52,0,-0.003818876159
2018-04-02,36.62,36.62,0,0.00273822563
2018-04-03,36,36,0,-0.016930639
2018-04-09,36.04,36.04,0,0.001111111111
2018-04-10,36.33,36.33,0,0.008046614872
2018-04-11,36.58,36.58,0,0.006881365263
2018-04-12,36.27,36.27,0,-0.008474576271
2018-04-13,36.46,36.46,0,0.005238489109
2018-04-16,36.2,36.2,0,-0.007131102578
2018-04-17,36.02,36.02,0,-0.004972375691
2018-04-18,35.94,35.94,0,-0.00222098834
2018-04-19,36.25,36.25,0,0.008625486923
2018-04-20,35.3,35.3,0,-0.02620689655
2018-04-23,34.97,34.97,0,-0.009348441926
2018-04-24,34.7,34.7,0,-0.007720903632
2018-04-25,34.49,34.49,0,-0.006051873199
2018-04-26,34.03,34.03,0,-0.01333719919
2018-04-27,34.2,34.2,0,0.004995592125
2018-04-30,34.52,34.52,0,0.009356725146
2018-05-02,34.62,34.62,0,0.002896871379
2018-05-03,34,34,0,-0.01790872328
2018-05-04,34.15,34.15,0,0.004411764706
2018-05-07,34.52,34.52,0,0.01083455344
2018-05-08,34.74,34.74,0,0.006373117034
2018-05-09,35.11,35.11,0,0.01065054692
2018-05-10,35.11,35.11,0,0
2018-05-11,35.48,35.48,0,0.01053830817
2018-05-14,35.85,35.85,0,0.01042841037
2018-05-15,35.64,35.64,0,-0.005857740586
2018-05-16,35.55,35.55,0,-0.002525252525
2018-05-17,35.2,35.2,0,-0.009845288326
2018-05-18,35,35,0,-0.005681818182
2018-05-21,35.52,35.52,0,0.01485714286
2018-05-22,35.78,35.78,0,0.00731981982
2018-05-23,35.54,35.54,0,-0.006707657909
2018-05-24,35.59,35.59,0,0.001406865504
2018-05-25,35.86,35.86,0,0.007586400674
2018-05-28,35.95,35.95,0,0.002509760178
2018-05-29,35.82,35.82,0,-0.003616133519
2018-05-30,35.55,35.55,0,-0.007537688442
2018-05-31,35.56,35.56,0,0.0002812939522
2018-06-01,35.82,35.82,0,0.007311586052
2018-06-04,36.39,36.39,0,0.01591289782
2018-06-05,36.37,36.37,0,-0.0005496015389
2018-06-06,36.74,36.74,0,0.01017321969
2018-06-07,36.88,36.88,0,0.003810560697
2018-06-08,36.61,36.61,0,-0.007321041215
2018-06-11,36.54,36.54,0,-0.001912045889
2018-06-12,36.48,36.48,0,-0.001642036125
2018-06-13,36.86,36.86,0,0.01041666667
2018-06-14,36.36,36.36,0,-0.01356483993
2018-06-15,36.31,36.31,0,-0.001375137514
2018-06-19,35.95,35.95,0,-0.009914624071
2018-06-20,35.75,35.75,0,-0.005563282337
2018-06-21,35.93,35.93,0,0.005034965035
2018-06-22,35.55,35.55,0,-0.01057612023
2018-06-25,35.39,35.39,0,-0.004500703235
2018-06-26,35.12,35.12,0,-0.007629273806
2018-06-27,35.28,35.28,0,0.004555808656
2018-06-28,34.95,34.95,0,-0.009353741497
2018-06-29,35.48,35.48,0,0.01516452074
2018-07-02,35.59,35.59,0,0.003100338219
2018-07-03,35.36,35.36,0,-0.006462489463
2018-07-04,35.49,35.49,0,0.003676470588
2018-07-05,35,35,0,-0.01380670611
2018-07-06,35.06,35.06,0,0.001714285714
2018-07-09,35.75,35.75,0,0.01968054763
2018-07-10,35.85,35.85,0,0.002797202797
2018-07-11,35.57,35.57,0,-0.007810320781
2018-07-12,35.91,35.91,0,0.009558616812
2018-07-13,36.28,36.28,0,0.01030353662
2018-07-16,36.38,36.38,0,0.002756339581
2018-07-17,36.14,36.14,0,-0.006597031336
2018-07-18,36.36,36.36,0,0.006087437742
2018-07-19,36.43,36.43,0,0.001925192519
2018-07-20,36.8,36.8,0,0.01015646445
2018-07-23,37.06,37.06,0,0.007065217391
2018-07-24,37.06,37.06,0,0
2018-07-25,37.14,37.14,0,0.00215866163
2018-07-26,37.26,37.26,0,0.003231017771
2018-07-27,37.56,37.56,0,0.008051529791
2018-07-30,37.62,37.62,0,0.001597444089
2018-07-31,37.29,37.29,0,-0.008771929825
2018-08-01,37.81,37.81,0,0.01394475731
2018-08-02,37.3,37.3,0,-0.01348849511
2018-08-03,37.46,37.46,0,0.004289544236
2018-08-06,37.32,37.32,0,-0.003737319808
2018-08-07,37.28,37.28,0,-0.001071811361
2018-08-08,37.65,37.65,0,0.009924892704
2018-08-09,37.54,37.54,0,-0.002921646746
2018-08-10,37.39,37.39,0,-0.00399573788
2018-08-13,36.38,36.38,0,-0.02701257021
2018-08-14,36.41,36.41,0,0.000824628917
2018-08-15,36.04,36.04,0,-0.01016204339
2018-08-16,35.99,35.99,0,-0.001387347392
2018-08-17,36.09,36.09,0,0.002778549597
2018-08-20,35.97,35.97,0,-0.003325020781
2018-08-21,36.14,36.14,0,0.004726160689
2018-08-22,36.27,36.27,0,0.003597122302
2018-08-23,36.16,36.16,0,-0.003032809484
2018-08-24,36.16,36.16,0,0
2018-08-27,36.57,36.57,0,0.01133849558
2018-08-28,37.08,37.08,0,0.01394585726
2018-08-29,37.74,37.74,0,0.01779935275
2018-08-30,37.91,37.91,0,0.004504504505
2018-08-31,37.34,37.34,0,-0.01503561066
2018-09-03,37.38,37.38,0,0.001071237279
2018-09-04,37.16,37.16,0,-0.005885500268
2018-09-05,37.65,37.65,0,0.01318622174
2018-09-06,37.34,37.34,0,-0.00823373174
2018-09-07,37.01,37.01,0,-0.008837707552
2018-09-10,36.53,36.53,0,-0.01296946771
2018-09-11,36.38,36.38,0,-0.004106214071
2018-09-12,36.22,36.22,0,-0.004398020891
2018-09-13,35.91,35.91,0,-0.008558807289
2018-09-14,36.52,36.52,0,0.01698691172
2018-09-17,36.48,36.48,0,-0.001095290252
2018-09-18,36.01,36.01,0,-0.01288377193
2018-09-19,36.26,36.26,0,0.006942515968
2018-09-20,36.15,36.15,0,-0.003033645891
2018-09-21,36.15,36.15,0,0
2018-09-25,36.52,36.52,0,0.0102351314
2018-09-26,36.48,36.48,0,-0.001095290252
2018-09-27,36.57,36.57,0,0.002467105263
2018-09-28,36.35,36.35,0,-0.006015859995
2018-10-01,36.63,36.63,0,0.007702888583
2018-10-02,36.15,36.15,0,-0.0131040131
2018-10-03,36.07,36.07,0,-0.002213001383
2018-10-04,35.47,35.47,0,-0.01663432215
2018-10-05,34.57,34.57,0,-0.02537355512
2018-10-08,34.05,34.05,0,-0.01504194388
2018-10-09,34.16,34.16,0,0.003230543319
2018-10-11,31.78,31.78,0,-0.06967213115
2018-10-12,32.56,32.56,0,0.0245437382
2018-10-15,32.26,32.26,0,-0.009213759214
2018-10-16,32.6,32.6,0,0.01053936764
2018-10-17,33.03,33.03,0,0.01319018405
2018-10-18,32.67,32.67,0,-0.01089918256
2018-10-19,32.4,32.4,0,-0.00826446281
2018-10-22,32.75,32.75,0,0.01080246914
2018-10-23,32.1,32.1,0,-0.01984732824
2018-10-24,32.14,32.14,0,0.001246105919
2018-10-25,31.14,31.14,0,-0.03111387679
2018-10-26,30.89,30.89,0,-0.008028259473
2018-10-29,30.86,30.86,0,-0.0009711880868
2018-10-30,30.93,30.93,0,0.00226830849
2018-10-31,31.92,31.92,0,0.03200775946
2018-11-01,32.49,32.49,0,0.01785714286
2018-11-02,32.48,32.48,0,-0.0003077870114
2018-11-05,32.41,32.41,0,-0.002155172414
2018-11-06,32.05,32.05,0,-0.01110768281
2018-11-07,32.26,32.26,0,0.00655226209
2018-11-08,32.41,32.41,0,0.004649721017
2018-11-09,31.91,31.91,0,-0.01542733724
2018-11-12,32.25,32.25,0,0.01065496709
2018-11-13,31.54,31.54,0,-0.02201550388
2018-11-14,31.7,31.7,0,0.005072923272
2018-11-15,31.98,31.98,0,0.008832807571
2018-11-16,31.7,31.7,0,-0.00875547217
2018-11-19,31.53,31.53,0,-0.005362776025
2018-11-20,31.43,31.43,0,-0.00317158262
2018-11-21,31.48,31.48,0,0.00159083678
2018-11-22,30.37,30.37,1.1,-0.0003176620076
2018-11-23,30.33,30.33,0,-0.001317089233
2018-11-26,30.35,30.35,0,0.0006594131223
2018-11-27,30.48,30.48,0,0.004283360791
2018-11-28,31.23,31.23,0,0.02460629921
2018-11-29,31.51,31.51,0,0.008965738072
2018-11-30,31.49,31.49,0,-0.0006347191368
2018-12-03,32.31,32.31,0,0.0260400127
2018-12-04,32.1,32.1,0,-0.006499535747
2018-12-05,31.44,31.44,0,-0.02056074766
2018-12-06,30.5,30.5,0,-0.02989821883
2018-12-07,30.54,30.54,0,0.00131147541
2018-12-10,30.24,30.24,0,-0.009823182711
2018-12-11,30.56,30.56,0,0.01058201058
2018-12-12,30.86,30.86,0,0.009816753927
2018-12-13,31.26,31.26,0,0.0129617628
2018-12-14,30.74,30.74,0,-0.0166346769
2018-12-17,30.84,30.84,0,0.003253090436
2018-12-18,30.69,30.69,0,-0.00486381323
2018-12-19,30.95,30.95,0,0.008471814923
2018-12-20,30.6,30.6,0,-0.0113085622
2018-12-21,30.34,30.34,0,-0.008496732026
2018-12-22,30.16,30.16,0,-0.00593276203
2018-12-24,30.18,30.18,0,0.0006631299735
2018-12-25,29.87,29.87,0,-0.01027170311
2018-12-26,29.98,29.98,0,0.003682624707
2018-12-27,30.32,30.32,0,0.01134089393
2018-12-28,30.5,30.5,0,0.005936675462
2019-01-02,30.53,30.53,0,0.0009836065574
2019-01-03,30.03,30.03,0,-0.01637733377
2019-01-04,29.01,29.01,0,-0.03396603397
2019-01-07,29.74,29.74,0,0.02516373664
2019-01-08,29.47,29.47,0,-0.00907868191
2019-01-09,30.21,30.21,0,0.02511028164
2019-01-11,30.4,30.4,0,0.006289308176
2019-01-14,30.23,30.23,0,-0.005592105263
2019-01-15,30.55,30.55,0,0.01058551108
2019-01-16,30.6,30.6,0,0.001636661211
2019-01-17,30.8,30.8,0,0.006535947712
2019-01-18,30.85,30.85,0,0.001623376623
2019-01-21,31.12,31.12,0,0.008752025932
2019-01-22,30.95,30.95,0,-0.005462724936
2019-01-23,31.13,31.13,0,0.005815831987
2019-01-25,31.5,31.5,0,0.01188564086
2019-01-28,31.6,31.6,0,0.003174603175
2019-01-29,31.2,31.2,0,-0.01265822785
2019-01-30,31.07,31.07,0,-0.004166666667
2019-02-11,31.75,31.75,0,0.02188606373
2019-02-12,32.18,32.18,0,0.01354330709
2019-02-13,32.05,32.05,0,-0.004039776259
2019-02-15,31.99,31.99,0,-0.001872074883
2019-02-18,32.3,32.3,0,0.00969052829
2019-02-19,32.2,32.2,0,-0.003095975232
2019-02-20,32.43,32.43,0,0.007142857143
2019-02-21,32.65,32.65,0,0.006783842121
2019-02-22,32.82,32.82,0,0.005206738132
2019-02-25,33.04,33.04,0,0.006703229738
2019-02-26,33.12,33.12,0,0.002421307506
2019-02-27,33.12,33.12,0,0
2019-03-04,32.73,32.73,0,-0.01177536232
2019-03-05,32.92,32.92,0,0.0058050718
2019-03-06,32.82,32.82,0,-0.003037667072
2019-03-07,32.84,32.84,0,0.0006093845216
2019-03-11,32.37,32.37,0,-0.01431181486
2019-03-12,33.09,33.09,0,0.02224281742
2019-03-13,33.09,33.09,0,0
2019-03-15,33.1,33.1,0,0.0003022061046
2019-03-18,33.41,33.41,0,0.009365558912
2019-03-19,33.5,33.5,0,0.00269380425
2019-03-20,33.6,33.6,0,0.002985074627
2019-03-21,34.03,34.03,0,0.01279761905
2019-03-22,34.24,34.24,0,0.006171025566
2019-03-25,33.62,33.62,0,-0.01810747664
2019-03-26,33.86,33.86,0,0.007138607971
2019-03-27,33.86,33.86,0,0
2019-03-28,33.81,33.81,0,-0.001476668636
2019-03-29,33.93,33.93,0,0.003549245785
2019-04-01,34.61,34.61,0,0.02004126142
2019-04-02,34.82,34.82,0,0.006067610517
2019-04-03,34.85,34.85,0,0.0008615738082
2019-04-08,35.2,35.2,0,0.01004304161
2019-04-09,35.29,35.29,0,0.002556818182
2019-04-10,35.41,35.41,0,0.003400396713
2019-04-11,35.47,35.47,0,0.0016944366
2019-04-12,35.32,35.32,0,-0.004228925853
2019-04-15,35.58,35.58,0,0.007361268403
2019-04-16,35.78,35.78,0,0.005621135469
2019-04-17,36.13,36.13,0,0.009782001118
2019-04-18,36.35,36.35,0,0.006089122613
2019-04-19,36.1,36.1,0,-0.006877579092
2019-04-22,36.15,36.15,0,0.001385041551
2019-04-23,36.18,36.18,0,0.0008298755187
2019-04-24,36.2,36.2,0,0.0005527915976
2019-04-25,36.22,36.22,0,0.0005524861878
2019-04-26,35.79,35.79,0,-0.01187189398
2019-04-29,35.81,35.81,0,0.0005588153115
2019-04-30,35.4,35.4,0,-0.01144931583
2019-05-02,35.8,35.8,0,0.01129943503
2019-05-03,36.16,36.16,0,0.01005586592
2019-05-06,35.42,35.42,0,-0.02046460177
2019-05-07,35.9,35.9,0,0.01355166573
2019-05-08,35.52,35.52,0,-0.01058495822
2019-05-09,35.09,35.09,0,-0.01210585586
2019-05-10,34.68,34.68,0,-0.01168424052
2019-05-13,34.24,34.24,0,-0.01268742791
2019-05-14,34.04,34.04,0,-0.005841121495
2019-05-15,34.15,34.15,0,0.003231492362
2019-05-16,33.83,33.83,0,-0.009370424597
2019-05-17,33.12,33.12,0,-0.02098728939
2019-05-20,32.91,32.91,0,-0.00634057971
2019-05-21,32.89,32.89,0,-0.0006077180188
2019-05-22,33.11,33.11,0,0.006688963211
2019-05-23,32.24,32.24,0,-0.02627604953
2019-05-24,32.26,32.26,0,0.0006203473945
2019-05-27,32.04,32.04,0,-0.006819590825
2019-05-28,32.14,32.14,0,0.003121098627
2019-05-29,32.02,32.02,0,-0.003733665215
2019-05-30,32.22,32.22,0,0.00624609619
2019-05-31,32.91,32.91,0,0.02141527002
2019-06-03,32.8,32.8,0,-0.003342449104
2019-06-04,32.53,32.53,0,-0.008231707317
2019-06-05,32.69,32.69,0,0.004918536735
2019-06-06,32.16,32.16,0,-0.01621290915
2019-06-10,32.9,32.9,0,0.02300995025
2019-06-11,33.28,33.28,0,0.01155015198
2019-06-12,33.6,33.6,0,0.009615384615
2019-06-13,33.23,33.23,0,-0.01101190476
2019-06-14,33.04,33.04,0,-0.005717724947
2019-06-17,32.91,32.91,0,-0.003934624697
2019-06-18,32.98,32.98,0,0.002127013066
2019-06-19,33.82,33.82,0,0.02546998181
2019-06-20,33.87,33.87,0,0.001478415139
2019-06-21,34.1,34.1,0,0.00679067021
2019-06-24,34.2,34.2,0,0.00293255132
2019-06-25,33.87,33.87,0,-0.009649122807
2019-06-26,33.66,33.66,0,-0.006200177148
2019-06-27,34.17,34.17,0,0.01515151515
2019-06-28,34.01,34.01,0,-0.004682470003
2019-07-01,35.1,35.1,0,0.03204939724
2019-07-02,35.1,35.1,0,0
2019-07-03,34.61,34.61,0,-0.01396011396
2019-07-04,34.92,34.92,0,0.008956948859
2019-07-05,34.82,34.82,0,-0.002863688431
2019-07-08,34.78,34.78,0,-0.001148765078
2019-07-09,34.62,34.62,0,-0.004600345026
2019-07-10,35,35,0,0.01097631427
2019-07-11,35.4,35.4,0,0.01142857143
2019-07-12,35.38,35.38,0,-0.0005649717514
2019-07-15,35.83,35.83,0,0.01271905031
2019-07-16,35.82,35.82,0,-0.0002790957298
2019-07-17,35.45,35.45,0,-0.0103294249
2019-07-18,35.45,35.45,0,0
2019-07-19,35.89,35.89,0,0.01241184767
2019-07-22,36.19,36.19,0,0.008358874338
2019-07-23,36.35,36.35,0,0.004421110804
2019-07-24,36.5,36.5,0,0.004126547455
2019-07-25,36.5,36.5,0,0
2019-07-26,36.3,36.3,0,-0.005479452055
2019-07-29,36.49,36.49,0,0.00523415978
2019-07-30,36.39,36.39,0,-0.002740476843
2019-07-31,36.2,36.2,0,-0.005221214619
2019-08-01,36.2,36.2,0,0
2019-08-02,35.31,35.31,0,-0.02458563536
2019-08-05,34.7,34.7,0,-0.01727555933
2019-08-06,34.7,34.7,0,0
2019-08-07,34.95,34.95,0,0.007204610951
2019-08-08,35.12,35.12,0,0.004864091559
2019-08-12,35.46,35.46,0,0.009681093394
2019-08-13,35.1,35.1,0,-0.01015228426
2019-08-14,35.25,35.25,0,0.004273504274
2019-08-15,34.77,34.77,0,-0.01361702128
2019-08-16,35.12,35.12,0,0.01006614898
2019-08-19,35.54,35.54,0,0.01195899772
2019-08-20,35.71,35.71,0,0.004783342712
2019-08-21,36.01,36.01,0,0.008401008121
2019-08-22,36.06,36.06,0,0.001388503194
2019-08-23,35.96,35.96,0,-0.002773155851
2019-08-26,35.32,35.32,0,-0.01779755284
2019-08-27,35.45,35.45,0,0.003680634202
2019-08-28,35.77,35.77,0,0.009026798307
2019-08-29,35.83,35.83,0,0.001677383282
2019-08-30,36.17,36.17,0,0.009489254814
2019-09-02,36.3,36.3,0,0.003594138789
2019-09-03,36.22,36.22,0,-0.002203856749
2019-09-04,36.38,36.38,0,0.004417448923
2019-09-05,36.98,36.98,0,0.01649257834
2019-09-06,37,37,0,0.0005408328826
2019-09-09,37,37,0,0
2019-09-10,36.77,36.77,0,-0.006216216216
2019-09-11,36.71,36.71,0,-0.001631765026
2019-09-12,37.06,37.06,0,0.00953418687
2019-09-16,37.2,37.2,0,0.003777657852
2019-09-17,37.25,37.25,0,0.001344086022
2019-09-18,37.46,37.46,0,0.005637583893
2019-09-19,37.41,37.41,0,-0.001334757074
2019-09-20,37.4,37.4,0,-0.0002673082064
2019-09-23,37.5,37.5,0,0.002673796791
2019-09-24,37.56,37.56,0,0.0016
2019-09-25,37.22,37.22,0,-0.009052183174
2019-09-26,37.47,37.47,0,0.006716818915
2019-09-27,37.47,37.47,0,0
2019-10-01,38.13,38.13,0,0.01761409127
2019-10-02,38.2,38.2,0,0.00183582481
2019-10-03,37.98,37.98,0,-0.005759162304
2019-10-04,38.1,38.1,0,0.003159557662
2019-10-07,38.2,38.2,0,0.002624671916
2019-10-08,38.5,38.5,0,0.007853403141
2019-10-09,38.1,38.1,0,-0.01038961039
2019-10-14,38.92,38.92,0,0.02152230971
2019-10-15,39.22,39.22,0,0.007708119219
2019-10-16,39.04,39.04,0,-0.004589495156
2019-10-17,39,39,0,-0.001024590164
2019-10-18,39.17,39.17,0,0.004358974359
2019-10-21,39.1,39.1,0,-0.00178708195
2019-10-22,39.4,39.4,0,0.007672634271
2019-10-23,39.53,39.53,0,0.003299492386
2019-10-24,39.46,39.46,0,-0.001770806982
2019-10-25,39.67,39.67,0,0.005321844906
2019-10-28,39.78,39.78,0,0.002772876229
2019-10-29,40,40,0,0.005530417295
2019-10-30,39.98,39.98,0,-0.0005
2019-10-31,40.03,40.03,0,0.001250625313
2019-11-01,39.86,39.86,0,-0.004246814889
2019-11-04,41.13,41.13,0,0.0318615153
2019-11-05,41.48,41.48,0,0.008509603696
2019-11-06,41.59,41.59,0,0.002651880424
2019-11-07,41.4,41.4,0,-0.004568405867
2019-11-08,41.31,41.31,0,-0.002173913043
2019-11-11,40.95,40.95,0,-0.00871459695
2019-11-12,40.79,40.79,0,-0.003907203907
2019-11-13,41.04,41.04,0,0.006128953175
2019-11-14,40.9,40.9,0,-0.003411306043
2019-11-15,41.24,41.24,0,0.008312958435
2019-11-18,41.48,41.48,0,0.005819592629
2019-11-19,41.81,41.81,0,0.007955641273
2019-11-20,41.71,41.71,0,-0.002391772303
2019-11-21,41.3,41.3,0,-0.009829777032
2019-11-22,39.95,39.95,1.5,0.003631961259
2019-11-25,40,40,0,0.001251564456
2019-11-26,40.2,40.2,0,0.005
2019-11-27,40,40,0,-0.004975124378
2019-11-28,40.23,40.23,0,0.00575
2019-11-29,39.82,39.82,0,-0.01019139945
2019-12-02,39.66,39.66,0,-0.004018081366
2019-12-03,39.64,39.64,0,-0.0005042864347
2019-12-04,39.8,39.8,0,0.004036326942
2019-12-05,40.4,40.4,0,0.01507537688
2019-12-06,40.61,40.61,0,0.005198019802
2019-12-09,40.64,40.64,0,0.0007387343019
2019-12-10,40.46,40.46,0,-0.004429133858
2019-12-11,40.79,40.79,0,0.008156203658
2019-12-12,41.78,41.78,0,0.02427065457
2019-12-13,42.5,42.5,0,0.0172331259
2019-12-16,42.24,42.24,0,-0.006117647059
2019-12-17,42.79,42.79,0,0.01302083333
2019-12-18,42.8,42.8,0,0.0002336994625
2019-12-19,42.5,42.5,0,-0.007009345794
2019-12-20,42.31,42.31,0,-0.004470588235
2019-12-23,42.15,42.15,0,-0.003781611912
2019-12-24,42.11,42.11,0,-0.0009489916963
2019-12-25,42.25,42.25,0,0.00332462598
2019-12-26,42.46,42.46,0,0.004970414201
2019-12-27,42.62,42.62,0,0.003768252473
2019-12-30,42.58,42.58,0,-0.0009385265134
2019-12-31,42.17,42.17,0,-0.009628933772
2020-01-02,42.7,42.7,0,0.01256817643
2020-01-03,42.58,42.58,0,-0.00281030445
2020-01-06,42.04,42.04,0,-0.01268201033
2020-01-07,41.7,41.7,0,-0.00808753568
2020-01-08,41.61,41.61,0,-0.002158273381
2020-01-09,42.18,42.18,0,0.01369863014
2020-01-10,42.25,42.25,0,0.001659554291
2020-01-13,42.58,42.58,0,0.007810650888
2020-01-14,42.91,42.91,0,0.007750117426
2020-01-15,42.49,42.49,0,-0.009787928222
2020-01-16,42.34,42.34,0,-0.00353024241
2020-01-17,42.3,42.3,0,-0.0009447331129
2020-01-20,42.49,42.49,0,0.004491725768
2020-01-30,40,40,0,-0.05860202401
2020-01-31,40.4,40.4,0,0.01
2020-02-03,39.6,39.6,0,-0.0198019802
2020-02-04,40.59,40.59,0,0.025
2020-02-05,40.53,40.53,0,-0.0014781966
2020-02-06,41.36,41.36,0,0.02047865778
2020-02-07,40.78,40.78,0,-0.01402321083
2020-02-10,40.78,40.78,0,0
2020-02-11,41.09,41.09,0,0.007601765571
2020-02-12,41.68,41.68,0,0.01435872475
2020-02-13,41.78,41.78,0,0.002399232246
2020-02-14,41.77,41.77,0,-0.0002393489708
2020-02-17,41.41,41.41,0,-0.008618625808
2020-02-18,40.83,40.83,0,-0.01400627868
2020-02-19,41.1,41.1,0,0.006612784717
2020-02-20,40.92,40.92,0,-0.004379562044
2020-02-21,40.84,40.84,0,-0.001955034213
2020-02-24,40.37,40.37,0,-0.01150832517
2020-02-25,40.5,40.5,0,0.003220213029
2020-02-26,40.05,40.05,0,-0.01111111111
2020-02-27,39.44,39.44,0,-0.0152309613
2020-03-02,38.98,38.98,0,-0.011663286
2020-03-03,39.75,39.75,0,0.01975371986
2020-03-04,39.53,39.53,0,-0.005534591195
2020-03-05,40.38,40.38,0,0.02150265621
2020-03-06,39.79,39.79,0,-0.01461119366
2020-03-09,38.57,38.57,0,-0.03066097009
2020-03-10,38.91,38.91,0,0.008815141302
2020-03-11,38.62,38.62,0,-0.00745309689
2020-03-12,36.57,36.57,0,-0.05308130502
2020-03-13,36.2,36.2,0,-0.01011758272
2020-03-16,34.2,34.2,0,-0.05524861878
2020-03-17,33.36,33.36,0,-0.02456140351
2020-03-18,32.69,32.69,0,-0.02008393285
2020-03-19,30.8,30.8,0,-0.05781584582
2020-03-20,32.8,32.8,0,0.06493506494
2020-03-23,32.25,32.25,0,-0.01676829268
2020-03-24,33.3,33.3,0,0.03255813953
2020-03-25,34.53,34.53,0,0.03693693694
2020-03-26,34.85,34.85,0,0.009267303794
2020-03-27,34.8,34.8,0,-0.00143472023
2020-03-30,33.85,33.85,0,-0.02729885057
2020-03-31,34.22,34.22,0,0.01093057607
2020-04-01,34.66,34.66,0,0.01285797779
2020-04-06,34.84,34.84,0,0.005193306405
2020-04-07,35.82,35.82,0,0.02812858783
2020-04-08,36.3,36.3,0,0.01340033501
2020-04-09,36.14,36.14,0,-0.004407713499
2020-04-10,35.86,35.86,0,-0.007747648035
2020-04-13,35.88,35.88,0,0.0005577244841
2020-04-14,36.48,36.48,0,0.01672240803
2020-04-15,36.82,36.82,0,0.009320175439
2020-04-16,36.92,36.92,0,0.002715915263
2020-04-17,38.15,38.15,0,0.03331527627
2020-04-20,38,38,0,-0.003931847969
2020-04-21,37.05,37.05,0,-0.025
2020-04-22,36.83,36.83,0,-0.005937921727
2020-04-23,37.28,37.28,0,0.0122183003
2020-04-24,37.3,37.3,0,0.0005364806867
2020-04-27,38,38,0,0.01876675603
2020-04-28,38,38,0,0
2020-04-29,38.51,38.51,0,0.01342105263
2020-04-30,39,39,0,0.0127239678
2020-05-04,38.06,38.06,0,-0.0241025641
2020-05-05,38.24,38.24,0,0.004729374672
2020-05-06,38.19,38.19,0,-0.001307531381
2020-05-07,38.71,38.71,0,0.01361612988
2020-05-08,38.9,38.9,0,0.004908292431
2020-05-11,39.3,39.3,0,0.01028277635
2020-05-12,38.73,38.73,0,-0.01450381679
2020-05-13,38.87,38.87,0,0.003614768913
2020-05-14,38.45,38.45,0,-0.01080524826
2020-05-15,38.6,38.6,0,0.003901170351
2020-05-18,38.02,38.02,0,-0.01502590674
2020-05-19,38.3,38.3,0,0.007364544976
2020-05-20,38.45,38.45,0,0.003916449086
2020-05-21,38.8,38.8,0,0.009102730819
2020-05-22,38.13,38.13,0,-0.01726804124
2020-05-25,38.26,38.26,0,0.003409388933
2020-05-26,38.85,38.85,0,0.01542080502
2020-05-27,38.69,38.69,0,-0.004118404118
2020-05-28,38.7,38.7,0,0.0002584647196
2020-05-29,38.57,38.57,0,-0.003359173127
2020-06-01,39.05,39.05,0,0.01244490537
2020-06-02,39.3,39.3,0,0.006402048656
2020-06-03,39.92,39.92,0,0.01577608142
2020-06-04,40.22,40.22,0,0.00751503006
2020-06-05,40.75,40.75,0,0.01317752362
2020-06-08,41.2,41.2,0,0.01104294479
2020-06-09,41.17,41.17,0,-0.0007281553398
2020-06-10,41.61,41.61,0,0.01068739373
2020-06-11,41.05,41.05,0,-0.01345830329
2020-06-12,40.58,40.58,0,-0.01144945189
2020-06-15,40.21,40.21,0,-0.009117792016
2020-06-16,40.9,40.9,0,0.01715991047
2020-06-17,40.91,40.91,0,0.0002444987775
2020-06-18,41.1,41.1,0,0.004644341237
2020-06-19,41.38,41.38,0,0.006812652068
2020-06-22,41.34,41.34,0,-0.0009666505558
2020-06-23,41.5,41.5,0,0.003870343493
2020-06-24,42,42,0,0.01204819277
2020-06-29,41.53,41.53,0,-0.01119047619
2020-06-30,41.76,41.76,0,0.005538165182
2020-07-01,42.31,42.31,0,0.01317049808
2020-07-02,42.81,42.81,0,0.01181753723
2020-07-03,43.45,43.45,0,0.01494977809
2020-07-06,44.4,44.4,0,0.02186421174
2020-07-07,44.5,44.5,0,0.002252252252
2020-07-08,45,45,0,0.01123595506
2020-07-09,45.17,45.17,0,0.003777777778
2020-07-10,44.88,44.88,0,-0.006420190392
2020-07-13,45.25,45.25,0,0.008244206774
2020-07-14,45.6,45.6,0,0.00773480663
2020-07-15,45.7,45.7,0,0.002192982456
2020-07-16,45.19,45.19,0,-0.01115973742
2020-07-17,45.71,45.71,0,0.01150697057
2020-07-20,45.52,45.52,0,-0.004156639685
2020-07-21,47,47,0,0.03251318102
2020-07-22,47.25,47.25,0,0.005319148936
2020-07-23,47.18,47.18,0,-0.001481481481
2020-07-24,47.01,47.01,0,-0.003603221704
2020-07-27,49.81,49.81,0,0.05956179536
2020-07-28,49.65,49.65,0,-0.003212206384
2020-07-29,48.85,48.85,0,-0.01611278953
2020-07-30,49.97,49.97,0,0.02292732856
2020-07-31,50.2,50.2,0,0.004602761657
2020-08-03,49.1,49.1,0,-0.0219123506
2020-08-04,49.6,49.6,0,0.01018329939
2020-08-05,50.3,50.3,0,0.01411290323
2020-08-06,51,51,0,0.01391650099
2020-08-07,50.45,50.45,0,-0.01078431373
2020-08-10,50.7,50.7,0,0.004955401388
2020-08-11,50.3,50.3,0,-0.007889546351
2020-08-12,49.36,49.36,0,-0.01868787276
2020-08-13,49.96,49.96,0,0.01215559157
2020-08-14,49.9,49.9,0,-0.001200960769
2020-08-17,50.6,50.6,0,0.01402805611
2020-08-18,50.25,50.25,0,-0.006916996047
2020-08-19,49.95,49.95,0,-0.005970149254
2020-08-20,48,48,0,-0.03903903904
2020-08-21,48.98,48.98,0,0.02041666667
2020-08-24,49.34,49.34,0,0.007349938751
2020-08-25,49.72,49.72,0,0.007701661938
2020-08-26,50.1,50.1,0,0.007642799678
2020-08-27,50.1,50.1,0,0
2020-08-28,49.55,49.55,0,-0.01097804391
2020-08-31,48.84,48.84,0,-0.01432896065
2020-09-01,49.38,49.38,0,0.01105651106
2020-09-02,49.45,49.45,0,0.001417577967
2020-09-03,49.95,49.95,0,0.01011122346
2020-09-04,49.11,49.11,0,-0.01681681682
2020-09-07,48.9,48.9,0,-0.004276114844
2020-09-08,49.41,49.41,0,0.01042944785
2020-09-09,48.78,48.78,0,-0.01275045537
2020-09-10,49.2,49.2,0,0.008610086101
2020-09-11,49.33,49.33,0,0.002642276423
2020-09-14,49.9,49.9,0,0.01155483479
2020-09-15,50.2,50.2,0,0.006012024048
2020-09-16,51,51,0,0.01593625498
2020-09-17,50.4,50.4,0,-0.01176470588
2020-09-18,50.4,50.4,0,0
2020-09-21,50.05,50.05,0,-0.006944444444
2020-09-22,49.66,49.66,0,-0.007792207792
2020-09-23,49.33,49.33,0,-0.006645187273
2020-09-24,48.34,48.34,0,-0.02006892358
2020-09-25,47.74,47.74,0,-0.01241208109
2020-09-28,48.61,48.61,0,0.01822371177
2020-09-29,49.03,49.03,0,0.00864019749
2020-09-30,49.07,49.07,0,0.0008158270447
2020-10-05,49.09,49.09,0,0.0004075810067
2020-10-06,49.65,49.65,0,0.01140761866
2020-10-07,50.1,50.1,0,0.009063444109
2020-10-08,50.8,50.8,0,0.01397205589
2020-10-12,51,51,0,0.003937007874
2020-10-13,51.1,51.1,0,0.001960784314
2020-10-14,50.95,50.95,0,-0.002935420744
2020-10-15,50.55,50.55,0,-0.007850834151
2020-10-16,50.5,50.5,0,-0.0009891196835
2020-10-19,51,51,0,0.009900990099
2020-10-20,51,51,0,0
2020-10-21,50.8,50.8,0,-0.003921568627
2020-10-22,50.75,50.75,0,-0.0009842519685
2020-10-23,50.6,50.6,0,-0.002955665025
2020-10-26,51.05,51.05,0,0.008893280632
2020-10-27,50.9,50.9,0,-0.002938295788
2020-10-28,50.6,50.6,0,-0.005893909627
2020-10-29,49.92,49.92,0,-0.01343873518
2020-10-30,49.34,49.34,0,-0.01161858974
2020-11-02,49.13,49.13,0,-0.004256181597
2020-11-03,49.82,49.82,0,0.01404437207
2020-11-04,50.5,50.5,0,0.01364913689
2020-11-05,50.7,50.7,0,0.00396039604
2020-11-06,51.3,51.3,0,0.01183431953
2020-11-09,51.7,51.7,0,0.007797270955
2020-11-10,50.8,50.8,0,-0.01740812379
2020-11-11,51.25,51.25,0,0.008858267717
2020-11-12,51.8,51.8,0,0.01073170732
2020-11-13,52,52,0,0.003861003861
2020-11-16,53.25,53.25,0,0.02403846154
2020-11-17,53.95,53.95,0,0.01314553991
2020-11-18,54.55,54.55,0,0.01112140871
2020-11-19,54.05,54.05,0,-0.009165902841
2020-11-20,53.25,53.25,1.3,0.009250693802
2020-11-23,54.4,54.4,0,0.02159624413
2020-11-24,53.7,53.7,0,-0.01286764706
2020-11-25,53.2,53.2,0,-0.009310986965
2020-11-26,53.5,53.5,0,0.005639097744
2020-11-27,53.6,53.6,0,0.001869158879
2020-11-30,53.25,53.25,0,-0.006529850746
2020-12-01,53.55,53.55,0,0.005633802817
2020-12-02,54.6,54.6,0,0.01960784314
2020-12-03,54.2,54.2,0,-0.007326007326
2020-12-04,55,55,0,0.0147601476
2020-12-07,56,56,0,0.01818181818
2020-12-08,56.65,56.65,0,0.01160714286
2020-12-09,57.05,57.05,0,0.007060900265
2020-12-10,56.2,56.2,0,-0.01489921122
2020-12-11,56.25,56.25,0,0.0008896797153
2020-12-14,55.8,55.8,0,-0.008
2020-12-15,55.2,55.2,0,-0.01075268817
2020-12-16,55.65,55.65,0,0.008152173913
2020-12-17,55.8,55.8,0,0.00269541779
2020-12-18,55.9,55.9,0,0.001792114695
2020-12-21,55.95,55.95,0,0.0008944543828
2020-12-22,55.65,55.65,0,-0.005361930295
2020-12-23,55.55,55.55,0,-0.001796945193
2020-12-24,55.65,55.65,0,0.001800180018
2020-12-25,55.85,55.85,0,0.003593890386
2020-12-28,56.85,56.85,0,0.01790510295
2020-12-29,56.8,56.8,0,-0.0008795074758
2020-12-30,57.1,57.1,0,0.005281690141
2020-12-31,57.7,57.7,0,0.01050788091
2021-01-04,58.5,58.5,0,0.01386481802
2021-01-05,59.25,59.25,0,0.01282051282
2021-01-06,59.5,59.5,0,0.004219409283
2021-01-07,61,61,0,0.02521008403
2021-01-08,62.3,62.3,0,0.02131147541
2021-01-11,62.3,62.3,0,0
2021-01-12,62.4,62.4,0,0.001605136437
2021-01-13,64.15,64.15,0,0.02804487179
2021-01-14,63.85,63.85,0,-0.004676539361
2021-01-15,64,64,0,0.002349256069
2021-01-18,64,64,0,0
2021-01-19,65.6,65.6,0,0.025
2021-01-20,65.9,65.9,0,0.004573170732
2021-01-21,68.3,68.3,0,0.03641881639
2021-01-22,67.5,67.5,0,-0.01171303075
2021-01-25,66.4,66.4,0,-0.0162962963
2021-01-26,65.1,65.1,0,-0.01957831325
2021-01-27,65.1,65.1,0,0
2021-01-28,63.55,63.55,0,-0.02380952381
2021-01-29,63.2,63.2,0,-0.00550747443
2021-02-01,64.3,64.3,0,0.01740506329
2021-02-02,66,66,0,0.02643856921
2021-02-03,65.95,65.95,0,-0.0007575757576
2021-02-04,65.3,65.3,0,-0.009855951478
2021-02-05,66,66,0,0.01071975498
2021-02-17,68.6,68.6,0,0.03939393939
2021-02-18,68.65,68.65,0,0.0007288629738
2021-02-19,68.25,68.25,0,-0.005826656956
2021-02-22,68.55,68.55,0,0.004395604396
2021-02-23,68.05,68.05,0,-0.007293946025
2021-02-24,67,67,0,-0.01542983101
2021-02-25,67.55,67.55,0,0.008208955224
2021-02-26,65.9,65.9,0,-0.02442635085
2021-03-02,65.8,65.8,0,-0.001517450683
2021-03-03,66.65,66.65,0,0.01291793313
2021-03-04,64.9,64.9,0,-0.02625656414
2021-03-05,64.65,64.65,0,-0.003852080123
2021-03-08,64.3,64.3,0,-0.005413766435
2021-03-09,64,64,0,-0.00466562986
2021-03-10,63.95,63.95,0,-0.00078125
2021-03-11,65.6,65.6,0,0.02580140735
2021-03-12,66.2,66.2,0,0.009146341463
2021-03-15,65.45,65.45,0,-0.01132930514
2021-03-16,65.9,65.9,0,0.006875477464
2021-03-17,65.5,65.5,0,-0.006069802731
2021-03-18,66,66,0,0.007633587786
2021-03-19,65.3,65.3,0,-0.01060606061
2021-03-22,65.5,65.5,0,0.003062787136
2021-03-23,66.05,66.05,0,0.008396946565
2021-03-24,64.7,64.7,0,-0.02043906132
2021-03-25,64.8,64.8,0,0.001545595054
2021-03-26,66.25,66.25,0,0.02237654321
2021-03-29,66.65,66.65,0,0.006037735849
2021-03-30,66.7,66.7,0,0.0007501875469
2021-03-31,66.2,66.2,0,-0.007496251874
2021-04-01,66.8,66.8,0,0.009063444109
2021-04-06,68,68,0,0.01796407186
2021-04-07,67.65,67.65,0,-0.005147058824
2021-04-08,68.1,68.1,0,0.006651884701
2021-04-09,67.85,67.85,0,-0.003671071953
2021-04-12,67.5,67.5,0,-0.00515843773
2021-04-13,67.4,67.4,0,-0.001481481481
2021-04-14,67.1,67.1,0,-0.004451038576
2021-04-15,67.5,67.5,0,0.005961251863
2021-04-16,67.9,67.9,0,0.005925925926
2021-04-19,67.6,67.6,0,-0.00441826215
2021-04-20,67.6,67.6,0,0
2021-04-21,67.5,67.5,0,-0.001479289941
2021-04-22,66.8,66.8,0,-0.01037037037
2021-04-23,67.7,67.7,0,0.01347305389
2021-04-26,68.6,68.6,0,0.01329394387
2021-04-27,68.8,68.8,0,0.002915451895
2021-04-28,68.4,68.4,0,-0.005813953488
2021-04-29,68.6,68.6,0,0.002923976608
2021-05-03,67.25,67.25,0,-0.01967930029
2021-05-04,66.2,66.2,0,-0.0156133829
2021-05-05,65.5,65.5,0,-0.01057401813
2021-05-06,65.05,65.05,0,-0.006870229008
2021-05-07,67.1,67.1,0,0.03151421983
2021-05-10,66,66,0,-0.01639344262
2021-05-11,63.1,63.1,0,-0.04393939394
2021-05-12,60.9,60.9,0,-0.03486529319
2021-05-13,60,60,0,-0.01477832512
2021-05-14,61.1,61.1,0,0.01833333333
2021-05-17,60,60,0,-0.01800327332
2021-05-18,62.9,62.9,0,0.04833333333
2021-05-19,62.25,62.25,0,-0.01033386328
2021-05-20,61.6,61.6,0,-0.01044176707
2021-05-21,62.5,62.5,0,0.01461038961
2021-05-24,62.75,62.75,0,0.004
2021-05-25,64.3,64.3,0,0.02470119522
2021-05-26,64.45,64.45,0,0.00233281493
2021-05-27,63.55,63.55,0,-0.01396431342
2021-05-28,65,65,0,0.02281667978
2021-05-31,66,66,0,0.01538461538
2021-06-01,66.25,66.25,0,0.003787878788
2021-06-02,65.65,65.65,0,-0.009056603774
2021-06-03,65.9,65.9,0,0.003808073115
2021-06-04,65.45,65.45,0,-0.006828528073
2021-06-07,65.65,65.65,0,0.003055767762
2021-06-08,65.7,65.7,0,0.000761614623
2021-06-09,64.7,64.7,0,-0.01522070015
2021-06-10,65.65,65.65,0,0.01468315301
2021-06-11,66.15,66.15,0,0.00761614623
2021-06-15,66.4,66.4,0,0.003779289494
2021-06-16,67,67,0,0.009036144578
2021-06-17,66.9,66.9,0,-0.001492537313
2021-06-18,66.6,66.6,0,-0.004484304933
2021-06-21,64.7,64.7,0,-0.02852852853
2021-06-22,64.55,64.55,0,-0.002318392581
2021-06-23,66,66,0,0.02246320682
2021-06-24,65.75,65.75,0,-0.003787878788
2021-06-25,66.3,66.3,0,0.008365019011
2021-06-28,66.15,66.15,0,-0.002262443439
2021-06-29,66.45,66.45,0,0.004535147392
2021-06-30,66.8,66.8,0,0.005267118134
2021-07-01,66.2,66.2,0,-0.008982035928
2021-07-02,66.15,66.15,0,-0.0007552870091
2021-07-05,67.3,67.3,0,0.01738473167
2021-07-06,67.45,67.45,0,0.002228826152
2021-07-07,66.85,66.85,0,-0.008895478132
2021-07-08,67.1,67.1,0,0.003739715782
2021-07-09,67.15,67.15,0,0.0007451564829
2021-07-12,67.25,67.25,0,0.001489203276
2021-07-13,68.8,68.8,0,0.02304832714
2021-07-14,68.55,68.55,0,-0.00363372093
2021-07-15,68.9,68.9,0,0.005105762217
2021-07-16,67.65,67.65,0,-0.01814223512
2021-07-19,66.8,66.8,0,-0.0125646711
2021-07-20,66.5,66.5,0,-0.004491017964
2021-07-21,66,66,0,-0.007518796992
2021-07-22,66.85,66.85,0,0.01287878788
2021-07-23,66.6,66.6,0,-0.003739715782
2021-07-26,66.85,66.85,0,0.003753753754
2021-07-27,67.05,67.05,0,0.002991772625
2021-07-28,66.25,66.25,0,-0.01193139448
2021-07-29,66.3,66.3,0,0.0007547169811
2021-07-30,66.95,66.95,0,0.009803921569
2021-08-02,67,67,0,0.0007468259895
2021-08-03,67.5,67.5,0,0.007462686567
2021-08-04,67.8,67.8,0,0.004444444444
2021-08-05,68.05,68.05,0,0.003687315634
2021-08-06,68,68,0,-0.0007347538575
2021-08-09,67.4,67.4,0,-0.008823529412
2021-08-10,66.9,66.9,0,-0.007418397626
2021-08-11,66.35,66.35,0,-0.00822122571
2021-08-12,66,66,0,-0.005275056518
2021-08-13,65.4,65.4,0,-0.009090909091
2021-08-16,65.3,65.3,0,-0.001529051988
2021-08-17,64.7,64.7,0,-0.009188361409
2021-08-18,64.45,64.45,0,-0.003863987635
2021-08-19,63,63,0,-0.02249806051
2021-08-20,63.5,63.5,0,0.007936507937
2021-08-23,64.75,64.75,0,0.01968503937
2021-08-24,65.1,65.1,0,0.005405405405
2021-08-25,65.75,65.75,0,0.009984639017
2021-08-26,66.35,66.35,0,0.009125475285
2021-08-27,66.25,66.25,0,-0.001507159005
2021-08-30,67.05,67.05,0,0.0120754717
2021-08-31,67.4,67.4,0,0.005219985086
2021-09-01,67.8,67.8,0,0.005934718101
2021-09-02,68.1,68.1,0,0.004424778761
2021-09-03,68.45,68.45,0,0.005139500734
2021-09-06,69.3,69.3,0,0.01241782323
2021-09-07,68.1,68.1,0,-0.01731601732
2021-09-08,68.15,68.15,0,0.0007342143906
2021-09-09,67.45,67.45,0,-0.01027146001
2021-09-10,68.2,68.2,0,0.01111934766
2021-09-13,68.15,68.15,0,-0.0007331378299
2021-09-14,67.55,67.55,0,-0.008804108584
2021-09-15,67.55,67.55,0,0
2021-09-16,67.15,67.15,0,-0.0059215396
2021-09-17,67.35,67.35,0,0.002978406552
2021-09-22,65.95,65.95,0,-0.02078693393
2021-09-23,66.5,66.5,0,0.008339651251
2021-09-24,66.85,66.85,0,0.005263157895
2021-09-27,67.3,67.3,0,0.006731488407
2021-09-28,66.8,66.8,0,-0.007429420505
2021-09-29,64.9,64.9,0,-0.02844311377
2021-09-30,65.4,65.4,0,0.007704160247
2021-10-01,64.15,64.15,0,-0.01911314985
2021-10-04,63.5,63.5,0,-0.01013250195
2021-10-05,63.35,63.35,0,-0.002362204724
2021-10-06,63,63,0,-0.005524861878
2021-10-07,64.65,64.65,0,0.02619047619
2021-10-08,64.45,64.45,0,-0.00309358082
2021-10-12,63.25,63.25,0,-0.01861908456
2021-10-13,63.25,63.25,0,0
2021-10-14,63.45,63.45,0,0.003162055336
2021-10-15,64.8,64.8,0,0.02127659574
2021-10-18,65,65,0,0.003086419753
2021-10-19,66,66,0,0.01538461538
2021-10-20,66.45,66.45,0,0.006818181818
2021-10-21,66.2,66.2,0,-0.003762227239
2021-10-22,65.9,65.9,0,-0.004531722054
2021-10-25,66.2,66.2,0,0.004552352049
2021-10-26,66.65,66.65,0,0.006797583082
2021-10-27,66.65,66.65,0,0
2021-10-28,67.1,67.1,0,0.006751687922
2021-10-29,66.6,66.6,0,-0.007451564829
2021-11-01,66.55,66.55,0,-0.0007507507508
2021-11-02,66.65,66.65,0,0.001502629602
2021-11-03,67.2,67.2,0,0.008252063016
2021-11-04,66.9,66.9,0,-0.004464285714
2021-11-05,67.8,67.8,0,0.0134529148
2021-11-08,68.45,68.45,0,0.009587020649
2021-11-09,69.3,69.3,0,0.01241782323
2021-11-10,68.9,68.9,0,-0.005772005772
2021-11-11,68.8,68.8,0,-0.00145137881
2021-11-12,68.6,68.6,0,-0.002906976744
2021-11-15,69.7,69.7,0,0.01603498542
2021-11-16,69.95,69.95,0,0.003586800574
2021-11-17,69.6,69.6,0,-0.005003573981
2021-11-18,69.95,69.95,0,0.005028735632
2021-11-19,68.75,68.75,1.7,0.007147962831
2021-11-22,68.65,68.65,0,-0.001454545455
2021-11-23,68.2,68.2,0,-0.006554989075
2021-11-24,67.5,67.5,0,-0.01026392962
2021-11-25,67.7,67.7,0,0.002962962963
2021-11-26,66.7,66.7,0,-0.01477104874
2021-11-29,66.9,66.9,0,0.00299850075
2021-11-30,67.2,67.2,0,0.004484304933
2021-12-01,67.2,67.2,0,0
2021-12-02,68.4,68.4,0,0.01785714286
2021-12-03,68.3,68.3,0,-0.001461988304
2021-12-06,68.3,68.3,0,0
2021-12-07,67.75,67.75,0,-0.008052708638
2021-12-08,68.3,68.3,0,0.008118081181
2021-12-09,68.2,68.2,0,-0.001464128843
2021-12-10,68,68,0,-0.00293255132
2021-12-13,68.1,68.1,0,0.001470588235
2021-12-14,67.1,67.1,0,-0.01468428781
2021-12-15,67.1,67.1,0,0
2021-12-16,68.3,68.3,0,0.01788375559
2021-12-17,68.1,68.1,0,-0.002928257687
2021-12-20,67.8,67.8,0,-0.004405286344
2021-12-21,68.2,68.2,0,0.005899705015
2021-12-22,68.5,68.5,0,0.004398826979
2021-12-23,69,69,0,0.007299270073
2021-12-24,68.9,68.9,0,-0.001449275362
2021-12-27,69.5,69.5,0,0.008708272859
2021-12-28,69.8,69.8,0,0.004316546763
2021-12-29,70,70,0,0.002865329513
2021-12-30,69.95,69.95,0,-0.0007142857143
2022-01-03,70.45,70.45,0,0.007147962831
2022-01-04,72.05,72.05,0,0.02271114265
2022-01-05,72.1,72.1,0,0.000693962526
2022-01-06,70.75,70.75,0,-0.01872399445
2022-01-07,69.9,69.9,0,-0.01201413428
2022-01-10,69.85,69.85,0,-0.0007153075823
2022-01-11,70.25,70.25,0,0.005726556908
2022-01-12,70.65,70.65,0,0.005693950178
2022-01-13,71,71,0,0.004953998585
2022-01-14,70.6,70.6,0,-0.005633802817
2022-01-17,71.8,71.8,0,0.01699716714
2022-01-18,71.5,71.5,0,-0.004178272981
2022-01-19,70.6,70.6,0,-0.01258741259
2022-01-20,70.5,70.5,0,-0.001416430595
2022-01-21,69.35,69.35,0,-0.01631205674
2022-01-24,69.4,69.4,0,0.0007209805335
2022-01-25,68.3,68.3,0,-0.01585014409
2022-01-26,68.8,68.8,0,0.007320644217
2022-02-07,68.6,68.6,0,-0.002906976744
2022-02-08,68.9,68.9,0,0.004373177843
2022-02-09,69.3,69.3,0,0.005805515239
2022-02-10,70.1,70.1,0,0.01154401154
2022-02-11,70,70,0,-0.001426533524
2022-02-14,68.55,68.55,0,-0.02071428571
2022-02-15,68.75,68.75,0,0.00291757841
2022-02-16,69.7,69.7,0,0.01381818182
2022-02-17,69.6,69.6,0,-0.00143472023
2022-02-18,69.8,69.8,0,0.002873563218
2022-02-21,69.2,69.2,0,-0.008595988539
2022-02-22,68.6,68.6,0,-0.008670520231
2022-02-23,68.85,68.85,0,0.003644314869
2022-02-24,67,67,0,-0.02687000726
2022-02-25,66.65,66.65,0,-0.005223880597
2022-03-01,67.75,67.75,0,0.01650412603
2022-03-02,67.6,67.6,0,-0.00221402214
2022-03-03,67.7,67.7,0,0.001479289941
2022-03-04,67,67,0,-0.01033973412
2022-03-07,64.55,64.55,0,-0.03656716418
2022-03-08,63.3,63.3,0,-0.01936483346
2022-03-09,64.05,64.05,0,0.01184834123
2022-03-10,65.7,65.7,0,0.02576112412
2022-03-11,64.9,64.9,0,-0.01217656012
2022-03-14,64.65,64.65,0,-0.003852080123
2022-03-15,63,63,0,-0.02552204176
2022-03-16,63,63,0,0
2022-03-17,65.5,65.5,0,0.03968253968
2022-03-18,65.5,65.5,0,0
2022-03-21,65.9,65.9,0,0.006106870229
2022-03-22,65.8,65.8,0,-0.001517450683
2022-03-23,66.3,66.3,0,0.007598784195
2022-03-24,66.25,66.25,0,-0.000754147813
2022-03-25,66.8,66.8,0,0.008301886792
2022-03-28,65.65,65.65,0,-0.01721556886
2022-03-29,65.4,65.4,0,-0.003808073115
2022-03-30,66.5,66.5,0,0.01681957187
2022-03-31,66.25,66.25,0,-0.003759398496
2022-04-01,65.3,65.3,0,-0.01433962264
2022-04-06,64.8,64.8,0,-0.007656967841
2022-04-07,63.65,63.65,0,-0.01774691358
2022-04-08,63.9,63.9,0,0.003927729772
2022-04-11,62.75,62.75,0,-0.01799687011
2022-04-12,62.5,62.5,0,-0.003984063745
2022-04-13,63.8,63.8,0,0.0208
2022-04-14,63.6,63.6,0,-0.003134796238
2022-04-15,62.5,62.5,0,-0.01729559748
2022-04-18,62.35,62.35,0,-0.0024
2022-04-19,62.7,62.7,0,0.005613472334
2022-04-20,63.05,63.05,0,0.005582137161
2022-04-21,63.1,63.1,0,0.0007930214116
2022-04-22,62.4,62.4,0,-0.01109350238
2022-04-25,60.85,60.85,0,-0.02483974359
2022-04-26,60.85,60.85,0,0
2022-04-27,59.3,59.3,0,-0.02547247329
2022-04-28,59.85,59.85,0,0.009274873524
2022-04-29,60.6,60.6,0,0.01253132832
2022-05-03,59.75,59.75,0,-0.01402640264
2022-05-04,60.4,60.4,0,0.01087866109
2022-05-05,60.9,60.9,0,0.008278145695
2022-05-06,60,60,0,-0.01477832512
2022-05-09,59.25,59.25,0,-0.0125
2022-05-10,58.6,58.6,0,-0.01097046414
2022-05-11,59.1,59.1,0,0.008532423208
2022-05-12,57.6,57.6,0,-0.02538071066
2022-05-13,58.35,58.35,0,0.01302083333
2022-05-16,59.25,59.25,0,0.01542416452
2022-05-17,59.95,59.95,0,0.01181434599
2022-05-18,60.9,60.9,0,0.01584653878
2022-05-19,59.4,59.4,0,-0.02463054187
2022-05-20,60.2,60.2,0,0.01346801347
2022-05-23,60.4,60.4,0,0.003322259136
2022-05-24,59.3,59.3,0,-0.01821192053
2022-05-25,59.9,59.9,0,0.01011804384
2022-05-26,59,59,0,-0.01502504174
2022-05-27,60.3,60.3,0,0.02203389831
2022-05-30,61.7,61.7,0,0.0232172471
2022-05-31,62.1,62.1,0,0.006482982172
2022-06-01,62.75,62.75,0,0.01046698873
2022-06-02,61.75,61.75,0,-0.01593625498
2022-06-06,62.1,62.1,0,0.005668016194
2022-06-07,60.95,60.95,0,-0.01851851852
2022-06-08,62.1,62.1,0,0.01886792453
2022-06-09,61.8,61.8,0,-0.004830917874
2022-06-10,61.3,61.3,0,-0.008090614887
2022-06-13,59.7,59.7,0,-0.02610114192
2022-06-14,59.35,59.35,0,-0.005862646566
2022-06-15,59.1,59.1,0,-0.004212299916
2022-06-16,59,59,0,-0.001692047377
2022-06-17,57.9,57.9,0,-0.0186440678
2022-06-20,57.45,57.45,0,-0.007772020725
2022-06-21,57.85,57.85,0,0.006962576153
2022-06-22,56.55,56.55,0,-0.02247191011
2022-06-23,55.8,55.8,0,-0.01326259947
2022-06-24,56,56,0,0.003584229391
2022-06-27,57.7,57.7,0,0.03035714286
2022-06-28,56.8,56.8,0,-0.01559792028
2022-06-29,56.55,56.55,0,-0.004401408451
2022-06-30,55.1,55.1,0,-0.02564102564
2022-07-01,52.6,52.6,0,-0.04537205082
2022-07-04,51.95,51.95,0,-0.01235741445
2022-07-05,52.25,52.25,0,0.005774783446
2022-07-06,51.05,51.05,0,-0.02296650718
2022-07-07,52.9,52.9,0,0.03623898139
2022-07-08,53.65,53.65,0,0.01417769376
2022-07-11,53.7,53.7,0,0.0009319664492
2022-07-12,52.5,52.5,0,-0.02234636872
2022-07-13,54.05,54.05,0,0.02952380952
2022-07-14,54.05,54.05,0,0
2022-07-15,55.6,55.6,0,0.02867715079
2022-07-18,56.05,56.05,0,0.00809352518
2022-07-19,55.85,55.85,0,-0.00356824264
2022-07-20,56.6,56.6,0,0.01342882722
2022-07-21,56.95,56.95,0,0.006183745583
2022-07-22,56.95,56.95,0,0
2022-07-25,57.05,57.05,0,0.001755926251
2022-07-26,56,56,0,-0.01840490798
2022-07-27,56.6,56.6,0,0.01071428571
2022-07-28,57.2,57.2,0,0.01060070671
2022-07-29,57.3,57.3,0,0.001748251748
2022-08-01,56.85,56.85,0,-0.007853403141
2022-08-02,55.65,55.65,0,-0.02110817942
2022-08-03,56.4,56.4,0,0.01347708895
2022-08-04,56.5,56.5,0,0.001773049645
2022-08-05,57.7,57.7,0,0.02123893805
2022-08-08,57.75,57.75,0,0.0008665511265
2022-08-09,57.35,57.35,0,-0.006926406926
2022-08-10,56.8,56.8,0,-0.009590235397
2022-08-11,57.8,57.8,0,0.0176056338
2022-08-12,58.3,58.3,0,0.008650519031
2022-08-15,59.4,59.4,0,0.01886792453
2022-08-16,59,59,0,-0.006734006734
2022-08-17,59.15,59.15,0,0.002542372881
2022-08-18,59,59,0,-0.002535925613
2022-08-19,59.35,59.35,0,0.00593220339
2022-08-22,58.5,58.5,0,-0.01432181971
2022-08-23,57.75,57.75,0,-0.01282051282
2022-08-24,57.75,57.75,0,0
2022-08-25,58.05,58.05,0,0.005194805195
2022-08-26,58.5,58.5,0,0.007751937984
2022-08-29,56.95,56.95,0,-0.0264957265
2022-08-30,57.4,57.4,0,0.00790166813
2022-08-31,57.4,57.4,0,0
2022-09-01,56.35,56.35,0,-0.01829268293
2022-09-02,56.15,56.15,0,-0.003549245785
2022-09-05,56.15,56.15,0,0
2022-09-06,56.1,56.1,0,-0.0008904719501
2022-09-07,54.9,54.9,0,-0.02139037433
2022-09-08,55.15,55.15,0,0.004553734062
2022-09-12,56.35,56.35,0,0.02175883953
2022-09-13,56.9,56.9,0,0.009760425909
2022-09-14,55.85,55.85,0,-0.01845342707
2022-09-15,56,56,0,0.002685765443
2022-09-16,55.3,55.3,0,-0.0125
2022-09-19,54.9,54.9,0,-0.007233273056
2022-09-20,55.6,55.6,0,0.01275045537
2022-09-21,55.3,55.3,0,-0.005395683453
2022-09-22,54,54,0,-0.02350813743
2022-09-23,53.5,53.5,0,-0.009259259259
2022-09-26,52.55,52.55,0,-0.01775700935
2022-09-27,52.5,52.5,0,-0.0009514747859
2022-09-28,51.95,51.95,0,-0.01047619048
2022-09-29,51.3,51.3,0,-0.0125120308
2022-09-30,50.4,50.4,0,-0.01754385965
2022-10-03,50.05,50.05,0,-0.006944444444
2022-10-04,51.2,51.2,0,0.02297702298
2022-10-05,53,53,0,0.03515625
2022-10-06,52.95,52.95,0,-0.0009433962264
2022-10-07,52.25,52.25,0,-0.01322001889
2022-10-11,49.18,49.18,0,-0.05875598086
2022-10-12,48.99,48.99,0,-0.003863359089
2022-10-13,48.48,48.48,0,-0.01041028781
2022-10-14,49.99,49.99,0,0.03114686469
2022-10-17,48.92,48.92,0,-0.02140428086
2022-10-18,49.51,49.51,0,0.01206050695
2022-10-19,49.5,49.5,0,-0.0002019793981
2022-10-20,49.01,49.01,0,-0.009898989899
2022-10-21,48.38,48.38,0,-0.01285451949
2022-10-24,48.42,48.42,0,0.0008267879289
2022-10-25,47.4,47.4,0,-0.02106567534
2022-10-26,47.68,47.68,0,0.005907172996
2022-10-27,48.32,48.32,0,0.01342281879
2022-10-28,47.75,47.75,0,-0.01179635762
2022-10-31,48.64,48.64,0,0.01863874346
2022-11-01,48.81,48.81,0,0.003495065789
2022-11-02,49.02,49.02,0,0.00430239705
2022-11-03,48.74,48.74,0,-0.005711954304
2022-11-04,48.65,48.65,0,-0.001846532622
2022-11-07,49.84,49.84,0,0.02446043165
2022-11-08,50.15,50.15,0,0.006219903692
2022-11-09,51.6,51.6,0,0.02891326022
2022-11-10,51.1,51.1,0,-0.009689922481
2022-11-11,53.8,53.8,0,0.05283757339
2022-11-14,54.25,54.25,0,0.008364312268
2022-11-15,56.6,56.6,0,0.04331797235
2022-11-16,55.05,55.05,1.71,0.002826855124
2022-11-17,54.9,54.9,0,-0.00272479564
2022-11-18,55.15,55.15,0,0.004553734062
2022-11-21,54.7,54.7,0,-0.008159564823
2022-11-22,55.05,55.05,0,0.006398537477
2022-11-23,55.25,55.25,0,0.003633060854
2022-11-24,55.7,55.7,0,0.00814479638
2022-11-25,55.75,55.75,0,0.0008976660682
2022-11-28,54.8,54.8,0,-0.01704035874
2022-11-29,55.05,55.05,0,0.004562043796
2022-11-30,55.45,55.45,0,0.007266121708
2022-12-01,56.5,56.5,0,0.01893597836
2022-12-02,56.25,56.25,0,-0.004424778761
2022-12-05,56.35,56.35,0,0.001777777778
2022-12-06,55.3,55.3,0,-0.01863354037
2022-12-07,54.95,54.95,0,-0.006329113924
2022-12-08,54.3,54.3,0,-0.0118289354
2022-12-09,55.05,55.05,0,0.0138121547
2022-12-12,54.45,54.45,0,-0.01089918256
2022-12-13,54.1,54.1,0,-0.006427915519
2022-12-14,54.9,54.9,0,0.01478743068
2022-12-15,54.95,54.95,0,0.0009107468124
2022-12-16,54.2,54.2,0,-0.01364877161
2022-12-19,53.8,53.8,0,-0.007380073801
2022-12-20,52.75,52.75,0,-0.01951672862
2022-12-21,52.85,52.85,0,0.001895734597
2022-12-22,53.6,53.6,0,0.01419110691
2022-12-23,52.75,52.75,0,-0.01585820896
2022-12-26,52.8,52.8,0,0.0009478672986
2022-12-27,53,53,0,0.003787878788
2022-12-28,52,52,0,-0.01886792453
2022-12-29,51.75,51.75,0,-0.004807692308
2022-12-30,51.4,51.4,0,-0.006763285024
2023-01-03,52.35,52.35,0,0.01848249027
2023-01-04,52.3,52.3,0,-0.0009551098376
2023-01-05,52.7,52.7,0,0.007648183556
2023-01-06,53.05,53.05,0,0.006641366224
2023-01-09,54.4,54.4,0,0.02544769086
2023-01-10,55.2,55.2,0,0.01470588235
2023-01-11,55.05,55.05,0,-0.002717391304
2023-01-12,55.15,55.15,0,0.001816530427
2023-01-13,55.7,55.7,0,0.009972801451
2023-01-16,55.85,55.85,0,0.002692998205
2023-01-17,55.8,55.8,0,-0.0008952551477
2023-01-30,58.6,58.6,0,0.05017921147
2023-01-31,57.5,57.5,0,-0.01877133106
2023-02-01,58,58,0,0.008695652174
2023-02-02,59.35,59.35,0,0.02327586207
2023-02-03,59.4,59.4,0,0.0008424599832
2023-02-06,58.6,58.6,0,-0.01346801347
2023-02-07,58.5,58.5,0,-0.001706484642
2023-02-08,59.65,59.65,0,0.01965811966
2023-02-09,59.25,59.25,0,-0.006705783738
2023-02-10,59.55,59.55,0,0.005063291139
2023-02-13,59.15,59.15,0,-0.0067170445
2023-02-14,59.75,59.75,0,0.01014370245
2023-02-15,58.3,58.3,0,-0.02426778243
2023-02-16,59.15,59.15,0,0.01457975986
2023-02-17,58.45,58.45,0,-0.01183431953
2023-02-20,58.7,58.7,0,0.004277159966
2023-02-21,58.6,58.6,0,-0.001703577513
2023-02-22,57.95,57.95,0,-0.01109215017
2023-02-23,58.9,58.9,0,0.01639344262
2023-02-24,58.7,58.7,0,-0.003395585739
2023-03-01,59.2,59.2,0,0.008517887564
2023-03-02,59.15,59.15,0,-0.0008445945946
2023-03-03,59.15,59.15,0,0
2023-03-06,59.9,59.9,0,0.01267962806
2023-03-07,60.15,60.15,0,0.004173622705
2023-03-08,59.7,59.7,0,-0.007481296758
2023-03-09,60,60,0,0.005025125628
2023-03-10,58.65,58.65,0,-0.0225
2023-03-13,58.75,58.75,0,0.001705029838
2023-03-14,58.35,58.35,0,-0.006808510638
2023-03-15,58.6,58.6,0,0.004284490146
2023-03-16,58.15,58.15,0,-0.007679180887
2023-03-17,58.95,58.95,0,0.01375752365
2023-03-20,58.95,58.95,0,0
2023-03-21,59.2,59.2,0,0.004240882103
2023-03-22,60.55,60.55,0,0.02280405405
2023-03-23,61.15,61.15,0,0.009909165979
2023-03-24,61.3,61.3,0,0.002452984464
2023-03-27,61.2,61.2,0,-0.00163132137
2023-03-28,60.35,60.35,0,-0.01388888889
2023-03-29,60.4,60.4,0,0.0008285004143
2023-03-30,60.95,60.95,0,0.009105960265
2023-03-31,61.25,61.25,0,0.004922067268
2023-04-06,60.7,60.7,0,-0.008979591837
2023-04-07,60.3,60.3,0,-0.006589785832
2023-04-10,60.95,60.95,0,0.01077943615
2023-04-11,61,61,0,0.0008203445447
2023-04-12,60.55,60.55,0,-0.00737704918
2023-04-13,60.2,60.2,0,-0.005780346821
2023-04-14,60.8,60.8,0,0.009966777409
2023-04-17,60.1,60.1,0,-0.01151315789
2023-04-18,60.15,60.15,0,0.0008319467554
2023-04-19,59.6,59.6,0,-0.009143807149
2023-04-20,59.8,59.8,0,0.003355704698
2023-04-21,59,59,0,-0.01337792642
2023-04-24,58.9,58.9,0,-0.001694915254
2023-04-25,58,58,0,-0.01528013582
2023-04-26,57.4,57.4,0,-0.01034482759
2023-04-27,58,58,0,0.01045296167
2023-04-28,58.45,58.45,0,0.00775862069
2023-05-02,58.75,58.75,0,0.005132591959
2023-05-03,58.55,58.55,0,-0.003404255319
2023-05-04,58.7,58.7,0,0.002561912895
2023-05-05,58.85,58.85,0,0.002555366269
2023-05-08,59.35,59.35,0,0.00849617672
2023-05-09,59.5,59.5,0,0.002527379949
2023-05-10,58.65,58.65,0,-0.01428571429
2023-05-11,58.7,58.7,0,0.000852514919
2023-05-12,58.5,58.5,0,-0.003407155026
2023-05-15,58.25,58.25,0,-0.004273504274
2023-05-16,59.1,59.1,0,0.01459227468
2023-05-17,60,60,0,0.0152284264
2023-05-18,61.05,61.05,0,0.0175
2023-05-19,61.05,61.05,0,0
2023-05-22,61.05,61.05,0,0
2023-05-23,60.7,60.7,0,-0.005733005733
2023-05-24,60.45,60.45,0,-0.004118616145
2023-05-25,62.15,62.15,0,0.02812241522
2023-05-26,63.55,63.55,0,0.02252614642
2023-05-29,63.9,63.9,0,0.00550747443
2023-05-30,64.15,64.15,0,0.003912363067
2023-05-31,63.7,63.7,0,-0.007014809041
2023-06-01,63.65,63.65,0,-0.0007849293564
2023-06-02,64.9,64.9,0,0.01963864886
2023-06-05,64.05,64.05,0,-0.01309707242
2023-06-06,64.3,64.3,0,0.003903200625
2023-06-07,65,65,0,0.01088646967
2023-06-08,65,65,0,0
2023-06-09,65,65,0,0
2023-06-12,65.45,65.45,0,0.006923076923
2023-06-13,67.5,67.5,0,0.03132161956
2023-06-14,67.05,67.05,0,-0.006666666667
2023-06-15,68,68,0,0.01416853095
2023-06-16,67.8,67.8,0,-0.002941176471
2023-06-19,67.6,67.6,0,-0.002949852507
2023-06-20,67.6,67.6,0,0
2023-06-21,67.5,67.5,0,-0.001479289941
2023-06-26,66.8,66.8,0,-0.01037037037
2023-06-27,66.4,66.4,0,-0.005988023952
2023-06-28,66.4,66.4,0,0
2023-06-29,66.45,66.45,0,0.0007530120482
2023-06-30,66.8,66.8,0,0.005267118134
2023-07-03,67.35,67.35,0,0.008233532934
2023-07-04,68.6,68.6,0,0.01855976244
2023-07-05,67.75,67.75,0,-0.01239067055
2023-07-06,67.1,67.1,0,-0.009594095941
2023-07-07,66.95,66.95,0,-0.002235469449
2023-07-10,66.7,66.7,0,-0.003734129948
2023-07-11,67.8,67.8,0,0.01649175412
2023-07-12,68.3,68.3,0,0.007374631268
2023-07-13,69.7,69.7,0,0.02049780381
2023-07-14,69.7,69.7,0,0
2023-07-17,70.2,70.2,0,0.007173601148
2023-07-18,69.95,69.95,0,-0.003561253561
2023-07-19,69.2,69.2,0,-0.01072194425
2023-07-20,69.45,69.45,0,0.003612716763
2023-07-21,68.55,68.55,0,-0.01295896328
2023-07-24,68.9,68.9,0,0.005105762217
2023-07-25,70,70,0,0.01596516691
2023-07-26,69.5,69.5,0,-0.007142857143
2023-07-27,69.85,69.85,0,0.005035971223
2023-07-28,70.1,70.1,0,0.003579098067
2023-07-31,70.1,70.1,0,0
2023-08-01,69.55,69.55,0,-0.007845934379
2023-08-02,67.5,67.5,0,-0.0294751977
2023-08-04,67.7,67.7,0,0.002962962963
2023-08-07,68.85,68.85,0,0.01698670606
2023-08-08,68.15,68.15,0,-0.01016702977
2023-08-09,68.15,68.15,0,0
2023-08-10,67.2,67.2,0,-0.01393983859
2023-08-11,66.8,66.8,0,-0.005952380952
2023-08-14,66.1,66.1,0,-0.01047904192
2023-08-15,66.3,66.3,0,0.003025718608
2023-08-16,66.65,66.65,0,0.005279034691
2023-08-17,67.45,67.45,0,0.01200300075
2023-08-18,66.75,66.75,0,-0.01037805782
2023-08-21,66.15,66.15,0,-0.008988764045
2023-08-22,66.75,66.75,0,0.009070294785
2023-08-23,67.7,67.7,0,0.01423220974
2023-08-24,68.95,68.95,0,0.01846381093
2023-08-25,67.55,67.55,0,-0.02030456853
2023-08-28,67.6,67.6,0,0.00074019245
2023-08-29,67.65,67.65,0,0.0007396449704
2023-08-30,68.5,68.5,0,0.0125646711
2023-08-31,68.05,68.05,0,-0.006569343066
2023-09-01,67.5,67.5,0,-0.008082292432
2023-09-04,68,68,0,0.007407407407
2023-09-05,68.15,68.15,0,0.002205882353
2023-09-06,68.6,68.6,0,0.006603081438
2023-09-07,67.8,67.8,0,-0.01166180758
2023-09-08,67.35,67.35,0,-0.006637168142
2023-09-11,66.65,66.65,0,-0.01039346696
2023-09-12,67.05,67.05,0,0.006001500375
2023-09-13,67.15,67.15,0,0.00149142431
2023-09-14,68,68,0,0.01265822785
2023-09-15,68.65,68.65,0,0.009558823529
2023-09-18,67.85,67.85,0,-0.01165331391
2023-09-19,67.5,67.5,0,-0.00515843773
2023-09-20,67.15,67.15,0,-0.005185185185
2023-09-21,66.1,66.1,0,-0.0156366344
2023-09-22,66,66,0,-0.001512859304
2023-09-25,66.75,66.75,0,0.01136363636
2023-09-26,66,66,0,-0.01123595506
2023-09-27,65.5,65.5,0,-0.007575757576
2023-09-28,66.1,66.1,0,0.009160305344
2023-10-02,67.3,67.3,0,0.01815431165
2023-10-03,67.1,67.1,0,-0.002971768202
2023-10-04,66.45,66.45,0,-0.009687034277
2023-10-05,67,67,0,0.008276899925
2023-10-06,67.4,67.4,0,0.005970149254
2023-10-11,68.25,68.25,0,0.01261127596
2023-10-12,68.35,68.35,0,0.001465201465
2023-10-13,68.65,68.65,0,0.004389173372
2023-10-16,67.95,67.95,0,-0.01019664967
2023-10-17,68.2,68.2,0,0.003679175865
2023-10-18,67.25,67.25,0,-0.01392961877
2023-10-19,67.2,67.2,0,-0.0007434944238
2023-10-20,67.35,67.35,0,0.002232142857
2023-10-23,66.45,66.45,0,-0.01336302895
2023-10-24,66.45,66.45,0,0
2023-10-25,67.05,67.05,0,0.009029345372
2023-10-26,65.4,65.4,0,-0.02460850112
2023-10-27,65.65,65.65,0,0.003822629969
2023-10-30,65.65,65.65,0,0
2023-10-31,65,65,0,-0.009900990099
2023-11-01,65.15,65.15,0,0.002307692308
2023-11-02,66.6,66.6,0,0.02225633154
2023-11-03,67.05,67.05,0,0.006756756757
2023-11-06,67.8,67.8,0,0.01118568233
2023-11-07,68.05,68.05,0,0.003687315634
2023-11-08,68.5,68.5,0,0.006612784717
2023-11-09,68.45,68.45,0,-0.0007299270073
2023-11-10,68.3,68.3,0,-0.00219138057
2023-11-13,69.5,69.5,0,0.01756954612
2023-11-14,69.5,69.5,0,0
2023-11-15,69.9,69.9,0,0.005755395683
2023-11-16,68.2,68.2,1.9,0.002861230329
2023-11-17,68.65,68.65,0,0.006598240469
2023-11-20,68.4,68.4,0,-0.003641660597
2023-11-21,69.15,69.15,0,0.01096491228
2023-11-22,68.35,68.35,0,-0.01156905278
2023-11-23,68.75,68.75,0,0.005852231163
2023-11-24,68.45,68.45,0,-0.004363636364
2023-11-27,68.2,68.2,0,-0.00365230095
2023-11-28,68.75,68.75,0,0.008064516129
2023-11-29,69.15,69.15,0,0.005818181818
2023-11-30,68.8,68.8,0,-0.005061460593
2023-12-01,69.3,69.3,0,0.00726744186
2023-12-04,68.85,68.85,0,-0.006493506494
2023-12-05,68.3,68.3,0,-0.007988380537
2023-12-06,69,69,0,0.0102489019
2023-12-07,68.7,68.7,0,-0.004347826087
2023-12-08,69.2,69.2,0,0.007278020378
2023-12-11,69.15,69.15,0,-0.0007225433526
2023-12-12,69.35,69.35,0,0.002892263196
2023-12-13,69.65,69.65,0,0.004325883201
2023-12-14,70.45,70.45,0,0.01148600144
2023-12-15,70.45,70.45,0,0
2023-12-18,70.25,70.25,0,-0.002838892832
2023-12-19,70,70,0,-0.003558718861
2023-12-20,70.35,70.35,0,0.005
2023-12-21,69.8,69.8,0,-0.007818052594
2023-12-22,70.3,70.3,0,0.007163323782
2023-12-25,70.7,70.7,0,0.005689900427
2023-12-26,70.75,70.75,0,0.0007072135785
2023-12-27,71.6,71.6,0,0.01201413428
2023-12-28,72,72,0,0.005586592179
2023-12-29,71.65,71.65,0,-0.004861111111
2024-01-02,71.25,71.25,0,-0.00558269365
2024-01-03,70.1,70.1,0,-0.01614035088
2024-01-04,69.65,69.65,0,-0.006419400856
2024-01-05,69.55,69.55,0,-0.001435750179
2024-01-08,70.2,70.2,0,0.009345794393
2024-01-09,70.3,70.3,0,0.001424501425
2024-01-10,70.05,70.05,0,-0.003556187767
2024-01-11,70.15,70.15,0,0.001427551749
2024-01-12,70.25,70.25,0,0.00142551675
2024-01-15,70.6,70.6,0,0.004982206406
2024-01-16,69.9,69.9,0,-0.009915014164
2024-01-17,68.65,68.65,0,-0.01788268956
2024-01-18,69.5,69.5,0,0.01238164603
2024-01-19,72,72,0,0.03597122302
2024-01-22,72.7,72.7,0,0.009722222222
2024-01-23,72.8,72.8,0,0.001375515818
2024-01-24,73,73,0,0.002747252747
2024-01-25,73.75,73.75,0,0.0102739726
2024-01-26,73.55,73.55,0,-0.002711864407
2024-01-29,73.7,73.7,0,0.00203942896
2024-01-30,73.85,73.85,0,0.002035278155
2024-01-31,73.1,73.1,0,-0.01015572106
2024-02-01,72.55,72.55,0,-0.007523939808
2024-02-02,73.35,73.35,0,0.01102687802
2024-02-05,74.25,74.25,0,0.01226993865
2024-02-15,77.55,77.55,0,0.04444444444
2024-02-16,77,77,0,-0.007092198582
2024-02-19,76.6,76.6,0,-0.005194805195
2024-02-20,77.15,77.15,0,0.007180156658
2024-02-21,76.95,76.95,0,-0.00259235256
2024-02-22,77.8,77.8,0,0.01104613385
2024-02-23,78.65,78.65,0,0.01092544987
2024-02-26,78.65,78.65,0,0
2024-02-27,78.3,78.3,0,-0.004450095359
2024-02-29,78.2,78.2,0,-0.001277139208
2024-03-01,78.35,78.35,0,0.001918158568
2024-03-04,80.65,80.65,0,0.02935545629
2024-03-05,81.2,81.2,0,0.006819590825
2024-03-06,82.1,82.1,0,0.01108374384
2024-03-07,83.25,83.25,0,0.01400730816
2024-03-08,83.7,83.7,0,0.005405405405
2024-03-11,82.9,82.9,0,-0.009557945042
2024-03-12,84,84,0,0.01326899879
2024-03-13,84.4,84.4,0,0.004761904762
2024-03-14,83.55,83.55,0,-0.01007109005
2024-03-15,83.35,83.35,0,-0.002393776182
2024-03-18,83.7,83.7,0,0.004199160168
2024-03-19,83.9,83.9,0,0.00238948626
2024-03-20,83.45,83.45,0,-0.00536352801
2024-03-21,85.55,85.55,0,0.02516476932
2024-03-22,85.9,85.9,0,0.004091174752
2024-03-25,86,86,0,0.001164144354
2024-03-26,85.3,85.3,0,-0.008139534884
2024-03-27,85.65,85.65,0,0.004103165299
2024-03-28,85.3,85.3,0,-0.004086398132
2024-03-29,85.85,85.85,0,0.006447831184
2024-04-01,85.3,85.3,0,-0.006406523005
2024-04-02,86.9,86.9,0,0.01875732708
2024-04-03,86.65,86.65,0,-0.002876869965
2024-04-08,86.8,86.8,0,0.001731102135
2024-04-09,88.65,88.65,0,0.02131336406
2024-04-10,88.55,88.55,0,-0.001128031585
2024-04-11,88,88,0,-0.006211180124
2024-04-12,88.1,88.1,0,0.001136363636
2024-04-15,86.8,86.8,0,-0.01475595914
2024-04-16,83.9,83.9,0,-0.03341013825
2024-04-17,85.6,85.6,0,0.02026221692
2024-04-18,86.05,86.05,0,0.005257009346
2024-04-19,82.1,82.1,0,-0.04590354445
2024-04-22,80.95,80.95,0,-0.01400730816
2024-04-23,81.7,81.7,0,0.009264978382
2024-04-24,85,85,0,0.04039167687
2024-04-25,83.85,83.85,0,-0.01352941176
2024-04-26,84.85,84.85,0,0.01192605844
2024-04-29,85.9,85.9,0,0.01237477902
2024-04-30,86.15,86.15,0,0.002910360885
2024-05-02,84.15,84.15,0,-0.02321532211
2024-05-03,84.9,84.9,0,0.008912655971
2024-05-06,86.05,86.05,0,0.01354534747
2024-05-07,86.7,86.7,0,0.007553747821
2024-05-08,87.1,87.1,0,0.00461361015
2024-05-09,87,87,0,-0.001148105626
2024-05-10,86.8,86.8,0,-0.002298850575
2024-05-13,88,88,0,0.01382488479
2024-05-14,88.2,88.2,0,0.002272727273
2024-05-15,89.75,89.75,0,0.01757369615
2024-05-16,90.3,90.3,0,0.006128133705
2024-05-17,89.75,89.75,0,-0.006090808416
2024-05-20,89.3,89.3,0,-0.005013927577
2024-05-21,90,90,0,0.007838745801
2024-05-22,91.5,91.5,0,0.01666666667
2024-05-23,92.5,92.5,0,0.01092896175
2024-05-24,92.7,92.7,0,0.002162162162
2024-05-27,93.5,93.5,0,0.008629989213
2024-05-28,94,94,0,0.005347593583
2024-05-29,93.45,93.45,0,-0.00585106383
2024-05-30,91.75,91.75,0,-0.01819154628
2024-05-31,90.25,90.25,0,-0.01634877384
2024-06-03,92.2,92.2,0,0.0216066482
2024-06-04,90.95,90.95,0,-0.01355748373
2024-06-05,91.95,91.95,0,0.01099505223
2024-06-06,94.55,94.55,0,0.02827623709
2024-06-07,93.65,93.65,0,-0.009518773136
2024-06-11,94.15,94.15,0,0.005339028297
2024-06-12,95.85,95.85,0,0.01805629315
2024-06-13,97.45,97.45,0,0.01669274909
2024-06-14,98.6,98.6,0,0.01180092355
2024-06-17,97.8,97.8,0,-0.008113590264
2024-06-18,99.6,99.6,0,0.01840490798
2024-06-19,102.8,102.8,0,0.03212851406
2024-06-20,103.2,103.2,0,0.003891050584
2024-06-21,102,102,0,-0.01162790698
2024-06-24,100.35,100.35,0,-0.01617647059
2024-06-25,100,100,0,-0.003487792725
2024-06-26,101.5,101.5,0,0.015
2024-06-27,101.15,101.15,0,-0.003448275862
2024-06-28,101.85,101.85,0,0.006920415225
2024-07-01,102.1,102.1,0,0.002454590083
2024-07-02,101.35,101.35,0,-0.007345739471
2024-07-03,102.15,102.15,0,0.007893438579
2024-07-04,104.2,104.2,0,0.02006852668
2024-07-05,104.5,104.5,0,0.002879078695
2024-07-08,107.7,107.7,0,0.03062200957
2024-07-09,107.95,107.95,0,0.002321262767
2024-07-10,107.95,107.95,0,0
2024-07-11,110.1,110.1,0,0.01991662807
2024-07-12,106.05,106.05,0,-0.03678474114
2024-07-15,107.1,107.1,0,0.009900990099
2024-07-16,107.65,107.65,0,0.005135387488
2024-07-17,106.15,106.15,0,-0.01393404552
2024-07-18,103.45,103.45,0,-0.02543570419
2024-07-19,101.6,101.6,0,-0.01788303528
2024-07-22,98.4,98.4,0,-0.03149606299
2024-07-23,101.5,101.5,0,0.03150406504
2024-07-26,97.2,97.2,0,-0.04236453202
2024-07-29,94.05,94.05,0,-0.03240740741
2024-07-30,97.65,97.65,0,0.03827751196
2024-07-31,97.45,97.45,0,-0.00204813108
2024-08-01,99.85,99.85,0,0.02462801437
2024-08-02,94.6,94.6,0,-0.0525788683
2024-08-05,86,86,0,-0.09090909091
2024-08-06,89.95,89.95,0,0.04593023256
2024-08-07,93.6,93.6,0,0.04057809894
2024-08-08,91.85,91.85,0,-0.0186965812
2024-08-09,94.05,94.05,0,0.02395209581
2024-08-12,95.5,95.5,0,0.01541733121
2024-08-13,96.1,96.1,0,0.006282722513
2024-08-14,97,97,0,0.009365244537
2024-08-15,96.3,96.3,0,-0.007216494845
2024-08-16,98.45,98.45,0,0.02232606438
2024-08-19,98.8,98.8,0,0.003555104114
2024-08-20,98.55,98.55,0,-0.002530364372
2024-08-21,97.75,97.75,0,-0.008117706748
2024-08-22,97.3,97.3,0,-0.004603580563
2024-08-23,97.25,97.25,0,-0.0005138746146
2024-08-26,97.8,97.8,0,0.005655526992
2024-08-27,97.05,97.05,0,-0.007668711656
2024-08-28,98.45,98.45,0,0.01442555384
2024-08-29,97.65,97.65,0,-0.00812595226
2024-08-30,98.2,98.2,0,0.005632360471
2024-09-02,97.75,97.75,0,-0.004582484725
2024-09-03,97.1,97.1,0,-0.006649616368
2024-09-04,92.4,92.4,0,-0.04840370752
2024-09-05,93,93,0,0.006493506494
2024-09-06,94.15,94.15,0,0.0123655914
2024-09-09,92,92,0,-0.02283590016
2024-09-10,92.4,92.4,0,0.004347826087
2024-09-11,92.4,92.4,0,0
2024-09-12,95.65,95.65,0,0.03517316017
2024-09-13,95.95,95.95,0,0.003136434919
2024-09-16,96.4,96.4,0,0.004689942678
2024-09-18,94.85,94.85,0,-0.01607883817
2024-09-19,96.45,96.45,0,0.01686874012
2024-09-20,97.75,97.75,0,0.01347848626
2024-09-23,97.9,97.9,0,0.001534526854
2024-09-24,99.05,99.05,0,0.01174668029
2024-09-25,100.55,100.55,0,0.01514386673
2024-09-26,101.45,101.45,0,0.008950770761
2024-09-27,101.6,101.6,0,0.001478560867
2024-09-30,97.6,97.6,0,-0.03937007874
2024-10-01,98.7,98.7,0,0.0112704918
2024-10-04,98.5,98.5,0,-0.002026342452
2024-10-07,100.3,100.3,0,0.01827411168
2024-10-08,100.5,100.5,0,0.001994017946
2024-10-09,100.7,100.7,0,0.001990049751
2024-10-11,102.9,102.9,0,0.02184707051
2024-10-14,103.55,103.55,0,0.006316812439
2024-10-15,105.3,105.3,0,0.01690004829
2024-10-16,103.4,103.4,0,-0.01804368471
2024-10-17,103.4,103.4,0,0
2024-10-18,106.45,106.45,0,0.02949709865
2024-10-21,106.65,106.65,0,0.001878816346
2024-10-22,106.25,106.25,0,-0.003750586029
2024-10-23,105.9,105.9,0,-0.003294117647
2024-10-24,105.1,105.1,0,-0.007554296506
2024-10-25,105.5,105.5,0,0.003805899144
2024-10-28,105.2,105.2,0,-0.002843601896
2024-10-29,102.85,102.85,0,-0.02233840304
2024-10-30,102.8,102.8,0,-0.0004861448712
2024-11-01,102.1,102.1,0,-0.006809338521
2024-11-04,103.5,103.5,0,0.01371204701
2024-11-05,104.05,104.05,0,0.005314009662
2024-11-06,105,105,0,0.009130225853
2024-11-07,106.4,106.4,0,0.01333333333
2024-11-08,107.3,107.3,0,0.008458646617
2024-11-11,106.15,106.15,0,-0.01071761417
2024-11-12,104.55,104.55,0,-0.01507300989
2024-11-13,104.5,104.5,0,-0.0004782400765
2024-11-14,103.15,103.15,0,-0.01291866029
2024-11-15,103,103,0,-0.001454192923
2024-11-18,99.7,99.7,2,-0.01262135922
2024-11-19,100.7,100.7,0,0.01003009027
2024-11-20,100.7,100.7,0,0
2024-11-21,99.75,99.75,0,-0.009433962264
2024-11-22,101.55,101.55,0,0.01804511278
2024-11-25,101.7,101.7,0,0.001477104874
2024-11-26,100.25,100.25,0,-0.01425762045
2024-11-27,98.55,98.55,0,-0.01695760599
2024-11-28,97.8,97.8,0,-0.007610350076
2024-11-29,98.3,98.3,0,0.005112474438
2024-12-02,101.15,101.15,0,0.02899287894
2024-12-03,102.45,102.45,0,0.0128521997
2024-12-04,103.05,103.05,0,0.005856515373
2024-12-05,103.65,103.65,0,0.005822416303
2024-12-06,102.9,102.9,0,-0.007235890014
2024-12-09,103.6,103.6,0,0.006802721088
2024-12-10,103.1,103.1,0,-0.004826254826
2024-12-11,102.1,102.1,0,-0.009699321048
2024-12-12,103.45,103.45,0,0.01322233105
2024-12-13,103.4,103.4,0,-0.0004833252779
2024-12-16,103.55,103.55,0,0.001450676983
2024-12-17,104.1,104.1,0,0.005311443747
2024-12-18,103.8,103.8,0,-0.00288184438
2024-12-19,102.9,102.9,0,-0.008670520231
2024-12-20,101.8,101.8,0,-0.01068999028
2024-12-23,104.1,104.1,0,0.02259332024
2024-12-24,104.15,104.15,0,0.0004803073967
2024-12-25,104.35,104.35,0,0.001920307249
2024-12-26,104.8,104.8,0,0.004312410158
2024-12-27,104.95,104.95,0,0.00143129771
2024-12-30,104.35,104.35,0,-0.005717008099
2024-12-31,103.8,103.8,0,-0.005270723527
2025-01-02,102.25,102.25,0,-0.01493256262
2025-01-03,103.65,103.65,0,0.01369193154
2025-01-06,106.7,106.7,0,0.02942595273
2025-01-07,108.05,108.05,0,0.01265229616
2025-01-08,106.85,106.85,0,-0.01110596946
2025-01-09,105.3,105.3,0,-0.01450631727
2025-01-10,105.1,105.1,0,-0.001899335233
2025-01-13,102.1,102.1,0,-0.02854424358
2025-01-14,102.9,102.9,0,0.007835455436
2025-01-15,101.7,101.7,0,-0.01166180758
2025-01-16,104.65,104.65,0,0.02900688299
2025-01-17,107,107,0,0.02245580506
2025-01-20,106.2,106.2,0,-0.007476635514
2025-01-21,106.2,106.2,0,0
2025-01-22,107.3,107.3,0,0.01035781544
2025-02-03,101.9,101.9,0,-0.05032618826
2025-02-04,103.25,103.25,0,0.01324828263
2025-02-05,105,105,0,0.01694915254
2025-02-06,105.65,105.65,0,0.00619047619
2025-02-07,106.15,106.15,0,0.004732607667
2025-02-10,105.15,105.15,0,-0.009420631182
2025-02-11,105.65,105.65,0,0.004755111745
2025-02-12,105.3,105.3,0,-0.003312825367
2025-02-13,104.9,104.9,0,-0.003798670465
2025-02-14,103.4,103.4,0,-0.0142993327
2025-02-17,104.65,104.65,0,0.01208897485
2025-02-18,105.4,105.4,0,0.007166746297
2025-02-19,105.8,105.8,0,0.003795066414
2025-02-20,105.25,105.25,0,-0.005198487713
2025-02-21,105.7,105.7,0,0.004275534442
2025-02-24,105.2,105.2,0,-0.004730368969
2025-02-25,103.6,103.6,0,-0.01520912548
2025-02-26,103.65,103.65,0,0.0004826254826
2025-02-27,102.8,102.8,0,-0.00820067535
2025-03-03,100.1,100.1,0,-0.02626459144
2025-03-04,99.7,99.7,0,-0.003996003996
2025-03-05,101.3,101.3,0,0.01604814443
2025-03-06,100.4,100.4,0,-0.008884501481
2025-03-07,99.6,99.6,0,-0.00796812749
2025-03-10,98.7,98.7,0,-0.009036144578
2025-03-11,96.85,96.85,0,-0.01874366768
2025-03-12,97.9,97.9,0,0.01084150749
2025-03-13,96.8,96.8,0,-0.01123595506
2025-03-14,96.35,96.35,0,-0.004648760331
2025-03-17,97.1,97.1,0,0.007784120394
2025-03-18,97.7,97.7,0,0.006179196704
2025-03-19,96.2,96.2,0,-0.0153531218
2025-03-20,98.5,98.5,0,0.02390852391
2025-03-21,97.6,97.6,0,-0.009137055838
2025-03-24,97.5,97.5,0,-0.001024590164
2025-03-25,98.2,98.2,0,0.007179487179
2025-03-26,98.4,98.4,0,0.002036659878
2025-03-27,96.45,96.45,0,-0.01981707317
2025-03-28,94.75,94.75,0,-0.0176257128
2025-03-31,91.1,91.1,0,-0.03852242744
2025-04-01,93,93,0,0.02085620198
2025-04-02,93.15,93.15,0,0.001612903226
2025-04-07,83.85,83.85,0,-0.0998389694
2025-04-08,79.4,79.4,0,-0.05307096005
2025-04-09,75.6,75.6,0,-0.04785894207
2025-04-10,83.1,83.1,0,0.09920634921
2025-04-11,85.15,85.15,0,0.02466907341
2025-04-14,85.55,85.55,0,0.004697592484
2025-04-15,87.05,87.05,0,0.01753360608
2025-04-16,85,85,0,-0.02354968409
2025-04-17,84.55,84.55,0,-0.005294117647
2025-04-18,84.85,84.85,0,0.003548196334
2025-04-21,83.6,83.6,0,-0.01473187979
2025-04-22,81.95,81.95,0,-0.01973684211
2025-04-23,86.05,86.05,0,0.05003050641
2025-04-24,85.5,85.5,0,-0.006391632772
2025-04-25,87.6,87.6,0,0.02456140351
2025-04-28,88.1,88.1,0,0.005707762557
2025-04-29,89.45,89.45,0,0.01532349603
2025-04-30,89.15,89.15,0,-0.003353828955
2025-05-02,91.6,91.6,0,0.02748177229
2025-05-05,91.1,91.1,0,-0.005458515284
2025-05-06,89.85,89.85,0,-0.01372118551
2025-05-07,90,90,0,0.001669449082
2025-05-08,91.6,91.6,0,0.01777777778
2025-05-09,92.5,92.5,0,0.009825327511
2025-05-12,93.65,93.65,0,0.01243243243
2025-05-13,94.5,94.5,0,0.009076348105
2025-05-14,97.2,97.2,0,0.02857142857
2025-05-15,96.75,96.75,0,-0.00462962963
2025-05-16,96.85,96.85,0,0.001033591731
2025-05-19,94.9,94.9,0,-0.02013422819
2025-05-20,95.6,95.6,0,0.007376185458
2025-05-21,96.6,96.6,0,0.01046025105
2025-05-22,96.05,96.05,0,-0.005693581781
2025-05-23,95.55,95.55,0,-0.005205622072
2025-05-26,95.25,95.25,0,-0.003139717425
2025-05-27,90.8,90.8,0,-0.0467191601
2025-05-28,94.9,94.9,0,0.04515418502
2025-05-29,95.5,95.5,0,0.006322444679
2025-06-02,93.2,93.2,0,-0.02408376963
2025-06-03,94.2,94.2,0,0.01072961373
2025-06-04,95.75,95.75,0,0.01645435244
2025-06-05,96.85,96.85,0,0.01148825065
2025-06-06,96.6,96.6,0,-0.002581311306
2025-06-09,97.75,97.75,0,0.0119047619
2025-06-10,100.05,100.05,0,0.02352941176
2025-06-11,101,101,0,0.009495252374
2025-06-12,101,101,0,0
2025-06-13,99.75,99.75,0,-0.01237623762
2025-06-16,99.45,99.45,0,-0.003007518797
2025-06-17,100.1,100.1,0,0.006535947712
2025-06-18,101.4,101.4,0,0.01298701299
2025-06-19,99.8,99.8,0,-0.0157790927
2025-06-20,99.6,99.6,0,-0.002004008016
2025-06-23,98.3,98.3,0,-0.01305220884
2025-06-24,100.75,100.75,0,0.02492370295
2025-06-25,102.7,102.7,0,0.01935483871
2025-06-26,103,103,0,0.002921129503
2025-06-27,102.45,102.45,0,-0.005339805825
2025-06-30,102.9,102.9,0,0.00439238653
2025-07-01,103.6,103.6,0,0.006802721088
2025-07-02,103.2,103.2,0,-0.003861003861
2025-07-03,105.05,105.05,0,0.01792635659
2025-07-04,104.1,104.1,0,-0.009043312708
2025-07-07,103.05,103.05,0,-0.01008645533
2025-07-08,103,103,0,-0.0004852013586
2025-07-09,104,104,0,0.009708737864
2025-07-10,104.85,104.85,0,0.008173076923
2025-07-11,105.6,105.6,0,0.007153075823
2025-07-14,103.65,103.65,0,-0.01846590909
2025-07-15,105.75,105.75,0,0.02026049204
2025-07-16,106.8,106.8,0,0.009929078014
2025-07-17,107.2,107.2,0,0.003745318352
2025-07-18,107.05,107.05,0,-0.001399253731
2025-07-21,108.8,108.8,0,0.01634750117
2025-07-22,107.5,107.5,0,-0.01194852941
2025-07-23,108.5,108.5,0,0.009302325581
2025-07-24,108.65,108.65,0,0.001382488479
2025-07-25,109.15,109.15,0,0.004601932812
2025-07-28,109.05,109.05,0,-0.0009161704077
2025-07-29,108,108,0,-0.009628610729
2025-07-30,109.05,109.05,0,0.009722222222
2025-07-31,110.5,110.5,0,0.01329665291
2025-08-01,109.85,109.85,0,-0.005882352941
2025-08-04,108.7,108.7,0,-0.01046882112
2025-08-05,111.4,111.4,0,0.02483900644
2025-08-06,109.4,109.4,0,-0.01795332136
2025-08-07,113.4,113.4,0,0.0365630713
2025-08-08,113.85,113.85,0,0.003968253968
2025-08-11,114.6,114.6,0,0.006587615283
2025-08-12,114.05,114.05,0,-0.00479930192
2025-08-13,115.25,115.25,0,0.01052170101
2025-08-14,114.7,114.7,0,-0.004772234273
2025-08-15,114.95,114.95,0,0.002179598954
2025-08-18,115,115,0,0.0004349717268
2025-08-19,115.2,115.2,0,0.001739130435
2025-08-20,111.05,111.05,0,-0.03602430556
2025-08-21,112.45,112.45,0,0.01260693381
2025-08-22,111.95,111.95,0,-0.004446420631
2025-08-25,113.7,113.7,0,0.01563197856
2025-08-26,115.1,115.1,0,0.01231310466
2025-08-27,115.95,115.95,0,0.007384882711
2025-08-28,115.65,115.65,0,-0.002587322122
2025-08-29,115.75,115.75,0,0.0008646779075
2025-09-01,112.95,112.95,0,-0.02419006479
2025-09-02,113.55,113.55,0,0.005312084993
2025-09-03,113.4,113.4,0,-0.001321003963
2025-09-04,114.4,114.4,0,0.008818342152
2025-09-05,115.55,115.55,0,0.01005244755
2025-09-08,116.85,116.85,0,0.01125054089
2025-09-09,118.45,118.45,0,0.01369276851
2025-09-10,120.7,120.7,0,0.01899535669
2025-09-11,121.5,121.5,0,0.006628003314
2025-09-12,121.9,121.9,0,0.00329218107
2025-09-15,121.6,121.6,0,-0.002461033634
2025-09-16,124.25,124.25,0,0.02179276316
2025-09-17,123.1,123.1,0,-0.009255533199
2025-09-18,124.8,124.8,0,0.01380991064
2025-09-19,124.4,124.4,0,-0.003205128205
2025-09-22,125.55,125.55,0,0.00924437299
2025-09-23,128.15,128.15,0,0.02070888092
2025-09-24,127.1,127.1,0,-0.008193523215
2025-09-25,127.35,127.35,0,0.001966955153
2025-09-26,123.7,123.7,0,-0.02866117
2025-09-30,126.1,126.1,0,0.0194017785
2025-10-01,127,127,0,0.007137192704
2025-10-02,129.6,129.6,0,0.02047244094
2025-10-03,131.2,131.2,0,0.01234567901
2025-10-07,134.85,134.85,0,0.02782012195
2025-10-08,133.85,133.85,0,-0.007415647015
2025-10-09,134.15,134.15,0,0.002241314905
2025-10-13,132.7,132.7,0,-0.01080879612
2025-10-14,131.5,131.5,0,-0.009042954032
2025-10-15,134.55,134.55,0,0.02319391635
2025-10-16,138.05,138.05,0,0.02601263471
2025-10-17,135.95,135.95,0,-0.01521187975
2025-10-20,137.4,137.4,0,0.01066568591
2025-10-21,138.7,138.7,0,0.009461426492
2025-10-22,136.8,136.8,0,-0.01369863014
2025-10-23,136.3,136.3,0,-0.00365497076
2025-10-27,140.15,140.15,0,0.02824651504
2025-10-28,139.75,139.75,0,-0.002854084909
2025-10-29,142.3,142.3,0,0.01824686941
2025-10-30,141.35,141.35,0,-0.006676036543
2025-10-31,142.55,142.55,0,0.00848956491
2025-11-03,141.7,141.7,0,-0.005962820063
2025-11-04,140.8,140.8,0,-0.006351446718
2025-11-05,138.2,138.2,0,-0.01846590909
2025-11-06,140,140,0,0.01302460203
2025-11-07,138.1,138.1,0,-0.01357142857
2025-11-10,138.85,138.85,0,0.005430847212
2025-11-11,138.6,138.6,0,-0.001800504141
2025-11-12,139.75,139.75,0,0.008297258297
2025-11-13,139.15,139.15,0,-0.004293381038
2025-11-14,135.9,135.9,0,-0.02335609055
2025-11-17,136.3,136.3,0,0.002943340692
2025-11-18,132.7,132.7,0,-0.02641232575
2025-11-19,131.6,131.6,0,-0.008289374529
2025-11-20,136.55,136.55,0,0.03761398176
2025-11-21,127.7,127.7,3,-0.04284145002
2025-11-24,127.85,127.85,0,0.001174628034
2025-11-25,129.8,129.8,0,0.01525224873
2025-11-26,131.3,131.3,0,0.01155624037
2025-11-27,133.1,133.1,0,0.01370906321
2025-11-28,134.8,134.8,0,0.01277235162
2025-12-01,133.3,133.3,0,-0.01112759644
2025-12-02,132.5,132.5,0,-0.006001500375
2025-12-03,134.1,134.1,0,0.0120754717
2025-12-04,133.5,133.5,0,-0.004474272931
2025-12-05,135.05,135.05,0,0.01161048689
2025-12-08,137.2,137.2,0,0.01592002962
2025-12-09,137.25,137.25,0,0.0003644314869
2025-12-10,138.55,138.55,0,0.009471766849
2025-12-11,136.8,136.8,0,-0.0126308192
2025-12-12,137.65,137.65,0,0.006213450292
2025-12-15,134.55,134.55,0,-0.02252088631
2025-12-16,133.45,133.45,0,-0.00817539948
2025-12-17,132.8,132.8,0,-0.004870738104
2025-12-18,132.2,132.2,0,-0.004518072289
2025-12-19,133.75,133.75,0,0.01172465961
2025-12-22,135.75,135.75,0,0.01495327103
2025-12-23,137.1,137.1,0,0.009944751381
2025-12-24,136.9,136.9,0,-0.001458789205
2025-12-26,138.15,138.15,0,0.009130752374
2025-12-29,140.3,140.3,0,0.01556279406
2025-12-30,139.9,139.9,0,-0.0028510335
2025-12-31,140.9,140.9,0,0.007147962831
2026-01-02,143.65,143.65,0,0.01951738822
2026-01-05,149.15,149.15,0,0.03828750435
2026-01-06,151,151,0,0.01240362052
2026-01-07,150.85,150.85,0,-0.0009933774834
2026-01-08,150,150,0,-0.005634736493
2026-01-09,150.5,150.5,0,0.003333333333
2026-01-12,150.8,150.8,0,0.001993355482
2026-01-13,152.4,152.4,0,0.01061007958
2026-01-14,152.7,152.7,0,0.001968503937
2026-01-15,152,152,0,-0.004584151932
2026-01-16,156,156,0,0.02631578947
2026-01-19,157.1,157.1,0,0.007051282051
2026-01-20,157.2,157.2,0,0.0006365372374
2026-01-21,155.9,155.9,0,-0.008269720102
2026-01-22,158.25,158.25,0,0.01507376523
2026-01-23,159.95,159.95,0,0.01074249605
2026-01-26,159.7,159.7,0,-0.001562988434
2026-01-27,161.25,161.25,0,0.009705698184
2026-01-28,164,164,0,0.01705426357
2026-01-29,163.5,163.5,0,-0.003048780488
2026-01-30,161.55,161.55,0,-0.0119266055
2026-02-02,158.25,158.25,0,-0.02042711235
2026-02-03,161.05,161.05,0,0.01769352291
2026-02-04,161.4,161.4,0,0.002173238125
2026-02-05,158.8,158.8,0,-0.01610904585
2026-02-06,158.7,158.7,0,-0.0006297229219
2026-02-09,162.7,162.7,0,0.02520478891
2026-02-10,166.1,166.1,0,0.0208973571
2026-02-11,169.05,169.05,0,0.01776038531
2026-02-23,170.5,170.5,0,0.008577343981
2026-02-24,175.35,175.35,0,0.0284457478
2026-02-25,179.4,179.4,0,0.02309666382
2026-02-26,179.4,179.4,0,0
2026-03-02,178.3,178.3,0,-0.00613154961
2026-03-03,173.95,173.95,0,-0.02439708357
2026-03-04,164.95,164.95,0,-0.05173900546
2026-03-05,170.35,170.35,0,0.03273719309
2026-03-06,169.6,169.6,0,-0.004402700323
2026-03-09,160.1,160.1,0,-0.05601415094
2026-03-10,165.85,165.85,0,0.03591505309
2026-03-11,173.45,173.45,0,0.04582454025
2026-03-12,170.75,170.75,0,-0.01556644566
2026-03-13,169.6,169.6,0,-0.006734992679
2026-03-16,169.05,169.05,0,-0.003242924528
2026-03-17,171.4,171.4,0,0.01390121266
2026-03-18,173.85,173.85,0,0.01429404901
2026-03-19,171.7,171.7,0,-0.01236698303
2026-03-20,171.7,171.7,0,0
2026-03-23,165.85,165.85,0,-0.03407105416
2026-03-24,166.75,166.75,0,0.005426590292
2026-03-25,170.5,170.5,0,0.02248875562
2026-03-26,170.95,170.95,0,0.002639296188
2026-03-27,168,168,0,-0.01725650775
2026-03-30,165.9,165.9,0,-0.0125
2026-03-31,160.2,160.2,0,-0.03435804702
2026-04-01,168.15,168.15,0,0.04962546816
2026-04-02,165.95,165.95,0,-0.01308355635
2026-04-07,168.45,168.45,0,0.01506477855
2026-04-08,177.9,177.9,0,0.05609973286
2026-04-09,179.1,179.1,0,0.006745362563
2026-04-10,182.75,182.75,0,0.02037967616
2026-04-13,182.35,182.35,0,-0.00218878249
2026-04-14,188.3,188.3,0,0.03262955854
2026-04-15,190.5,190.5,0,0.0116834838
2026-04-16,194.5,194.5,0,0.02099737533
2026-04-17,191.85,191.85,0,-0.01362467866
2026-04-20,194.45,194.45,0,0.01355225437
2026-04-21,197.85,197.85,0,0.01748521471
2026-04-22,197.95,197.95,0,0.0005054334091
2026-04-23,197.85,197.85,0,-0.0005051780753
2026-04-24,206.6,206.6,0,0.0442254233
2026-04-27,213.05,213.05,0,0.03121974831
2026-04-28,211.5,211.5,0,-0.007275287491
2026-04-29,207.45,207.45,0,-0.01914893617
2026-04-30,209.25,209.25,0,0.008676789588
2026-05-04,218.1,218.1,0,0.04229390681
2026-05-05,216.3,216.3,0,-0.008253094911
2026-05-06,219.7,219.7,0,0.01571890892
2026-05-07,225.5,225.5,0,0.02639963587
2026-05-08,222.05,222.05,0,-0.01529933481
2026-05-11,224.25,224.25,0,0.009907678451
2026-05-12,224.9,224.9,0,0.002898550725
2026-05-13,221.4,221.4,0,-0.01556247221
2026-05-14,223.8,223.8,0,0.0108401084
2026-05-15,221.3,221.3,0,-0.01117068811
2026-05-18,218.2,218.2,0,-0.01400813376
2026-05-19,212.25,212.25,0,-0.02726856095
2026-05-20,212.25,212.25,0,0
2026-05-21,222.25,222.25,0,0.04711425206
2026-05-22,225.85,225.85,0,0.01619797525
2026-05-25,235.35,235.35,0,0.04206331636
2026-05-26,234.95,234.95,0,-0.001699596346
2026-05-27,238.8,238.8,0,0.01638646521
2026-05-28,233.85,233.85,0,-0.02072864322
2026-05-29,241.2,241.2,0,0.03143040411
2026-06-01,244.75,244.75,0,0.01471807629
2026-06-02,243.35,243.35,0,-0.005720122574
2026-06-03,248.5,248.5,0,0.02116293405
2026-06-04,243.95,243.95,0,-0.01830985915
2026-06-05,239.3,239.3,0,-0.01906128305
2026-06-08,230.9,230.9,0,-0.03510238195
2026-06-09,237.95,237.95,0,0.03053269814
2026-06-10,227.3,227.3,0,-0.04475730195
2026-06-11,227.7,227.7,0,0.001759788825
2026-06-12,233.95,233.95,0,0.02744839701
2026-06-15,240.9,240.9,0,0.02970720239
2026-06-16,241.8,241.8,0,0.003735990037
2026-06-17,242,242,0,0.0008271298594
2026-06-18,244.95,244.95,0,0.01219008264
2026-06-22,252.15,252.15,0,0.02939375383
2026-06-23,250.7,250.7,0,-0.00575054531
2026-06-24,243.15,243.15,0,-0.03011567611
2026-06-25,244.7,244.7,0,0.006374665844
2026-06-26,233.5,233.5,0,-0.04577033102
2026-06-29,236.85,236.85,0,0.01434689507
2026-06-30,246.2,246.2,0,0.0394764619
2026-07-01,250,250,0,0.01543460601
2026-07-02,248.5,248.5,0,-0.006
2026-07-03,247.4,247.4,0,-0.004426559356
2026-07-06,246.55,246.55,0,-0.003435731609
2026-07-07,237.65,237.65,0,-0.03609815453
2026-07-08,238.8,238.8,0,0.004839049022
2026-07-09,237,237,0,-0.007537688442
2026-07-13,239.2,239.2,0,0.009282700422
2026-07-14,232.9,232.9,0,-0.02633779264
2026-07-15,239.85,239.85,0,0.02984113353
2026-07-16,238,238,0,-0.007713154055
2026-07-17,221.75,221.75,0,-0.06827731092
2026-07-20,222.85,222.85,0,0.00496054115
2026-07-21,230.75,230.75,0,0.03544985416
2026-07-22,233.75,233.75,0,0.01300108342
2026-07-23,234.5,234.5,0,0.00320855615
2026-07-24,228.85,228.85,0,-0.02409381663
2026-07-27,227.15,227.15,0,-0.007428446581
2026-07-28,216.7,216.7,0,-0.04600484262
2026-07-29,204.05,204.05,0,-0.05837563452
2026-07-30,206.7,206.7,0,0.01298701299
2026-07-31,227.35,227.35,0,0.09990324141
2026-08-03,228.8,228.8,0,0.006377831537
2026-08-04,226.8,226.8,0,-0.008741258741
2026-08-05,234.95,234.95,0,0.03593474427
2026-08-06,234.55,234.55,0,-0.001702489891
2026-08-07,231.75,231.75,0,-0.01193775314
2026-08-10,237,237,0,0.02265372168
2026-08-11,237.45,237.45,0,0.001898734177
2026-08-12,239.5,239.5,0,0.008633396505
2026-08-13,243.15,243.15,0,0.01524008351
2026-08-14,242.25,242.25,0,-0.003701418877
2026-08-17,242.1,242.1,0,-0.0006191950464
2026-08-18,239,239,0,-0.01280462619
2026-08-19,234.65,234.65,0,-0.01820083682
2026-08-20,236.45,236.45,0,0.007670999361
2026-08-21,238.95,238.95,0,0.01057305984
2026-08-24,239.95,239.95,0,0.004184975936
2026-08-25,236.15,236.15,0,-0.01583663263
2026-08-26,241.15,241.15,0,0.02117298327
2026-08-27,241.55,241.55,0,0.00165871864
2026-08-28,243.5,243.5,0,0.008072862761
2026-08-31,240.45,240.45,0,-0.01252566735
2026-09-01,246.35,246.35,0,0.02453732585
2026-09-02,242.35,242.35,0,-0.01623706109
2026-09-03,239.7,239.7,0,-0.01093459872
2026-09-04,243.65,243.65,0,0.016478932
2026-09-07,248.3,248.3,0,0.01908475272
2026-09-08,246,246,0,-0.009262988321
2026-09-09,247.5,247.5,0,0.006097560976
2026-09-10,246,246,0,-0.006060606061
2026-09-11,241.15,241.15,0,-0.01971544715
2026-09-14,238.95,238.95,0,-0.009122952519
2026-09-15,237.35,237.35,0,-0.006695961498
2026-09-16,239.5,239.5,0,0.009058352644
2026-09-17,241.95,241.95,0,0.01022964509
2026-09-18,246.8,246.8,0,0.02004546394
2026-09-21,249.3,249.3,0,0.01012965964
2026-09-22,251.45,251.45,0,0.008624147613
2026-09-23,253,253,0,0.006164247365
2026-09-24,253.3,253.3,0,0.001185770751
2026-09-29,250.8,250.8,0,-0.0098697197
2026-09-30,252.05,252.05,0,0.004984051037
2026-10-01,255.7,255.7,0,0.01448125372
2026-10-02,255.55,255.55,0,-0.0005866249511
