date,close_raw,close_split_adj,div,total_ret
2007-07-16,16.25,16.25,0,0
2007-07-17,16.37,16.37,0,0.007384615385
2007-07-18,16.56,16.56,0,0.01160659743
2007-07-19,16.3,16.3,0,-0.01570048309
2007-07-20,16.4,16.4,0,0.006134969325
2007-07-23,16.4,16.4,0,0
2007-07-24,16.52,16.52,0,0.007317073171
2007-07-25,16.4,16.4,0,-0.007263922518
2007-07-26,16.11,16.11,0,-0.01768292683
2007-07-27,15.35,15.35,0,-0.04717566729
2007-07-30,15.05,15.05,0,-0.01954397394
2007-07-31,15.3,15.3,0,0.01661129568
2007-08-01,14.8,14.8,0,-0.03267973856
2007-08-02,14.65,14.65,0,-0.01013513514
2007-08-03,14.7,14.7,0,0.003412969283
2007-08-06,14.4,14.4,0,-0.02040816327
2007-08-07,14.38,14.38,0,-0.001388888889
2007-08-08,14.75,14.75,0,0.02573018081
2007-08-09,14.82,14.82,0,0.004745762712
2007-08-10,14.24,14.24,0,-0.03913630229
2007-08-13,14.2,14.2,0,-0.002808988764
2007-08-14,14.2,14.2,0,0
2007-08-15,13.74,13.74,0,-0.0323943662
2007-08-16,13.38,13.38,0,-0.02620087336
2007-08-17,13.4,13.4,0,0.001494768311
2007-08-20,13.95,13.95,0,0.04104477612
2007-08-21,13.74,13.74,0,-0.01505376344
2007-08-22,13.93,13.93,0,0.01382823872
2007-08-23,14.1,14.1,0,0.01220387653
2007-08-24,14.21,14.21,0,0.00780141844
2007-08-27,14.07,14.07,0,-0.009852216749
2007-08-28,13.86,13.86,0,-0.01492537313
2007-08-29,13.66,13.66,0,-0.01443001443
2007-08-30,13.87,13.87,0,0.01537335286
2007-08-31,14.1,14.1,0,0.01658255227
2007-09-03,14.27,14.27,0,0.01205673759
2007-09-04,13.98,13.98,0,-0.02032235459
2007-09-05,13.8,13.8,0,-0.01287553648
2007-09-06,13.88,13.88,0,0.005797101449
2007-09-07,13.9,13.9,0,0.00144092219
2007-09-10,13.72,13.72,0,-0.01294964029
2007-09-11,13.75,13.75,0,0.002186588921
2007-09-12,13.94,13.94,0,0.01381818182
2007-09-13,13.86,13.86,0,-0.005738880918
2007-09-14,14.13,14.13,0,0.01948051948
2007-09-17,13.98,13.98,0,-0.01061571125
2007-09-19,14.2,14.2,0,0.01573676681
2007-09-20,14.16,14.16,0,-0.002816901408
2007-09-21,14,14,0,-0.01129943503
2007-09-26,14.17,14.17,0,0.01214285714
2007-09-27,14.28,14.28,0,0.007762879323
2007-09-28,14.35,14.35,0,0.004901960784
2007-09-29,14.45,14.45,0,0.006968641115
2007-10-01,14.53,14.53,0,0.00553633218
2007-10-02,15,15,0,0.03234686855
2007-10-03,15.19,15.19,0,0.01266666667
2007-10-04,15.14,15.14,0,-0.003291639236
2007-10-05,15.08,15.08,0,-0.003963011889
2007-10-08,15.26,15.26,0,0.01193633952
2007-10-09,15.18,15.18,0,-0.005242463958
2007-10-11,15.18,15.18,0,0
2007-10-12,14.78,14.78,0,-0.02635046113
2007-10-15,14.86,14.86,0,0.005412719892
2007-10-16,14.95,14.95,0,0.006056527591
2007-10-17,14.82,14.82,0,-0.008695652174
2007-10-18,14.83,14.83,0,0.0006747638327
2007-10-19,14.77,14.77,0,-0.004045853001
2007-10-22,14.44,14.44,0,-0.02234258632
2007-10-23,14.47,14.47,0,0.002077562327
2007-10-24,14.45,14.45,0,-0.001382170007
2007-10-25,14.62,14.62,0,0.01176470588
2007-10-26,14.7,14.7,0,0.005471956224
2007-10-29,15.1,15.1,0,0.02721088435
2007-10-30,14.99,14.99,0,-0.007284768212
2007-10-31,15.04,15.04,0,0.003335557038
2007-11-01,15.04,15.04,0,0
2007-11-02,14.5,14.5,0,-0.03590425532
2007-11-05,14.45,14.45,0,-0.003448275862
2007-11-06,14.42,14.42,0,-0.002076124567
2007-11-07,14.5,14.5,0,0.005547850208
2007-11-08,13.93,13.93,0,-0.03931034483
2007-11-09,13.93,13.93,0,0
2007-11-12,13.71,13.71,0,-0.01579325197
2007-11-13,13.81,13.81,0,0.007293946025
2007-11-14,14.02,14.02,0,0.01520637219
2007-11-15,13.97,13.97,0,-0.003566333809
2007-11-16,13.8,13.8,0,-0.01216893343
2007-11-19,13.8,13.8,0,0
2007-11-20,13.69,13.69,0,-0.007971014493
2007-11-21,13.31,13.31,0,-0.02775748722
2007-11-22,13.33,13.33,0,0.001502629602
2007-11-23,13.07,13.07,0,-0.01950487622
2007-11-26,13.3,13.3,0,0.01759755164
2007-11-27,13.16,13.16,0,-0.01052631579
2007-11-28,13.11,13.11,0,-0.003799392097
2007-11-29,13.28,13.28,0,0.01296720061
2007-11-30,13.44,13.44,0,0.01204819277
2007-12-03,13.46,13.46,0,0.001488095238
2007-12-04,13.41,13.41,0,-0.003714710253
2007-12-05,13.33,13.33,0,-0.005965697241
2007-12-06,13.5,13.5,0,0.0127531883
2007-12-07,13.6,13.6,0,0.007407407407
2007-12-10,13.6,13.6,0,0
2007-12-11,13.68,13.68,0,0.005882352941
2007-12-12,13.45,13.45,0,-0.0168128655
2007-12-13,13.2,13.2,0,-0.01858736059
2007-12-14,13.05,13.05,0,-0.01136363636
2007-12-17,12.76,12.76,0,-0.02222222222
2007-12-18,12.5,12.5,0,-0.02037617555
2007-12-19,12.75,12.75,0,0.02
2007-12-20,12.51,12.51,0,-0.01882352941
2007-12-21,12.6,12.6,0,0.007194244604
2007-12-24,12.66,12.66,0,0.004761904762
2007-12-25,12.69,12.69,0,0.002369668246
2007-12-26,12.72,12.72,0,0.002364066194
2007-12-27,12.88,12.88,0,0.01257861635
2007-12-28,12.97,12.97,0,0.00698757764
2007-12-31,13.01,13.01,0,0.003084040093
2008-01-02,12.83,12.83,0,-0.01383551115
2008-01-03,12.68,12.68,0,-0.0116913484
2008-01-04,13.1,13.1,0,0.03312302839
2008-01-07,12.88,12.88,0,-0.01679389313
2008-01-08,13.25,13.25,0,0.02872670807
2008-01-09,13.22,13.22,0,-0.002264150943
2008-01-10,13.19,13.19,0,-0.002269288956
2008-01-11,13.07,13.07,0,-0.009097801365
2008-01-14,13.97,13.97,0,0.0688599847
2008-01-15,14.94,14.94,0,0.06943450251
2008-01-16,14.86,14.86,0,-0.005354752343
2008-01-17,14.83,14.83,0,-0.00201884253
2008-01-18,15.16,15.16,0,0.0222521915
2008-01-21,15.02,15.02,0,-0.009234828496
2008-01-22,14,14,0,-0.06790945406
2008-01-23,13.64,13.64,0,-0.02571428571
2008-01-24,14.09,14.09,0,0.03299120235
2008-01-25,14.15,14.15,0,0.004258339248
2008-01-28,13.9,13.9,0,-0.01766784452
2008-01-29,14.16,14.16,0,0.01870503597
2008-01-30,14.12,14.12,0,-0.002824858757
2008-01-31,14.03,14.03,0,-0.006373937677
2008-02-01,14.36,14.36,0,0.02352102637
2008-02-12,14.12,14.12,0,-0.01671309192
2008-02-13,14.22,14.22,0,0.007082152975
2008-02-14,14.78,14.78,0,0.03938115331
2008-02-15,14.6,14.6,0,-0.01217861976
2008-02-18,14.49,14.49,0,-0.007534246575
2008-02-19,14.74,14.74,0,0.01725327812
2008-02-20,14.29,14.29,0,-0.03052917232
2008-02-21,14.64,14.64,0,0.0244926522
2008-02-22,14.8,14.8,0,0.01092896175
2008-02-25,15.19,15.19,0,0.02635135135
2008-02-26,15.19,15.19,0,0
2008-02-27,15.38,15.38,0,0.0125082291
2008-02-29,15.29,15.29,0,-0.005851755527
2008-03-03,14.87,14.87,0,-0.02746893394
2008-03-04,15.15,15.15,0,0.01882985878
2008-03-05,15.18,15.18,0,0.00198019802
2008-03-06,15.3,15.3,0,0.00790513834
2008-03-07,14.98,14.98,0,-0.02091503268
2008-03-10,14.54,14.54,0,-0.02937249666
2008-03-11,14.76,14.76,0,0.015130674
2008-03-12,14.95,14.95,0,0.01287262873
2008-03-13,14.68,14.68,0,-0.01806020067
2008-03-14,14.55,14.55,0,-0.008855585831
2008-03-17,14.56,14.56,0,0.0006872852234
2008-03-18,14.53,14.53,0,-0.00206043956
2008-03-19,14.72,14.72,0,0.01307639367
2008-03-20,15.45,15.45,0,0.0495923913
2008-03-21,16.01,16.01,0,0.03624595469
2008-03-24,17.13,17.13,0,0.06995627733
2008-03-25,16.35,16.35,0,-0.04553415061
2008-03-26,16.46,16.46,0,0.006727828746
2008-03-27,16.11,16.11,0,-0.0212636695
2008-03-28,16.35,16.35,0,0.01489757914
2008-03-31,15.93,15.93,0,-0.02568807339
2008-04-01,15.65,15.65,0,-0.01757689893
2008-04-02,16.04,16.04,0,0.0249201278
2008-04-03,15.85,15.85,0,-0.01184538653
2008-04-07,16.18,16.18,0,0.02082018927
2008-04-08,15.93,15.93,0,-0.01545117429
2008-04-09,15.98,15.98,0,0.003138731952
2008-04-10,16.21,16.21,0,0.01439299124
2008-04-11,16.62,16.62,0,0.02529302899
2008-04-14,16.81,16.81,0,0.01143200963
2008-04-15,16.84,16.84,0,0.001784651993
2008-04-16,17.55,17.55,0,0.04216152019
2008-04-17,17.4,17.4,0,-0.008547008547
2008-04-18,17.36,17.36,0,-0.002298850575
2008-04-21,17.03,17.03,0,-0.01900921659
2008-04-22,17.02,17.02,0,-0.0005871990605
2008-04-23,17.1,17.1,0,0.004700352526
2008-04-24,17.13,17.13,0,0.001754385965
2008-04-25,17.03,17.03,0,-0.005837711617
2008-04-28,17.35,17.35,0,0.01879036994
2008-04-29,17.19,17.19,0,-0.009221902017
2008-04-30,17.22,17.22,0,0.001745200698
2008-05-02,17.36,17.36,0,0.008130081301
2008-05-05,16.7,16.7,0,-0.03801843318
2008-05-06,16.52,16.52,0,-0.01077844311
2008-05-07,16.59,16.59,0,0.004237288136
2008-05-08,16.5,16.5,0,-0.005424954792
2008-05-09,16.3,16.3,0,-0.01212121212
2008-05-12,16.13,16.13,0,-0.01042944785
2008-05-13,16.64,16.64,0,0.03161810291
2008-05-14,16.58,16.58,0,-0.003605769231
2008-05-15,16.92,16.92,0,0.0205066345
2008-05-16,17,17,0,0.004728132388
2008-05-19,17.11,17.11,0,0.006470588235
2008-05-20,16.5,16.5,0,-0.03565166569
2008-05-21,16.37,16.37,0,-0.007878787879
2008-05-22,16.45,16.45,0,0.004886988393
2008-05-23,16.2,16.2,0,-0.01519756839
2008-05-26,16.09,16.09,0,-0.006790123457
2008-05-27,16.12,16.12,0,0.001864512119
2008-05-28,15.95,15.95,0,-0.01054590571
2008-05-29,16.06,16.06,0,0.006896551724
2008-05-30,16.2,16.2,0,0.008717310087
2008-06-02,16.33,16.33,0,0.008024691358
2008-06-03,16.02,16.02,0,-0.01898346601
2008-06-04,16,16,0,-0.001248439451
2008-06-05,16.2,16.2,0,0.0125
2008-06-06,16.13,16.13,0,-0.004320987654
2008-06-09,15.69,15.69,0,-0.0272783633
2008-06-10,15.2,15.2,0,-0.03123008286
2008-06-11,15.21,15.21,0,0.0006578947368
2008-06-12,14.65,14.65,0,-0.03681788297
2008-06-13,14.95,14.95,0,0.0204778157
2008-06-16,15.02,15.02,0,0.004682274247
2008-06-17,15.18,15.18,0,0.01065246338
2008-06-18,15.25,15.25,0,0.004611330698
2008-06-19,14.96,14.96,0,-0.01901639344
2008-06-20,14.64,14.64,0,-0.02139037433
2008-06-23,14.73,14.73,0,0.006147540984
2008-06-24,14.65,14.65,0,-0.005431093007
2008-06-25,14.95,14.95,0,0.0204778157
2008-06-26,14.88,14.88,0,-0.004682274247
2008-06-27,14.19,14.19,0,-0.04637096774
2008-06-30,14,14,0,-0.01338971106
2008-07-01,13.87,13.87,0,-0.009285714286
2008-07-02,13.35,13.35,0,-0.03749098774
2008-07-03,13.45,13.45,0,0.007490636704
2008-07-04,13.19,13.19,0,-0.01933085502
2008-07-07,13.39,13.39,0,0.01516300227
2008-07-08,12.72,12.72,0,-0.0500373413
2008-07-09,12.6,12.6,0,-0.009433962264
2008-07-10,12.73,12.73,0,0.01031746032
2008-07-11,13.05,13.05,0,0.02513747054
2008-07-14,12.76,12.76,0,-0.02222222222
2008-07-15,11.87,11.87,0,-0.0697492163
2008-07-16,11.66,11.66,0,-0.01769165965
2008-07-17,12.47,12.47,0,0.06946826758
2008-07-18,12.1,12.1,0,-0.02967121091
2008-07-21,12.94,12.94,0,0.0694214876
2008-07-22,12.91,12.91,0,-0.002318392581
2008-07-23,13.53,13.53,0,0.04802478699
2008-07-24,13.5,13.5,0,-0.0022172949
2008-07-25,13.1,13.1,0,-0.02962962963
2008-07-29,12.58,12.58,0,-0.03969465649
2008-07-30,12.63,12.63,0,0.003974562798
2008-07-31,12.55,12.55,0,-0.006334125099
2008-08-01,12.48,12.48,0,-0.005577689243
2008-08-04,12.6,12.6,0,0.009615384615
2008-08-05,12.31,12.31,0,-0.02301587302
2008-08-06,12.77,12.77,0,0.0373679935
2008-08-07,12.44,12.44,0,-0.02584181676
2008-08-08,12.84,12.84,0,0.03215434084
2008-08-11,13.08,13.08,0,0.01869158879
2008-08-12,12.98,12.98,0,-0.007645259939
2008-08-13,12.88,12.88,0,-0.007704160247
2008-08-14,12.99,12.99,0,0.008540372671
2008-08-15,12.79,12.79,0,-0.01539645881
2008-08-18,12.18,12.18,0,-0.04769351056
2008-08-19,12.21,12.21,0,0.002463054187
2008-08-20,12.21,12.21,0,0
2008-08-21,11.96,11.96,0,-0.02047502048
2008-08-22,12,12,0,0.003344481605
2008-08-25,12.22,12.22,0,0.01833333333
2008-08-26,12.12,12.12,0,-0.008183306056
2008-08-27,12.35,12.35,0,0.01897689769
2008-08-28,12.27,12.27,0,-0.006477732794
2008-08-29,12.38,12.38,0,0.008964955175
2008-09-01,12.1,12.1,0,-0.02261712439
2008-09-02,12.03,12.03,0,-0.005785123967
2008-09-03,11.67,11.67,0,-0.02992518703
2008-09-04,11.15,11.15,0,-0.04455869751
2008-09-05,10.99,10.99,0,-0.01434977578
2008-09-08,11.75,11.75,0,0.06915377616
2008-09-09,11.7,11.7,0,-0.004255319149
2008-09-10,12.15,12.15,0,0.03846153846
2008-09-11,11.65,11.65,0,-0.04115226337
2008-09-12,11.8,11.8,0,0.01287553648
2008-09-15,11,11,0,-0.06779661017
2008-09-16,10.28,10.28,0,-0.06545454545
2008-09-17,10.2,10.2,0,-0.007782101167
2008-09-18,9.49,9.49,0,-0.06960784314
2008-09-19,10.15,10.15,0,0.06954689146
2008-09-22,10.51,10.51,0,0.0354679803
2008-09-23,10.6,10.6,0,0.008563273073
2008-09-24,10.42,10.42,0,-0.01698113208
2008-09-25,10.36,10.36,0,-0.00575815739
2008-09-26,10.13,10.13,0,-0.0222007722
2008-09-30,9.45,9.45,0,-0.06712734452
2008-10-01,9.7,9.7,0,0.02645502646
2008-10-02,9.83,9.83,0,0.01340206186
2008-10-03,9.65,9.65,0,-0.01831129196
2008-10-06,8.98,8.98,0,-0.06943005181
2008-10-07,8.99,8.99,0,0.001113585746
2008-10-08,8.37,8.37,0,-0.06896551724
2008-10-09,8.08,8.08,0,-0.03464755078
2008-10-13,7.8,7.8,0,-0.03465346535
2008-10-14,8.34,8.34,0,0.06923076923
2008-10-15,8.17,8.17,0,-0.02038369305
2008-10-16,7.89,7.89,0,-0.03427172583
2008-10-17,7.62,7.62,0,-0.03422053232
2008-10-20,7.42,7.42,0,-0.02624671916
2008-10-21,7.61,7.61,0,0.025606469
2008-10-22,7.35,7.35,0,-0.03416557162
2008-10-23,7.1,7.1,0,-0.03401360544
2008-10-24,6.86,6.86,0,-0.0338028169
2008-10-27,6.38,6.38,0,-0.06997084548
2008-10-28,6.79,6.79,0,0.06426332288
2008-10-29,6.55,6.55,0,-0.0353460972
2008-10-30,7,7,0,0.06870229008
2008-10-31,7.49,7.49,0,0.07
2008-11-03,8,8,0,0.06809078772
2008-11-04,7.91,7.91,0,-0.01125
2008-11-05,8.13,8.13,0,0.02781289507
2008-11-06,7.57,7.57,0,-0.06888068881
2008-11-07,7.97,7.97,0,0.05284015852
2008-11-10,7.87,7.87,0,-0.01254705144
2008-11-11,7.5,7.5,0,-0.04701397713
2008-11-12,7.43,7.43,0,-0.009333333333
2008-11-13,6.91,6.91,0,-0.06998654105
2008-11-14,6.85,6.85,0,-0.008683068017
2008-11-17,7.03,7.03,0,0.02627737226
2008-11-18,7.04,7.04,0,0.001422475107
2008-11-19,7.2,7.2,0,0.02272727273
2008-11-20,6.7,6.7,0,-0.06944444444
2008-11-21,6.84,6.84,0,0.02089552239
2008-11-24,6.68,6.68,0,-0.02339181287
2008-11-25,6.97,6.97,0,0.04341317365
2008-11-26,7.24,7.24,0,0.0387374462
2008-11-27,7.74,7.74,0,0.06906077348
2008-11-28,7.54,7.54,0,-0.02583979328
2008-12-01,7.87,7.87,0,0.04376657825
2008-12-02,7.53,7.53,0,-0.04320203304
2008-12-03,7.6,7.6,0,0.009296148738
2008-12-04,7.25,7.25,0,-0.04605263158
2008-12-05,7.4,7.4,0,0.02068965517
2008-12-08,7.91,7.91,0,0.06891891892
2008-12-09,8.13,8.13,0,0.02781289507
2008-12-10,8.61,8.61,0,0.05904059041
2008-12-11,8.42,8.42,0,-0.02206736353
2008-12-12,7.86,7.86,0,-0.06650831354
2008-12-15,8.26,8.26,0,0.05089058524
2008-12-16,8.43,8.43,0,0.0205811138
2008-12-17,8.41,8.41,0,-0.002372479241
2008-12-18,8.41,8.41,0,0
2008-12-19,8.5,8.5,0,0.01070154578
2008-12-22,8.11,8.11,0,-0.04588235294
2008-12-23,7.8,7.8,0,-0.0382244143
2008-12-24,8.03,8.03,0,0.02948717949
2008-12-25,7.96,7.96,0,-0.008717310087
2008-12-26,8.05,8.05,0,0.01130653266
2008-12-29,8,8,0,-0.006211180124
2008-12-30,8.54,8.54,0,0.0675
2008-12-31,8.44,8.44,0,-0.01170960187
2009-01-05,8.69,8.69,0,0.02962085308
2009-01-06,8.5,8.5,0,-0.02186421174
2009-01-07,8.59,8.59,0,0.01058823529
2009-01-08,7.99,7.99,0,-0.06984866123
2009-01-09,7.82,7.82,0,-0.02127659574
2009-01-10,7.76,7.76,0,-0.007672634271
2009-01-12,7.6,7.6,0,-0.0206185567
2009-01-13,7.74,7.74,0,0.01842105263
2009-01-14,7.84,7.84,0,0.01291989664
2009-01-15,7.3,7.3,0,-0.06887755102
2009-01-16,7.35,7.35,0,0.006849315068
2009-01-17,7.41,7.41,0,0.008163265306
2009-01-19,7.42,7.42,0,0.001349527665
2009-01-20,7.25,7.25,0,-0.02291105121
2009-01-21,7.1,7.1,0,-0.02068965517
2009-02-02,6.9,6.9,0,-0.02816901408
2009-02-03,7.12,7.12,0,0.03188405797
2009-02-04,7.1,7.1,0,-0.002808988764
2009-02-05,7.09,7.09,0,-0.001408450704
2009-02-06,7.18,7.18,0,0.01269393512
2009-02-09,7.12,7.12,0,-0.008356545961
2009-02-10,7.25,7.25,0,0.01825842697
2009-02-11,7.23,7.23,0,-0.00275862069
2009-02-12,7.12,7.12,0,-0.01521438451
2009-02-13,7.25,7.25,0,0.01825842697
2009-02-16,7.21,7.21,0,-0.005517241379
2009-02-17,7.08,7.08,0,-0.01803051318
2009-02-18,6.99,6.99,0,-0.01271186441
2009-02-19,6.96,6.96,0,-0.004291845494
2009-02-20,6.77,6.77,0,-0.02729885057
2009-02-23,6.73,6.73,0,-0.005908419498
2009-02-24,6.7,6.7,0,-0.004457652303
2009-02-25,7.01,7.01,0,0.04626865672
2009-02-26,6.95,6.95,0,-0.008559201141
2009-02-27,7,7,0,0.007194244604
2009-03-02,6.51,6.51,0,-0.07
2009-03-03,6.45,6.45,0,-0.009216589862
2009-03-04,6.54,6.54,0,0.01395348837
2009-03-05,6.72,6.72,0,0.02752293578
2009-03-06,6.6,6.6,0,-0.01785714286
2009-03-09,6.51,6.51,0,-0.01363636364
2009-03-10,6.68,6.68,0,0.02611367127
2009-03-11,6.94,6.94,0,0.03892215569
2009-03-12,6.82,6.82,0,-0.01729106628
2009-03-13,7.1,7.1,0,0.04105571848
2009-03-16,7.19,7.19,0,0.01267605634
2009-03-17,7.44,7.44,0,0.0347705146
2009-03-18,7.35,7.35,0,-0.01209677419
2009-03-19,7.59,7.59,0,0.03265306122
2009-03-20,7.4,7.4,0,-0.02503293808
2009-03-23,7.61,7.61,0,0.02837837838
2009-03-24,7.95,7.95,0,0.04467805519
2009-03-25,7.95,7.95,0,0
2009-03-26,8.1,8.1,0,0.01886792453
2009-03-27,8.26,8.26,0,0.01975308642
2009-03-30,7.71,7.71,0,-0.06658595642
2009-03-31,7.81,7.81,0,0.01297016861
2009-04-01,8.12,8.12,0,0.03969270166
2009-04-02,8.67,8.67,0,0.06773399015
2009-04-03,9.03,9.03,0,0.04152249135
2009-04-06,9.13,9.13,0,0.01107419712
2009-04-07,9.1,9.1,0,-0.003285870756
2009-04-08,8.64,8.64,0,-0.05054945055
2009-04-09,9.11,9.11,0,0.05439814815
2009-04-10,9.24,9.24,0,0.01427003293
2009-04-13,9.29,9.29,0,0.005411255411
2009-04-14,9.34,9.34,0,0.005382131324
2009-04-15,9.29,9.29,0,-0.005353319058
2009-04-16,9.93,9.93,0,0.06889128095
2009-04-17,9.26,9.26,0,-0.06747230614
2009-04-20,9.39,9.39,0,0.01403887689
2009-04-21,9.4,9.4,0,0.001064962726
2009-04-22,9.42,9.42,0,0.002127659574
2009-04-23,9.19,9.19,0,-0.02441613588
2009-04-24,9.28,9.28,0,0.009793253536
2009-04-27,8.85,8.85,0,-0.0463362069
2009-04-28,8.73,8.73,0,-0.01355932203
2009-04-29,8.87,8.87,0,0.01603665521
2009-04-30,9.49,9.49,0,0.06989853439
2009-05-04,10.15,10.15,0,0.06954689146
2009-05-05,10.86,10.86,0,0.06995073892
2009-05-06,11.13,11.13,0,0.02486187845
2009-05-07,11.3,11.3,0,0.01527403414
2009-05-08,11.09,11.09,0,-0.0185840708
2009-05-11,11.46,11.46,0,0.03336339044
2009-05-12,10.77,10.77,0,-0.06020942408
2009-05-13,10.9,10.9,0,0.01207056639
2009-05-14,10.5,10.5,0,-0.03669724771
2009-05-15,10.99,10.99,0,0.04666666667
2009-05-18,11.2,11.2,0,0.01910828025
2009-05-19,11.58,11.58,0,0.03392857143
2009-05-20,11.92,11.92,0,0.02936096718
2009-05-21,11.84,11.84,0,-0.006711409396
2009-05-22,11.87,11.87,0,0.002533783784
2009-05-25,11.96,11.96,0,0.007582139848
2009-05-26,11.63,11.63,0,-0.02759197324
2009-05-27,12.44,12.44,0,0.06964746346
2009-06-01,12.34,12.34,0,-0.008038585209
2009-06-02,12.17,12.17,0,-0.01377633712
2009-06-03,12.07,12.07,0,-0.008216926869
2009-06-04,11.83,11.83,0,-0.01988400994
2009-06-05,11.79,11.79,0,-0.00338123415
2009-06-06,11.95,11.95,0,0.01357082273
2009-06-08,11.3,11.3,0,-0.05439330544
2009-06-09,10.79,10.79,0,-0.04513274336
2009-06-10,10.89,10.89,0,0.009267840593
2009-06-11,10.97,10.97,0,0.007346189164
2009-06-12,10.8,10.8,0,-0.01549680948
2009-06-15,10.49,10.49,0,-0.0287037037
2009-06-16,10.5,10.5,0,0.0009532888465
2009-06-17,10.8,10.8,0,0.02857142857
2009-06-18,10.57,10.57,0,-0.0212962963
2009-06-19,10.7,10.7,0,0.01229895932
2009-06-22,10.72,10.72,0,0.001869158879
2009-06-23,10.51,10.51,0,-0.01958955224
2009-06-24,11.24,11.24,0,0.06945765937
2009-06-25,11.39,11.39,0,0.01334519573
2009-06-26,11.4,11.4,0,0.0008779631255
2009-06-29,11.5,11.5,0,0.008771929825
2009-06-30,11.19,11.19,0,-0.02695652174
2009-07-01,11.58,11.58,0,0.03485254692
2009-07-02,11.71,11.71,0,0.01122625216
2009-07-03,11.89,11.89,0,0.01537147737
2009-07-06,11.76,11.76,0,-0.01093355761
2009-07-07,11.93,11.93,0,0.01445578231
2009-07-08,11.7,11.7,0,-0.01927912825
2009-07-09,11.93,11.93,0,0.01965811966
2009-07-10,11.85,11.85,0,-0.006705783738
2009-07-13,11.03,11.03,0,-0.06919831224
2009-07-14,11.19,11.19,0,0.01450589302
2009-07-15,11.43,11.43,0,0.02144772118
2009-07-16,11.5,11.5,0,0.006124234471
2009-07-17,11.68,11.68,0,0.01565217391
2009-07-20,12,12,0,0.02739726027
2009-07-21,11.99,11.99,0,-0.0008333333333
2009-07-22,12.08,12.08,0,0.007506255213
2009-07-23,11.95,11.95,0,-0.0107615894
2009-07-24,11.94,11.94,0,-0.0008368200837
2009-07-27,12.01,12.01,0,0.005862646566
2009-07-28,12.14,12.14,0,0.01082431307
2009-07-29,11.99,11.99,0,-0.01235584843
2009-07-30,11.83,11.83,0,-0.01334445371
2009-07-31,11.85,11.85,0,0.001690617075
2009-08-03,11.95,11.95,0,0.008438818565
2009-08-04,11.87,11.87,0,-0.006694560669
2009-08-05,11.5,11.5,0,-0.03117101938
2009-08-06,11.51,11.51,0,0.0008695652174
2009-08-10,11.48,11.48,0,-0.002606429192
2009-08-11,11.43,11.43,0,-0.004355400697
2009-08-12,11.28,11.28,0,-0.01312335958
2009-08-13,11.64,11.64,0,0.03191489362
2009-08-14,11.54,11.54,0,-0.008591065292
2009-08-17,11.27,11.27,0,-0.02339688042
2009-08-18,11.06,11.06,0,-0.01863354037
2009-08-19,11.01,11.01,0,-0.00452079566
2009-08-20,10.73,10.73,0,-0.02543142598
2009-08-21,10.56,10.56,0,-0.01584342964
2009-08-24,11.02,11.02,0,0.04356060606
2009-08-25,10.82,10.82,0,-0.01814882033
2009-08-26,10.73,10.73,0,-0.00831792976
2009-08-27,10.61,10.61,0,-0.01118359739
2009-08-28,10.78,10.78,0,0.01602262017
2009-08-31,10.65,10.65,0,-0.0120593692
2009-09-01,11.12,11.12,0,0.0441314554
2009-09-02,11.26,11.26,0,0.01258992806
2009-09-03,11.3,11.3,0,0.003552397869
2009-09-04,11.45,11.45,0,0.01327433628
2009-09-07,11.74,11.74,0,0.02532751092
2009-09-08,11.85,11.85,0,0.00936967632
2009-09-09,11.76,11.76,0,-0.007594936709
2009-09-10,12.21,12.21,0,0.03826530612
2009-09-11,12.28,12.28,0,0.005733005733
2009-09-14,12.02,12.02,0,-0.02117263844
2009-09-15,12.16,12.16,0,0.01164725458
2009-09-16,12.3,12.3,0,0.01151315789
2009-09-17,12.45,12.45,0,0.01219512195
2009-09-18,12.6,12.6,0,0.01204819277
2009-09-21,12.48,12.48,0,-0.009523809524
2009-09-22,12.58,12.58,0,0.008012820513
2009-09-23,12.24,12.24,0,-0.02702702703
2009-09-24,12.17,12.17,0,-0.005718954248
2009-09-25,12.34,12.34,0,0.01396877568
2009-09-28,12.25,12.25,0,-0.007293354943
2009-09-29,12.46,12.46,0,0.01714285714
2009-09-30,12.58,12.58,0,0.00963081862
2009-10-01,12.92,12.92,0,0.02702702703
2009-10-02,12.72,12.72,0,-0.01547987616
2009-10-05,12.71,12.71,0,-0.000786163522
2009-10-06,12.93,12.93,0,0.01730920535
2009-10-07,13.19,13.19,0,0.02010827533
2009-10-08,13.01,13.01,0,-0.01364670205
2009-10-09,13.29,13.29,0,0.02152190623
2009-10-12,13.25,13.25,0,-0.003009781791
2009-10-13,13.13,13.13,0,-0.009056603774
2009-10-14,13.2,13.2,0,0.005331302361
2009-10-15,13.25,13.25,0,0.003787878788
2009-10-16,13.4,13.4,0,0.01132075472
2009-10-19,13.4,13.4,0,0
2009-10-20,13.39,13.39,0,-0.0007462686567
2009-10-21,13.2,13.2,0,-0.0141896938
2009-10-22,12.98,12.98,0,-0.01666666667
2009-10-23,13.08,13.08,0,0.007704160247
2009-10-26,13.15,13.15,0,0.005351681957
2009-10-27,13.1,13.1,0,-0.003802281369
2009-10-28,12.95,12.95,0,-0.01145038168
2009-10-29,12.42,12.42,0,-0.04092664093
2009-10-30,12.33,12.33,0,-0.007246376812
2009-11-02,12.28,12.28,0,-0.004055150041
2009-11-03,12.34,12.34,0,0.004885993485
2009-11-04,12.7,12.7,0,0.02917341977
2009-11-05,12.58,12.58,0,-0.009448818898
2009-11-06,12.73,12.73,0,0.01192368839
2009-11-09,12.99,12.99,0,0.02042419482
2009-11-10,12.99,12.99,0,0
2009-11-11,13.08,13.08,0,0.006928406467
2009-11-12,13.07,13.07,0,-0.0007645259939
2009-11-13,12.86,12.86,0,-0.01606732976
2009-11-16,13.13,13.13,0,0.02099533437
2009-11-17,12.85,12.85,0,-0.02132520944
2009-11-18,12.78,12.78,0,-0.005447470817
2009-11-19,12.69,12.69,0,-0.007042253521
2009-11-20,12.5,12.5,0,-0.01497241923
2009-11-23,12.5,12.5,0,0
2009-11-24,12.54,12.54,0,0.0032
2009-11-25,12.72,12.72,0,0.01435406699
2009-11-26,12.6,12.6,0,-0.009433962264
2009-11-27,11.98,11.98,0,-0.04920634921
2009-11-30,12.07,12.07,0,0.007512520868
2009-12-01,12.36,12.36,0,0.02402651201
2009-12-02,12.35,12.35,0,-0.0008090614887
2009-12-03,12.5,12.5,0,0.01214574899
2009-12-04,12.34,12.34,0,-0.0128
2009-12-07,12.54,12.54,0,0.01620745543
2009-12-08,12.44,12.44,0,-0.007974481659
2009-12-09,12.38,12.38,0,-0.004823151125
2009-12-10,12.17,12.17,0,-0.0169628433
2009-12-11,12.26,12.26,0,0.007395234182
2009-12-14,12.27,12.27,0,0.0008156606852
2009-12-15,12.3,12.3,0,0.002444987775
2009-12-16,12.11,12.11,0,-0.01544715447
2009-12-17,12.06,12.06,0,-0.004128819158
2009-12-18,12.08,12.08,0,0.001658374793
2009-12-21,12.13,12.13,0,0.004139072848
2009-12-22,12.31,12.31,0,0.01483924155
2009-12-23,12.36,12.36,0,0.004061738424
2009-12-24,12.35,12.35,0,-0.0008090614887
2009-12-25,12.45,12.45,0,0.008097165992
2009-12-28,12.68,12.68,0,0.01847389558
2009-12-29,12.63,12.63,0,-0.003943217666
2009-12-30,12.7,12.7,0,0.005542359462
2009-12-31,12.94,12.94,0,0.0188976378
2010-01-04,12.87,12.87,0,-0.005409582689
2010-01-05,12.9,12.9,0,0.002331002331
2010-01-06,13.09,13.09,0,0.01472868217
2010-01-07,12.94,12.94,0,-0.01145912911
2010-01-08,13.05,13.05,0,0.008500772798
2010-01-11,13.08,13.08,0,0.002298850575
2010-01-12,13,13,0,-0.006116207951
2010-01-13,12.73,12.73,0,-0.02076923077
2010-01-14,12.78,12.78,0,0.003927729772
2010-01-15,12.87,12.87,0,0.007042253521
2010-01-18,12.72,12.72,0,-0.01165501166
2010-01-19,12.66,12.66,0,-0.004716981132
2010-01-20,12.5,12.5,0,-0.01263823065
2010-01-21,12.45,12.45,0,-0.004
2010-01-22,12.14,12.14,0,-0.02489959839
2010-01-25,12,12,0,-0.01153212521
2010-01-26,11.6,11.6,0,-0.03333333333
2010-01-27,11.7,11.7,0,0.008620689655
2010-01-28,11.89,11.89,0,0.01623931624
2010-01-29,11.65,11.65,0,-0.02018502944
2010-02-01,11.51,11.51,0,-0.01201716738
2010-02-02,11.3,11.3,0,-0.01824500434
2010-02-03,11.44,11.44,0,0.01238938053
2010-02-04,11.42,11.42,0,-0.001748251748
2010-02-05,10.78,10.78,0,-0.05604203152
2010-02-06,10.66,10.66,0,-0.01113172542
2010-02-08,10.75,10.75,0,0.008442776735
2010-02-09,10.97,10.97,0,0.02046511628
2010-02-10,11.11,11.11,0,0.0127620784
2010-02-22,11.5,11.5,0,0.03510351035
2010-02-23,11.49,11.49,0,-0.0008695652174
2010-02-24,11.45,11.45,0,-0.003481288077
2010-02-25,11.25,11.25,0,-0.01746724891
2010-02-26,11.25,11.25,0,0
2010-03-01,11.54,11.54,0,0.02577777778
2010-03-02,11.52,11.52,0,-0.001733102253
2010-03-03,11.72,11.72,0,0.01736111111
2010-03-04,11.45,11.45,0,-0.02303754266
2010-03-05,11.61,11.61,0,0.01397379913
2010-03-08,11.71,11.71,0,0.008613264427
2010-03-09,11.69,11.69,0,-0.00170794193
2010-03-10,11.79,11.79,0,0.008554319932
2010-03-11,11.6,11.6,0,-0.01611535199
2010-03-12,11.64,11.64,0,0.003448275862
2010-03-15,11.41,11.41,0,-0.01975945017
2010-03-16,11.5,11.5,0,0.007887817704
2010-03-17,11.79,11.79,0,0.0252173913
2010-03-18,11.9,11.9,0,0.009329940628
2010-03-19,11.9,11.9,0,0
2010-03-22,11.84,11.84,0,-0.005042016807
2010-03-23,11.79,11.79,0,-0.004222972973
2010-03-24,11.76,11.76,0,-0.002544529262
2010-03-25,11.72,11.72,0,-0.003401360544
2010-03-26,11.75,11.75,0,0.002559726962
2010-03-29,11.85,11.85,0,0.008510638298
2010-03-30,11.9,11.9,0,0.004219409283
2010-03-31,11.78,11.78,0,-0.01008403361
2010-04-01,11.92,11.92,0,0.01188455008
2010-04-02,11.92,11.92,0,0
2010-04-06,11.94,11.94,0,0.001677852349
2010-04-07,11.97,11.97,0,0.002512562814
2010-04-08,12.01,12.01,0,0.003341687552
2010-04-09,12.11,12.11,0,0.008326394671
2010-04-12,12.08,12.08,0,-0.002477291495
2010-04-13,11.92,11.92,0,-0.01324503311
2010-04-14,11.98,11.98,0,0.005033557047
2010-04-15,12.04,12.04,0,0.005008347245
2010-04-16,11.92,11.92,0,-0.009966777409
2010-04-19,11.42,11.42,0,-0.04194630872
2010-04-20,11.5,11.5,0,0.00700525394
2010-04-21,11.57,11.57,0,0.006086956522
2010-04-22,11.48,11.48,0,-0.007778738116
2010-04-23,11.46,11.46,0,-0.001742160279
2010-04-26,11.72,11.72,0,0.02268760908
2010-04-27,11.72,11.72,0,0
2010-04-28,11.52,11.52,0,-0.01706484642
2010-04-29,11.46,11.46,0,-0.005208333333
2010-04-30,11.5,11.5,0,0.003490401396
2010-05-03,11.44,11.44,0,-0.005217391304
2010-05-04,11.46,11.46,0,0.001748251748
2010-05-05,11.2,11.2,0,-0.02268760908
2010-05-06,11.1,11.1,0,-0.008928571429
2010-05-07,10.95,10.95,0,-0.01351351351
2010-05-10,11.03,11.03,0,0.007305936073
2010-05-11,11.05,11.05,0,0.001813236627
2010-05-12,11.03,11.03,0,-0.001809954751
2010-05-13,11.41,11.41,0,0.03445149592
2010-05-14,11.44,11.44,0,0.002629272568
2010-05-17,11.06,11.06,0,-0.03321678322
2010-05-18,11.13,11.13,0,0.006329113924
2010-05-19,11.13,11.13,0,0
2010-05-20,10.93,10.93,0,-0.01796945193
2010-05-21,10.6,10.6,0,-0.03019213175
2010-05-24,10.67,10.67,0,0.006603773585
2010-05-25,10.29,10.29,0,-0.03561387067
2010-05-26,10.48,10.48,0,0.01846452867
2010-05-27,10.5,10.5,0,0.001908396947
2010-05-28,10.51,10.51,0,0.0009523809524
2010-05-31,10.61,10.61,0,0.009514747859
2010-06-01,10.47,10.47,0,-0.01319509896
2010-06-02,10.35,10.35,0,-0.01146131805
2010-06-03,10.62,10.62,0,0.02608695652
2010-06-04,10.52,10.52,0,-0.009416195857
2010-06-07,10.24,10.24,0,-0.02661596958
2010-06-08,10.28,10.28,0,0.00390625
2010-06-09,10.13,10.13,0,-0.01459143969
2010-06-10,10.28,10.28,0,0.01480750247
2010-06-11,10.6,10.6,0,0.03112840467
2010-06-14,10.83,10.83,0,0.02169811321
2010-06-15,10.91,10.91,0,0.007386888273
2010-06-17,10.89,10.89,0,-0.001833180568
2010-06-18,10.85,10.85,0,-0.003673094582
2010-06-21,11.2,11.2,0,0.03225806452
2010-06-22,11.18,11.18,0,-0.001785714286
2010-06-23,11.11,11.11,0,-0.00626118068
2010-06-24,11.19,11.19,0,0.007200720072
2010-06-25,11.23,11.23,0,0.003574620197
2010-06-28,11.42,11.42,0,0.01691896705
2010-06-29,11.2,11.2,0,-0.01926444834
2010-06-30,11,11,0,-0.01785714286
2010-07-01,10.93,10.93,0,-0.006363636364
2010-07-02,11.35,11.35,0,0.0384263495
2010-07-05,11.47,11.47,0,0.01057268722
2010-07-06,11.63,11.63,0,0.0139494333
2010-07-07,11.58,11.58,0,-0.004299226139
2010-07-08,11.64,11.64,0,0.00518134715
2010-07-09,11.63,11.63,0,-0.0008591065292
2010-07-12,11.62,11.62,0,-0.0008598452279
2010-07-13,11.57,11.57,0,-0.00430292599
2010-07-14,11.85,11.85,0,0.02420051858
2010-07-15,11.96,11.96,0,0.009282700422
2010-07-16,12.05,12.05,0,0.007525083612
2010-07-19,12,12,0,-0.004149377593
2010-07-20,12.01,12.01,0,0.0008333333333
2010-07-21,11.94,11.94,0,-0.00582847627
2010-07-22,11.9,11.9,0,-0.003350083752
2010-07-23,11.99,11.99,0,0.00756302521
2010-07-26,11.97,11.97,0,-0.001668056714
2010-07-27,11.87,11.87,0,-0.008354218881
2010-07-28,11.97,11.97,0,0.008424599832
2010-07-29,11.97,11.97,0,0
2010-07-30,11.97,11.97,0,0
2010-08-02,12.47,12.47,0,0.0417710944
2010-08-03,12.45,12.45,0,-0.001603849238
2010-08-04,12.55,12.55,0,0.008032128514
2010-08-05,12.54,12.54,0,-0.000796812749
2010-08-06,12.54,12.54,0,0
2010-08-09,12.86,12.86,0,0.02551834131
2010-08-10,12.75,12.75,0,-0.008553654743
2010-08-11,12.53,12.53,0,-0.01725490196
2010-08-12,12.56,12.56,0,0.002394253791
2010-08-13,12.6,12.6,0,0.003184713376
2010-08-16,12.69,12.69,0,0.007142857143
2010-08-17,12.62,12.62,0,-0.005516154452
2010-08-18,12.52,12.52,0,-0.007923930269
2010-08-19,12.28,12.28,0,-0.01916932907
2010-08-20,12.4,12.4,0,0.009771986971
2010-08-23,12.62,12.62,0,0.01774193548
2010-08-24,12.64,12.64,0,0.001584786054
2010-08-25,12.14,12.14,0,-0.03955696203
2010-08-26,11.97,11.97,0,-0.01400329489
2010-08-27,12.04,12.04,0,0.005847953216
2010-08-30,12.21,12.21,0,0.01411960133
2010-08-31,12.11,12.11,0,-0.00819000819
2010-09-01,12.2,12.2,0,0.007431874484
2010-09-02,12.28,12.28,0,0.006557377049
2010-09-03,12.33,12.33,0,0.004071661238
2010-09-06,12.42,12.42,0,0.007299270073
2010-09-07,12.35,12.35,0,-0.005636070853
2010-09-08,12.26,12.26,0,-0.007287449393
2010-09-09,12.25,12.25,0,-0.0008156606852
2010-09-10,12.41,12.41,0,0.01306122449
2010-09-13,12.79,12.79,0,0.03062046737
2010-09-14,12.8,12.8,0,0.0007818608288
2010-09-15,12.88,12.88,0,0.00625
2010-09-16,12.8,12.8,0,-0.006211180124
2010-09-17,12.9,12.9,0,0.0078125
2010-09-20,12.91,12.91,0,0.0007751937984
2010-09-21,12.9,12.9,0,-0.0007745933385
2010-09-23,13,13,0,0.007751937984
2010-09-24,13,13,0,0
2010-09-27,13.05,13.05,0,0.003846153846
2010-09-28,12.93,12.93,0,-0.009195402299
2010-09-29,12.98,12.98,0,0.003866976025
2010-09-30,12.88,12.88,0,-0.007704160247
2010-10-01,12.96,12.96,0,0.006211180124
2010-10-04,13.06,13.06,0,0.007716049383
2010-10-05,13.08,13.08,0,0.001531393568
2010-10-06,13.19,13.19,0,0.008409785933
2010-10-07,13.22,13.22,0,0.002274450341
2010-10-08,13.11,13.11,0,-0.008320726172
2010-10-11,12.91,12.91,0,-0.01525553013
2010-10-12,12.79,12.79,0,-0.009295120062
2010-10-13,12.79,12.79,0,0
2010-10-14,12.93,12.93,0,0.0109460516
2010-10-15,12.93,12.93,0,0
2010-10-18,12.68,12.68,0,-0.01933488012
2010-10-19,12.65,12.65,0,-0.002365930599
2010-10-20,12.68,12.68,0,0.002371541502
2010-10-21,12.66,12.66,0,-0.001577287066
2010-10-22,12.66,12.66,0,0
2010-10-25,12.87,12.87,0,0.01658767773
2010-10-26,12.85,12.85,0,-0.001554001554
2010-10-27,12.75,12.75,0,-0.007782101167
2010-10-28,12.82,12.82,0,0.005490196078
2010-10-29,12.71,12.71,0,-0.008580343214
2010-11-01,12.94,12.94,0,0.01809598741
2010-11-02,13,13,0,0.004636785162
2010-11-03,12.9,12.9,0,-0.007692307692
2010-11-04,12.95,12.95,0,0.003875968992
2010-11-05,13.13,13.13,0,0.0138996139
2010-11-08,13.21,13.21,0,0.006092916984
2010-11-09,13.14,13.14,0,-0.005299015897
2010-11-10,13.05,13.05,0,-0.006849315068
2010-11-11,13.1,13.1,0,0.003831417625
2010-11-12,12.79,12.79,0,-0.02366412214
2010-11-15,12.62,12.62,0,-0.01329163409
2010-11-16,12.68,12.68,0,0.004754358162
2010-11-17,12.53,12.53,0,-0.011829653
2010-11-18,12.58,12.58,0,0.003990422985
2010-11-19,12.53,12.53,0,-0.003974562798
2010-11-22,12.64,12.64,0,0.008778930567
2010-11-23,12.14,12.14,0.4,-0.007911392405
2010-11-24,12.11,12.11,0,-0.002471169687
2010-11-25,12.23,12.23,0,0.009909165979
2010-11-26,12.13,12.13,0,-0.008176614881
2010-11-29,12.18,12.18,0,0.004122011542
2010-11-30,12.2,12.2,0,0.001642036125
2010-12-01,12.69,12.69,0,0.04016393443
2010-12-02,12.84,12.84,0,0.01182033097
2010-12-03,12.81,12.81,0,-0.002336448598
2010-12-06,13,13,0,0.01483216237
2010-12-07,13.01,13.01,0,0.0007692307692
2010-12-08,12.93,12.93,0,-0.006149116065
2010-12-09,13,13,0,0.005413766435
2010-12-10,12.9,12.9,0,-0.007692307692
2010-12-13,12.92,12.92,0,0.001550387597
2010-12-14,12.85,12.85,0,-0.005417956656
2010-12-15,12.9,12.9,0,0.003891050584
2010-12-16,12.95,12.95,0,0.003875968992
2010-12-17,13.13,13.13,0,0.0138996139
2010-12-20,13.13,13.13,0,0
2010-12-21,13.17,13.17,0,0.003046458492
2010-12-22,13.2,13.2,0,0.002277904328
2010-12-23,13.25,13.25,0,0.003787878788
2010-12-24,13.26,13.26,0,0.0007547169811
2010-12-27,13.61,13.61,0,0.02639517345
2010-12-28,13.53,13.53,0,-0.00587803086
2010-12-29,14.2,14.2,0,0.0495195861
2010-12-30,13.95,13.95,0,-0.0176056338
2010-12-31,14.34,14.34,0,0.02795698925
2011-01-03,14.62,14.62,0,0.01952580195
2011-01-04,14.21,14.21,0,-0.02804377565
2011-01-05,14,14,0,-0.01477832512
2011-01-06,14.18,14.18,0,0.01285714286
2011-01-07,13.83,13.83,0,-0.02468265162
2011-01-10,13.95,13.95,0,0.008676789588
2011-01-11,14.2,14.2,0,0.01792114695
2011-01-12,14.48,14.48,0,0.01971830986
2011-01-13,14.57,14.57,0,0.006215469613
2011-01-14,14.55,14.55,0,-0.001372683596
2011-01-17,14.4,14.4,0,-0.01030927835
2011-01-18,14.54,14.54,0,0.009722222222
2011-01-19,14.59,14.59,0,0.003438789546
2011-01-20,14.58,14.58,0,-0.0006854009596
2011-01-21,14.5,14.5,0,-0.00548696845
2011-01-24,14.5,14.5,0,0
2011-01-25,14.6,14.6,0,0.006896551724
2011-01-26,14.68,14.68,0,0.005479452055
2011-01-27,14.73,14.73,0,0.00340599455
2011-01-28,14.78,14.78,0,0.00339443313
2011-02-08,14.64,14.64,0,-0.009472259811
2011-02-09,14.47,14.47,0,-0.01161202186
2011-02-10,13.93,13.93,0,-0.03731859019
2011-02-11,13.25,13.25,0,-0.0488155061
2011-02-14,13.5,13.5,0,0.01886792453
2011-02-15,13.42,13.42,0,-0.005925925926
2011-02-16,13.48,13.48,0,0.004470938897
2011-02-17,13.27,13.27,0,-0.01557863501
2011-02-18,13.82,13.82,0,0.04144687265
2011-02-21,13.67,13.67,0,-0.01085383502
2011-02-22,13.5,13.5,0,-0.01243599122
2011-02-23,13.3,13.3,0,-0.01481481481
2011-02-24,13.33,13.33,0,0.002255639098
2011-02-25,13.28,13.28,0,-0.003750937734
2011-03-01,13.42,13.42,0,0.01054216867
2011-03-02,13.28,13.28,0,-0.01043219076
2011-03-03,13.52,13.52,0,0.01807228916
2011-03-04,13.54,13.54,0,0.001479289941
2011-03-07,13.53,13.53,0,-0.0007385524372
2011-03-08,13.53,13.53,0,0
2011-03-09,13.58,13.58,0,0.0036954915
2011-03-10,13.57,13.57,0,-0.000736377025
2011-03-11,13.5,13.5,0,-0.00515843773
2011-03-14,13.04,13.04,0,-0.03407407407
2011-03-15,12.68,12.68,0,-0.02760736196
2011-03-16,12.77,12.77,0,0.007097791798
2011-03-17,12.82,12.82,0,0.003915426782
2011-03-18,12.94,12.94,0,0.009360374415
2011-03-21,13.04,13.04,0,0.00772797527
2011-03-22,13.25,13.25,0,0.01610429448
2011-03-23,13.42,13.42,0,0.01283018868
2011-03-24,13.39,13.39,0,-0.002235469449
2011-03-25,13.41,13.41,0,0.001493651979
2011-03-28,13.46,13.46,0,0.003728560776
2011-03-29,13.5,13.5,0,0.002971768202
2011-03-30,13.68,13.68,0,0.01333333333
2011-03-31,13.7,13.7,0,0.001461988304
2011-04-01,13.72,13.72,0,0.001459854015
2011-04-06,13.88,13.88,0,0.01166180758
2011-04-07,13.9,13.9,0,0.00144092219
2011-04-08,13.91,13.91,0,0.0007194244604
2011-04-11,13.77,13.77,0,-0.01006470165
2011-04-12,13.58,13.58,0,-0.01379811184
2011-04-13,13.61,13.61,0,0.002209131075
2011-04-14,13.59,13.59,0,-0.001469507715
2011-04-15,13.42,13.42,0,-0.01250919794
2011-04-18,13.38,13.38,0,-0.002980625931
2011-04-19,13.21,13.21,0,-0.01270553064
2011-04-20,13.55,13.55,0,0.02573807721
2011-04-21,14.04,14.04,0,0.03616236162
2011-04-22,14.13,14.13,0,0.00641025641
2011-04-25,14.32,14.32,0,0.01344656759
2011-04-26,13.96,13.96,0,-0.0251396648
2011-04-27,14.31,14.31,0,0.02507163324
2011-04-28,14.25,14.25,0,-0.004192872117
2011-04-29,14.15,14.15,0,-0.00701754386
2011-05-03,14.28,14.28,0,0.009187279152
2011-05-04,14.17,14.17,0,-0.007703081232
2011-05-05,14.28,14.28,0,0.007762879323
2011-05-06,14.19,14.19,0,-0.006302521008
2011-05-09,14.36,14.36,0,0.01198026779
2011-05-10,14.38,14.38,0,0.00139275766
2011-05-11,14.28,14.28,0,-0.006954102921
2011-05-12,14.18,14.18,0,-0.00700280112
2011-05-13,14.19,14.19,0,0.0007052186178
2011-05-16,14.05,14.05,0,-0.009866102889
2011-05-17,14.06,14.06,0,0.0007117437722
2011-05-18,14,14,0,-0.00426742532
2011-05-19,13.93,13.93,0,-0.005
2011-05-20,13.89,13.89,0,-0.002871500359
2011-05-23,13.64,13.64,0,-0.01799856012
2011-05-24,13.69,13.69,0,0.00366568915
2011-05-25,13.58,13.58,0,-0.008035062089
2011-05-26,13.74,13.74,0,0.0117820324
2011-05-27,13.68,13.68,0,-0.004366812227
2011-05-30,13.73,13.73,0,0.00365497076
2011-05-31,14.07,14.07,0,0.02476329206
2011-06-01,14.06,14.06,0,-0.000710732054
2011-06-02,14,14,0,-0.00426742532
2011-06-03,14.1,14.1,0,0.007142857143
2011-06-07,14.08,14.08,0,-0.001418439716
2011-06-08,14,14,0,-0.005681818182
2011-06-09,14.01,14.01,0,0.0007142857143
2011-06-10,13.81,13.81,0,-0.01427551749
2011-06-13,13.6,13.6,0,-0.01520637219
2011-06-14,13.73,13.73,0,0.009558823529
2011-06-15,13.7,13.7,0,-0.002184996358
2011-06-16,13.45,13.45,0,-0.01824817518
2011-06-17,13.43,13.43,0,-0.001486988848
2011-06-20,13.35,13.35,0,-0.005956813105
2011-06-21,13.54,13.54,0,0.01423220974
2011-06-22,13.62,13.62,0,0.005908419498
2011-06-23,13.52,13.52,0,-0.007342143906
2011-06-24,13.4,13.4,0,-0.008875739645
2011-06-27,13.41,13.41,0,0.0007462686567
2011-06-28,13.41,13.41,0,0
2011-06-29,13.7,13.7,0,0.0216256525
2011-06-30,13.85,13.85,0,0.01094890511
2011-07-01,14.13,14.13,0,0.0202166065
2011-07-04,14.08,14.08,0,-0.003538570418
2011-07-05,14.05,14.05,0,-0.002130681818
2011-07-06,14.14,14.14,0,0.00640569395
2011-07-07,14.27,14.27,0,0.009193776521
2011-07-08,14.2,14.2,0,-0.004905395936
2011-07-11,14.25,14.25,0,0.003521126761
2011-07-12,14.05,14.05,0,-0.01403508772
2011-07-13,14.05,14.05,0,0
2011-07-14,14.01,14.01,0,-0.002846975089
2011-07-15,14.31,14.31,0,0.02141327623
2011-07-18,14.35,14.35,0,0.002795248078
2011-07-19,14.36,14.36,0,0.0006968641115
2011-07-20,14.55,14.55,0,0.01323119777
2011-07-21,14.53,14.53,0,-0.001374570447
2011-07-22,14.69,14.69,0,0.01101169993
2011-07-25,14.47,14.47,0,-0.01497617427
2011-07-26,14.65,14.65,0,0.01243953006
2011-07-27,14.8,14.8,0,0.01023890785
2011-07-28,14.69,14.69,0,-0.007432432432
2011-07-29,14.48,14.48,0,-0.01429543907
2011-08-01,14.9,14.9,0,0.02900552486
2011-08-02,14.74,14.74,0,-0.01073825503
2011-08-03,14.48,14.48,0,-0.01763907734
2011-08-04,14.47,14.47,0,-0.0006906077348
2011-08-05,13.56,13.56,0,-0.06288873531
2011-08-08,13.01,13.01,0,-0.04056047198
2011-08-09,12.98,12.98,0,-0.002305918524
2011-08-10,13.44,13.44,0,0.03543913713
2011-08-11,13.4,13.4,0,-0.002976190476
2011-08-12,13.2,13.2,0,-0.01492537313
2011-08-15,13.42,13.42,0,0.01666666667
2011-08-16,13.35,13.35,0,-0.00521609538
2011-08-17,13.37,13.37,0,0.001498127341
2011-08-18,13.1,13.1,0,-0.02019446522
2011-08-19,12.57,12.57,0,-0.04045801527
2011-08-22,12.9,12.9,0,0.02625298329
2011-08-23,13.23,13.23,0,0.02558139535
2011-08-24,12.99,12.99,0,-0.01814058957
2011-08-25,12.75,12.75,0,-0.01847575058
2011-08-26,12.76,12.76,0,0.0007843137255
2011-08-29,12.93,12.93,0,0.01332288401
2011-08-30,13,13,0,0.005413766435
2011-08-31,13.06,13.06,0,0.004615384615
2011-09-01,13.34,13.34,0,0.02143950995
2011-09-02,13.42,13.42,0,0.005997001499
2011-09-05,13.19,13.19,0,-0.01713859911
2011-09-06,12.4,12.4,0,-0.05989385898
2011-09-07,12.5,12.5,0,0.008064516129
2011-09-08,12.53,12.53,0,0.0024
2011-09-09,12.62,12.62,0,0.007182761373
2011-09-13,11.93,11.93,0,-0.05467511886
2011-09-14,11.54,11.54,0,-0.03269069573
2011-09-15,11.66,11.66,0,0.01039861352
2011-09-16,12.24,12.24,0,0.04974271012
2011-09-19,11.79,11.79,0,-0.03676470588
2011-09-20,11.78,11.78,0,-0.0008481764207
2011-09-21,11.86,11.86,0,0.006791171477
2011-09-22,11.5,11.5,0,-0.03035413153
2011-09-23,10.99,10.99,0,-0.04434782609
2011-09-26,10.73,10.73,0,-0.02365787079
2011-09-27,11.18,11.18,0,0.04193849021
2011-09-28,11.22,11.22,0,0.003577817531
2011-09-29,11.43,11.43,0,0.01871657754
2011-09-30,11.46,11.46,0,0.002624671916
2011-10-03,10.95,10.95,0,-0.0445026178
2011-10-04,11.1,11.1,0,0.01369863014
2011-10-05,10.86,10.86,0,-0.02162162162
2011-10-06,11.18,11.18,0,0.02946593002
2011-10-07,11.47,11.47,0,0.0259391771
2011-10-11,11.88,11.88,0,0.03574542284
2011-10-12,11.76,11.76,0,-0.0101010101
2011-10-13,11.78,11.78,0,0.001700680272
2011-10-14,11.6,11.6,0,-0.01528013582
2011-10-17,11.72,11.72,0,0.01034482759
2011-10-18,11.52,11.52,0,-0.01706484642
2011-10-19,11.56,11.56,0,0.003472222222
2011-10-20,11.35,11.35,0,-0.01816608997
2011-10-21,11.44,11.44,0,0.007929515419
2011-10-24,12.03,12.03,0,0.05157342657
2011-10-25,11.95,11.95,0,-0.006650041563
2011-10-26,12.05,12.05,0,0.008368200837
2011-10-27,12.12,12.12,0,0.005809128631
2011-10-28,12.3,12.3,0,0.01485148515
2011-10-31,12.25,12.25,0,-0.00406504065
2011-11-01,12.3,12.3,0,0.004081632653
2011-11-02,12.08,12.08,0,-0.01788617886
2011-11-03,11.72,11.72,0,-0.0298013245
2011-11-04,12.03,12.03,0,0.02645051195
2011-11-07,11.94,11.94,0,-0.007481296758
2011-11-08,11.89,11.89,0,-0.00418760469
2011-11-09,11.86,11.86,0,-0.00252312868
2011-11-10,11.24,11.24,0,-0.05227655987
2011-11-11,11.28,11.28,0,0.003558718861
2011-11-14,11.47,11.47,0,0.01684397163
2011-11-15,11.36,11.36,0,-0.009590235397
2011-11-16,11.05,11.05,0,-0.02728873239
2011-11-17,11.06,11.06,0,0.0009049773756
2011-11-18,11.01,11.01,0,-0.00452079566
2011-11-21,10.82,10.82,0,-0.01725703906
2011-11-22,10.76,10.76,0,-0.005545286506
2011-11-23,10.12,10.12,0.3,-0.03159851301
2011-11-24,10.39,10.39,0,0.0266798419
2011-11-25,10.23,10.23,0,-0.01539942252
2011-11-28,10.34,10.34,0,0.01075268817
2011-11-29,10.49,10.49,0,0.01450676983
2011-11-30,10.2,10.2,0,-0.02764537655
2011-12-01,10.91,10.91,0,0.06960784314
2011-12-02,10.88,10.88,0,-0.002749770852
2011-12-05,10.88,10.88,0,0
2011-12-06,10.54,10.54,0,-0.03125
2011-12-07,10.7,10.7,0,0.01518026565
2011-12-08,10.57,10.57,0,-0.01214953271
2011-12-09,10.48,10.48,0,-0.008514664144
2011-12-12,10.54,10.54,0,0.00572519084
2011-12-13,10.31,10.31,0,-0.02182163188
2011-12-14,10.35,10.35,0,0.003879728419
2011-12-15,10.06,10.06,0,-0.02801932367
2011-12-16,10.02,10.02,0,-0.003976143141
2011-12-19,9.6,9.6,0,-0.04191616766
2011-12-20,9.56,9.56,0,-0.004166666667
2011-12-21,10.22,10.22,0,0.0690376569
2011-12-22,10.38,10.38,0,0.0156555773
2011-12-23,10.83,10.83,0,0.04335260116
2011-12-26,10.76,10.76,0,-0.006463527239
2011-12-27,10.65,10.65,0,-0.01022304833
2011-12-28,10.66,10.66,0,0.0009389671362
2011-12-29,10.64,10.64,0,-0.001876172608
2011-12-30,10.56,10.56,0,-0.007518796992
2012-01-02,10.34,10.34,0,-0.02083333333
2012-01-03,10.66,10.66,0,0.03094777563
2012-01-04,10.6,10.6,0,-0.005628517824
2012-01-05,10.7,10.7,0,0.009433962264
2012-01-06,10.52,10.52,0,-0.01682242991
2012-01-09,10.39,10.39,0,-0.01235741445
2012-01-10,10.69,10.69,0,0.02887391723
2012-01-11,10.62,10.62,0,-0.006548175865
2012-01-12,10.59,10.59,0,-0.002824858757
2012-01-13,10.63,10.63,0,0.003777148253
2012-01-16,10.36,10.36,0,-0.02539981185
2012-01-17,10.56,10.56,0,0.01930501931
2012-01-18,10.37,10.37,0,-0.01799242424
2012-01-30,10.63,10.63,0,0.02507232401
2012-01-31,11.01,11.01,0,0.03574788335
2012-02-01,11.27,11.27,0,0.02361489555
2012-02-02,11.4,11.4,0,0.0115350488
2012-02-03,11.4,11.4,0,0
2012-02-04,11.9,11.9,0,0.04385964912
2012-02-06,11.62,11.62,0,-0.02352941176
2012-02-07,11.65,11.65,0,0.002581755594
2012-02-08,11.9,11.9,0,0.02145922747
2012-02-09,11.92,11.92,0,0.001680672269
2012-02-10,11.9,11.9,0,-0.001677852349
2012-02-13,12.02,12.02,0,0.01008403361
2012-02-14,11.72,11.72,0,-0.02495840266
2012-02-15,11.89,11.89,0,0.01450511945
2012-02-16,11.6,11.6,0,-0.0243902439
2012-02-17,11.65,11.65,0,0.004310344828
2012-02-20,11.67,11.67,0,0.001716738197
2012-02-21,11.51,11.51,0,-0.01371036847
2012-02-22,11.63,11.63,0,0.01042571677
2012-02-23,11.52,11.52,0,-0.009458297506
2012-02-24,11.6,11.6,0,0.006944444444
2012-02-29,11.85,11.85,0,0.02155172414
2012-03-01,11.85,11.85,0,0
2012-03-02,11.73,11.73,0,-0.01012658228
2012-03-03,11.65,11.65,0,-0.006820119352
2012-03-05,11.4,11.4,0,-0.02145922747
2012-03-06,11.3,11.3,0,-0.008771929825
2012-03-07,11.16,11.16,0,-0.01238938053
2012-03-08,11.48,11.48,0,0.02867383513
2012-03-09,11.43,11.43,0,-0.004355400697
2012-03-12,11.35,11.35,0,-0.006999125109
2012-03-13,11.68,11.68,0,0.02907488987
2012-03-14,11.67,11.67,0,-0.0008561643836
2012-03-15,11.67,11.67,0,0
2012-03-16,11.65,11.65,0,-0.001713796058
2012-03-19,11.58,11.58,0,-0.006008583691
2012-03-20,11.47,11.47,0,-0.009499136442
2012-03-21,11.47,11.47,0,0
2012-03-22,11.59,11.59,0,0.01046207498
2012-03-23,11.65,11.65,0,0.005176876618
2012-03-26,11.43,11.43,0,-0.01888412017
2012-03-27,11.46,11.46,0,0.002624671916
2012-03-28,11.45,11.45,0,-0.000872600349
2012-03-29,11.15,11.15,0,-0.02620087336
2012-03-30,11.13,11.13,0,-0.001793721973
2012-04-02,11.05,11.05,0,-0.007187780773
2012-04-03,10.96,10.96,0,-0.00814479638
2012-04-05,10.74,10.74,0,-0.0200729927
2012-04-06,10.78,10.78,0,0.003724394786
2012-04-09,10.67,10.67,0,-0.01020408163
2012-04-10,10.73,10.73,0,0.005623242737
2012-04-11,10.7,10.7,0,-0.002795899348
2012-04-12,10.7,10.7,0,0
2012-04-13,10.85,10.85,0,0.01401869159
2012-04-16,10.78,10.78,0,-0.006451612903
2012-04-17,10.66,10.66,0,-0.01113172542
2012-04-18,10.68,10.68,0,0.001876172608
2012-04-19,10.65,10.65,0,-0.002808988764
2012-04-20,10.57,10.57,0,-0.007511737089
2012-04-23,10.59,10.59,0,0.001892147588
2012-04-24,10.56,10.56,0,-0.00283286119
2012-04-25,10.68,10.68,0,0.01136363636
2012-04-26,10.58,10.58,0,-0.00936329588
2012-04-27,10.56,10.56,0,-0.001890359168
2012-04-30,10.69,10.69,0,0.01231060606
2012-05-02,10.98,10.98,0,0.02712815716
2012-05-03,10.85,10.85,0,-0.01183970856
2012-05-04,10.88,10.88,0,0.002764976959
2012-05-07,10.65,10.65,0,-0.02113970588
2012-05-08,10.66,10.66,0,0.0009389671362
2012-05-09,10.56,10.56,0,-0.009380863039
2012-05-10,10.6,10.6,0,0.003787878788
2012-05-11,10.41,10.41,0,-0.0179245283
2012-05-14,10.4,10.4,0,-0.0009606147935
2012-05-15,10.36,10.36,0,-0.003846153846
2012-05-16,10.08,10.08,0,-0.02702702703
2012-05-17,10.25,10.25,0,0.01686507937
2012-05-18,10.05,10.05,0,-0.01951219512
2012-05-21,10.16,10.16,0,0.01094527363
2012-05-22,10.22,10.22,0,0.005905511811
2012-05-23,10,10,0,-0.02152641879
2012-05-24,9.92,9.92,0,-0.008
2012-05-25,9.9,9.9,0,-0.002016129032
2012-05-28,9.98,9.98,0,0.008080808081
2012-05-29,10.24,10.24,0,0.02605210421
2012-05-30,10.12,10.12,0,-0.01171875
2012-05-31,10.16,10.16,0,0.00395256917
2012-06-01,9.98,9.98,0,-0.01771653543
2012-06-04,9.7,9.7,0,-0.02805611222
2012-06-05,9.87,9.87,0,0.0175257732
2012-06-06,9.9,9.9,0,0.003039513678
2012-06-07,9.96,9.96,0,0.006060606061
2012-06-08,10,10,0,0.004016064257
2012-06-11,10.2,10.2,0,0.02
2012-06-12,10.13,10.13,0,-0.006862745098
2012-06-13,10.2,10.2,0,0.006910167818
2012-06-14,10.21,10.21,0,0.0009803921569
2012-06-15,10.3,10.3,0,0.008814887365
2012-06-18,10.43,10.43,0,0.01262135922
2012-06-19,10.36,10.36,0,-0.006711409396
2012-06-20,10.43,10.43,0,0.006756756757
2012-06-21,10.31,10.31,0,-0.01150527325
2012-06-22,10.24,10.24,0,-0.006789524733
2012-06-25,10.15,10.15,0,-0.0087890625
2012-06-26,10.12,10.12,0,-0.002955665025
2012-06-27,10.19,10.19,0,0.006916996047
2012-06-28,10.21,10.21,0,0.001962708538
2012-06-29,10.38,10.38,0,0.0166503428
2012-07-02,10.56,10.56,0,0.01734104046
2012-07-03,10.65,10.65,0,0.008522727273
2012-07-04,10.71,10.71,0,0.005633802817
2012-07-05,10.69,10.69,0,-0.001867413632
2012-07-06,10.6,10.6,0,-0.008419083255
2012-07-09,10.6,10.6,0,0
2012-07-10,10.55,10.55,0,-0.004716981132
2012-07-11,10.71,10.71,0,0.01516587678
2012-07-12,10.61,10.61,0,-0.009337068161
2012-07-13,10.63,10.63,0,0.001885014138
2012-07-16,10.56,10.56,0,-0.006585136406
2012-07-17,10.7,10.7,0,0.01325757576
2012-07-18,10.63,10.63,0,-0.006542056075
2012-07-19,10.74,10.74,0,0.0103480715
2012-07-20,10.71,10.71,0,-0.002793296089
2012-07-23,10.58,10.58,0,-0.01213818861
2012-07-24,10.57,10.57,0,-0.0009451795841
2012-07-25,10.53,10.53,0,-0.003784295175
2012-07-26,10.68,10.68,0,0.01424501425
2012-07-27,10.76,10.76,0,0.007490636704
2012-07-30,10.88,10.88,0,0.01115241636
2012-07-31,10.98,10.98,0,0.009191176471
2012-08-01,11.01,11.01,0,0.002732240437
2012-08-03,10.9,10.9,0,-0.009990917348
2012-08-06,11.11,11.11,0,0.01926605505
2012-08-07,11.1,11.1,0,-0.000900090009
2012-08-08,11.1,11.1,0,0
2012-08-09,11.3,11.3,0,0.01801801802
2012-08-10,11.21,11.21,0,-0.00796460177
2012-08-13,11.2,11.2,0,-0.0008920606601
2012-08-14,11.18,11.18,0,-0.001785714286
2012-08-15,11.14,11.14,0,-0.003577817531
2012-08-16,11.24,11.24,0,0.008976660682
2012-08-17,11.22,11.22,0,-0.001779359431
2012-08-20,11.17,11.17,0,-0.004456327986
2012-08-21,11.3,11.3,0,0.01163831692
2012-08-22,11.31,11.31,0,0.0008849557522
2012-08-23,11.34,11.34,0,0.002652519894
2012-08-24,11.27,11.27,0,-0.006172839506
2012-08-27,11.26,11.26,0,-0.0008873114463
2012-08-28,11.08,11.08,0,-0.01598579041
2012-08-29,11.11,11.11,0,0.002707581227
2012-08-30,11,11,0,-0.009900990099
2012-08-31,11.05,11.05,0,0.004545454545
2012-09-03,11.1,11.1,0,0.004524886878
2012-09-04,11.01,11.01,0,-0.008108108108
2012-09-05,10.86,10.86,0,-0.0136239782
2012-09-06,10.9,10.9,0,0.003683241252
2012-09-07,11.01,11.01,0,0.01009174312
2012-09-10,11.02,11.02,0,0.0009082652134
2012-09-11,11.02,11.02,0,0
2012-09-12,11.13,11.13,0,0.00998185118
2012-09-13,11.16,11.16,0,0.00269541779
2012-09-14,11.55,11.55,0,0.03494623656
2012-09-17,11.75,11.75,0,0.01731601732
2012-09-18,11.69,11.69,0,-0.005106382979
2012-09-19,11.74,11.74,0,0.004277159966
2012-09-20,11.71,11.71,0,-0.002555366269
2012-09-21,11.71,11.71,0,0
2012-09-24,11.7,11.7,0,-0.000853970965
2012-09-25,11.67,11.67,0,-0.002564102564
2012-09-26,11.57,11.57,0,-0.008568980291
2012-09-27,11.6,11.6,0,0.002592912705
2012-09-28,11.56,11.56,0,-0.003448275862
2012-10-01,11.52,11.52,0,-0.003460207612
2012-10-02,11.58,11.58,0,0.005208333333
2012-10-03,11.52,11.52,0,-0.00518134715
2012-10-04,11.61,11.61,0,0.0078125
2012-10-05,11.67,11.67,0,0.005167958656
2012-10-08,11.56,11.56,0,-0.00942587832
2012-10-09,11.55,11.55,0,-0.0008650519031
2012-10-11,11.31,11.31,0,-0.02077922078
2012-10-12,11.24,11.24,0,-0.006189213086
2012-10-15,11.2,11.2,0,-0.003558718861
2012-10-16,11.28,11.28,0,0.007142857143
2012-10-17,11.25,11.25,0,-0.002659574468
2012-10-18,11.28,11.28,0,0.002666666667
2012-10-19,11.21,11.21,0,-0.006205673759
2012-10-22,11.12,11.12,0,-0.008028545941
2012-10-23,11.05,11.05,0,-0.006294964029
2012-10-24,11.03,11.03,0,-0.001809954751
2012-10-25,10.97,10.97,0,-0.005439709882
2012-10-26,10.63,10.63,0,-0.03099361896
2012-10-29,10.56,10.56,0,-0.006585136406
2012-10-30,10.69,10.69,0,0.01231060606
2012-10-31,10.59,10.59,0,-0.00935453695
2012-11-01,10.58,10.58,0,-0.0009442870633
2012-11-02,10.72,10.72,0,0.01323251418
2012-11-05,10.69,10.69,0,-0.002798507463
2012-11-06,10.79,10.79,0,0.00935453695
2012-11-07,10.9,10.9,0,0.01019462465
2012-11-08,10.71,10.71,0,-0.01743119266
2012-11-09,10.83,10.83,0,0.01120448179
2012-11-12,10.75,10.75,0,-0.007386888273
2012-11-13,10.58,10.58,0,-0.01581395349
2012-11-14,10.6,10.6,0,0.001890359168
2012-11-15,10.57,10.57,0,-0.002830188679
2012-11-16,10.57,10.57,0,0
2012-11-19,10.61,10.61,0,0.003784295175
2012-11-20,10.63,10.63,0,0.001885014138
2012-11-21,10.49,10.49,0,-0.01317027281
2012-11-22,10.41,10.41,0.25,0.01620591039
2012-11-23,10.7,10.7,0,0.02785782901
2012-11-26,10.88,10.88,0,0.01682242991
2012-11-27,10.9,10.9,0,0.001838235294
2012-11-28,10.94,10.94,0,0.003669724771
2012-11-29,11.03,11.03,0,0.008226691042
2012-11-30,11.06,11.06,0,0.002719854941
2012-12-03,11.09,11.09,0,0.002712477396
2012-12-04,11.14,11.14,0,0.004508566276
2012-12-05,11.23,11.23,0,0.008078994614
2012-12-06,11.23,11.23,0,0
2012-12-07,11.25,11.25,0,0.0017809439
2012-12-10,11.22,11.22,0,-0.002666666667
2012-12-11,11.17,11.17,0,-0.004456327986
2012-12-12,11.39,11.39,0,0.01969561325
2012-12-13,11.46,11.46,0,0.006145741879
2012-12-14,11.39,11.39,0,-0.006108202443
2012-12-17,11.36,11.36,0,-0.002633889377
2012-12-18,11.38,11.38,0,0.00176056338
2012-12-19,11.46,11.46,0,0.007029876977
2012-12-20,11.3,11.3,0,-0.01396160558
2012-12-21,11.16,11.16,0,-0.01238938053
2012-12-22,11.2,11.2,0,0.003584229391
2012-12-24,11.22,11.22,0,0.001785714286
2012-12-25,11.35,11.35,0,0.01158645276
2012-12-26,11.33,11.33,0,-0.001762114537
2012-12-27,11.32,11.32,0,-0.0008826125331
2012-12-28,11.39,11.39,0,0.006183745583
2013-01-02,11.47,11.47,0,0.007023705004
2013-01-03,11.49,11.49,0,0.001743679163
2013-01-04,11.38,11.38,0,-0.009573542211
2013-01-07,11.39,11.39,0,0.0008787346221
2013-01-08,11.36,11.36,0,-0.002633889377
2013-01-09,11.41,11.41,0,0.004401408451
2013-01-10,11.59,11.59,0,0.01577563541
2013-01-11,11.6,11.6,0,0.0008628127696
2013-01-14,11.61,11.61,0,0.0008620689655
2013-01-15,11.55,11.55,0,-0.005167958656
2013-01-16,11.48,11.48,0,-0.006060606061
2013-01-17,11.34,11.34,0,-0.01219512195
2013-01-18,11.45,11.45,0,0.009700176367
2013-01-21,11.51,11.51,0,0.005240174672
2013-01-22,11.55,11.55,0,0.003475238923
2013-01-23,11.5,11.5,0,-0.004329004329
2013-01-24,11.44,11.44,0,-0.005217391304
2013-01-25,11.46,11.46,0,0.001748251748
2013-01-28,11.66,11.66,0,0.01745200698
2013-01-29,11.69,11.69,0,0.002572898799
2013-01-30,11.78,11.78,0,0.007698887938
2013-01-31,11.86,11.86,0,0.006791171477
2013-02-01,11.93,11.93,0,0.005902192243
2013-02-04,12.36,12.36,0,0.03604358759
2013-02-05,12.36,12.36,0,0
2013-02-06,12.47,12.47,0,0.008899676375
2013-02-18,12.55,12.55,0,0.006415396953
2013-02-19,12.52,12.52,0,-0.002390438247
2013-02-20,12.62,12.62,0,0.007987220447
2013-02-21,12.43,12.43,0,-0.01505546751
2013-02-22,12.5,12.5,0,0.005631536605
2013-02-23,12.56,12.56,0,0.0048
2013-02-25,12.53,12.53,0,-0.002388535032
2013-02-26,12.41,12.41,0,-0.009577015164
2013-02-27,12.44,12.44,0,0.002417405318
2013-03-01,12.52,12.52,0,0.006430868167
2013-03-04,12.36,12.36,0,-0.01277955272
2013-03-05,12.54,12.54,0,0.0145631068
2013-03-06,12.56,12.56,0,0.001594896332
2013-03-07,12.7,12.7,0,0.01114649682
2013-03-08,12.95,12.95,0,0.01968503937
2013-03-11,13.09,13.09,0,0.01081081081
2013-03-12,12.84,12.84,0,-0.01909854851
2013-03-13,12.84,12.84,0,0
2013-03-14,12.83,12.83,0,-0.0007788161994
2013-03-15,12.73,12.73,0,-0.007794232268
2013-03-18,12.43,12.43,0,-0.02356637863
2013-03-19,12.52,12.52,0,0.007240547064
2013-03-20,12.56,12.56,0,0.003194888179
2013-03-21,12.6,12.6,0,0.003184713376
2013-03-22,12.54,12.54,0,-0.004761904762
2013-03-25,12.63,12.63,0,0.007177033493
2013-03-26,12.66,12.66,0,0.002375296912
2013-03-27,12.75,12.75,0,0.007109004739
2013-03-28,12.64,12.64,0,-0.00862745098
2013-03-29,12.74,12.74,0,0.007911392405
2013-04-01,12.67,12.67,0,-0.005494505495
2013-04-02,12.54,12.54,0,-0.01026045777
2013-04-03,12.62,12.62,0,0.006379585327
2013-04-08,12.3,12.3,0,-0.02535657686
2013-04-09,12.3,12.3,0,0
2013-04-10,12.33,12.33,0,0.00243902439
2013-04-11,12.4,12.4,0,0.005677210057
2013-04-12,12.34,12.34,0,-0.004838709677
2013-04-15,12.21,12.21,0,-0.01053484603
2013-04-16,12.23,12.23,0,0.001638001638
2013-04-17,12.13,12.13,0,-0.008176614881
2013-04-18,12.1,12.1,0,-0.002473206925
2013-04-19,12.3,12.3,0,0.01652892562
2013-04-22,12.39,12.39,0,0.007317073171
2013-04-23,12.35,12.35,0,-0.003228410008
2013-04-24,12.51,12.51,0,0.01295546559
2013-04-25,12.45,12.45,0,-0.00479616307
2013-04-26,12.46,12.46,0,0.0008032128514
2013-04-29,12.43,12.43,0,-0.002407704655
2013-04-30,12.57,12.57,0,0.01126307321
2013-05-02,12.63,12.63,0,0.00477326969
2013-05-03,12.66,12.66,0,0.002375296912
2013-05-06,12.59,12.59,0,-0.005529225908
2013-05-07,12.58,12.58,0,-0.0007942811755
2013-05-08,12.67,12.67,0,0.007154213037
2013-05-09,12.72,12.72,0,0.003946329913
2013-05-10,12.74,12.74,0,0.001572327044
2013-05-13,12.71,12.71,0,-0.002354788069
2013-05-14,12.7,12.7,0,-0.0007867820614
2013-05-15,12.87,12.87,0,0.01338582677
2013-05-16,13.15,13.15,0,0.02175602176
2013-05-17,13.05,13.05,0,-0.007604562738
2013-05-20,13.14,13.14,0,0.006896551724
2013-05-21,13.07,13.07,0,-0.005327245053
2013-05-22,13.04,13.04,0,-0.002295332823
2013-05-23,12.75,12.75,0,-0.0222392638
2013-05-24,12.66,12.66,0,-0.007058823529
2013-05-27,12.73,12.73,0,0.005529225908
2013-05-28,12.75,12.75,0,0.001571091909
2013-05-29,12.84,12.84,0,0.007058823529
2013-05-30,12.7,12.7,0,-0.01090342679
2013-05-31,12.71,12.71,0,0.0007874015748
2013-06-03,12.64,12.64,0,-0.00550747443
2013-06-04,12.54,12.54,0,-0.007911392405
2013-06-05,12.54,12.54,0,0
2013-06-06,12.43,12.43,0,-0.008771929825
2013-06-07,12.45,12.45,0,0.001609010459
2013-06-10,12.62,12.62,0,0.01365461847
2013-06-11,12.64,12.64,0,0.001584786054
2013-06-13,12.44,12.44,0,-0.01582278481
2013-06-14,12.38,12.38,0,-0.004823151125
2013-06-17,12.51,12.51,0,0.01050080775
2013-06-18,12.48,12.48,0,-0.002398081535
2013-06-19,12.44,12.44,0,-0.003205128205
2013-06-20,12.33,12.33,0,-0.00884244373
2013-06-21,12.34,12.34,0,0.0008110300081
2013-06-24,12.32,12.32,0,-0.001620745543
2013-06-25,12.08,12.08,0,-0.01948051948
2013-06-26,12.19,12.19,0,0.009105960265
2013-06-27,12.33,12.33,0,0.01148482363
2013-06-28,12.43,12.43,0,0.008110300081
2013-07-01,12.56,12.56,0,0.01045856798
2013-07-02,12.51,12.51,0,-0.00398089172
2013-07-03,12.25,12.25,0,-0.0207833733
2013-07-04,12.25,12.25,0,0
2013-07-05,12.31,12.31,0,0.004897959184
2013-07-08,12.24,12.24,0,-0.005686433794
2013-07-09,12.47,12.47,0,0.01879084967
2013-07-10,12.64,12.64,0,0.01363271852
2013-07-11,12.89,12.89,0,0.01977848101
2013-07-12,12.98,12.98,0,0.006982156711
2013-07-15,12.96,12.96,0,-0.001540832049
2013-07-16,13,13,0,0.003086419753
2013-07-17,13.2,13.2,0,0.01538461538
2013-07-18,13.23,13.23,0,0.002272727273
2013-07-19,13.13,13.13,0,-0.007558578987
2013-07-22,13.24,13.24,0,0.008377760853
2013-07-23,13.36,13.36,0,0.009063444109
2013-07-24,13.3,13.3,0,-0.004491017964
2013-07-25,13.29,13.29,0,-0.0007518796992
2013-07-26,13.3,13.3,0,0.0007524454477
2013-07-29,13.24,13.24,0,-0.004511278195
2013-07-30,13.4,13.4,0,0.01208459215
2013-07-31,13.41,13.41,0,0.0007462686567
2013-08-01,13.35,13.35,0,-0.004474272931
2013-08-02,13.42,13.42,0,0.005243445693
2013-08-05,13.45,13.45,0,0.002235469449
2013-08-06,13.28,13.28,0,-0.0126394052
2013-08-07,13.07,13.07,0,-0.01581325301
2013-08-08,13,13,0,-0.005355776588
2013-08-09,12.93,12.93,0,-0.005384615385
2013-08-12,13.03,13.03,0,0.007733952049
2013-08-13,13.05,13.05,0,0.001534919417
2013-08-14,13.05,13.05,0,0
2013-08-15,12.96,12.96,0,-0.006896551724
2013-08-16,13.04,13.04,0,0.006172839506
2013-08-19,13.06,13.06,0,0.001533742331
2013-08-20,13,13,0,-0.004594180704
2013-08-22,12.85,12.85,0,-0.01153846154
2013-08-23,12.95,12.95,0,0.007782101167
2013-08-26,12.95,12.95,0,0
2013-08-27,12.89,12.89,0,-0.004633204633
2013-08-28,12.83,12.83,0,-0.00465477114
2013-08-29,12.97,12.97,0,0.01091192518
2013-08-30,13.05,13.05,0,0.006168080185
2013-09-02,13.11,13.11,0,0.004597701149
2013-09-03,13.31,13.31,0,0.01525553013
2013-09-04,13.37,13.37,0,0.004507888805
2013-09-05,13.38,13.38,0,0.0007479431563
2013-09-06,13.39,13.39,0,0.0007473841555
2013-09-09,13.34,13.34,0,-0.003734129948
2013-09-10,13.32,13.32,0,-0.001499250375
2013-09-11,13.41,13.41,0,0.006756756757
2013-09-12,13.49,13.49,0,0.005965697241
2013-09-13,13.49,13.49,0,0
2013-09-14,13.43,13.43,0,-0.004447739066
2013-09-16,13.54,13.54,0,0.008190618019
2013-09-17,13.55,13.55,0,0.0007385524372
2013-09-18,13.6,13.6,0,0.0036900369
2013-09-23,13.72,13.72,0,0.008823529412
2013-09-24,13.69,13.69,0,-0.002186588921
2013-09-25,13.67,13.67,0,-0.00146092038
2013-09-26,13.52,13.52,0,-0.01097293343
2013-09-27,13.6,13.6,0,0.005917159763
2013-09-30,13.53,13.53,0,-0.005147058824
2013-10-01,13.46,13.46,0,-0.005173688101
2013-10-02,13.47,13.47,0,0.0007429420505
2013-10-03,13.8,13.8,0,0.02449888641
2013-10-04,13.82,13.82,0,0.001449275362
2013-10-07,13.86,13.86,0,0.002894356006
2013-10-08,14.04,14.04,0,0.01298701299
2013-10-09,14.1,14.1,0,0.004273504274
2013-10-11,14.13,14.13,0,0.002127659574
2013-10-14,14.1,14.1,0,-0.002123142251
2013-10-15,14.12,14.12,0,0.001418439716
2013-10-16,14.11,14.11,0,-0.0007082152975
2013-10-17,14.06,14.06,0,-0.003543586109
2013-10-18,14.03,14.03,0,-0.00213371266
2013-10-21,14.01,14.01,0,-0.00142551675
2013-10-22,14.08,14.08,0,0.004996431121
2013-10-23,13.95,13.95,0,-0.009232954545
2013-10-24,13.97,13.97,0,0.001433691756
2013-10-25,13.86,13.86,0,-0.007874015748
2013-10-28,13.97,13.97,0,0.007936507937
2013-10-29,14.04,14.04,0,0.005010737294
2013-10-30,14.07,14.07,0,0.002136752137
2013-10-31,14.11,14.11,0,0.002842928216
2013-11-01,14,14,0,-0.00779588944
2013-11-04,13.87,13.87,0,-0.009285714286
2013-11-05,13.75,13.75,0,-0.008651766402
2013-11-06,13.78,13.78,0,0.002181818182
2013-11-07,13.73,13.73,0,-0.003628447025
2013-11-08,13.72,13.72,0,-0.0007283321194
2013-11-11,13.72,13.72,0,0
2013-11-12,13.79,13.79,0,0.005102040816
2013-11-13,13.7,13.7,0,-0.006526468455
2013-11-14,13.72,13.72,0,0.001459854015
2013-11-15,13.78,13.78,0,0.004373177843
2013-11-18,13.9,13.9,0,0.008708272859
2013-11-19,13.97,13.97,0,0.005035971223
2013-11-20,13.95,13.95,0,-0.001431639227
2013-11-21,13.77,13.77,0,-0.01290322581
2013-11-22,13.9,13.9,0,0.009440813362
2013-11-25,13.75,13.75,0.35,0.01438848921
2013-11-26,13.76,13.76,0,0.0007272727273
2013-11-27,13.69,13.69,0,-0.005087209302
2013-11-28,13.81,13.81,0,0.008765522279
2013-11-29,13.81,13.81,0,0
2013-12-02,13.81,13.81,0,0
2013-12-03,13.82,13.82,0,0.0007241129616
2013-12-04,13.83,13.83,0,0.0007235890014
2013-12-05,13.77,13.77,0,-0.004338394794
2013-12-06,13.73,13.73,0,-0.00290486565
2013-12-09,13.83,13.83,0,0.007283321194
2013-12-10,13.85,13.85,0,0.001446131598
2013-12-11,13.91,13.91,0,0.004332129964
2013-12-12,13.79,13.79,0,-0.008626887132
2013-12-13,13.8,13.8,0,0.0007251631617
2013-12-16,13.77,13.77,0,-0.002173913043
2013-12-17,13.73,13.73,0,-0.00290486565
2013-12-18,13.73,13.73,0,0
2013-12-19,13.84,13.84,0,0.008011653314
2013-12-20,13.84,13.84,0,0
2013-12-23,13.96,13.96,0,0.008670520231
2013-12-24,13.92,13.92,0,-0.002865329513
2013-12-25,13.96,13.96,0,0.002873563218
2013-12-26,13.94,13.94,0,-0.001432664756
2013-12-27,13.99,13.99,0,0.003586800574
2013-12-30,14.2,14.2,0,0.01501072194
2013-12-31,14.18,14.18,0,-0.001408450704
2014-01-02,14.27,14.27,0,0.00634696756
2014-01-03,14.12,14.12,0,-0.01051156272
2014-01-06,14,14,0,-0.008498583569
2014-01-07,14.09,14.09,0,0.006428571429
2014-01-08,14.07,14.07,0,-0.001419446416
2014-01-09,14.01,14.01,0,-0.004264392324
2014-01-10,14,14,0,-0.0007137758744
2014-01-13,14.07,14.07,0,0.005
2014-01-14,13.99,13.99,0,-0.005685856432
2014-01-15,14.04,14.04,0,0.003573981415
2014-01-16,14.07,14.07,0,0.002136752137
2014-01-17,14.01,14.01,0,-0.004264392324
2014-01-20,14.06,14.06,0,0.003568879372
2014-01-21,14.1,14.1,0,0.002844950213
2014-01-22,14.11,14.11,0,0.0007092198582
2014-01-23,14.03,14.03,0,-0.005669737775
2014-01-24,14,14,0,-0.002138275125
2014-01-27,13.76,13.76,0,-0.01714285714
2014-02-05,13.41,13.41,0,-0.02543604651
2014-02-06,13.45,13.45,0,0.00298284862
2014-02-07,13.54,13.54,0,0.006691449814
2014-02-10,13.58,13.58,0,0.002954209749
2014-02-11,13.65,13.65,0,0.005154639175
2014-02-12,13.7,13.7,0,0.003663003663
2014-02-13,13.66,13.66,0,-0.002919708029
2014-02-14,13.73,13.73,0,0.005124450952
2014-02-17,13.74,13.74,0,0.0007283321194
2014-02-18,13.79,13.79,0,0.003639010189
2014-02-19,13.8,13.8,0,0.0007251631617
2014-02-20,13.73,13.73,0,-0.005072463768
2014-02-21,13.85,13.85,0,0.008739985433
2014-02-24,13.65,13.65,0,-0.01444043321
2014-02-25,13.61,13.61,0,-0.00293040293
2014-02-26,13.63,13.63,0,0.001469507715
2014-02-27,13.63,13.63,0,0
2014-03-03,13.49,13.49,0,-0.01027146001
2014-03-04,13.41,13.41,0,-0.005930318755
2014-03-05,13.46,13.46,0,0.003728560776
2014-03-06,13.56,13.56,0,0.007429420505
2014-03-07,13.57,13.57,0,0.0007374631268
2014-03-10,13.49,13.49,0,-0.005895357406
2014-03-11,13.44,13.44,0,-0.003706449222
2014-03-12,13.39,13.39,0,-0.003720238095
2014-03-13,13.46,13.46,0,0.005227781927
2014-03-14,13.39,13.39,0,-0.005200594354
2014-03-17,13.34,13.34,0,-0.003734129948
2014-03-18,13.5,13.5,0,0.011994003
2014-03-19,13.43,13.43,0,-0.005185185185
2014-03-20,13.23,13.23,0,-0.01489203276
2014-03-21,13.22,13.22,0,-0.0007558578987
2014-03-24,13.18,13.18,0,-0.003025718608
2014-03-25,13.28,13.28,0,0.007587253414
2014-03-26,13.33,13.33,0,0.003765060241
2014-03-27,13.35,13.35,0,0.001500375094
2014-03-28,13.32,13.32,0,-0.002247191011
2014-03-31,13.37,13.37,0,0.003753753754
2014-04-01,13.43,13.43,0,0.004487658938
2014-04-02,13.46,13.46,0,0.002233804914
2014-04-03,13.43,13.43,0,-0.002228826152
2014-04-07,13.39,13.39,0,-0.002978406552
2014-04-08,13.44,13.44,0,0.003734129948
2014-04-09,13.44,13.44,0,0
2014-04-10,13.52,13.52,0,0.005952380952
2014-04-11,13.52,13.52,0,0
2014-04-14,13.49,13.49,0,-0.002218934911
2014-04-15,13.46,13.46,0,-0.002223869533
2014-04-16,13.43,13.43,0,-0.002228826152
2014-04-17,13.45,13.45,0,0.001489203276
2014-04-18,13.4,13.4,0,-0.003717472119
2014-04-21,13.37,13.37,0,-0.00223880597
2014-04-22,13.4,13.4,0,0.002243829469
2014-04-23,13.31,13.31,0,-0.00671641791
2014-04-24,13.3,13.3,0,-0.0007513148009
2014-04-25,13.1,13.1,0,-0.01503759398
2014-04-28,13.05,13.05,0,-0.003816793893
2014-04-29,13.07,13.07,0,0.00153256705
2014-04-30,13,13,0,-0.005355776588
2014-05-02,13.05,13.05,0,0.003846153846
2014-05-05,13,13,0,-0.003831417625
2014-05-06,13.24,13.24,0,0.01846153846
2014-05-07,13.16,13.16,0,-0.006042296073
2014-05-08,13.29,13.29,0,0.009878419453
2014-05-09,13.26,13.26,0,-0.002257336343
2014-05-12,13.21,13.21,0,-0.003770739065
2014-05-13,13.24,13.24,0,0.002271006813
2014-05-14,13.26,13.26,0,0.001510574018
2014-05-15,13.27,13.27,0,0.000754147813
2014-05-16,13.35,13.35,0,0.006028636021
2014-05-19,13.4,13.4,0,0.003745318352
2014-05-20,13.36,13.36,0,-0.002985074627
2014-05-21,13.25,13.25,0,-0.008233532934
2014-05-22,13.36,13.36,0,0.008301886792
2014-05-23,13.46,13.46,0,0.00748502994
2014-05-26,13.51,13.51,0,0.003714710253
2014-05-27,13.55,13.55,0,0.0029607698
2014-05-28,13.74,13.74,0,0.01402214022
2014-05-29,13.75,13.75,0,0.0007278020378
2014-05-30,13.73,13.73,0,-0.001454545455
2014-06-03,13.72,13.72,0,-0.0007283321194
2014-06-04,13.66,13.66,0,-0.004373177843
2014-06-05,13.68,13.68,0,0.001464128843
2014-06-06,13.68,13.68,0,0
2014-06-09,13.72,13.72,0,0.002923976608
2014-06-10,13.84,13.84,0,0.008746355685
2014-06-11,13.83,13.83,0,-0.0007225433526
2014-06-12,13.84,13.84,0,0.000723065799
2014-06-13,13.83,13.83,0,-0.0007225433526
2014-06-16,13.88,13.88,0,0.003615328995
2014-06-17,13.89,13.89,0,0.0007204610951
2014-06-18,13.87,13.87,0,-0.001439884809
2014-06-19,13.93,13.93,0,0.004325883201
2014-06-20,13.92,13.92,0,-0.0007178750897
2014-06-23,13.93,13.93,0,0.0007183908046
2014-06-24,13.97,13.97,0,0.002871500359
2014-06-25,13.95,13.95,0,-0.001431639227
2014-06-26,14.05,14.05,0,0.007168458781
2014-06-27,14.05,14.05,0,0
2014-06-30,14.11,14.11,0,0.004270462633
2014-07-01,14.12,14.12,0,0.0007087172218
2014-07-02,14.08,14.08,0,-0.00283286119
2014-07-03,14.08,14.08,0,0
2014-07-04,14.07,14.07,0,-0.0007102272727
2014-07-07,14.04,14.04,0,-0.002132196162
2014-07-08,14.22,14.22,0,0.01282051282
2014-07-09,14.33,14.33,0,0.007735583685
2014-07-10,14.57,14.57,0,0.01674808095
2014-07-11,14.47,14.47,0,-0.006863417982
2014-07-14,14.78,14.78,0,0.02142363511
2014-07-15,15,15,0,0.0148849797
2014-07-16,14.92,14.92,0,-0.005333333333
2014-07-17,15,15,0,0.005361930295
2014-07-18,15,15,0,0
2014-07-21,15.07,15.07,0,0.004666666667
2014-07-22,15.04,15.04,0,-0.00199071002
2014-07-24,15.26,15.26,0,0.01462765957
2014-07-25,15.27,15.27,0,0.0006553079948
2014-07-28,15.47,15.47,0,0.01309757695
2014-07-29,15.25,15.25,0,-0.01422107304
2014-07-30,15.36,15.36,0,0.007213114754
2014-07-31,15.23,15.23,0,-0.008463541667
2014-08-01,15.01,15.01,0,-0.014445174
2014-08-04,15,15,0,-0.0006662225183
2014-08-05,14.62,14.62,0,-0.02533333333
2014-08-06,14.75,14.75,0,0.008891928865
2014-08-07,14.83,14.83,0,0.005423728814
2014-08-08,14.78,14.78,0,-0.003371544167
2014-08-11,14.95,14.95,0,0.01150202977
2014-08-12,14.89,14.89,0,-0.004013377926
2014-08-13,15.04,15.04,0,0.01007387508
2014-08-14,15.03,15.03,0,-0.000664893617
2014-08-15,15,15,0,-0.001996007984
2014-08-18,14.9,14.9,0,-0.006666666667
2014-08-19,14.99,14.99,0,0.006040268456
2014-08-20,15.3,15.3,0,0.02068045364
2014-08-21,15.4,15.4,0,0.006535947712
2014-08-22,15.62,15.62,0,0.01428571429
2014-08-25,15.63,15.63,0,0.0006402048656
2014-08-26,15.61,15.61,0,-0.001279590531
2014-08-27,15.7,15.7,0,0.005765534914
2014-08-28,15.66,15.66,0,-0.002547770701
2014-08-29,15.61,15.61,0,-0.00319284802
2014-09-01,15.7,15.7,0,0.005765534914
2014-09-02,15.55,15.55,0,-0.009554140127
2014-09-03,15.64,15.64,0,0.00578778135
2014-09-04,15.64,15.64,0,0
2014-09-05,15.72,15.72,0,0.005115089514
2014-09-09,15.75,15.75,0,0.001908396947
2014-09-10,15.65,15.65,0,-0.006349206349
2014-09-11,15.62,15.62,0,-0.001916932907
2014-09-12,15.55,15.55,0,-0.004481434059
2014-09-15,15.4,15.4,0,-0.009646302251
2014-09-16,15.28,15.28,0,-0.007792207792
2014-09-17,15.38,15.38,0,0.006544502618
2014-09-18,15.4,15.4,0,0.001300390117
2014-09-19,15.51,15.51,0,0.007142857143
2014-09-22,15.3,15.3,0,-0.01353965184
2014-09-23,15.29,15.29,0,-0.0006535947712
2014-09-24,15.29,15.29,0,0
2014-09-25,15.13,15.13,0,-0.01046435579
2014-09-26,15.12,15.12,0,-0.0006609385327
2014-09-29,15,15,0,-0.007936507937
2014-09-30,14.92,14.92,0,-0.005333333333
2014-10-01,14.83,14.83,0,-0.006032171582
2014-10-02,14.82,14.82,0,-0.0006743088334
2014-10-03,15.1,15.1,0,0.01889338731
2014-10-06,15.02,15.02,0,-0.005298013245
2014-10-07,14.88,14.88,0,-0.009320905459
2014-10-08,15.02,15.02,0,0.009408602151
2014-10-09,15.09,15.09,0,0.00466045273
2014-10-13,14.75,14.75,0,-0.0225314778
2014-10-14,14.9,14.9,0,0.01016949153
2014-10-15,14.69,14.69,0,-0.01409395973
2014-10-16,14.58,14.58,0,-0.007488087134
2014-10-17,14.37,14.37,0,-0.01440329218
2014-10-20,14.51,14.51,0,0.009742519137
2014-10-21,14.59,14.59,0,0.005513439008
2014-10-22,14.7,14.7,0,0.007539410555
2014-10-23,14.56,14.56,0,-0.009523809524
2014-10-24,14.66,14.66,0,0.006868131868
2014-10-27,14.74,14.74,0,0.005457025921
2014-10-28,15.09,15.09,0,0.0237449118
2014-10-29,15.19,15.19,0,0.006626905235
2014-10-30,15.16,15.16,0,-0.001974983542
2014-10-31,15.26,15.26,0,0.006596306069
2014-11-03,15.24,15.24,0,-0.00131061599
2014-11-04,15.31,15.31,0,0.004593175853
2014-11-05,15.2,15.2,0,-0.007184846506
2014-11-06,15.16,15.16,0,-0.002631578947
2014-11-07,15.14,15.14,0,-0.001319261214
2014-11-10,15.35,15.35,0,0.01387054161
2014-11-11,15.32,15.32,0,-0.001954397394
2014-11-12,15.08,15.08,0,-0.01566579634
2014-11-13,15.14,15.14,0,0.003978779841
2014-11-14,15.13,15.13,0,-0.0006605019815
2014-11-17,15.06,15.06,0,-0.004626569729
2014-11-18,15.01,15.01,0,-0.003320053121
2014-11-19,15.15,15.15,0,0.009327115256
2014-11-20,15.31,15.31,0,0.01056105611
2014-11-21,15.28,15.28,0,-0.001959503592
2014-11-24,15.3,15.3,0,0.001308900524
2014-11-25,14.9,14.9,0.4,0
2014-11-26,14.81,14.81,0,-0.006040268456
2014-11-27,14.85,14.85,0,0.002700877785
2014-11-28,14.89,14.89,0,0.002693602694
2014-12-01,14.62,14.62,0,-0.01813297515
2014-12-02,14.41,14.41,0,-0.01436388509
2014-12-03,14.6,14.6,0,0.01318528799
2014-12-04,14.63,14.63,0,0.002054794521
2014-12-05,14.68,14.68,0,0.003417634997
2014-12-08,14.69,14.69,0,0.0006811989101
2014-12-09,14.59,14.59,0,-0.00680735194
2014-12-10,14.42,14.42,0,-0.01165181631
2014-12-11,14.4,14.4,0,-0.001386962552
2014-12-12,14.37,14.37,0,-0.002083333333
2014-12-15,14.34,14.34,0,-0.002087682672
2014-12-16,14.3,14.3,0,-0.002789400279
2014-12-17,14.12,14.12,0,-0.01258741259
2014-12-18,14.03,14.03,0,-0.006373937677
2014-12-19,14.25,14.25,0,0.01568068425
2014-12-22,14.45,14.45,0,0.01403508772
2014-12-23,14.48,14.48,0,0.002076124567
2014-12-24,14.52,14.52,0,0.002762430939
2014-12-25,14.5,14.5,0,-0.001377410468
2014-12-26,14.55,14.55,0,0.003448275862
2014-12-27,14.56,14.56,0,0.0006872852234
2014-12-29,14.61,14.61,0,0.003434065934
2014-12-30,14.65,14.65,0,0.002737850787
2014-12-31,14.61,14.61,0,-0.002730375427
2015-01-05,14.5,14.5,0,-0.007529089665
2015-01-06,14.21,14.21,0,-0.02
2015-01-07,14.22,14.22,0,0.0007037297678
2015-01-08,14.38,14.38,0,0.01125175809
2015-01-09,14.41,14.41,0,0.002086230876
2015-01-12,14.45,14.45,0,0.002775850104
2015-01-13,14.47,14.47,0,0.001384083045
2015-01-14,14.37,14.37,0,-0.006910850035
2015-01-15,14.33,14.33,0,-0.002783576896
2015-01-16,14.19,14.19,0,-0.009769713887
2015-01-19,14.18,14.18,0,-0.000704721635
2015-01-20,14.35,14.35,0,0.0119887165
2015-01-21,14.39,14.39,0,0.002787456446
2015-01-22,14.51,14.51,0,0.008339124392
2015-01-23,14.65,14.65,0,0.009648518263
2015-01-26,14.55,14.55,0,-0.006825938567
2015-01-27,14.64,14.64,0,0.00618556701
2015-01-28,14.62,14.62,0,-0.001366120219
2015-01-29,14.52,14.52,0,-0.00683994528
2015-01-30,14.53,14.53,0,0.0006887052342
2015-02-02,14.5,14.5,0,-0.002064693737
2015-02-03,14.55,14.55,0,0.003448275862
2015-02-04,14.67,14.67,0,0.00824742268
2015-02-05,14.71,14.71,0,0.002726653033
2015-02-06,14.66,14.66,0,-0.003399048266
2015-02-09,14.65,14.65,0,-0.0006821282401
2015-02-10,14.8,14.8,0,0.01023890785
2015-02-11,14.75,14.75,0,-0.003378378378
2015-02-12,14.78,14.78,0,0.002033898305
2015-02-13,14.78,14.78,0,0
2015-02-24,14.98,14.98,0,0.01353179973
2015-02-25,14.96,14.96,0,-0.001335113485
2015-02-26,15.01,15.01,0,0.003342245989
2015-03-02,14.96,14.96,0,-0.003331112592
2015-03-03,14.9,14.9,0,-0.004010695187
2015-03-04,14.85,14.85,0,-0.003355704698
2015-03-05,14.81,14.81,0,-0.002693602694
2015-03-06,14.91,14.91,0,0.006752194463
2015-03-09,14.87,14.87,0,-0.002682763246
2015-03-10,14.87,14.87,0,0
2015-03-11,14.98,14.98,0,0.007397444519
2015-03-12,15.02,15.02,0,0.002670226969
2015-03-13,14.95,14.95,0,-0.00466045273
2015-03-16,15,15,0,0.003344481605
2015-03-17,14.96,14.96,0,-0.002666666667
2015-03-18,15.03,15.03,0,0.004679144385
2015-03-19,15.2,15.2,0,0.01131071191
2015-03-20,15.16,15.16,0,-0.002631578947
2015-03-23,15.2,15.2,0,0.002638522427
2015-03-24,15.13,15.13,0,-0.004605263158
2015-03-25,15.05,15.05,0,-0.005287508262
2015-03-26,15.06,15.06,0,0.0006644518272
2015-03-27,14.99,14.99,0,-0.004648074369
2015-03-30,15.02,15.02,0,0.002001334223
2015-03-31,15.1,15.1,0,0.005326231691
2015-04-01,15.07,15.07,0,-0.001986754967
2015-04-02,15.19,15.19,0,0.00796284008
2015-04-07,15.17,15.17,0,-0.001316655695
2015-04-08,15.14,15.14,0,-0.001977587343
2015-04-09,15.3,15.3,0,0.0105680317
2015-04-10,15.36,15.36,0,0.003921568627
2015-04-13,15.41,15.41,0,0.003255208333
2015-04-14,15.49,15.49,0,0.005191434134
2015-04-15,15.45,15.45,0,-0.002582311168
2015-04-16,15.5,15.5,0,0.003236245955
2015-04-17,15.55,15.55,0,0.003225806452
2015-04-20,15.52,15.52,0,-0.00192926045
2015-04-21,15.5,15.5,0,-0.001288659794
2015-04-22,15.61,15.61,0,0.007096774194
2015-04-23,16.65,16.65,0,0.066623959
2015-04-24,16.65,16.65,0,0
2015-04-27,17.04,17.04,0,0.02342342342
2015-04-28,16.99,16.99,0,-0.0029342723
2015-04-29,16.93,16.93,0,-0.003531489111
2015-04-30,16.93,16.93,0,0
2015-05-04,17.02,17.02,0,0.005316007088
2015-05-05,16.85,16.85,0,-0.009988249119
2015-05-06,16.82,16.82,0,-0.00178041543
2015-05-07,16.44,16.44,0,-0.0225921522
2015-05-08,16.51,16.51,0,0.004257907543
2015-05-11,16.56,16.56,0,0.003028467595
2015-05-12,16.61,16.61,0,0.003019323671
2015-05-13,16.6,16.6,0,-0.0006020469597
2015-05-14,16.2,16.2,0,-0.02409638554
2015-05-15,16.2,16.2,0,0
2015-05-18,16.1,16.1,0,-0.006172839506
2015-05-19,16.5,16.5,0,0.0248447205
2015-05-20,16.39,16.39,0,-0.006666666667
2015-05-21,16.06,16.06,0,-0.02013422819
2015-05-22,16.15,16.15,0,0.005603985056
2015-05-25,16.14,16.14,0,-0.0006191950464
2015-05-26,16.3,16.3,0,0.009913258984
2015-05-27,16.55,16.55,0,0.01533742331
2015-05-28,16.51,16.51,0,-0.002416918429
2015-05-29,16.49,16.49,0,-0.001211387038
2015-06-01,16.35,16.35,0,-0.008489993936
2015-06-02,16.3,16.3,0,-0.003058103976
2015-06-03,16.23,16.23,0,-0.004294478528
2015-06-04,15.92,15.92,0,-0.0191004313
2015-06-05,16,16,0,0.005025125628
2015-06-08,16.24,16.24,0,0.015
2015-06-09,15.93,15.93,0,-0.01908866995
2015-06-10,16.08,16.08,0,0.009416195857
2015-06-11,15.9,15.9,0,-0.01119402985
2015-06-12,16.12,16.12,0,0.01383647799
2015-06-15,16.16,16.16,0,0.002481389578
2015-06-16,16.05,16.05,0,-0.006806930693
2015-06-17,16,16,0,-0.003115264798
2015-06-18,16.03,16.03,0,0.001875
2015-06-22,16.19,16.19,0,0.00998128509
2015-06-23,16.33,16.33,0,0.008647313156
2015-06-24,16.29,16.29,0,-0.002449479486
2015-06-25,16.39,16.39,0,0.006138735421
2015-06-26,16.38,16.38,0,-0.0006101281269
2015-06-29,16.02,16.02,0,-0.02197802198
2015-06-30,16.12,16.12,0,0.006242197253
2015-07-01,16.31,16.31,0,0.0117866005
2015-07-02,16.33,16.33,0,0.00122624157
2015-07-03,16.2,16.2,0,-0.007960808328
2015-07-06,16.2,16.2,0,0
2015-07-07,16.28,16.28,0,0.004938271605
2015-07-08,15.81,15.81,0,-0.02886977887
2015-07-09,15.61,15.61,0,-0.01265022138
2015-07-13,15.8,15.8,0,0.01217168482
2015-07-14,15.98,15.98,0,0.01139240506
2015-07-15,16.07,16.07,0,0.00563204005
2015-07-16,16.24,16.24,0,0.01057871811
2015-07-17,16,16,0,-0.01477832512
2015-07-20,16.11,16.11,0,0.006875
2015-07-21,16.17,16.17,0,0.003724394786
2015-07-22,16.02,16.02,0,-0.009276437848
2015-07-23,16.05,16.05,0,0.001872659176
2015-07-24,15.95,15.95,0,-0.006230529595
2015-07-27,15.61,15.61,0,-0.02131661442
2015-07-28,15.55,15.55,0,-0.003843689942
2015-07-29,15.37,15.37,0,-0.0115755627
2015-07-30,15.66,15.66,0,0.01886792453
2015-07-31,15.61,15.61,0,-0.00319284802
2015-08-03,15.53,15.53,0,-0.005124919923
2015-08-04,15.65,15.65,0,0.007726980039
2015-08-05,15.85,15.85,0,0.01277955272
2015-08-06,15.7,15.7,0,-0.009463722397
2015-08-07,15.68,15.68,0,-0.00127388535
2015-08-10,15.72,15.72,0,0.002551020408
2015-08-11,15.53,15.53,0,-0.01208651399
2015-08-12,14.8,14.8,0,-0.04700579524
2015-08-13,14.73,14.73,0,-0.00472972973
2015-08-14,14.84,14.84,0,0.007467752885
2015-08-17,14.71,14.71,0,-0.008760107817
2015-08-18,14.4,14.4,0,-0.02107409925
2015-08-19,13.91,13.91,0,-0.03402777778
2015-08-20,14,14,0,0.006470165349
2015-08-21,13.66,13.66,0,-0.02428571429
2015-08-24,13.1,13.1,0,-0.04099560761
2015-08-25,13.56,13.56,0,0.03511450382
2015-08-26,14,14,0,0.03244837758
2015-08-27,14,14,0,0
2015-08-28,14.26,14.26,0,0.01857142857
2015-08-31,14.2,14.2,0,-0.004207573633
2015-09-01,14.16,14.16,0,-0.002816901408
2015-09-02,14.3,14.3,0,0.00988700565
2015-09-03,14.21,14.21,0,-0.006293706294
2015-09-04,14.12,14.12,0,-0.00633356791
2015-09-07,14.07,14.07,0,-0.003541076487
2015-09-08,14.08,14.08,0,0.000710732054
2015-09-09,14.41,14.41,0,0.0234375
2015-09-10,14.44,14.44,0,0.002081887578
2015-09-11,14.52,14.52,0,0.005540166205
2015-09-14,14.45,14.45,0,-0.004820936639
2015-09-15,14.44,14.44,0,-0.0006920415225
2015-09-16,14.5,14.5,0,0.004155124654
2015-09-17,14.8,14.8,0,0.02068965517
2015-09-18,14.83,14.83,0,0.002027027027
2015-09-21,14.43,14.43,0,-0.02697235334
2015-09-22,14.5,14.5,0,0.004851004851
2015-09-23,14.31,14.31,0,-0.01310344828
2015-09-24,14.25,14.25,0,-0.004192872117
2015-09-25,14.06,14.06,0,-0.01333333333
2015-09-30,13.9,13.9,0,-0.01137980085
2015-10-01,14.15,14.15,0,0.01798561151
2015-10-02,14.1,14.1,0,-0.003533568905
2015-10-05,14.12,14.12,0,0.001418439716
2015-10-06,14.23,14.23,0,0.007790368272
2015-10-07,14.35,14.35,0,0.008432888264
2015-10-08,14.3,14.3,0,-0.003484320557
2015-10-12,14.38,14.38,0,0.005594405594
2015-10-13,14.45,14.45,0,0.004867872045
2015-10-14,14.41,14.41,0,-0.00276816609
2015-10-15,14.55,14.55,0,0.009715475364
2015-10-16,14.59,14.59,0,0.002749140893
2015-10-19,14.72,14.72,0,0.008910212474
2015-10-20,14.71,14.71,0,-0.0006793478261
2015-10-21,14.67,14.67,0,-0.002719238613
2015-10-22,14.6,14.6,0,-0.004771642808
2015-10-23,14.75,14.75,0,0.0102739726
2015-10-26,14.78,14.78,0,0.002033898305
2015-10-27,14.73,14.73,0,-0.003382949932
2015-10-28,14.67,14.67,0,-0.004073319756
2015-10-29,14.54,14.54,0,-0.008861622359
2015-10-30,14.56,14.56,0,0.001375515818
2015-11-02,14.54,14.54,0,-0.001373626374
2015-11-03,14.76,14.76,0,0.015130674
2015-11-04,14.92,14.92,0,0.0108401084
2015-11-05,15.03,15.03,0,0.007372654155
2015-11-06,14.8,14.8,0,-0.01530272788
2015-11-09,14.71,14.71,0,-0.006081081081
2015-11-10,14.58,14.58,0,-0.008837525493
2015-11-11,14.4,14.4,0,-0.01234567901
2015-11-12,14.35,14.35,0,-0.003472222222
2015-11-13,14.3,14.3,0,-0.003484320557
2015-11-16,14.27,14.27,0,-0.002097902098
2015-11-17,14.41,14.41,0,0.009810791871
2015-11-18,14.15,14.15,0,-0.01804302568
2015-11-19,14.33,14.33,0,0.01272084806
2015-11-20,14.24,14.24,0,-0.006280530356
2015-11-23,14.25,14.25,0,0.000702247191
2015-11-24,13.83,13.83,0.45,0.002105263158
2015-11-25,13.8,13.8,0,-0.002169197397
2015-11-26,13.85,13.85,0,0.003623188406
2015-11-27,13.85,13.85,0,0
2015-11-30,13.56,13.56,0,-0.02093862816
2015-12-01,13.76,13.76,0,0.01474926254
2015-12-02,13.8,13.8,0,0.002906976744
2015-12-03,13.77,13.77,0,-0.002173913043
2015-12-04,13.62,13.62,0,-0.01089324619
2015-12-07,13.63,13.63,0,0.0007342143906
2015-12-08,13.4,13.4,0,-0.01687454145
2015-12-09,13.18,13.18,0,-0.01641791045
2015-12-10,13.15,13.15,0,-0.002276176024
2015-12-11,12.95,12.95,0,-0.01520912548
2015-12-14,12.83,12.83,0,-0.009266409266
2015-12-15,12.87,12.87,0,0.003117692907
2015-12-16,12.9,12.9,0,0.002331002331
2015-12-17,13.15,13.15,0,0.01937984496
2015-12-18,13.05,13.05,0,-0.007604562738
2015-12-21,12.96,12.96,0,-0.006896551724
2015-12-22,13,13,0,0.003086419753
2015-12-23,13.11,13.11,0,0.008461538462
2015-12-24,13.2,13.2,0,0.006864988558
2015-12-25,13.2,13.2,0,0
2015-12-28,13.2,13.2,0,0
2015-12-29,13.14,13.14,0,-0.004545454545
2015-12-30,13.02,13.02,0,-0.009132420091
2015-12-31,13.02,13.02,0,0
2016-01-04,12.8,12.8,0,-0.01689708141
2016-01-05,12.64,12.64,0,-0.0125
2016-01-06,12.46,12.46,0,-0.01424050633
2016-01-07,12.21,12.21,0,-0.02006420546
2016-01-08,12.29,12.29,0,0.006552006552
2016-01-11,12,12,0,-0.02359641985
2016-01-12,11.97,11.97,0,-0.0025
2016-01-13,11.98,11.98,0,0.0008354218881
2016-01-14,11.82,11.82,0,-0.01335559265
2016-01-15,11.46,11.46,0,-0.03045685279
2016-01-18,11.5,11.5,0,0.003490401396
2016-01-19,11.59,11.59,0,0.007826086957
2016-01-20,11.32,11.32,0,-0.02329594478
2016-01-21,11.15,11.15,0,-0.01501766784
2016-01-22,11.23,11.23,0,0.007174887892
2016-01-25,11.47,11.47,0,0.0213713268
2016-01-26,11.4,11.4,0,-0.006102877071
2016-01-27,11.36,11.36,0,-0.00350877193
2016-01-28,11.54,11.54,0,0.01584507042
2016-01-29,11.91,11.91,0,0.03206239168
2016-01-30,12.17,12.17,0,0.02183039463
2016-02-01,12.11,12.11,0,-0.004930156122
2016-02-02,12.07,12.07,0,-0.003303055326
2016-02-03,11.88,11.88,0,-0.01574150787
2016-02-15,11.82,11.82,0,-0.005050505051
2016-02-16,12.05,12.05,0,0.01945854484
2016-02-17,11.97,11.97,0,-0.006639004149
2016-02-18,12.04,12.04,0,0.005847953216
2016-02-19,12.05,12.05,0,0.0008305647841
2016-02-22,12.1,12.1,0,0.004149377593
2016-02-23,12.13,12.13,0,0.002479338843
2016-02-24,12.02,12.02,0,-0.009068425392
2016-02-25,12.12,12.12,0,0.008319467554
2016-02-26,12.22,12.22,0,0.008250825083
2016-03-01,12.26,12.26,0,0.003273322422
2016-03-02,12.41,12.41,0,0.01223491028
2016-03-03,12.66,12.66,0,0.02014504432
2016-03-04,12.75,12.75,0,0.007109004739
2016-03-07,12.83,12.83,0,0.006274509804
2016-03-08,12.78,12.78,0,-0.003897116134
2016-03-09,12.74,12.74,0,-0.003129890454
2016-03-10,12.75,12.75,0,0.0007849293564
2016-03-11,12.99,12.99,0,0.01882352941
2016-03-14,12.9,12.9,0,-0.006928406467
2016-03-15,12.65,12.65,0,-0.01937984496
2016-03-16,12.73,12.73,0,0.006324110672
2016-03-17,12.78,12.78,0,0.003927729772
2016-03-18,12.85,12.85,0,0.005477308294
2016-03-21,12.8,12.8,0,-0.003891050584
2016-03-22,12.74,12.74,0,-0.0046875
2016-03-23,12.72,12.72,0,-0.001569858713
2016-03-24,12.72,12.72,0,0
2016-03-25,12.72,12.72,0,0
2016-03-28,12.72,12.72,0,0
2016-03-29,12.58,12.58,0,-0.01100628931
2016-03-30,12.7,12.7,0,0.009538950715
2016-03-31,12.75,12.75,0,0.003937007874
2016-04-01,12.65,12.65,0,-0.007843137255
2016-04-06,12.45,12.45,0,-0.01581027668
2016-04-07,12.35,12.35,0,-0.008032128514
2016-04-08,12.31,12.31,0,-0.003238866397
2016-04-11,12.35,12.35,0,0.003249390739
2016-04-12,12.39,12.39,0,0.003238866397
2016-04-13,12.45,12.45,0,0.004842615012
2016-04-14,12.53,12.53,0,0.006425702811
2016-04-15,12.58,12.58,0,0.003990422985
2016-04-18,12.54,12.54,0,-0.003179650238
2016-04-19,12.53,12.53,0,-0.0007974481659
2016-04-20,12.46,12.46,0,-0.005586592179
2016-04-21,12.48,12.48,0,0.001605136437
2016-04-22,12.5,12.5,0,0.001602564103
2016-04-25,12.54,12.54,0,0.0032
2016-04-26,12.63,12.63,0,0.007177033493
2016-04-27,12.58,12.58,0,-0.003958828187
2016-04-28,12.45,12.45,0,-0.01033386328
2016-04-29,12.41,12.41,0,-0.003212851406
2016-05-03,12.38,12.38,0,-0.002417405318
2016-05-04,12.3,12.3,0,-0.006462035541
2016-05-05,12.26,12.26,0,-0.00325203252
2016-05-06,12.1,12.1,0,-0.01305057096
2016-05-09,12.1,12.1,0,0
2016-05-10,12.18,12.18,0,0.006611570248
2016-05-11,12.1,12.1,0,-0.006568144499
2016-05-12,12.07,12.07,0,-0.002479338843
2016-05-13,11.97,11.97,0,-0.008285004143
2016-05-16,11.99,11.99,0,0.001670843776
2016-05-17,12.15,12.15,0,0.01334445371
2016-05-18,12.07,12.07,0,-0.00658436214
2016-05-19,12,12,0,-0.0057995029
2016-05-20,12.1,12.1,0,0.008333333333
2016-05-23,12.35,12.35,0,0.02066115702
2016-05-24,12.3,12.3,0,-0.004048582996
2016-05-25,12.41,12.41,0,0.008943089431
2016-05-26,12.4,12.4,0,-0.0008058017728
2016-05-27,12.54,12.54,0,0.01129032258
2016-05-30,12.65,12.65,0,0.008771929825
2016-05-31,12.65,12.65,0,0
2016-06-01,12.7,12.7,0,0.00395256917
2016-06-02,12.71,12.71,0,0.0007874015748
2016-06-03,12.73,12.73,0,0.001573564123
2016-06-04,12.71,12.71,0,-0.001571091909
2016-06-06,12.72,12.72,0,0.0007867820614
2016-06-07,12.82,12.82,0,0.00786163522
2016-06-08,12.9,12.9,0,0.00624024961
2016-06-13,12.82,12.82,0,-0.006201550388
2016-06-14,12.79,12.79,0,-0.002340093604
2016-06-15,12.71,12.71,0,-0.00625488663
2016-06-16,12.56,12.56,0,-0.01180173092
2016-06-17,12.65,12.65,0,0.007165605096
2016-06-20,12.74,12.74,0,0.007114624506
2016-06-21,12.81,12.81,0,0.005494505495
2016-06-22,12.83,12.83,0,0.00156128025
2016-06-23,12.78,12.78,0,-0.003897116134
2016-06-24,12.49,12.49,0,-0.02269170579
2016-06-27,12.55,12.55,0,0.004803843074
2016-06-28,12.57,12.57,0,0.001593625498
2016-06-29,12.63,12.63,0,0.00477326969
2016-06-30,12.64,12.64,0,0.0007917656374
2016-07-01,12.71,12.71,0,0.005537974684
2016-07-04,12.72,12.72,0,0.0007867820614
2016-07-05,12.76,12.76,0,0.003144654088
2016-07-06,12.57,12.57,0,-0.01489028213
2016-07-07,12.56,12.56,0,-0.0007955449483
2016-07-11,12.65,12.65,0,0.007165605096
2016-07-12,12.77,12.77,0,0.009486166008
2016-07-13,12.95,12.95,0,0.01409553641
2016-07-14,12.98,12.98,0,0.002316602317
2016-07-15,13.18,13.18,0,0.01540832049
2016-07-18,13.33,13.33,0,0.01138088012
2016-07-19,13.52,13.52,0,0.01425356339
2016-07-20,13.4,13.4,0,-0.008875739645
2016-07-21,13.11,13.11,0,-0.02164179104
2016-07-22,13.34,13.34,0,0.01754385965
2016-07-25,13.34,13.34,0,0
2016-07-26,13.4,13.4,0,0.004497751124
2016-07-27,13.42,13.42,0,0.001492537313
2016-07-28,13.49,13.49,0,0.00521609538
2016-07-29,13.42,13.42,0,-0.00518902891
2016-08-01,13.45,13.45,0,0.002235469449
2016-08-02,13.43,13.43,0,-0.001486988848
2016-08-03,13.41,13.41,0,-0.001489203276
2016-08-04,13.4,13.4,0,-0.0007457121551
2016-08-05,13.52,13.52,0,0.008955223881
2016-08-08,13.75,13.75,0,0.01701183432
2016-08-09,13.79,13.79,0,0.002909090909
2016-08-10,13.93,13.93,0,0.01015228426
2016-08-11,13.85,13.85,0,-0.005743000718
2016-08-12,13.87,13.87,0,0.001444043321
2016-08-15,13.84,13.84,0,-0.002162941601
2016-08-16,13.82,13.82,0,-0.001445086705
2016-08-17,13.79,13.79,0,-0.002170767004
2016-08-18,13.94,13.94,0,0.01087744743
2016-08-19,13.8,13.8,0,-0.01004304161
2016-08-22,13.58,13.58,0,-0.01594202899
2016-08-23,13.7,13.7,0,0.0088365243
2016-08-24,13.63,13.63,0,-0.005109489051
2016-08-25,13.78,13.78,0,0.01100513573
2016-08-26,13.83,13.83,0,0.003628447025
2016-08-29,13.85,13.85,0,0.001446131598
2016-08-30,13.96,13.96,0,0.007942238267
2016-08-31,13.93,13.93,0,-0.002148997135
2016-09-01,13.85,13.85,0,-0.005743000718
2016-09-02,13.87,13.87,0,0.001444043321
2016-09-05,13.97,13.97,0,0.007209805335
2016-09-06,14.03,14.03,0,0.004294917681
2016-09-07,14.16,14.16,0,0.009265858874
2016-09-08,14.23,14.23,0,0.004943502825
2016-09-09,14.11,14.11,0,-0.008432888264
2016-09-10,13.91,13.91,0,-0.01417434444
2016-09-12,13.85,13.85,0,-0.004313443566
2016-09-13,13.8,13.8,0,-0.003610108303
2016-09-14,13.72,13.72,0,-0.005797101449
2016-09-19,13.95,13.95,0,0.0167638484
2016-09-20,13.95,13.95,0,0
2016-09-21,14,14,0,0.003584229391
2016-09-22,14.02,14.02,0,0.001428571429
2016-09-23,14.07,14.07,0,0.003566333809
2016-09-26,13.97,13.97,0,-0.00710732054
2016-09-29,14.13,14.13,0,0.01145311382
2016-09-30,13.97,13.97,0,-0.01132342534
2016-10-03,13.94,13.94,0,-0.00214745884
2016-10-04,14.03,14.03,0,0.006456241033
2016-10-05,14.04,14.04,0,0.0007127583749
2016-10-06,13.98,13.98,0,-0.004273504274
2016-10-07,13.96,13.96,0,-0.001430615165
2016-10-11,13.87,13.87,0,-0.006446991404
2016-10-12,14,14,0,0.009372746936
2016-10-13,13.92,13.92,0,-0.005714285714
2016-10-14,13.83,13.83,0,-0.006465517241
2016-10-17,13.83,13.83,0,0
2016-10-18,13.9,13.9,0,0.005061460593
2016-10-19,14,14,0,0.007194244604
2016-10-20,13.99,13.99,0,-0.0007142857143
2016-10-21,13.98,13.98,0,-0.0007147962831
2016-10-24,13.96,13.96,0,-0.001430615165
2016-10-25,14,14,0,0.002865329513
2016-10-26,13.96,13.96,0,-0.002857142857
2016-10-27,13.96,13.96,0,0
2016-10-28,13.94,13.94,0,-0.001432664756
2016-10-31,13.91,13.91,0,-0.002152080344
2016-11-01,13.91,13.91,0,0
2016-11-02,13.9,13.9,0,-0.000718907261
2016-11-03,13.8,13.8,0,-0.007194244604
2016-11-04,13.8,13.8,0,0
2016-11-07,13.87,13.87,0,0.005072463768
2016-11-08,13.92,13.92,0,0.003604902668
2016-11-09,13.77,13.77,0,-0.01077586207
2016-11-10,14.01,14.01,0,0.0174291939
2016-11-11,14.06,14.06,0,0.003568879372
2016-11-14,14.34,14.34,0,0.01991465149
2016-11-15,14.27,14.27,0,-0.004881450488
2016-11-16,14.36,14.36,0,0.006306937631
2016-11-17,14.27,14.27,0,-0.006267409471
2016-11-18,14.21,14.21,0,-0.004204625088
2016-11-21,14.34,14.34,0,0.009148486981
2016-11-22,14.4,14.4,0,0.004184100418
2016-11-23,14.02,14.02,0.45,0.004861111111
2016-11-24,14.16,14.16,0,0.009985734665
2016-11-25,14.34,14.34,0,0.01271186441
2016-11-28,14.39,14.39,0,0.003486750349
2016-11-29,14.32,14.32,0,-0.004864489229
2016-11-30,14.26,14.26,0,-0.004189944134
2016-12-01,14.42,14.42,0,0.01122019635
2016-12-02,14.42,14.42,0,0
2016-12-05,14.38,14.38,0,-0.002773925104
2016-12-06,14.45,14.45,0,0.004867872045
2016-12-07,14.48,14.48,0,0.002076124567
2016-12-08,14.58,14.58,0,0.006906077348
2016-12-09,14.63,14.63,0,0.003429355281
2016-12-12,14.6,14.6,0,-0.002050580998
2016-12-13,14.74,14.74,0,0.009589041096
2016-12-14,14.6,14.6,0,-0.009497964722
2016-12-15,14.7,14.7,0,0.006849315068
2016-12-16,14.72,14.72,0,0.001360544218
2016-12-19,14.6,14.6,0,-0.008152173913
2016-12-20,14.53,14.53,0,-0.004794520548
2016-12-21,14.53,14.53,0,0
2016-12-22,14.3,14.3,0,-0.01582931865
2016-12-23,14.26,14.26,0,-0.002797202797
2016-12-26,14.34,14.34,0,0.005610098177
2016-12-27,14.27,14.27,0,-0.004881450488
2016-12-28,14.41,14.41,0,0.009810791871
2016-12-29,14.39,14.39,0,-0.001387925052
2016-12-30,14.48,14.48,0,0.006254343294
2017-01-03,14.46,14.46,0,-0.00138121547
2017-01-04,14.46,14.46,0,0
2017-01-05,14.54,14.54,0,0.005532503458
2017-01-06,14.56,14.56,0,0.001375515818
2017-01-09,14.54,14.54,0,-0.001373626374
2017-01-10,14.58,14.58,0,0.002751031637
2017-01-11,14.61,14.61,0,0.002057613169
2017-01-12,14.67,14.67,0,0.004106776181
2017-01-13,14.58,14.58,0,-0.006134969325
2017-01-16,14.45,14.45,0,-0.008916323731
2017-01-17,14.46,14.46,0,0.0006920415225
2017-01-18,14.42,14.42,0,-0.002766251729
2017-01-19,14.36,14.36,0,-0.004160887656
2017-01-20,14.38,14.38,0,0.00139275766
2017-01-23,14.47,14.47,0,0.006258692629
2017-01-24,14.47,14.47,0,0
2017-02-02,14.4,14.4,0,-0.004837595024
2017-02-03,14.4,14.4,0,0
2017-02-06,14.62,14.62,0,0.01527777778
2017-02-07,14.68,14.68,0,0.004103967168
2017-02-08,14.64,14.64,0,-0.00272479564
2017-02-09,14.65,14.65,0,0.0006830601093
2017-02-10,14.8,14.8,0,0.01023890785
2017-02-13,14.81,14.81,0,0.0006756756757
2017-02-14,14.84,14.84,0,0.002025658339
2017-02-15,14.92,14.92,0,0.00539083558
2017-02-16,14.99,14.99,0,0.004691689008
2017-02-17,15,15,0,0.0006671114076
2017-02-18,14.96,14.96,0,-0.002666666667
2017-02-20,14.89,14.89,0,-0.004679144385
2017-02-21,14.96,14.96,0,0.004701141706
2017-02-22,14.89,14.89,0,-0.004679144385
2017-02-23,14.8,14.8,0,-0.00604432505
2017-02-24,14.82,14.82,0,0.001351351351
2017-03-01,14.73,14.73,0,-0.006072874494
2017-03-02,14.81,14.81,0,0.005431093007
2017-03-03,14.83,14.83,0,0.001350438893
2017-03-06,14.83,14.83,0,0
2017-03-07,14.92,14.92,0,0.006068779501
2017-03-08,14.97,14.97,0,0.003351206434
2017-03-09,14.94,14.94,0,-0.002004008016
2017-03-10,14.96,14.96,0,0.001338688086
2017-03-13,15.05,15.05,0,0.006016042781
2017-03-14,15.1,15.1,0,0.003322259136
2017-03-15,15.1,15.1,0,0
2017-03-16,15.13,15.13,0,0.001986754967
2017-03-17,15.2,15.2,0,0.004626569729
2017-03-20,15.2,15.2,0,0
2017-03-21,15.2,15.2,0,0
2017-03-22,15.13,15.13,0,-0.004605263158
2017-03-23,15.17,15.17,0,0.002643754131
2017-03-24,15.14,15.14,0,-0.001977587343
2017-03-27,15.07,15.07,0,-0.004623513871
2017-03-28,14.98,14.98,0,-0.00597213006
2017-03-29,15.04,15.04,0,0.004005340454
2017-03-30,15.02,15.02,0,-0.001329787234
2017-03-31,15,15,0,-0.001331557923
2017-04-05,15.01,15.01,0,0.0006666666667
2017-04-06,14.98,14.98,0,-0.001998667555
2017-04-07,14.87,14.87,0,-0.007343124166
2017-04-10,14.91,14.91,0,0.002689979825
2017-04-11,14.86,14.86,0,-0.003353454058
2017-04-12,14.8,14.8,0,-0.004037685061
2017-04-13,14.87,14.87,0,0.00472972973
2017-04-14,14.68,14.68,0,-0.01277740417
2017-04-17,14.64,14.64,0,-0.00272479564
2017-04-18,14.66,14.66,0,0.001366120219
2017-04-19,14.45,14.45,0,-0.01432469304
2017-04-20,14.5,14.5,0,0.003460207612
2017-04-21,14.6,14.6,0,0.006896551724
2017-04-24,14.6,14.6,0,0
2017-04-25,14.8,14.8,0,0.01369863014
2017-04-26,14.82,14.82,0,0.001351351351
2017-04-27,14.82,14.82,0,0
2017-04-28,14.8,14.8,0,-0.001349527665
2017-05-02,14.94,14.94,0,0.009459459459
2017-05-03,14.99,14.99,0,0.003346720214
2017-05-04,15,15,0,0.0006671114076
2017-05-05,14.93,14.93,0,-0.004666666667
2017-05-08,14.94,14.94,0,0.0006697923644
2017-05-09,14.91,14.91,0,-0.002008032129
2017-05-10,14.91,14.91,0,0
2017-05-11,14.96,14.96,0,0.003353454058
2017-05-12,15,15,0,0.002673796791
2017-05-15,15.12,15.12,0,0.008
2017-05-16,15.18,15.18,0,0.003968253968
2017-05-17,15.2,15.2,0,0.001317523057
2017-05-18,15.06,15.06,0,-0.009210526316
2017-05-19,15.02,15.02,0,-0.002656042497
2017-05-22,15.03,15.03,0,0.0006657789614
2017-05-23,15.01,15.01,0,-0.001330671989
2017-05-24,15.03,15.03,0,0.001332445037
2017-05-25,15.04,15.04,0,0.0006653359947
2017-05-26,15.01,15.01,0,-0.001994680851
2017-05-31,14.95,14.95,0,-0.00399733511
2017-06-01,14.91,14.91,0,-0.002675585284
2017-06-02,14.99,14.99,0,0.005365526492
2017-06-03,14.97,14.97,0,-0.001334222815
2017-06-05,15,15,0,0.002004008016
2017-06-06,14.93,14.93,0,-0.004666666667
2017-06-07,14.95,14.95,0,0.001339584729
2017-06-08,14.93,14.93,0,-0.001337792642
2017-06-09,14.93,14.93,0,0
2017-06-12,14.96,14.96,0,0.002009377093
2017-06-13,14.99,14.99,0,0.002005347594
2017-06-14,14.91,14.91,0,-0.005336891261
2017-06-15,14.92,14.92,0,0.0006706908115
2017-06-16,14.97,14.97,0,0.003351206434
2017-06-19,15,15,0,0.002004008016
2017-06-20,15.11,15.11,0,0.007333333333
2017-06-21,15.13,15.13,0,0.001323626737
2017-06-22,15.14,15.14,0,0.0006609385327
2017-06-23,15.1,15.1,0,-0.002642007926
2017-06-26,15.35,15.35,0,0.01655629139
2017-06-27,15.44,15.44,0,0.005863192182
2017-06-28,15.4,15.4,0,-0.002590673575
2017-06-29,15.55,15.55,0,0.00974025974
2017-06-30,15.51,15.51,0,-0.002572347267
2017-07-03,15.53,15.53,0,0.001289490651
2017-07-04,15.62,15.62,0,0.005795235029
2017-07-05,15.7,15.7,0,0.005121638924
2017-07-06,15.65,15.65,0,-0.003184713376
2017-07-07,15.53,15.53,0,-0.007667731629
2017-07-10,15.65,15.65,0,0.007726980039
2017-07-11,15.65,15.65,0,0
2017-07-12,15.75,15.75,0,0.006389776358
2017-07-13,15.81,15.81,0,0.00380952381
2017-07-14,15.81,15.81,0,0
2017-07-17,15.89,15.89,0,0.005060088552
2017-07-18,15.86,15.86,0,-0.001887979862
2017-07-19,15.94,15.94,0,0.005044136192
2017-07-20,15.91,15.91,0,-0.001882057716
2017-07-21,15.83,15.83,0,-0.005028284098
2017-07-24,15.92,15.92,0,0.005685407454
2017-07-25,15.9,15.9,0,-0.001256281407
2017-07-26,15.79,15.79,0,-0.006918238994
2017-07-27,15.88,15.88,0,0.005699810006
2017-07-28,15.81,15.81,0,-0.004408060453
2017-07-31,15.87,15.87,0,0.003795066414
2017-08-01,15.85,15.85,0,-0.001260239445
2017-08-02,15.88,15.88,0,0.001892744479
2017-08-03,15.83,15.83,0,-0.00314861461
2017-08-04,15.91,15.91,0,0.005053695515
2017-08-07,16.03,16.03,0,0.007542426147
2017-08-08,16.07,16.07,0,0.002495321273
2017-08-09,15.99,15.99,0,-0.004978220286
2017-08-10,15.72,15.72,0,-0.01688555347
2017-08-11,15.75,15.75,0,0.001908396947
2017-08-14,15.67,15.67,0,-0.005079365079
2017-08-15,15.73,15.73,0,0.003828972559
2017-08-16,15.75,15.75,0,0.001271455817
2017-08-17,15.93,15.93,0,0.01142857143
2017-08-18,15.85,15.85,0,-0.005021971124
2017-08-21,15.81,15.81,0,-0.002523659306
2017-08-22,15.85,15.85,0,0.002530044276
2017-08-23,15.9,15.9,0,0.003154574132
2017-08-24,15.93,15.93,0,0.001886792453
2017-08-25,15.94,15.94,0,0.0006277463905
2017-08-28,16.06,16.06,0,0.007528230866
2017-08-29,15.98,15.98,0,-0.00498132005
2017-08-30,16.06,16.06,0,0.005006257822
2017-08-31,16.1,16.1,0,0.002490660025
2017-09-01,16.16,16.16,0,0.003726708075
2017-09-04,16.14,16.14,0,-0.001237623762
2017-09-05,16.05,16.05,0,-0.005576208178
2017-09-06,16.05,16.05,0,0
2017-09-07,15.98,15.98,0,-0.004361370717
2017-09-08,16,16,0,0.001251564456
2017-09-11,16,16,0,0
2017-09-12,16.02,16.02,0,0.00125
2017-09-13,15.99,15.99,0,-0.001872659176
2017-09-14,15.96,15.96,0,-0.001876172608
2017-09-15,15.98,15.98,0,0.001253132832
2017-09-18,15.99,15.99,0,0.0006257822278
2017-09-19,16,16,0,0.0006253908693
2017-09-20,15.87,15.87,0,-0.008125
2017-09-21,16,16,0,0.008191556396
2017-09-22,15.92,15.92,0,-0.005
2017-09-25,15.73,15.73,0,-0.01193467337
2017-09-26,15.79,15.79,0,0.003814367451
2017-09-27,15.83,15.83,0,0.002533248892
2017-09-28,15.85,15.85,0,0.001263423879
2017-09-29,15.85,15.85,0,0
2017-09-30,15.82,15.82,0,-0.001892744479
2017-10-02,15.9,15.9,0,0.005056890013
2017-10-03,15.84,15.84,0,-0.003773584906
2017-10-05,15.94,15.94,0,0.006313131313
2017-10-06,15.95,15.95,0,0.0006273525721
2017-10-11,16.01,16.01,0,0.003761755486
2017-10-12,16.04,16.04,0,0.001873828857
2017-10-13,16.04,16.04,0,0
2017-10-16,16.06,16.06,0,0.001246882793
2017-10-17,16.11,16.11,0,0.003113325031
2017-10-18,16.03,16.03,0,-0.004965859714
2017-10-19,16.03,16.03,0,0
2017-10-20,16.02,16.02,0,-0.0006238303182
2017-10-23,16.03,16.03,0,0.0006242197253
2017-10-24,16.1,16.1,0,0.004366812227
2017-10-25,16.07,16.07,0,-0.001863354037
2017-10-26,16.05,16.05,0,-0.001244555072
2017-10-27,16.06,16.06,0,0.0006230529595
2017-10-30,16.13,16.13,0,0.004358655044
2017-10-31,16.08,16.08,0,-0.003099814011
2017-11-01,16.1,16.1,0,0.001243781095
2017-11-02,16.14,16.14,0,0.00248447205
2017-11-03,16.1,16.1,0,-0.002478314746
2017-11-06,16.08,16.08,0,-0.001242236025
2017-11-07,16.14,16.14,0,0.003731343284
2017-11-08,16.08,16.08,0,-0.003717472119
2017-11-09,16.09,16.09,0,0.0006218905473
2017-11-10,16.1,16.1,0,0.0006215040398
2017-11-13,16.13,16.13,0,0.001863354037
2017-11-14,16.15,16.15,0,0.001239925604
2017-11-15,16.1,16.1,0,-0.003095975232
2017-11-16,16.09,16.09,0,-0.0006211180124
2017-11-17,16.09,16.09,0,0
2017-11-20,16.15,16.15,0,0.003729024239
2017-11-21,16.6,16.6,0,0.02786377709
2017-11-22,16.76,16.76,0,0.009638554217
2017-11-23,16.32,16.32,0.5,0.003579952267
2017-11-24,16.2,16.2,0,-0.007352941176
2017-11-27,16.02,16.02,0,-0.01111111111
2017-11-28,15.99,15.99,0,-0.001872659176
2017-11-29,16.02,16.02,0,0.001876172608
2017-11-30,15.98,15.98,0,-0.002496878901
2017-12-01,16.2,16.2,0,0.01376720901
2017-12-04,16.31,16.31,0,0.006790123457
2017-12-05,16.32,16.32,0,0.0006131207848
2017-12-06,16.1,16.1,0,-0.01348039216
2017-12-07,16.04,16.04,0,-0.003726708075
2017-12-08,16.01,16.01,0,-0.00187032419
2017-12-11,16.15,16.15,0,0.008744534666
2017-12-12,16.02,16.02,0,-0.008049535604
2017-12-13,16.1,16.1,0,0.004993757803
2017-12-14,16.23,16.23,0,0.008074534161
2017-12-15,16.16,16.16,0,-0.004313000616
2017-12-18,16.16,16.16,0,0
2017-12-19,16.18,16.18,0,0.001237623762
2017-12-20,16.29,16.29,0,0.006798516687
2017-12-21,16.19,16.19,0,-0.006138735421
2017-12-22,16.33,16.33,0,0.008647313156
2017-12-25,16.19,16.19,0,-0.0085731782
2017-12-26,16.25,16.25,0,0.003705991353
2017-12-27,16.25,16.25,0,0
2017-12-28,16.2,16.2,0,-0.003076923077
2017-12-29,16.26,16.26,0,0.003703703704
2018-01-02,16.35,16.35,0,0.005535055351
2018-01-03,16.49,16.49,0,0.008562691131
2018-01-04,16.52,16.52,0,0.001819284415
2018-01-05,16.67,16.67,0,0.009079903148
2018-01-08,16.85,16.85,0,0.01079784043
2018-01-09,16.85,16.85,0,0
2018-01-10,16.97,16.97,0,0.007121661721
2018-01-11,16.88,16.88,0,-0.005303476724
2018-01-12,16.98,16.98,0,0.005924170616
2018-01-15,17.15,17.15,0,0.01001177856
2018-01-16,17.15,17.15,0,0
2018-01-17,17.15,17.15,0,0
2018-01-18,17.16,17.16,0,0.000583090379
2018-01-19,17.1,17.1,0,-0.003496503497
2018-01-22,17.07,17.07,0,-0.001754385965
2018-01-23,17.03,17.03,0,-0.002343292326
2018-01-24,16.91,16.91,0,-0.007046388726
2018-01-25,17.02,17.02,0,0.006505026611
2018-01-26,17.05,17.05,0,0.001762632197
2018-01-29,17.03,17.03,0,-0.001173020528
2018-01-30,16.89,16.89,0,-0.008220786847
2018-01-31,16.92,16.92,0,0.001776198934
2018-02-01,16.95,16.95,0,0.001773049645
2018-02-02,16.99,16.99,0,0.002359882006
2018-02-05,16.69,16.69,0,-0.01765744556
2018-02-06,15.89,15.89,0,-0.04793289395
2018-02-07,16.2,16.2,0,0.01950912524
2018-02-08,16.25,16.25,0,0.003086419753
2018-02-09,16.18,16.18,0,-0.004307692308
2018-02-12,16.38,16.38,0,0.01236093943
2018-02-21,16.61,16.61,0,0.01404151404
2018-02-22,16.67,16.67,0,0.003612281758
2018-02-23,16.78,16.78,0,0.006598680264
2018-02-26,16.86,16.86,0,0.004767580453
2018-02-27,16.81,16.81,0,-0.002965599051
2018-03-01,16.79,16.79,0,-0.001189767995
2018-03-02,16.66,16.66,0,-0.00774270399
2018-03-05,16.57,16.57,0,-0.005402160864
2018-03-06,16.61,16.61,0,0.002414001207
2018-03-07,16.58,16.58,0,-0.001806140879
2018-03-08,16.61,16.61,0,0.001809408926
2018-03-09,16.7,16.7,0,0.005418422637
2018-03-12,17,17,0,0.01796407186
2018-03-13,16.96,16.96,0,-0.002352941176
2018-03-14,16.95,16.95,0,-0.0005896226415
2018-03-15,16.88,16.88,0,-0.00412979351
2018-03-16,16.9,16.9,0,0.001184834123
2018-03-19,16.98,16.98,0,0.004733727811
2018-03-20,16.9,16.9,0,-0.004711425206
2018-03-21,16.95,16.95,0,0.002958579882
2018-03-22,16.95,16.95,0,0
2018-03-23,16.65,16.65,0,-0.01769911504
2018-03-26,16.62,16.62,0,-0.001801801802
2018-03-27,16.78,16.78,0,0.009626955475
2018-03-28,16.75,16.75,0,-0.00178784267
2018-03-29,16.61,16.61,0,-0.008358208955
2018-03-30,16.69,16.69,0,0.004816375677
2018-03-31,16.7,16.7,0,0.0005991611744
2018-04-02,16.69,16.69,0,-0.0005988023952
2018-04-03,16.58,16.58,0,-0.006590772918
2018-04-09,16.66,16.66,0,0.00482509047
2018-04-10,16.88,16.88,0,0.01320528211
2018-04-11,16.92,16.92,0,0.002369668246
2018-04-12,16.95,16.95,0,0.001773049645
2018-04-13,16.93,16.93,0,-0.001179941003
2018-04-16,16.87,16.87,0,-0.003544004725
2018-04-17,16.72,16.72,0,-0.008891523414
2018-04-18,16.76,16.76,0,0.002392344498
2018-04-19,16.93,16.93,0,0.01014319809
2018-04-20,16.95,16.95,0,0.001181334908
2018-04-23,17,17,0,0.002949852507
2018-04-24,16.99,16.99,0,-0.0005882352941
2018-04-25,16.94,16.94,0,-0.002942907593
2018-04-26,16.96,16.96,0,0.001180637544
2018-04-27,17.04,17.04,0,0.004716981132
2018-04-30,17.2,17.2,0,0.009389671362
2018-05-02,17.15,17.15,0,-0.002906976744
2018-05-03,17.08,17.08,0,-0.004081632653
2018-05-04,17.01,17.01,0,-0.004098360656
2018-05-07,17.1,17.1,0,0.005291005291
2018-05-08,17.11,17.11,0,0.0005847953216
2018-05-09,17.15,17.15,0,0.002337814144
2018-05-10,17.16,17.16,0,0.000583090379
2018-05-11,17.36,17.36,0,0.01165501166
2018-05-14,17.47,17.47,0,0.00633640553
2018-05-15,17.45,17.45,0,-0.001144819691
2018-05-16,17.45,17.45,0,0
2018-05-17,17.5,17.5,0,0.002865329513
2018-05-18,17.51,17.51,0,0.0005714285714
2018-05-21,17.58,17.58,0,0.003997715591
2018-05-22,17.6,17.6,0,0.001137656428
2018-05-23,17.55,17.55,0,-0.002840909091
2018-05-24,17.57,17.57,0,0.00113960114
2018-05-25,17.57,17.57,0,0
2018-05-28,17.59,17.59,0,0.001138303927
2018-05-29,17.53,17.53,0,-0.003411028994
2018-05-30,17.29,17.29,0,-0.01369081574
2018-05-31,17.31,17.31,0,0.001156737999
2018-06-01,17.37,17.37,0,0.003466204506
2018-06-04,17.52,17.52,0,0.008635578584
2018-06-05,17.8,17.8,0,0.01598173516
2018-06-06,17.76,17.76,0,-0.002247191011
2018-06-07,17.84,17.84,0,0.004504504505
2018-06-08,17.78,17.78,0,-0.0033632287
2018-06-11,17.77,17.77,0,-0.0005624296963
2018-06-12,17.68,17.68,0,-0.005064715813
2018-06-13,17.73,17.73,0,0.002828054299
2018-06-14,17.53,17.53,0,-0.01128031585
2018-06-15,17.56,17.56,0,0.001711351968
2018-06-19,17.39,17.39,0,-0.009681093394
2018-06-20,17.48,17.48,0,0.005175388154
2018-06-21,17.5,17.5,0,0.00114416476
2018-06-22,17.45,17.45,0,-0.002857142857
2018-06-25,17.46,17.46,0,0.0005730659026
2018-06-26,17.43,17.43,0,-0.001718213058
2018-06-27,17.39,17.39,0,-0.002294893861
2018-06-28,17.27,17.27,0,-0.006900517539
2018-06-29,17.42,17.42,0,0.008685581934
2018-07-02,17.38,17.38,0,-0.002296211251
2018-07-03,17.17,17.17,0,-0.01208285386
2018-07-04,17.19,17.19,0,0.001164822365
2018-07-05,17.1,17.1,0,-0.005235602094
2018-07-06,17.01,17.01,0,-0.005263157895
2018-07-09,17.18,17.18,0,0.009994121105
2018-07-10,17.24,17.24,0,0.003492433062
2018-07-11,17.18,17.18,0,-0.003480278422
2018-07-12,17.36,17.36,0,0.01047729919
2018-07-13,17.41,17.41,0,0.002880184332
2018-07-16,17.43,17.43,0,0.001148765078
2018-07-17,17.44,17.44,0,0.0005737234653
2018-07-18,17.43,17.43,0,-0.0005733944954
2018-07-19,17.44,17.44,0,0.0005737234653
2018-07-20,17.5,17.5,0,0.003440366972
2018-07-23,17.5,17.5,0,0
2018-07-24,17.51,17.51,0,0.0005714285714
2018-07-25,17.57,17.57,0,0.003426613364
2018-07-26,17.64,17.64,0,0.003984063745
2018-07-27,17.7,17.7,0,0.003401360544
2018-07-30,17.65,17.65,0,-0.002824858757
2018-07-31,17.79,17.79,0,0.007932011331
2018-08-01,17.85,17.85,0,0.003372681282
2018-08-02,17.74,17.74,0,-0.006162464986
2018-08-03,17.8,17.8,0,0.003382187148
2018-08-06,17.91,17.91,0,0.006179775281
2018-08-07,17.9,17.9,0,-0.000558347292
2018-08-08,17.99,17.99,0,0.005027932961
2018-08-09,18,18,0,0.0005558643691
2018-08-10,18.07,18.07,0,0.003888888889
2018-08-13,17.89,17.89,0,-0.00996126176
2018-08-14,17.93,17.93,0,0.00223588597
2018-08-15,17.86,17.86,0,-0.003904071389
2018-08-16,17.75,17.75,0,-0.006159014558
2018-08-17,17.85,17.85,0,0.005633802817
2018-08-20,17.9,17.9,0,0.002801120448
2018-08-21,18.01,18.01,0,0.006145251397
2018-08-22,18.1,18.1,0,0.004997223765
2018-08-23,18.11,18.11,0,0.0005524861878
2018-08-24,18.12,18.12,0,0.0005521811154
2018-08-27,18.19,18.19,0,0.003863134658
2018-08-28,18.22,18.22,0,0.001649257834
2018-08-29,18.21,18.21,0,-0.0005488474204
2018-08-30,18.19,18.19,0,-0.001098297639
2018-08-31,18.27,18.27,0,0.004398020891
2018-09-03,18.23,18.23,0,-0.0021893815
2018-09-04,18.3,18.3,0,0.003839824465
2018-09-05,18.17,18.17,0,-0.007103825137
2018-09-06,18.13,18.13,0,-0.00220143093
2018-09-07,18.07,18.07,0,-0.003309431881
2018-09-10,18.1,18.1,0,0.001660210293
2018-09-11,18.1,18.1,0,0
2018-09-12,18.08,18.08,0,-0.001104972376
2018-09-13,18.05,18.05,0,-0.001659292035
2018-09-14,18.16,18.16,0,0.006094182825
2018-09-17,18.24,18.24,0,0.004405286344
2018-09-18,18.25,18.25,0,0.000548245614
2018-09-19,18.3,18.3,0,0.002739726027
2018-09-20,18.45,18.45,0,0.008196721311
2018-09-21,18.65,18.65,0,0.0108401084
2018-09-25,18.81,18.81,0,0.008579088472
2018-09-26,18.76,18.76,0,-0.002658160553
2018-09-27,18.85,18.85,0,0.004797441365
2018-09-28,18.81,18.81,0,-0.002122015915
2018-10-01,18.9,18.9,0,0.004784688995
2018-10-02,18.65,18.65,0,-0.01322751323
2018-10-03,18.6,18.6,0,-0.002680965147
2018-10-04,18.57,18.57,0,-0.001612903226
2018-10-05,18.4,18.4,0,-0.00915455035
2018-10-08,18.42,18.42,0,0.001086956522
2018-10-09,18.59,18.59,0,0.009229098806
2018-10-11,17.67,17.67,0,-0.04948897257
2018-10-12,17.89,17.89,0,0.01245048104
2018-10-15,17.74,17.74,0,-0.008384572387
2018-10-16,17.7,17.7,0,-0.002254791432
2018-10-17,17.66,17.66,0,-0.002259887006
2018-10-18,17.66,17.66,0,0
2018-10-19,17.57,17.57,0,-0.005096262741
2018-10-22,17.65,17.65,0,0.004553215709
2018-10-23,17.5,17.5,0,-0.008498583569
2018-10-24,17.35,17.35,0,-0.008571428571
2018-10-25,17.05,17.05,0,-0.01729106628
2018-10-26,16.9,16.9,0,-0.008797653959
2018-10-29,16.84,16.84,0,-0.003550295858
2018-10-30,16.96,16.96,0,0.007125890736
2018-10-31,17.26,17.26,0,0.01768867925
2018-11-01,17.27,17.27,0,0.0005793742758
2018-11-02,17.35,17.35,0,0.004632310365
2018-11-05,17.42,17.42,0,0.004034582133
2018-11-06,17.43,17.43,0,0.0005740528129
2018-11-07,17.61,17.61,0,0.01032702238
2018-11-08,17.76,17.76,0,0.008517887564
2018-11-09,17.75,17.75,0,-0.0005630630631
2018-11-12,17.75,17.75,0,0
2018-11-13,17.69,17.69,0,-0.00338028169
2018-11-14,17.71,17.71,0,0.00113058225
2018-11-15,17.72,17.72,0,0.0005646527386
2018-11-16,17.75,17.75,0,0.001693002257
2018-11-19,18.04,18.04,0,0.01633802817
2018-11-20,17.95,17.95,0,-0.004988913525
2018-11-21,17.94,17.94,0,-0.0005571030641
2018-11-22,17.15,17.15,0.65,-0.007803790412
2018-11-23,17.1,17.1,0,-0.002915451895
2018-11-26,17.07,17.07,0,-0.001754385965
2018-11-27,17,17,0,-0.00410076157
2018-11-28,17.06,17.06,0,0.003529411765
2018-11-29,17.01,17.01,0,-0.002930832356
2018-11-30,16.99,16.99,0,-0.001175778954
2018-12-03,17.15,17.15,0,0.009417304297
2018-12-04,16.97,16.97,0,-0.01049562682
2018-12-05,16.95,16.95,0,-0.001178550383
2018-12-06,16.78,16.78,0,-0.01002949853
2018-12-07,16.81,16.81,0,0.00178784267
2018-12-10,16.59,16.59,0,-0.01308744795
2018-12-11,16.64,16.64,0,0.003013863773
2018-12-12,16.7,16.7,0,0.003605769231
2018-12-13,16.75,16.75,0,0.002994011976
2018-12-14,16.7,16.7,0,-0.002985074627
2018-12-17,16.66,16.66,0,-0.002395209581
2018-12-18,16.55,16.55,0,-0.006602641056
2018-12-19,16.52,16.52,0,-0.001812688822
2018-12-20,16.5,16.5,0,-0.001210653753
2018-12-21,16.42,16.42,0,-0.004848484848
2018-12-22,16.4,16.4,0,-0.001218026797
2018-12-24,16.41,16.41,0,0.0006097560976
2018-12-25,16.21,16.21,0,-0.01218769043
2018-12-26,16.27,16.27,0,0.003701418877
2018-12-27,16.42,16.42,0,0.00921942225
2018-12-28,16.52,16.52,0,0.006090133983
2019-01-02,16.35,16.35,0,-0.0102905569
2019-01-03,16.25,16.25,0,-0.006116207951
2019-01-04,16.2,16.2,0,-0.003076923077
2019-01-07,16.35,16.35,0,0.009259259259
2019-01-08,16.42,16.42,0,0.004281345566
2019-01-09,16.69,16.69,0,0.01644336175
2019-01-10,16.6,16.6,0,-0.005392450569
2019-01-11,16.59,16.59,0,-0.0006024096386
2019-01-14,16.47,16.47,0,-0.007233273056
2019-01-15,16.62,16.62,0,0.009107468124
2019-01-16,16.5,16.5,0,-0.007220216606
2019-01-17,16.5,16.5,0,0
2019-01-18,16.45,16.45,0,-0.00303030303
2019-01-21,16.56,16.56,0,0.006686930091
2019-01-22,16.6,16.6,0,0.002415458937
2019-01-23,16.63,16.63,0,0.001807228916
2019-01-24,16.58,16.58,0,-0.003006614552
2019-01-25,16.61,16.61,0,0.001809408926
2019-01-28,16.7,16.7,0,0.005418422637
2019-01-29,16.71,16.71,0,0.0005988023952
2019-01-30,16.75,16.75,0,0.002393776182
2019-02-11,16.8,16.8,0,0.002985074627
2019-02-12,16.7,16.7,0,-0.005952380952
2019-02-13,16.8,16.8,0,0.005988023952
2019-02-14,16.85,16.85,0,0.002976190476
2019-02-15,16.82,16.82,0,-0.00178041543
2019-02-18,16.88,16.88,0,0.003567181926
2019-02-19,16.9,16.9,0,0.001184834123
2019-02-20,16.93,16.93,0,0.001775147929
2019-02-21,16.99,16.99,0,0.003544004725
2019-02-22,16.99,16.99,0,0
2019-02-25,17.03,17.03,0,0.002354326074
2019-02-26,17.07,17.07,0,0.002348796242
2019-02-27,17.12,17.12,0,0.002929115407
2019-03-04,17.06,17.06,0,-0.003504672897
2019-03-05,17.06,17.06,0,0
2019-03-06,17.15,17.15,0,0.005275498242
2019-03-07,17.05,17.05,0,-0.00583090379
2019-03-08,16.96,16.96,0,-0.005278592375
2019-03-11,16.96,16.96,0,0
2019-03-12,17.07,17.07,0,0.006485849057
2019-03-13,17.1,17.1,0,0.001757469244
2019-03-14,17.08,17.08,0,-0.001169590643
2019-03-15,17.1,17.1,0,0.001170960187
2019-03-18,17.25,17.25,0,0.008771929825
2019-03-19,17.37,17.37,0,0.006956521739
2019-03-20,17.47,17.47,0,0.005757052389
2019-03-21,17.5,17.5,0,0.001717229536
2019-03-22,17.43,17.43,0,-0.004
2019-03-25,17.23,17.23,0,-0.01147446931
2019-03-26,17.27,17.27,0,0.002321532211
2019-03-27,17.25,17.25,0,-0.001158077591
2019-03-28,17.25,17.25,0,0
2019-03-29,17.3,17.3,0,0.002898550725
2019-04-01,17.35,17.35,0,0.00289017341
2019-04-02,17.4,17.4,0,0.00288184438
2019-04-03,17.41,17.41,0,0.0005747126437
2019-04-08,17.4,17.4,0,-0.0005743825388
2019-04-09,17.4,17.4,0,0
2019-04-10,17.4,17.4,0,0
2019-04-11,17.4,17.4,0,0
2019-04-12,17.35,17.35,0,-0.002873563218
2019-04-15,17.39,17.39,0,0.002305475504
2019-04-16,17.4,17.4,0,0.0005750431282
2019-04-17,17.35,17.35,0,-0.002873563218
2019-04-18,17.23,17.23,0,-0.006916426513
2019-04-19,17.33,17.33,0,0.005803830528
2019-04-22,17.35,17.35,0,0.00115406809
2019-04-23,17.36,17.36,0,0.0005763688761
2019-04-24,17.42,17.42,0,0.003456221198
2019-04-25,17.44,17.44,0,0.001148105626
2019-04-26,17.46,17.46,0,0.001146788991
2019-04-29,17.64,17.64,0,0.01030927835
2019-04-30,17.75,17.75,0,0.006235827664
2019-05-02,17.93,17.93,0,0.01014084507
2019-05-03,17.96,17.96,0,0.001673173452
2019-05-06,17.72,17.72,0,-0.01336302895
2019-05-07,17.79,17.79,0,0.0039503386
2019-05-08,17.7,17.7,0,-0.005059021922
2019-05-09,17.54,17.54,0,-0.009039548023
2019-05-10,17.51,17.51,0,-0.001710376283
2019-05-13,17.35,17.35,0,-0.009137635637
2019-05-14,17.2,17.2,0,-0.008645533141
2019-05-15,17.25,17.25,0,0.002906976744
2019-05-16,17.08,17.08,0,-0.009855072464
2019-05-17,17.12,17.12,0,0.002341920375
2019-05-20,17.25,17.25,0,0.007593457944
2019-05-21,17.6,17.6,0,0.02028985507
2019-05-22,17.47,17.47,0,-0.007386363636
2019-05-23,17.38,17.38,0,-0.005151688609
2019-05-24,17.46,17.46,0,0.004602991945
2019-05-27,17.52,17.52,0,0.003436426117
2019-05-28,17.52,17.52,0,0
2019-05-29,17.44,17.44,0,-0.004566210046
2019-05-30,17.6,17.6,0,0.009174311927
2019-05-31,17.77,17.77,0,0.009659090909
2019-06-03,17.8,17.8,0,0.001688238604
2019-06-04,17.82,17.82,0,0.001123595506
2019-06-05,17.86,17.86,0,0.002244668911
2019-06-06,17.91,17.91,0,0.002799552072
2019-06-10,18.1,18.1,0,0.01060859855
2019-06-11,18.04,18.04,0,-0.003314917127
2019-06-12,17.8,17.8,0,-0.0133037694
2019-06-13,17.7,17.7,0,-0.005617977528
2019-06-14,17.78,17.78,0,0.004519774011
2019-06-17,17.92,17.92,0,0.007874015748
2019-06-18,17.85,17.85,0,-0.00390625
2019-06-19,18.14,18.14,0,0.0162464986
2019-06-20,18.18,18.18,0,0.002205071665
2019-06-21,18.08,18.08,0,-0.005500550055
2019-06-24,18.14,18.14,0,0.003318584071
2019-06-25,18.13,18.13,0,-0.0005512679162
2019-06-26,18.15,18.15,0,0.00110314396
2019-06-27,18.27,18.27,0,0.006611570248
2019-06-28,18.23,18.23,0,-0.0021893815
2019-07-01,18.3,18.3,0,0.003839824465
2019-07-02,18.26,18.26,0,-0.00218579235
2019-07-03,18.21,18.21,0,-0.00273822563
2019-07-04,18.37,18.37,0,0.008786381109
2019-07-05,18.4,18.4,0,0.001633097441
2019-07-08,18.38,18.38,0,-0.001086956522
2019-07-09,18.4,18.4,0,0.001088139282
2019-07-10,18.47,18.47,0,0.003804347826
2019-07-11,18.55,18.55,0,0.004331348132
2019-07-12,18.58,18.58,0,0.001617250674
2019-07-15,18.52,18.52,0,-0.003229278794
2019-07-16,18.5,18.5,0,-0.001079913607
2019-07-17,18.49,18.49,0,-0.0005405405405
2019-07-18,18.52,18.52,0,0.001622498648
2019-07-19,18.53,18.53,0,0.0005399568035
2019-07-22,18.58,18.58,0,0.002698327037
2019-07-23,18.55,18.55,0,-0.001614639397
2019-07-24,18.44,18.44,0,-0.005929919137
2019-07-25,18.58,18.58,0,0.007592190889
2019-07-26,18.49,18.49,0,-0.004843918192
2019-07-29,18.55,18.55,0,0.003244997296
2019-07-30,18.55,18.55,0,0
2019-07-31,18.49,18.49,0,-0.003234501348
2019-08-01,18.35,18.35,0,-0.007571660357
2019-08-02,18.1,18.1,0,-0.0136239782
2019-08-05,18.06,18.06,0,-0.002209944751
2019-08-06,17.97,17.97,0,-0.004983388704
2019-08-07,17.9,17.9,0,-0.003895381191
2019-08-08,18,18,0,0.005586592179
2019-08-12,18.14,18.14,0,0.007777777778
2019-08-13,17.95,17.95,0,-0.01047409041
2019-08-14,18,18,0,0.00278551532
2019-08-15,17.86,17.86,0,-0.007777777778
2019-08-16,18.07,18.07,0,0.0117581187
2019-08-19,18.15,18.15,0,0.004427227449
2019-08-20,18.19,18.19,0,0.002203856749
2019-08-21,18.15,18.15,0,-0.002199010445
2019-08-22,18.16,18.16,0,0.0005509641873
2019-08-23,18.14,18.14,0,-0.001101321586
2019-08-26,18.03,18.03,0,-0.006063947078
2019-08-27,18.11,18.11,0,0.004437049362
2019-08-28,18.05,18.05,0,-0.003313086692
2019-08-29,18.01,18.01,0,-0.002216066482
2019-08-30,18.23,18.23,0,0.01221543587
2019-09-02,18.22,18.22,0,-0.0005485463522
2019-09-03,18.21,18.21,0,-0.0005488474204
2019-09-04,18.16,18.16,0,-0.002745744097
2019-09-05,18.29,18.29,0,0.007158590308
2019-09-06,18.48,18.48,0,0.01038819027
2019-09-09,18.63,18.63,0,0.008116883117
2019-09-10,18.8,18.8,0,0.009125067096
2019-09-11,18.83,18.83,0,0.001595744681
2019-09-12,18.84,18.84,0,0.0005310674456
2019-09-16,18.85,18.85,0,0.0005307855626
2019-09-17,18.88,18.88,0,0.001591511936
2019-09-18,18.99,18.99,0,0.005826271186
2019-09-19,18.99,18.99,0,0
2019-09-20,18.97,18.97,0,-0.001053185887
2019-09-23,18.95,18.95,0,-0.001054296257
2019-09-24,18.9,18.9,0,-0.002638522427
2019-09-25,18.7,18.7,0,-0.01058201058
2019-09-26,18.75,18.75,0,0.002673796791
2019-09-27,18.7,18.7,0,-0.002666666667
2019-10-01,18.73,18.73,0,0.001604278075
2019-10-02,18.76,18.76,0,0.001601708489
2019-10-03,18.59,18.59,0,-0.009061833689
2019-10-04,18.55,18.55,0,-0.002151694459
2019-10-07,18.57,18.57,0,0.001078167116
2019-10-08,18.65,18.65,0,0.004308023694
2019-10-09,18.57,18.57,0,-0.004289544236
2019-10-14,18.65,18.65,0,0.004308023694
2019-10-15,18.79,18.79,0,0.007506702413
2019-10-16,18.79,18.79,0,0
2019-10-17,18.82,18.82,0,0.001596593933
2019-10-18,18.83,18.83,0,0.0005313496281
2019-10-21,18.88,18.88,0,0.002655337228
2019-10-22,18.93,18.93,0,0.002648305085
2019-10-23,18.95,18.95,0,0.001056524036
2019-10-24,18.97,18.97,0,0.001055408971
2019-10-25,19,19,0,0.001581444386
2019-10-28,18.96,18.96,0,-0.002105263158
2019-10-29,19.03,19.03,0,0.003691983122
2019-10-30,19.07,19.07,0,0.002101944298
2019-10-31,19.14,19.14,0,0.003670686943
2019-11-01,19.05,19.05,0,-0.004702194357
2019-11-04,19.24,19.24,0,0.009973753281
2019-11-05,19.39,19.39,0,0.007796257796
2019-11-06,19.65,19.65,0,0.0134089737
2019-11-07,19.54,19.54,0,-0.005597964377
2019-11-08,19.7,19.7,0,0.008188331627
2019-11-11,19.49,19.49,0,-0.01065989848
2019-11-12,19.65,19.65,0,0.008209338122
2019-11-13,19.57,19.57,0,-0.004071246819
2019-11-14,19.55,19.55,0,-0.001021972407
2019-11-15,19.55,19.55,0,0
2019-11-18,19.6,19.6,0,0.002557544757
2019-11-19,19.59,19.59,0,-0.0005102040816
2019-11-20,19.6,19.6,0,0.0005104645227
2019-11-21,19.5,19.5,0,-0.005102040816
2019-11-22,18.8,18.8,0.7,0
2019-11-25,18.85,18.85,0,0.002659574468
2019-11-26,18.91,18.91,0,0.003183023873
2019-11-27,18.9,18.9,0,-0.0005288207298
2019-11-28,18.82,18.82,0,-0.004232804233
2019-11-29,18.74,18.74,0,-0.004250797024
2019-12-02,18.65,18.65,0,-0.004802561366
2019-12-03,18.64,18.64,0,-0.0005361930295
2019-12-04,18.63,18.63,0,-0.0005364806867
2019-12-05,18.68,18.68,0,0.002683843264
2019-12-06,18.65,18.65,0,-0.001605995717
2019-12-09,18.73,18.73,0,0.004289544236
2019-12-10,18.6,18.6,0,-0.006940736786
2019-12-11,18.66,18.66,0,0.003225806452
2019-12-12,18.79,18.79,0,0.006966773848
2019-12-13,18.89,18.89,0,0.005321979776
2019-12-16,18.96,18.96,0,0.003705664373
2019-12-17,18.95,18.95,0,-0.0005274261603
2019-12-18,19,19,0,0.002638522427
2019-12-19,18.99,18.99,0,-0.0005263157895
2019-12-20,19,19,0,0.0005265929437
2019-12-23,19.03,19.03,0,0.001578947368
2019-12-24,19.05,19.05,0,0.001050972149
2019-12-25,19.03,19.03,0,-0.001049868766
2019-12-26,19,19,0,-0.001576458224
2019-12-27,19.02,19.02,0,0.001052631579
2019-12-30,19.01,19.01,0,-0.0005257623554
2019-12-31,19,19,0,-0.0005260389269
2020-01-02,19.02,19.02,0,0.001052631579
2020-01-03,19.03,19.03,0,0.0005257623554
2020-01-06,18.93,18.93,0,-0.005254860746
2020-01-07,18.92,18.92,0,-0.000528262018
2020-01-08,18.82,18.82,0,-0.005285412262
2020-01-09,18.85,18.85,0,0.001594048884
2020-01-10,18.89,18.89,0,0.002122015915
2020-01-13,19.17,19.17,0,0.01482265749
2020-01-14,19.21,19.21,0,0.002086593636
2020-01-15,19.18,19.18,0,-0.001561686622
2020-01-16,19.25,19.25,0,0.003649635036
2020-01-17,19.27,19.27,0,0.001038961039
2020-01-20,19.38,19.38,0,0.005708354956
2020-01-30,18.61,18.61,0,-0.03973168215
2020-01-31,18.67,18.67,0,0.003224073079
2020-02-03,18.44,18.44,0,-0.01231922871
2020-02-04,18.62,18.62,0,0.009761388286
2020-02-05,18.74,18.74,0,0.006444683136
2020-02-06,19,19,0,0.01387406617
2020-02-07,18.78,18.78,0,-0.01157894737
2020-02-10,18.78,18.78,0,0
2020-02-11,18.91,18.91,0,0.006922257721
2020-02-12,18.91,18.91,0,0
2020-02-13,19.01,19.01,0,0.005288207298
2020-02-14,19,19,0,-0.0005260389269
2020-02-17,18.98,18.98,0,-0.001052631579
2020-02-18,19.03,19.03,0,0.002634351949
2020-02-19,19.23,19.23,0,0.01050972149
2020-02-20,19.28,19.28,0,0.002600104004
2020-02-21,19.17,19.17,0,-0.005705394191
2020-02-24,19,19,0,-0.008868022953
2020-02-25,18.86,18.86,0,-0.007368421053
2020-02-26,18.74,18.74,0,-0.006362672322
2020-02-27,18.68,18.68,0,-0.003201707577
2020-03-02,18.44,18.44,0,-0.01284796574
2020-03-03,18.55,18.55,0,0.005965292842
2020-03-04,18.44,18.44,0,-0.005929919137
2020-03-05,18.7,18.7,0,0.01409978308
2020-03-06,18.51,18.51,0,-0.01016042781
2020-03-09,18.06,18.06,0,-0.02431118314
2020-03-10,17.96,17.96,0,-0.00553709856
2020-03-11,17.85,17.85,0,-0.006124721604
2020-03-12,17.11,17.11,0,-0.04145658263
2020-03-13,16.5,16.5,0,-0.03565166569
2020-03-16,16,16,0,-0.0303030303
2020-03-17,15.42,15.42,0,-0.03625
2020-03-18,15.1,15.1,0,-0.02075226978
2020-03-19,14,14,0,-0.07284768212
2020-03-20,14.81,14.81,0,0.05785714286
2020-03-23,14.3,14.3,0,-0.03443619176
2020-03-24,15.12,15.12,0,0.05734265734
2020-03-25,15.34,15.34,0,0.01455026455
2020-03-26,15.39,15.39,0,0.003259452412
2020-03-27,15.65,15.65,0,0.01689408707
2020-03-30,15.59,15.59,0,-0.003833865815
2020-03-31,15.45,15.45,0,-0.008980115459
2020-04-01,15.45,15.45,0,0
2020-04-06,15.42,15.42,0,-0.001941747573
2020-04-07,15.5,15.5,0,0.005188067445
2020-04-08,15.75,15.75,0,0.01612903226
2020-04-09,15.81,15.81,0,0.00380952381
2020-04-10,16.24,16.24,0,0.02719797596
2020-04-13,16.17,16.17,0,-0.004310344828
2020-04-14,16.5,16.5,0,0.02040816327
2020-04-15,16.8,16.8,0,0.01818181818
2020-04-16,16.6,16.6,0,-0.0119047619
2020-04-17,16.7,16.7,0,0.006024096386
2020-04-20,16.63,16.63,0,-0.004191616766
2020-04-21,16.18,16.18,0,-0.02705953097
2020-04-22,16,16,0,-0.01112484549
2020-04-23,16.04,16.04,0,0.0025
2020-04-24,16.2,16.2,0,0.009975062344
2020-04-27,16.38,16.38,0,0.01111111111
2020-04-28,16.56,16.56,0,0.01098901099
2020-04-29,16.91,16.91,0,0.0211352657
2020-04-30,17.27,17.27,0,0.021289178
2020-05-04,16.85,16.85,0,-0.02431962942
2020-05-05,16.93,16.93,0,0.004747774481
2020-05-06,16.81,16.81,0,-0.007088009451
2020-05-07,16.85,16.85,0,0.00237953599
2020-05-08,16.96,16.96,0,0.006528189911
2020-05-11,17.22,17.22,0,0.01533018868
2020-05-12,17.05,17.05,0,-0.00987224158
2020-05-13,16.99,16.99,0,-0.003519061584
2020-05-14,16.91,16.91,0,-0.004708652148
2020-05-15,16.87,16.87,0,-0.002365464222
2020-05-18,16.88,16.88,0,0.0005927682276
2020-05-19,17.1,17.1,0,0.01303317536
2020-05-20,17.05,17.05,0,-0.002923976608
2020-05-21,17.16,17.16,0,0.006451612903
2020-05-22,16.9,16.9,0,-0.01515151515
2020-05-25,16.94,16.94,0,0.002366863905
2020-05-26,17.23,17.23,0,0.01711924439
2020-05-27,17.23,17.23,0,0
2020-05-28,17.09,17.09,0,-0.008125362739
2020-05-29,17.25,17.25,0,0.009362200117
2020-06-01,17.38,17.38,0,0.007536231884
2020-06-02,17.5,17.5,0,0.006904487917
2020-06-03,17.79,17.79,0,0.01657142857
2020-06-04,17.82,17.82,0,0.001686340641
2020-06-05,17.88,17.88,0,0.003367003367
2020-06-08,18.02,18.02,0,0.007829977629
2020-06-09,18.08,18.08,0,0.00332963374
2020-06-10,18.2,18.2,0,0.006637168142
2020-06-11,17.9,17.9,0,-0.01648351648
2020-06-12,17.62,17.62,0,-0.0156424581
2020-06-15,17.61,17.61,0,-0.0005675368899
2020-06-16,17.87,17.87,0,0.01476433844
2020-06-17,17.9,17.9,0,0.00167879127
2020-06-18,17.81,17.81,0,-0.005027932961
2020-06-19,17.81,17.81,0,0
2020-06-22,17.74,17.74,0,-0.003930376193
2020-06-23,17.78,17.78,0,0.002254791432
2020-06-24,17.81,17.81,0,0.001687289089
2020-06-29,17.67,17.67,0,-0.007860752386
2020-06-30,17.8,17.8,0,0.007357102434
2020-07-01,17.89,17.89,0,0.005056179775
2020-07-02,17.98,17.98,0,0.005030743432
2020-07-03,18.06,18.06,0,0.004449388209
2020-07-06,18.32,18.32,0,0.01439645626
2020-07-07,18.25,18.25,0,-0.003820960699
2020-07-08,18.3,18.3,0,0.002739726027
2020-07-09,18.28,18.28,0,-0.001092896175
2020-07-10,18.04,18.04,0,-0.01312910284
2020-07-13,18.21,18.21,0,0.009423503326
2020-07-14,18.2,18.2,0,-0.0005491488193
2020-07-15,18.2,18.2,0,0
2020-07-16,18.14,18.14,0,-0.003296703297
2020-07-17,18.13,18.13,0,-0.0005512679162
2020-07-20,18.14,18.14,0,0.0005515719801
2020-07-21,18.25,18.25,0,0.006063947078
2020-07-22,18.24,18.24,0,-0.0005479452055
2020-07-23,18.14,18.14,0,-0.00548245614
2020-07-24,18.06,18.06,0,-0.00441014333
2020-07-27,17.85,17.85,0,-0.01162790698
2020-07-28,17.76,17.76,0,-0.005042016807
2020-07-29,18.02,18.02,0,0.01463963964
2020-07-30,18.14,18.14,0,0.006659267481
2020-07-31,18.04,18.04,0,-0.005512679162
2020-08-03,17.92,17.92,0,-0.006651884701
2020-08-04,18,18,0,0.004464285714
2020-08-05,18,18,0,0
2020-08-06,18.15,18.15,0,0.008333333333
2020-08-07,18.08,18.08,0,-0.003856749311
2020-08-10,18.21,18.21,0,0.007190265487
2020-08-11,18.21,18.21,0,0
2020-08-12,18.19,18.19,0,-0.001098297639
2020-08-13,18.25,18.25,0,0.003298515668
2020-08-14,18.25,18.25,0,0
2020-08-17,18.3,18.3,0,0.002739726027
2020-08-18,18.35,18.35,0,0.002732240437
2020-08-19,18.37,18.37,0,0.001089918256
2020-08-20,17.99,17.99,0,-0.02068590093
2020-08-21,18.11,18.11,0,0.006670372429
2020-08-24,18.06,18.06,0,-0.002760905577
2020-08-25,18.19,18.19,0,0.007198228128
2020-08-26,18.19,18.19,0,0
2020-08-27,18.06,18.06,0,-0.007146783947
2020-08-28,18.07,18.07,0,0.000553709856
2020-08-31,18.05,18.05,0,-0.001106806862
2020-09-01,17.98,17.98,0,-0.003878116343
2020-09-02,17.9,17.9,0,-0.004449388209
2020-09-03,17.91,17.91,0,0.0005586592179
2020-09-04,17.82,17.82,0,-0.005025125628
2020-09-07,17.8,17.8,0,-0.001122334456
2020-09-08,17.87,17.87,0,0.00393258427
2020-09-09,17.76,17.76,0,-0.006155567991
2020-09-10,17.85,17.85,0,0.005067567568
2020-09-11,17.86,17.86,0,0.0005602240896
2020-09-14,17.87,17.87,0,0.0005599104143
2020-09-15,17.88,17.88,0,0.0005595970901
2020-09-16,17.95,17.95,0,0.003914988814
2020-09-17,17.85,17.85,0,-0.005571030641
2020-09-18,17.85,17.85,0,0
2020-09-21,17.74,17.74,0,-0.006162464986
2020-09-22,17.51,17.51,0,-0.01296505073
2020-09-23,17.35,17.35,0,-0.009137635637
2020-09-24,16.98,16.98,0,-0.02132564841
2020-09-25,17.1,17.1,0,0.007067137809
2020-09-28,17.31,17.31,0,0.01228070175
2020-09-29,17.48,17.48,0,0.009820912767
2020-09-30,17.44,17.44,0,-0.002288329519
2020-10-05,17.4,17.4,0,-0.002293577982
2020-10-06,17.5,17.5,0,0.005747126437
2020-10-07,17.48,17.48,0,-0.001142857143
2020-10-08,17.48,17.48,0,0
2020-10-12,17.45,17.45,0,-0.00171624714
2020-10-13,17.45,17.45,0,0
2020-10-14,17.4,17.4,0,-0.002865329513
2020-10-15,17.3,17.3,0,-0.005747126437
2020-10-16,17.3,17.3,0,0
2020-10-19,17.31,17.31,0,0.0005780346821
2020-10-20,17.26,17.26,0,-0.002888503755
2020-10-21,17.3,17.3,0,0.002317497103
2020-10-22,17.3,17.3,0,0
2020-10-23,17.35,17.35,0,0.00289017341
2020-10-26,17.5,17.5,0,0.008645533141
2020-10-27,17.42,17.42,0,-0.004571428571
2020-10-28,17.34,17.34,0,-0.004592422503
2020-10-29,17.2,17.2,0,-0.008073817762
2020-10-30,17.16,17.16,0,-0.002325581395
2020-11-02,17.3,17.3,0,0.008158508159
2020-11-03,17.51,17.51,0,0.01213872832
2020-11-04,17.5,17.5,0,-0.0005711022273
2020-11-05,17.58,17.58,0,0.004571428571
2020-11-06,17.79,17.79,0,0.01194539249
2020-11-09,17.93,17.93,0,0.007869589657
2020-11-10,18.2,18.2,0,0.01505856107
2020-11-11,18.55,18.55,0,0.01923076923
2020-11-12,18.37,18.37,0,-0.009703504043
2020-11-13,18.36,18.36,0,-0.0005443658138
2020-11-16,18.49,18.49,0,0.007080610022
2020-11-17,18.53,18.53,0,0.002163331531
2020-11-18,18.57,18.57,0,0.00215866163
2020-11-19,18.57,18.57,0,0
2020-11-20,17.81,17.81,0.65,-0.005923532579
2020-11-23,17.95,17.95,0,0.007860752386
2020-11-24,17.87,17.87,0,-0.004456824513
2020-11-25,17.83,17.83,0,-0.00223838836
2020-11-26,17.85,17.85,0,0.001121704992
2020-11-27,17.85,17.85,0,0
2020-11-30,17.72,17.72,0,-0.007282913165
2020-12-01,17.7,17.7,0,-0.001128668172
2020-12-02,17.69,17.69,0,-0.0005649717514
2020-12-03,17.7,17.7,0,0.0005652911249
2020-12-04,17.78,17.78,0,0.004519774011
2020-12-07,17.78,17.78,0,0
2020-12-08,17.55,17.55,0,-0.01293588301
2020-12-09,17.5,17.5,0,-0.002849002849
2020-12-10,17.56,17.56,0,0.003428571429
2020-12-11,17.75,17.75,0,0.01082004556
2020-12-14,17.81,17.81,0,0.00338028169
2020-12-15,17.65,17.65,0,-0.008983717013
2020-12-16,17.77,17.77,0,0.006798866856
2020-12-17,17.72,17.72,0,-0.002813731007
2020-12-18,17.7,17.7,0,-0.001128668172
2020-12-21,17.73,17.73,0,0.001694915254
2020-12-22,17.7,17.7,0,-0.001692047377
2020-12-23,17.63,17.63,0,-0.00395480226
2020-12-24,17.7,17.7,0,0.003970504821
2020-12-25,17.69,17.69,0,-0.0005649717514
2020-12-28,17.71,17.71,0,0.00113058225
2020-12-29,17.71,17.71,0,0
2020-12-30,18.06,18.06,0,0.01976284585
2020-12-31,18.05,18.05,0,-0.000553709856
2021-01-04,18.09,18.09,0,0.002216066482
2021-01-05,18.07,18.07,0,-0.001105583195
2021-01-06,18,18,0,-0.003873824018
2021-01-07,18.1,18.1,0,0.005555555556
2021-01-08,18.31,18.31,0,0.01160220994
2021-01-11,18.33,18.33,0,0.00109229929
2021-01-12,18.2,18.2,0,-0.007092198582
2021-01-13,18.28,18.28,0,0.004395604396
2021-01-14,18.29,18.29,0,0.0005470459519
2021-01-15,18.13,18.13,0,-0.008747949699
2021-01-18,17.98,17.98,0,-0.008273579702
2021-01-19,17.96,17.96,0,-0.001112347052
2021-01-20,17.7,17.7,0,-0.0144766147
2021-01-21,17.72,17.72,0,0.001129943503
2021-01-22,17.65,17.65,0,-0.0039503386
2021-01-25,17.75,17.75,0,0.00566572238
2021-01-26,17.6,17.6,0,-0.008450704225
2021-01-27,17.62,17.62,0,0.001136363636
2021-01-28,17.5,17.5,0,-0.006810442679
2021-01-29,17.25,17.25,0,-0.01428571429
2021-02-01,17.31,17.31,0,0.00347826087
2021-02-02,17.56,17.56,0,0.01444251878
2021-02-03,17.5,17.5,0,-0.003416856492
2021-02-04,17.52,17.52,0,0.001142857143
2021-02-05,17.55,17.55,0,0.001712328767
2021-02-17,17.93,17.93,0,0.02165242165
2021-02-18,18.05,18.05,0,0.006692693809
2021-02-19,17.98,17.98,0,-0.003878116343
2021-02-22,18.08,18.08,0,0.005561735261
2021-02-23,18.28,18.28,0,0.0110619469
2021-02-24,18.3,18.3,0,0.001094091904
2021-02-25,18.6,18.6,0,0.01639344262
2021-02-26,18.29,18.29,0,-0.01666666667
2021-03-02,18.27,18.27,0,-0.001093493712
2021-03-03,18.4,18.4,0,0.007115489874
2021-03-04,18.3,18.3,0,-0.005434782609
2021-03-05,18.2,18.2,0,-0.005464480874
2021-03-08,18.31,18.31,0,0.006043956044
2021-03-09,18.75,18.75,0,0.02403058438
2021-03-10,18.88,18.88,0,0.006933333333
2021-03-11,19.23,19.23,0,0.01853813559
2021-03-12,19.15,19.15,0,-0.004160166407
2021-03-15,19.4,19.4,0,0.01305483029
2021-03-16,19.38,19.38,0,-0.001030927835
2021-03-17,19.3,19.3,0,-0.004127966976
2021-03-18,19.24,19.24,0,-0.00310880829
2021-03-19,19.05,19.05,0,-0.009875259875
2021-03-22,19.11,19.11,0,0.003149606299
2021-03-23,19.2,19.2,0,0.004709576138
2021-03-24,19.15,19.15,0,-0.002604166667
2021-03-25,19.31,19.31,0,0.008355091384
2021-03-26,19.37,19.37,0,0.003107198343
2021-03-29,19.52,19.52,0,0.007743933918
2021-03-30,19.65,19.65,0,0.006659836066
2021-03-31,19.7,19.7,0,0.002544529262
2021-04-01,19.64,19.64,0,-0.003045685279
2021-04-06,19.62,19.62,0,-0.001018329939
2021-04-07,19.7,19.7,0,0.004077471967
2021-04-08,19.62,19.62,0,-0.004060913706
2021-04-09,19.55,19.55,0,-0.003567787971
2021-04-12,19.86,19.86,0,0.01585677749
2021-04-13,19.77,19.77,0,-0.004531722054
2021-04-14,19.82,19.82,0,0.002529084471
2021-04-15,20.21,20.21,0,0.01967709384
2021-04-16,20.38,20.38,0,0.008411677387
2021-04-19,20.85,20.85,0,0.02306182532
2021-04-20,20.72,20.72,0,-0.00623501199
2021-04-21,20.69,20.69,0,-0.001447876448
2021-04-22,20.56,20.56,0,-0.006283228613
2021-04-23,20.7,20.7,0,0.006809338521
2021-04-26,21.1,21.1,0,0.0193236715
2021-04-27,21.11,21.11,0,0.0004739336493
2021-04-28,21.06,21.06,0,-0.002368545713
2021-04-29,21.05,21.05,0,-0.0004748338082
2021-05-03,21.06,21.06,0,0.0004750593824
2021-05-04,20.6,20.6,0,-0.02184235518
2021-05-05,21,21,0,0.01941747573
2021-05-06,21.06,21.06,0,0.002857142857
2021-05-07,21.29,21.29,0,0.01092117759
2021-05-10,21.99,21.99,0,0.03287928605
2021-05-11,21.82,21.82,0,-0.007730786721
2021-05-12,20.75,20.75,0,-0.0490375802
2021-05-13,20.28,20.28,0,-0.02265060241
2021-05-14,20.38,20.38,0,0.004930966469
2021-05-17,19.72,19.72,0,-0.03238469087
2021-05-18,20.56,20.56,0,0.04259634888
2021-05-19,20.68,20.68,0,0.005836575875
2021-05-20,20.66,20.66,0,-0.0009671179884
2021-05-21,20.8,20.8,0,0.006776379477
2021-05-24,20.82,20.82,0,0.0009615384615
2021-05-25,20.87,20.87,0,0.002401536984
2021-05-26,21.01,21.01,0,0.006708193579
2021-05-27,20.89,20.89,0,-0.005711565921
2021-05-28,21.06,21.06,0,0.008137865007
2021-05-31,21.26,21.26,0,0.009496676163
2021-06-01,21.27,21.27,0,0.0004703668862
2021-06-02,21.38,21.38,0,0.005171603197
2021-06-03,21.38,21.38,0,0
2021-06-04,21.14,21.14,0,-0.01122544434
2021-06-07,21.18,21.18,0,0.001892147588
2021-06-08,21.27,21.27,0,0.004249291785
2021-06-09,21.03,21.03,0,-0.01128349788
2021-06-10,21.14,21.14,0,0.00523062292
2021-06-11,21.15,21.15,0,0.0004730368969
2021-06-15,21.1,21.1,0,-0.002364066194
2021-06-16,21.07,21.07,0,-0.001421800948
2021-06-17,20.99,20.99,0,-0.003796867584
2021-06-18,20.87,20.87,0,-0.005717008099
2021-06-21,20.75,20.75,0,-0.005749880211
2021-06-22,20.79,20.79,0,0.001927710843
2021-06-23,21.05,21.05,0,0.01250601251
2021-06-24,21.17,21.17,0,0.005700712589
2021-06-25,21.25,21.25,0,0.003778932452
2021-06-28,21.29,21.29,0,0.001882352941
2021-06-29,21.2,21.2,0,-0.004227336778
2021-06-30,21.26,21.26,0,0.002830188679
2021-07-01,21.24,21.24,0,-0.0009407337723
2021-07-02,21.22,21.22,0,-0.0009416195857
2021-07-05,21.28,21.28,0,0.002827521206
2021-07-06,21.34,21.34,0,0.002819548872
2021-07-07,21.34,21.34,0,0
2021-07-08,21.5,21.5,0,0.007497656982
2021-07-09,21.34,21.34,0,-0.007441860465
2021-07-12,21.64,21.64,0,0.01405810684
2021-07-13,21.64,21.64,0,0
2021-07-14,21.88,21.88,0,0.01109057301
2021-07-15,22.02,22.02,0,0.006398537477
2021-07-16,22.36,22.36,0,0.01544050863
2021-07-19,22.36,22.36,0,0
2021-07-20,22.01,22.01,0,-0.0156529517
2021-07-21,22.08,22.08,0,0.003180372558
2021-07-22,22.33,22.33,0,0.01132246377
2021-07-23,22.48,22.48,0,0.006717420511
2021-07-26,22.45,22.45,0,-0.001334519573
2021-07-27,22.12,22.12,0,-0.01469933185
2021-07-28,22,22,0,-0.005424954792
2021-07-29,22.03,22.03,0,0.001363636364
2021-07-30,22.08,22.08,0,0.00226963232
2021-08-02,22.24,22.24,0,0.007246376812
2021-08-03,22.25,22.25,0,0.0004496402878
2021-08-04,22.28,22.28,0,0.001348314607
2021-08-05,22.35,22.35,0,0.003141831239
2021-08-06,22.36,22.36,0,0.0004474272931
2021-08-09,22.26,22.26,0,-0.004472271914
2021-08-10,22.25,22.25,0,-0.0004492362983
2021-08-11,22.37,22.37,0,0.005393258427
2021-08-12,22.38,22.38,0,0.0004470272687
2021-08-13,22.45,22.45,0,0.003127792672
2021-08-16,22.06,22.06,0,-0.01737193764
2021-08-17,22.14,22.14,0,0.003626473255
2021-08-18,22.2,22.2,0,0.0027100271
2021-08-19,21.98,21.98,0,-0.00990990991
2021-08-20,22.03,22.03,0,0.002274795268
2021-08-23,22.3,22.3,0,0.01225601453
2021-08-24,22.5,22.5,0,0.008968609865
2021-08-25,22.62,22.62,0,0.005333333333
2021-08-26,22.73,22.73,0,0.004862953139
2021-08-27,23.23,23.23,0,0.02199736032
2021-08-30,23.65,23.65,0,0.01808006888
2021-08-31,23.71,23.71,0,0.002536997886
2021-09-01,23.66,23.66,0,-0.002108814846
2021-09-02,23.4,23.4,0,-0.01098901099
2021-09-03,23.69,23.69,0,0.01239316239
2021-09-06,23.7,23.7,0,0.0004221190376
2021-09-07,23.62,23.62,0,-0.003375527426
2021-09-08,23.53,23.53,0,-0.003810330229
2021-09-09,23.57,23.57,0,0.001699957501
2021-09-10,23.66,23.66,0,0.003818413237
2021-09-13,23.99,23.99,0,0.01394759087
2021-09-14,24.11,24.11,0,0.005002084202
2021-09-15,24.12,24.12,0,0.0004147656574
2021-09-16,24.21,24.21,0,0.003731343284
2021-09-17,23.94,23.94,0,-0.01115241636
2021-09-22,23.5,23.5,0,-0.01837928154
2021-09-23,23.73,23.73,0,0.009787234043
2021-09-24,23.72,23.72,0,-0.0004214075011
2021-09-27,23.83,23.83,0,0.004637436762
2021-09-28,23.79,23.79,0,-0.001678556441
2021-09-29,23.55,23.55,0,-0.01008827238
2021-09-30,23.66,23.66,0,0.004670912951
2021-10-01,23.4,23.4,0,-0.01098901099
2021-10-04,23.36,23.36,0,-0.001709401709
2021-10-05,23.21,23.21,0,-0.006421232877
2021-10-06,23.25,23.25,0,0.001723395088
2021-10-07,23.52,23.52,0,0.01161290323
2021-10-08,23.51,23.51,0,-0.000425170068
2021-10-12,23.33,23.33,0,-0.007656316461
2021-10-13,23.37,23.37,0,0.001714530647
2021-10-14,23.38,23.38,0,0.0004278990158
2021-10-15,23.55,23.55,0,0.007271171942
2021-10-18,23.83,23.83,0,0.0118895966
2021-10-19,23.79,23.79,0,-0.001678556441
2021-10-20,23.75,23.75,0,-0.001681378731
2021-10-21,23.9,23.9,0,0.006315789474
2021-10-22,23.89,23.89,0,-0.0004184100418
2021-10-25,23.9,23.9,0,0.0004185851821
2021-10-26,24.06,24.06,0,0.006694560669
2021-10-27,24.24,24.24,0,0.007481296758
2021-10-28,24.06,24.06,0,-0.007425742574
2021-10-29,23.98,23.98,0,-0.003325020781
2021-11-01,23.94,23.94,0,-0.001668056714
2021-11-02,23.9,23.9,0,-0.001670843776
2021-11-03,23.84,23.84,0,-0.002510460251
2021-11-04,23.85,23.85,0,0.0004194630872
2021-11-05,23.85,23.85,0,0
2021-11-08,23.97,23.97,0,0.005031446541
2021-11-09,24.05,24.05,0,0.003337505215
2021-11-10,24.02,24.02,0,-0.001247401247
2021-11-11,24.07,24.07,0,0.002081598668
2021-11-12,24.25,24.25,0,0.007478188617
2021-11-15,24.47,24.47,0,0.009072164948
2021-11-16,24.48,24.48,0,0.0004086636698
2021-11-17,25.11,25.11,0,0.02573529412
2021-11-18,25.26,25.26,0,0.005973715651
2021-11-19,24.19,24.19,0.75,-0.0126682502
2021-11-22,24.05,24.05,0,-0.005787515502
2021-11-23,24.03,24.03,0,-0.0008316008316
2021-11-24,24.16,24.16,0,0.005409904286
2021-11-25,24.14,24.14,0,-0.0008278145695
2021-11-26,23.78,23.78,0,-0.01491300746
2021-11-29,23.6,23.6,0,-0.007569386039
2021-11-30,23.55,23.55,0,-0.002118644068
2021-12-01,23.82,23.82,0,0.01146496815
2021-12-02,23.76,23.76,0,-0.002518891688
2021-12-03,23.97,23.97,0,0.008838383838
2021-12-06,24.03,24.03,0,0.002503128911
2021-12-07,24.2,24.2,0,0.007074490221
2021-12-08,24.29,24.29,0,0.003719008264
2021-12-09,24.35,24.35,0,0.002470152326
2021-12-10,24.34,24.34,0,-0.0004106776181
2021-12-13,24.31,24.31,0,-0.00123253903
2021-12-14,24.07,24.07,0,-0.009872480461
2021-12-15,24.14,24.14,0,0.002908184462
2021-12-16,24.15,24.15,0,0.0004142502071
2021-12-17,24.29,24.29,0,0.005797101449
2021-12-20,24.16,24.16,0,-0.005351996706
2021-12-21,24.24,24.24,0,0.003311258278
2021-12-22,24.21,24.21,0,-0.001237623762
2021-12-23,24.22,24.22,0,0.0004130524577
2021-12-24,24.29,24.29,0,0.00289017341
2021-12-27,24.4,24.4,0,0.004528612598
2021-12-28,24.54,24.54,0,0.005737704918
2021-12-29,24.76,24.76,0,0.008964955175
2021-12-30,24.74,24.74,0,-0.0008077544426
2022-01-03,24.6,24.6,0,-0.005658852061
2022-01-04,24.64,24.64,0,0.00162601626
2022-01-05,24.72,24.72,0,0.003246753247
2022-01-06,24.78,24.78,0,0.002427184466
2022-01-07,25,25,0,0.008878127522
2022-01-10,25.02,25.02,0,0.0008
2022-01-11,25.69,25.69,0,0.02677857714
2022-01-12,25.77,25.77,0,0.00311405216
2022-01-13,26.39,26.39,0,0.02405898331
2022-01-14,26.1,26.1,0,-0.01098901099
2022-01-17,25.83,25.83,0,-0.01034482759
2022-01-18,26.02,26.02,0,0.007355787844
2022-01-19,25.88,25.88,0,-0.005380476556
2022-01-20,25.82,25.82,0,-0.002318392581
2022-01-21,25.32,25.32,0,-0.01936483346
2022-01-24,25.42,25.42,0,0.003949447077
2022-01-25,25,25,0,-0.01652242329
2022-01-26,25.16,25.16,0,0.0064
2022-02-07,25.91,25.91,0,0.02980922099
2022-02-08,26.27,26.27,0,0.01389424932
2022-02-09,26.31,26.31,0,0.00152264941
2022-02-10,26.26,26.26,0,-0.001900418092
2022-02-11,26.3,26.3,0,0.001523229246
2022-02-14,26.04,26.04,0,-0.009885931559
2022-02-15,26.05,26.05,0,0.0003840245776
2022-02-16,26.19,26.19,0,0.00537428023
2022-02-17,26.2,26.2,0,0.0003818251241
2022-02-18,26.19,26.19,0,-0.0003816793893
2022-02-21,26.13,26.13,0,-0.002290950745
2022-02-22,25.83,25.83,0,-0.01148105626
2022-02-23,25.9,25.9,0,0.0027100271
2022-02-24,25.35,25.35,0,-0.02123552124
2022-02-25,25.35,25.35,0,0
2022-03-01,25.59,25.59,0,0.009467455621
2022-03-02,25.65,25.65,0,0.002344665885
2022-03-03,25.61,25.61,0,-0.001559454191
2022-03-04,25.26,25.26,0,-0.01366653651
2022-03-07,24.5,24.5,0,-0.03008709422
2022-03-08,24.11,24.11,0,-0.01591836735
2022-03-09,24.28,24.28,0,0.007051016176
2022-03-10,24.87,24.87,0,0.02429983526
2022-03-11,24.75,24.75,0,-0.00482509047
2022-03-14,24.94,24.94,0,0.007676767677
2022-03-15,24.71,24.71,0,-0.009222133119
2022-03-16,25.1,25.1,0,0.01578308377
2022-03-17,25.59,25.59,0,0.01952191235
2022-03-18,25.83,25.83,0,0.00937866354
2022-03-21,25.9,25.9,0,0.0027100271
2022-03-22,26,26,0,0.003861003861
2022-03-23,26.46,26.46,0,0.01769230769
2022-03-24,26.39,26.39,0,-0.002645502646
2022-03-25,26.29,26.29,0,-0.003789314134
2022-03-28,26.29,26.29,0,0
2022-03-29,26.35,26.35,0,0.002282236592
2022-03-30,26.61,26.61,0,0.009867172676
2022-03-31,26.98,26.98,0,0.01390454716
2022-04-01,27.03,27.03,0,0.001853224611
2022-04-06,27.64,27.64,0,0.02256751757
2022-04-07,27.2,27.2,0,-0.01591895803
2022-04-08,27.82,27.82,0,0.02279411765
2022-04-11,27.6,27.6,0,-0.007907979871
2022-04-12,27.28,27.28,0,-0.0115942029
2022-04-13,27.4,27.4,0,0.004398826979
2022-04-14,26.87,26.87,0,-0.01934306569
2022-04-15,26.66,26.66,0,-0.007815407518
2022-04-18,26.23,26.23,0,-0.01612903226
2022-04-19,26.26,26.26,0,0.001143728555
2022-04-20,26.37,26.37,0,0.004188880427
2022-04-21,26.17,26.17,0,-0.007584376185
2022-04-22,26.45,26.45,0,0.01069927398
2022-04-25,26.19,26.19,0,-0.009829867675
2022-04-26,26.4,26.4,0,0.008018327606
2022-04-27,26.1,26.1,0,-0.01136363636
2022-04-28,25.9,25.9,0,-0.007662835249
2022-04-29,26.24,26.24,0,0.01312741313
2022-05-03,25.92,25.92,0,-0.01219512195
2022-05-04,25.99,25.99,0,0.002700617284
2022-05-05,25.7,25.7,0,-0.01115813775
2022-05-06,25.2,25.2,0,-0.01945525292
2022-05-09,24.43,24.43,0,-0.03055555556
2022-05-10,24.18,24.18,0,-0.01023331969
2022-05-11,23.96,23.96,0,-0.009098428453
2022-05-12,23.11,23.11,0,-0.03547579299
2022-05-13,23.15,23.15,0,0.001730852445
2022-05-16,23.02,23.02,0,-0.005615550756
2022-05-17,23,23,0,-0.0008688097307
2022-05-18,23.72,23.72,0,0.03130434783
2022-05-19,23.13,23.13,0,-0.02487352445
2022-05-20,23.21,23.21,0,0.00345871163
2022-05-23,23.26,23.26,0,0.00215424386
2022-05-24,23.27,23.27,0,0.0004299226139
2022-05-25,23.17,23.17,0,-0.004297378599
2022-05-26,23.08,23.08,0,-0.003884333189
2022-05-27,23.56,23.56,0,0.02079722704
2022-05-30,24,24,0,0.01867572156
2022-05-31,24.21,24.21,0,0.00875
2022-06-01,24.1,24.1,0,-0.004543577034
2022-06-02,24,24,0,-0.004149377593
2022-06-06,24.1,24.1,0,0.004166666667
2022-06-07,23.97,23.97,0,-0.005394190871
2022-06-08,24,24,0,0.001251564456
2022-06-09,23.86,23.86,0,-0.005833333333
2022-06-10,23.77,23.77,0,-0.003772003353
2022-06-13,23.35,23.35,0,-0.01766933109
2022-06-14,23.52,23.52,0,0.007280513919
2022-06-15,23.46,23.46,0,-0.002551020408
2022-06-16,23.45,23.45,0,-0.0004262574595
2022-06-17,23.03,23.03,0,-0.01791044776
2022-06-20,22.76,22.76,0,-0.01172383847
2022-06-21,23.55,23.55,0,0.03471001757
2022-06-22,23.21,23.21,0,-0.0144373673
2022-06-23,23.18,23.18,0,-0.001292546316
2022-06-24,23.41,23.41,0,0.009922346851
2022-06-27,23.58,23.58,0,0.007261853909
2022-06-28,23.54,23.54,0,-0.001696352841
2022-06-29,23.33,23.33,0,-0.008920985556
2022-06-30,22.91,22.91,0,-0.0180025718
2022-07-01,22.39,22.39,0,-0.022697512
2022-07-04,22.26,22.26,0,-0.005806163466
2022-07-05,22.5,22.5,0,0.01078167116
2022-07-06,22.07,22.07,0,-0.01911111111
2022-07-07,22.13,22.13,0,0.002718622565
2022-07-08,22.18,22.18,0,0.002259376412
2022-07-11,21.92,21.92,0,-0.01172227232
2022-07-12,21.25,21.25,0,-0.03056569343
2022-07-13,21.9,21.9,0,0.03058823529
2022-07-14,21.82,21.82,0,-0.003652968037
2022-07-15,21.45,21.45,0,-0.01695692026
2022-07-18,21.83,21.83,0,0.01771561772
2022-07-19,21.78,21.78,0,-0.002290426019
2022-07-20,21.72,21.72,0,-0.002754820937
2022-07-21,21.87,21.87,0,0.006906077348
2022-07-22,22.1,22.1,0,0.01051668953
2022-07-25,22.17,22.17,0,0.003167420814
2022-07-26,22.26,22.26,0,0.004059539919
2022-07-27,22.37,22.37,0,0.004941599281
2022-07-28,22.64,22.64,0,0.01206973625
2022-07-29,22.6,22.6,0,-0.001766784452
2022-08-01,22.71,22.71,0,0.004867256637
2022-08-02,22.59,22.59,0,-0.005284015852
2022-08-03,22.47,22.47,0,-0.005312084993
2022-08-04,22.55,22.55,0,0.003560302626
2022-08-05,22.88,22.88,0,0.01463414634
2022-08-08,23.04,23.04,0,0.006993006993
2022-08-09,23.36,23.36,0,0.01388888889
2022-08-10,23.67,23.67,0,0.01327054795
2022-08-11,23.89,23.89,0,0.009294465568
2022-08-12,23.96,23.96,0,0.002930096275
2022-08-15,24.04,24.04,0,0.003338898164
2022-08-16,24.08,24.08,0,0.001663893511
2022-08-17,24.16,24.16,0,0.003322259136
2022-08-18,24.04,24.04,0,-0.004966887417
2022-08-19,23.98,23.98,0,-0.002495840266
2022-08-22,23.85,23.85,0,-0.00542118432
2022-08-23,23.62,23.62,0,-0.00964360587
2022-08-24,23.56,23.56,0,-0.002540220152
2022-08-25,23.7,23.7,0,0.005942275042
2022-08-26,23.81,23.81,0,0.004641350211
2022-08-29,23.35,23.35,0,-0.01931961361
2022-08-30,23.32,23.32,0,-0.001284796574
2022-08-31,23.4,23.4,0,0.003430531732
2022-09-01,23.14,23.14,0,-0.01111111111
2022-09-02,23.02,23.02,0,-0.005185825411
2022-09-05,23.04,23.04,0,0.0008688097307
2022-09-06,23.2,23.2,0,0.006944444444
2022-09-07,22.8,22.8,0,-0.01724137931
2022-09-08,22.92,22.92,0,0.005263157895
2022-09-12,23.26,23.26,0,0.01483420593
2022-09-13,23.31,23.31,0,0.00214961307
2022-09-14,23.03,23.03,0,-0.01201201201
2022-09-15,23.03,23.03,0,0
2022-09-16,23.06,23.06,0,0.001302648719
2022-09-19,22.96,22.96,0,-0.004336513443
2022-09-20,23,23,0,0.001742160279
2022-09-21,22.88,22.88,0,-0.005217391304
2022-09-22,22.6,22.6,0,-0.01223776224
2022-09-23,22.66,22.66,0,0.002654867257
2022-09-26,22.3,22.3,0,-0.0158870256
2022-09-27,22.06,22.06,0,-0.01076233184
2022-09-28,21.68,21.68,0,-0.01722574796
2022-09-29,21.73,21.73,0,0.002306273063
2022-09-30,21.57,21.57,0,-0.007363092499
2022-10-03,21.26,21.26,0,-0.0143718127
2022-10-04,21.44,21.44,0,0.008466603951
2022-10-05,21.66,21.66,0,0.01026119403
2022-10-06,21.87,21.87,0,0.009695290859
2022-10-07,21.65,21.65,0,-0.01005944216
2022-10-11,21.15,21.15,0,-0.02309468822
2022-10-12,21.17,21.17,0,0.0009456264775
2022-10-13,20.61,20.61,0,-0.02645252716
2022-10-14,20.66,20.66,0,0.002426006793
2022-10-17,20.54,20.54,0,-0.005808325266
2022-10-18,20.68,20.68,0,0.006815968841
2022-10-19,20.43,20.43,0,-0.01208897485
2022-10-20,20.36,20.36,0,-0.003426333823
2022-10-21,20.41,20.41,0,0.002455795678
2022-10-24,20.42,20.42,0,0.000489955904
2022-10-25,20.37,20.37,0,-0.002448579824
2022-10-26,20.71,20.71,0,0.01669121257
2022-10-27,20.74,20.74,0,0.001448575567
2022-10-28,20.64,20.64,0,-0.004821600771
2022-10-31,20.7,20.7,0,0.002906976744
2022-11-01,20.92,20.92,0,0.01062801932
2022-11-02,20.85,20.85,0,-0.003346080306
2022-11-03,20.74,20.74,0,-0.005275779376
2022-11-04,20.91,20.91,0,0.008196721311
2022-11-07,21.19,21.19,0,0.01339072214
2022-11-08,21.33,21.33,0,0.006606890042
2022-11-09,21.47,21.47,0,0.006563525551
2022-11-10,21.31,21.31,0,-0.007452258966
2022-11-11,21.99,21.99,0,0.03190990145
2022-11-14,22.24,22.24,0,0.011368804
2022-11-15,22.38,22.38,0,0.006294964029
2022-11-16,21.32,21.32,0.87,-0.008489722967
2022-11-17,21.18,21.18,0,-0.006566604128
2022-11-18,21.03,21.03,0,-0.007082152975
2022-11-21,21.13,21.13,0,0.004755111745
2022-11-22,21.26,21.26,0,0.006152389967
2022-11-23,21.61,21.61,0,0.01646284102
2022-11-24,21.62,21.62,0,0.0004627487274
2022-11-25,21.68,21.68,0,0.002775208141
2022-11-28,21.56,21.56,0,-0.005535055351
2022-11-29,21.92,21.92,0,0.01669758813
2022-11-30,22.23,22.23,0,0.01414233577
2022-12-01,22.2,22.2,0,-0.001349527665
2022-12-02,22.08,22.08,0,-0.005405405405
2022-12-05,21.97,21.97,0,-0.004981884058
2022-12-06,21.81,21.81,0,-0.00728265817
2022-12-07,21.91,21.91,0,0.004585052728
2022-12-08,21.76,21.76,0,-0.006846188955
2022-12-09,21.88,21.88,0,0.005514705882
2022-12-12,21.76,21.76,0,-0.005484460695
2022-12-13,21.75,21.75,0,-0.0004595588235
2022-12-14,21.9,21.9,0,0.006896551724
2022-12-15,21.86,21.86,0,-0.001826484018
2022-12-16,21.7,21.7,0,-0.007319304666
2022-12-19,21.65,21.65,0,-0.002304147465
2022-12-20,21.46,21.46,0,-0.008775981524
2022-12-21,21.51,21.51,0,0.002329916123
2022-12-22,21.55,21.55,0,0.001859600186
2022-12-23,21.55,21.55,0,0
2022-12-26,21.58,21.58,0,0.001392111369
2022-12-27,21.62,21.62,0,0.001853568119
2022-12-28,21.53,21.53,0,-0.004162812211
2022-12-29,21.35,21.35,0,-0.008360427311
2022-12-30,21.5,21.5,0,0.007025761124
2023-01-03,21.49,21.49,0,-0.0004651162791
2023-01-04,21.61,21.61,0,0.005583992555
2023-01-05,21.69,21.69,0,0.00370198982
2023-01-06,21.83,21.83,0,0.006454587367
2023-01-09,22.26,22.26,0,0.01969766377
2023-01-10,22.28,22.28,0,0.0008984725966
2023-01-11,22.18,22.18,0,-0.004488330341
2023-01-12,22.08,22.08,0,-0.004508566276
2023-01-13,22.1,22.1,0,0.0009057971014
2023-01-16,22.24,22.24,0,0.006334841629
2023-01-17,22.36,22.36,0,0.005395683453
2023-01-30,22.68,22.68,0,0.01431127013
2023-01-31,22.36,22.36,0,-0.01410934744
2023-02-01,22.4,22.4,0,0.001788908766
2023-02-02,22.46,22.46,0,0.002678571429
2023-02-03,22.41,22.41,0,-0.002226179875
2023-02-06,22.3,22.3,0,-0.004908522981
2023-02-07,22.31,22.31,0,0.0004484304933
2023-02-08,22.26,22.26,0,-0.002241147468
2023-02-09,22.25,22.25,0,-0.0004492362983
2023-02-10,22.31,22.31,0,0.002696629213
2023-02-13,22.53,22.53,0,0.009861048857
2023-02-14,22.54,22.54,0,0.0004438526409
2023-02-15,22.41,22.41,0,-0.005767524401
2023-02-16,22.55,22.55,0,0.006247211066
2023-02-17,22.56,22.56,0,0.00044345898
2023-02-20,22.74,22.74,0,0.007978723404
2023-02-21,22.55,22.55,0,-0.00835532102
2023-02-22,22.52,22.52,0,-0.00133037694
2023-02-23,22.62,22.62,0,0.004440497336
2023-02-24,22.5,22.5,0,-0.005305039788
2023-03-01,22.45,22.45,0,-0.002222222222
2023-03-02,22.36,22.36,0,-0.004008908686
2023-03-03,22.34,22.34,0,-0.0008944543828
2023-03-06,22.52,22.52,0,0.008057296329
2023-03-07,22.57,22.57,0,0.002220248668
2023-03-08,22.54,22.54,0,-0.001329198051
2023-03-09,22.48,22.48,0,-0.002661934339
2023-03-10,22.19,22.19,0,-0.01290035587
2023-03-13,22.07,22.07,0,-0.00540784137
2023-03-14,21.73,21.73,0,-0.01540552787
2023-03-15,21.7,21.7,0,-0.001380579844
2023-03-16,21.33,21.33,0,-0.01705069124
2023-03-17,21.4,21.4,0,0.003281762775
2023-03-20,21.26,21.26,0,-0.006542056075
2023-03-21,21.46,21.46,0,0.009407337723
2023-03-22,21.77,21.77,0,0.01444547996
2023-03-23,21.86,21.86,0,0.004134129536
2023-03-24,21.83,21.83,0,-0.001372369625
2023-03-27,21.84,21.84,0,0.0004580852038
2023-03-28,21.84,21.84,0,0
2023-03-29,21.89,21.89,0,0.002289377289
2023-03-30,21.83,21.83,0,-0.002740977615
2023-03-31,21.88,21.88,0,0.002290426019
2023-04-06,22.01,22.01,0,0.005941499086
2023-04-07,21.93,21.93,0,-0.003634711495
2023-04-10,22.05,22.05,0,0.005471956224
2023-04-11,22.15,22.15,0,0.004535147392
2023-04-12,22.14,22.14,0,-0.0004514672686
2023-04-13,22.25,22.25,0,0.004968383017
2023-04-14,22.42,22.42,0,0.007640449438
2023-04-17,22.42,22.42,0,0
2023-04-18,22.42,22.42,0,0
2023-04-19,22.35,22.35,0,-0.00312221231
2023-04-20,22.21,22.21,0,-0.006263982103
2023-04-21,22.21,22.21,0,0
2023-04-24,22.33,22.33,0,0.005402971634
2023-04-25,22.26,22.26,0,-0.003134796238
2023-04-26,22.28,22.28,0,0.0008984725966
2023-04-27,22.21,22.21,0,-0.003141831239
2023-04-28,22.31,22.31,0,0.004502476362
2023-05-02,22.39,22.39,0,0.003585835948
2023-05-03,22.38,22.38,0,-0.0004466279589
2023-05-04,22.43,22.43,0,0.002234137623
2023-05-05,22.47,22.47,0,0.001783325903
2023-05-08,22.64,22.64,0,0.00756564308
2023-05-09,22.7,22.7,0,0.002650176678
2023-05-10,22.63,22.63,0,-0.003083700441
2023-05-11,22.67,22.67,0,0.001767565179
2023-05-12,22.52,22.52,0,-0.006616674019
2023-05-15,22.51,22.51,0,-0.0004440497336
2023-05-16,22.72,22.72,0,0.009329187028
2023-05-17,22.96,22.96,0,0.01056338028
2023-05-18,23.1,23.1,0,0.006097560976
2023-05-19,23.16,23.16,0,0.002597402597
2023-05-22,23.25,23.25,0,0.003886010363
2023-05-23,23.25,23.25,0,0
2023-05-24,23.14,23.14,0,-0.004731182796
2023-05-25,22.93,22.93,0,-0.009075194468
2023-05-26,22.95,22.95,0,0.0008722197994
2023-05-29,23.14,23.14,0,0.008278867102
2023-05-30,23.06,23.06,0,-0.00345721694
2023-05-31,23.04,23.04,0,-0.0008673026886
2023-06-01,22.93,22.93,0,-0.004774305556
2023-06-02,22.99,22.99,0,0.002616659398
2023-06-05,23.31,23.31,0,0.01391909526
2023-06-06,23.25,23.25,0,-0.002574002574
2023-06-07,23.44,23.44,0,0.008172043011
2023-06-08,23.27,23.27,0,-0.007252559727
2023-06-09,23.44,23.44,0,0.007305543618
2023-06-12,23.39,23.39,0,-0.002133105802
2023-06-13,23.4,23.4,0,0.0004275331338
2023-06-14,23.38,23.38,0,-0.0008547008547
2023-06-15,23.31,23.31,0,-0.002994011976
2023-06-16,23.26,23.26,0,-0.002145002145
2023-06-19,23.25,23.25,0,-0.0004299226139
2023-06-20,23.23,23.23,0,-0.0008602150538
2023-06-21,23.26,23.26,0,0.001291433491
2023-06-26,23.26,23.26,0,0
2023-06-27,23.09,23.09,0,-0.007308684437
2023-06-28,23.17,23.17,0,0.003464703335
2023-06-29,23.2,23.2,0,0.00129477773
2023-06-30,23.17,23.17,0,-0.001293103448
2023-07-03,23.25,23.25,0,0.003452740613
2023-07-04,23.22,23.22,0,-0.001290322581
2023-07-05,23.23,23.23,0,0.0004306632214
2023-07-06,22.94,22.94,0,-0.01248385708
2023-07-07,22.8,22.8,0,-0.006102877071
2023-07-10,22.86,22.86,0,0.002631578947
2023-07-11,23.1,23.1,0,0.01049868766
2023-07-12,23.21,23.21,0,0.004761904762
2023-07-13,23.24,23.24,0,0.001292546316
2023-07-14,23.45,23.45,0,0.009036144578
2023-07-17,23.8,23.8,0,0.01492537313
2023-07-18,23.8,23.8,0,0
2023-07-19,23.7,23.7,0,-0.004201680672
2023-07-20,23.83,23.83,0,0.005485232068
2023-07-21,23.77,23.77,0,-0.002517834662
2023-07-24,23.6,23.6,0,-0.007151872108
2023-07-25,23.77,23.77,0,0.007203389831
2023-07-26,24.06,24.06,0,0.01220025242
2023-07-27,24.34,24.34,0,0.01163757273
2023-07-28,24.24,24.24,0,-0.004108463435
2023-07-31,24.25,24.25,0,0.0004125412541
2023-08-01,24.49,24.49,0,0.009896907216
2023-08-02,24.1,24.1,0,-0.01592486729
2023-08-04,24.02,24.02,0,-0.003319502075
2023-08-07,24.12,24.12,0,0.004163197336
2023-08-08,24.11,24.11,0,-0.0004145936982
2023-08-09,24.09,24.09,0,-0.0008295313148
2023-08-10,24.14,24.14,0,0.002075550021
2023-08-11,24.12,24.12,0,-0.0008285004143
2023-08-14,23.53,23.53,0,-0.02446102819
2023-08-15,23.41,23.41,0,-0.005099872503
2023-08-16,23.07,23.07,0,-0.01452370782
2023-08-17,23.13,23.13,0,0.002600780234
2023-08-18,23.16,23.16,0,0.001297016861
2023-08-21,23.26,23.26,0,0.004317789292
2023-08-22,23.14,23.14,0,-0.005159071367
2023-08-23,23.14,23.14,0,0
2023-08-24,23.23,23.23,0,0.003889369058
2023-08-25,23.08,23.08,0,-0.006457167456
2023-08-28,23.39,23.39,0,0.01343154246
2023-08-29,23.43,23.43,0,0.001710132535
2023-08-30,23.5,23.5,0,0.002987622706
2023-08-31,23.35,23.35,0,-0.006382978723
2023-09-01,23.45,23.45,0,0.004282655246
2023-09-04,23.52,23.52,0,0.002985074627
2023-09-05,23.44,23.44,0,-0.003401360544
2023-09-06,23.36,23.36,0,-0.003412969283
2023-09-07,23.26,23.26,0,-0.004280821918
2023-09-08,23.36,23.36,0,0.004299226139
2023-09-11,23.38,23.38,0,0.0008561643836
2023-09-12,23.48,23.48,0,0.004277159966
2023-09-13,23.53,23.53,0,0.002129471891
2023-09-14,23.8,23.8,0,0.01147471313
2023-09-15,23.8,23.8,0,0
2023-09-18,23.77,23.77,0,-0.001260504202
2023-09-19,23.84,23.84,0,0.002944888515
2023-09-20,23.66,23.66,0,-0.00755033557
2023-09-21,23.37,23.37,0,-0.0122569738
2023-09-22,23.35,23.35,0,-0.0008557980317
2023-09-25,23.47,23.47,0,0.005139186296
2023-09-26,23.36,23.36,0,-0.004686834256
2023-09-27,23.3,23.3,0,-0.002568493151
2023-09-28,23.38,23.38,0,0.003433476395
2023-10-02,23.39,23.39,0,0.0004277159966
2023-10-03,23.3,23.3,0,-0.003847798204
2023-10-04,22.93,22.93,0,-0.01587982833
2023-10-05,23.15,23.15,0,0.009594417793
2023-10-06,23.36,23.36,0,0.009071274298
2023-10-11,23.74,23.74,0,0.01626712329
2023-10-12,23.88,23.88,0,0.005897219882
2023-10-13,23.75,23.75,0,-0.005443886097
2023-10-16,23.79,23.79,0,0.001684210526
2023-10-17,23.7,23.7,0,-0.003783102144
2023-10-18,23.62,23.62,0,-0.003375527426
2023-10-19,23.51,23.51,0,-0.004657070279
2023-10-20,23.31,23.31,0,-0.00850701829
2023-10-23,23.07,23.07,0,-0.0102960103
2023-10-24,23.07,23.07,0,0
2023-10-25,23.14,23.14,0,0.003034243606
2023-10-26,22.96,22.96,0,-0.007778738116
2023-10-27,23.16,23.16,0,0.008710801394
2023-10-30,22.97,22.97,0,-0.008203799655
2023-10-31,22.95,22.95,0,-0.0008707009142
2023-11-01,23.03,23.03,0,0.00348583878
2023-11-02,23.3,23.3,0,0.01172383847
2023-11-03,23.56,23.56,0,0.01115879828
2023-11-06,23.77,23.77,0,0.008913412564
2023-11-07,23.62,23.62,0,-0.006310475389
2023-11-08,23.59,23.59,0,-0.001270110076
2023-11-09,23.6,23.6,0,0.0004239084358
2023-11-10,23.57,23.57,0,-0.001271186441
2023-11-13,23.56,23.56,0,-0.0004242681375
2023-11-14,23.71,23.71,0,0.00636672326
2023-11-15,23.92,23.92,0,0.008857022353
2023-11-16,23.52,23.52,0.6,0.008361204013
2023-11-17,23.65,23.65,0,0.005527210884
2023-11-20,23.61,23.61,0,-0.001691331924
2023-11-21,23.88,23.88,0,0.01143583227
2023-11-22,23.8,23.8,0,-0.003350083752
2023-11-23,23.77,23.77,0,-0.001260504202
2023-11-24,23.78,23.78,0,0.0004206983593
2023-11-27,23.83,23.83,0,0.002102607233
2023-11-28,23.92,23.92,0,0.003776751993
2023-11-29,23.82,23.82,0,-0.004180602007
2023-11-30,23.91,23.91,0,0.003778337531
2023-12-01,23.79,23.79,0,-0.005018820577
2023-12-04,23.84,23.84,0,0.002101723413
2023-12-05,23.67,23.67,0,-0.007130872483
2023-12-06,23.86,23.86,0,0.008027038445
2023-12-07,23.7,23.7,0,-0.006705783738
2023-12-08,23.77,23.77,0,0.002953586498
2023-12-11,23.76,23.76,0,-0.0004206983593
2023-12-12,23.77,23.77,0,0.0004208754209
2023-12-13,23.71,23.71,0,-0.002524190156
2023-12-14,24.1,24.1,0,0.0164487558
2023-12-15,24.1,24.1,0,0
2023-12-18,24.08,24.08,0,-0.0008298755187
2023-12-19,23.87,23.87,0,-0.008720930233
2023-12-20,23.85,23.85,0,-0.0008378718056
2023-12-21,23.7,23.7,0,-0.006289308176
2023-12-22,23.68,23.68,0,-0.0008438818565
2023-12-25,23.7,23.7,0,0.0008445945946
2023-12-26,23.89,23.89,0,0.008016877637
2023-12-27,23.99,23.99,0,0.004185851821
2023-12-28,24.13,24.13,0,0.005835764902
2023-12-29,24.12,24.12,0,-0.0004144218815
2024-01-02,24.13,24.13,0,0.0004145936982
2024-01-03,23.92,23.92,0,-0.008702859511
2024-01-04,23.96,23.96,0,0.001672240803
2024-01-05,23.9,23.9,0,-0.002504173623
2024-01-08,24.05,24.05,0,0.006276150628
2024-01-09,23.93,23.93,0,-0.00498960499
2024-01-10,23.8,23.8,0,-0.005432511492
2024-01-11,23.9,23.9,0,0.004201680672
2024-01-12,23.83,23.83,0,-0.002928870293
2024-01-15,23.76,23.76,0,-0.002937473773
2024-01-16,23.49,23.49,0,-0.01136363636
2024-01-17,23.2,23.2,0,-0.01234567901
2024-01-18,23.2,23.2,0,0
2024-01-19,23.35,23.35,0,0.006465517241
2024-01-22,23.35,23.35,0,0
2024-01-23,23.41,23.41,0,0.002569593148
2024-01-24,23.42,23.42,0,0.000427167877
2024-01-25,23.47,23.47,0,0.002134927412
2024-01-26,23.6,23.6,0,0.005538985939
2024-01-29,23.61,23.61,0,0.0004237288136
2024-01-30,23.51,23.51,0,-0.004235493435
2024-01-31,23.5,23.5,0,-0.0004253509145
2024-02-01,23.62,23.62,0,0.005106382979
2024-02-02,23.6,23.6,0,-0.0008467400508
2024-02-05,23.47,23.47,0,-0.005508474576
2024-02-15,23.57,23.57,0,0.004260758415
2024-02-16,23.54,23.54,0,-0.001272804412
2024-02-19,23.75,23.75,0,0.008920985556
2024-02-20,23.91,23.91,0,0.006736842105
2024-02-21,23.77,23.77,0,-0.005855290673
2024-02-22,23.88,23.88,0,0.004627681952
2024-02-23,23.8,23.8,0,-0.003350083752
2024-02-26,23.8,23.8,0,0
2024-02-27,23.75,23.75,0,-0.002100840336
2024-02-29,23.98,23.98,0,0.009684210526
2024-03-01,23.92,23.92,0,-0.002502085071
2024-03-04,23.9,23.9,0,-0.0008361204013
2024-03-05,23.89,23.89,0,-0.0004184100418
2024-03-06,24.01,24.01,0,0.005023022185
2024-03-07,24.13,24.13,0,0.004997917534
2024-03-08,24.25,24.25,0,0.004973062578
2024-03-11,24.52,24.52,0,0.01113402062
2024-03-12,24.61,24.61,0,0.003670473083
2024-03-13,24.88,24.88,0,0.01097114994
2024-03-14,25.38,25.38,0,0.02009646302
2024-03-15,25.17,25.17,0,-0.008274231678
2024-03-18,25.07,25.07,0,-0.003972983711
2024-03-19,25.05,25.05,0,-0.0007977662545
2024-03-20,24.86,24.86,0,-0.007584830339
2024-03-21,25.26,25.26,0,0.01609010459
2024-03-22,25.3,25.3,0,0.001583531275
2024-03-25,25.17,25.17,0,-0.005138339921
2024-03-26,25.3,25.3,0,0.005164878824
2024-03-27,25.3,25.3,0,0
2024-03-28,25.18,25.18,0,-0.004743083004
2024-03-29,25.38,25.38,0,0.007942811755
2024-04-01,25.32,25.32,0,-0.002364066194
2024-04-02,25.25,25.25,0,-0.002764612954
2024-04-03,25.03,25.03,0,-0.008712871287
2024-04-08,25.23,25.23,0,0.007990411506
2024-04-09,25.39,25.39,0,0.006341656758
2024-04-10,25.38,25.38,0,-0.0003938558488
2024-04-11,25.28,25.28,0,-0.003940110323
2024-04-12,25.15,25.15,0,-0.005142405063
2024-04-15,25.15,25.15,0,0
2024-04-16,24.57,24.57,0,-0.02306163022
2024-04-17,24.7,24.7,0,0.005291005291
2024-04-18,24.89,24.89,0,0.007692307692
2024-04-19,24.47,24.47,0,-0.01687424669
2024-04-22,24.86,24.86,0,0.01593788312
2024-04-23,25.01,25.01,0,0.00603378922
2024-04-24,24.99,24.99,0,-0.0007996801279
2024-04-25,24.77,24.77,0,-0.008803521409
2024-04-26,24.88,24.88,0,0.004440855874
2024-04-29,25.67,25.67,0,0.03175241158
2024-04-30,25.6,25.6,0,-0.002726918582
2024-05-02,25.63,25.63,0,0.001171875
2024-05-03,25.68,25.68,0,0.001950838861
2024-05-06,26.23,26.23,0,0.02141744548
2024-05-07,26.2,26.2,0,-0.001143728555
2024-05-08,26.07,26.07,0,-0.004961832061
2024-05-09,25.9,25.9,0,-0.006520905255
2024-05-10,26.62,26.62,0,0.0277992278
2024-05-13,26.53,26.53,0,-0.003380916604
2024-05-14,26.29,26.29,0,-0.009046362608
2024-05-15,26.62,26.62,0,0.01255230126
2024-05-16,26.8,26.8,0,0.006761833208
2024-05-17,26.95,26.95,0,0.005597014925
2024-05-20,27.06,27.06,0,0.004081632653
2024-05-21,26.78,26.78,0,-0.0103473762
2024-05-22,26.85,26.85,0,0.002613890963
2024-05-23,26.61,26.61,0,-0.008938547486
2024-05-24,26.5,26.5,0,-0.004133784292
2024-05-27,26.64,26.64,0,0.005283018868
2024-05-28,26.69,26.69,0,0.001876876877
2024-05-29,26.24,26.24,0,-0.01686024728
2024-05-30,25.94,25.94,0,-0.01143292683
2024-05-31,26.31,26.31,0,0.01426368543
2024-06-03,26.49,26.49,0,0.006841505131
2024-06-04,26.29,26.29,0,-0.007550018875
2024-06-05,26.42,26.42,0,0.004944845949
2024-06-06,26.67,26.67,0,0.009462528388
2024-06-07,26.87,26.87,0,0.007499062617
2024-06-11,26.97,26.97,0,0.003721622627
2024-06-12,26.85,26.85,0,-0.004449388209
2024-06-13,26.91,26.91,0,0.002234636872
2024-06-14,26.94,26.94,0,0.001114827202
2024-06-17,27.04,27.04,0,0.003711952487
2024-06-18,27.3,27.3,0,0.009615384615
2024-06-19,27.54,27.54,0,0.008791208791
2024-06-20,27.58,27.58,0,0.001452432825
2024-06-21,27.68,27.68,0,0.003625815809
2024-06-24,27.68,27.68,0,0
2024-06-25,27.72,27.72,0,0.001445086705
2024-06-26,27.48,27.48,0,-0.008658008658
2024-06-27,27.3,27.3,0,-0.006550218341
2024-06-28,27.55,27.55,0,0.009157509158
2024-07-01,27.69,27.69,0,0.005081669691
2024-07-02,27.76,27.76,0,0.002527988443
2024-07-03,28.5,28.5,0,0.02665706052
2024-07-04,28.58,28.58,0,0.002807017544
2024-07-05,28.7,28.7,0,0.004198740378
2024-07-08,28.84,28.84,0,0.00487804878
2024-07-09,28.8,28.8,0,-0.001386962552
2024-07-10,29.24,29.24,0,0.01527777778
2024-07-11,29.5,29.5,0,0.008891928865
2024-07-12,29.57,29.57,0,0.002372881356
2024-07-15,29.32,29.32,0,-0.008454514711
2024-07-16,29.27,29.27,0,-0.0017053206
2024-07-17,29.18,29.18,0,-0.003074820635
2024-07-18,29.25,29.25,0,0.002398903358
2024-07-19,28.99,28.99,0,-0.008888888889
2024-07-22,28.31,28.31,0,-0.02345636426
2024-07-23,28.69,28.69,0,0.01342281879
2024-07-26,28.39,28.39,0,-0.01045660509
2024-07-29,28.78,28.78,0,0.01373723142
2024-07-30,28.57,28.57,0,-0.007296733843
2024-07-31,29.03,29.03,0,0.01610080504
2024-08-01,29.04,29.04,0,0.0003444712367
2024-08-02,28.6,28.6,0,-0.01515151515
2024-08-05,26.5,26.5,0,-0.07342657343
2024-08-06,27.01,27.01,0,0.01924528302
2024-08-07,27.56,27.56,0,0.02036282858
2024-08-08,27.59,27.59,0,0.001088534107
2024-08-09,28.29,28.29,0,0.02537151142
2024-08-12,28.36,28.36,0,0.00247437257
2024-08-13,28.31,28.31,0,-0.001763046544
2024-08-14,28.67,28.67,0,0.01271635465
2024-08-15,28.45,28.45,0,-0.007673526334
2024-08-16,28.91,28.91,0,0.01616871705
2024-08-19,28.81,28.81,0,-0.003459010723
2024-08-20,28.82,28.82,0,0.0003471017008
2024-08-21,28.74,28.74,0,-0.002775850104
2024-08-22,28.67,28.67,0,-0.002435629784
2024-08-23,28.59,28.59,0,-0.002790373212
2024-08-26,29,29,0,0.01434067856
2024-08-27,28.88,28.88,0,-0.004137931034
2024-08-28,28.9,28.9,0,0.0006925207756
2024-08-29,28.66,28.66,0,-0.00830449827
2024-08-30,28.75,28.75,0,0.003140265178
2024-09-02,28.98,28.98,0,0.008
2024-09-03,28.81,28.81,0,-0.005866114562
2024-09-04,28.16,28.16,0,-0.02256161055
2024-09-05,28.36,28.36,0,0.007102272727
2024-09-06,28.63,28.63,0,0.00952045134
2024-09-09,28.46,28.46,0,-0.005937827454
2024-09-10,28.43,28.43,0,-0.001054111033
2024-09-11,28.35,28.35,0,-0.002813928948
2024-09-12,28.44,28.44,0,0.003174603175
2024-09-13,28.5,28.5,0,0.002109704641
2024-09-16,28.6,28.6,0,0.00350877193
2024-09-18,28.61,28.61,0,0.0003496503497
2024-09-19,28.99,28.99,0,0.01328206921
2024-09-20,29.04,29.04,0,0.001724732666
2024-09-23,29.23,29.23,0,0.006542699725
2024-09-24,29.3,29.3,0,0.002394799863
2024-09-25,29.5,29.5,0,0.006825938567
2024-09-26,29.62,29.62,0,0.00406779661
2024-09-27,29.43,29.43,0,-0.00641458474
2024-09-30,29.35,29.35,0,-0.002718314645
2024-10-01,29.25,29.25,0,-0.003407155026
2024-10-04,29.05,29.05,0,-0.006837606838
2024-10-07,29.45,29.45,0,0.01376936317
2024-10-08,29.3,29.3,0,-0.005093378608
2024-10-09,29.23,29.23,0,-0.002389078498
2024-10-11,29.23,29.23,0,0
2024-10-14,29.22,29.22,0,-0.0003421142662
2024-10-15,29.58,29.58,0,0.01232032854
2024-10-16,29.38,29.38,0,-0.00676132522
2024-10-17,29.55,29.55,0,0.005786249149
2024-10-18,29.91,29.91,0,0.01218274112
2024-10-21,29.53,29.53,0,-0.01270478101
2024-10-22,29.62,29.62,0,0.003047748053
2024-10-23,29.43,29.43,0,-0.00641458474
2024-10-24,29.3,29.3,0,-0.004417261298
2024-10-25,29.42,29.42,0,0.00409556314
2024-10-28,29.37,29.37,0,-0.001699524133
2024-10-29,29.2,29.2,0,-0.005788219271
2024-10-30,29.18,29.18,0,-0.0006849315068
2024-11-01,29.07,29.07,0,-0.003769705278
2024-11-04,29.45,29.45,0,0.01307189542
2024-11-05,29.5,29.5,0,0.001697792869
2024-11-06,29.34,29.34,0,-0.005423728814
2024-11-07,29.47,29.47,0,0.004430811179
2024-11-08,29.55,29.55,0,0.002714625042
2024-11-11,29.51,29.51,0,-0.001353637902
2024-11-12,29.18,29.18,0,-0.01118264995
2024-11-13,29.03,29.03,0,-0.005140507197
2024-11-14,28.8,28.8,0,-0.007922838443
2024-11-15,29.1,29.1,0,0.01041666667
2024-11-18,27.73,27.73,1.18,-0.006529209622
2024-11-19,27.95,27.95,0,0.007933645871
2024-11-20,27.99,27.99,0,0.001431127013
2024-11-21,27.86,27.86,0,-0.004644515899
2024-11-22,27.9,27.9,0,0.001435750179
2024-11-25,28.13,28.13,0,0.008243727599
2024-11-26,28.09,28.09,0,-0.001421969428
2024-11-27,27.96,27.96,0,-0.004627981488
2024-11-28,27.99,27.99,0,0.001072961373
2024-11-29,27.82,27.82,0,-0.006073597713
2024-12-02,28.17,28.17,0,0.01258087707
2024-12-03,28.45,28.45,0,0.009939652112
2024-12-04,28.44,28.44,0,-0.0003514938489
2024-12-05,28.56,28.56,0,0.004219409283
2024-12-06,28.58,28.58,0,0.000700280112
2024-12-09,28.61,28.61,0,0.001049685094
2024-12-10,28.54,28.54,0,-0.002446696959
2024-12-11,28.46,28.46,0,-0.002803083392
2024-12-12,28.8,28.8,0,0.01194659171
2024-12-13,28.69,28.69,0,-0.003819444444
2024-12-16,28.8,28.8,0,0.003834088533
2024-12-17,28.44,28.44,0,-0.0125
2024-12-18,28.44,28.44,0,0
2024-12-19,28.2,28.2,0,-0.008438818565
2024-12-20,28,28,0,-0.007092198582
2024-12-23,28.34,28.34,0,0.01214285714
2024-12-24,28.4,28.4,0,0.002117148906
2024-12-25,28.35,28.35,0,-0.00176056338
2024-12-26,28.35,28.35,0,0
2024-12-27,28.35,28.35,0,0
2024-12-30,28.38,28.38,0,0.001058201058
2024-12-31,28.08,28.08,0,-0.01057082452
2025-01-02,28.08,28.08,0,0
2025-01-03,28.13,28.13,0,0.001780626781
2025-01-06,28.4,28.4,0,0.009598293637
2025-01-07,28.42,28.42,0,0.0007042253521
2025-01-08,28.36,28.36,0,-0.002111189303
2025-01-09,28.27,28.27,0,-0.00317348378
2025-01-10,28,28,0,-0.009550760524
2025-01-13,27.77,27.77,0,-0.008214285714
2025-01-14,27.99,27.99,0,0.007922218221
2025-01-15,28,28,0,0.0003572704537
2025-01-16,28.2,28.2,0,0.007142857143
2025-01-17,28.17,28.17,0,-0.001063829787
2025-01-20,28.1,28.1,0,-0.002484913028
2025-01-21,28.32,28.32,0,0.007829181495
2025-01-22,28.43,28.43,0,0.003884180791
2025-02-03,28.43,28.43,0,0
2025-02-04,28.2,28.2,0,-0.008090045726
2025-02-05,28.4,28.4,0,0.007092198582
2025-02-06,28.6,28.6,0,0.007042253521
2025-02-07,28.58,28.58,0,-0.0006993006993
2025-02-10,28.63,28.63,0,0.001749475157
2025-02-11,28.7,28.7,0,0.002444987775
2025-02-12,28.76,28.76,0,0.002090592334
2025-02-13,28.88,28.88,0,0.004172461752
2025-02-14,28.86,28.86,0,-0.0006925207756
2025-02-17,29.03,29.03,0,0.005890505891
2025-02-18,29.03,29.03,0,0
2025-02-19,29,29,0,-0.00103341371
2025-02-20,28.97,28.97,0,-0.001034482759
2025-02-21,29.02,29.02,0,0.001725923369
2025-02-24,28.96,28.96,0,-0.002067539628
2025-02-25,28.93,28.93,0,-0.001035911602
2025-02-26,29.16,29.16,0,0.00795022468
2025-02-27,29.04,29.04,0,-0.004115226337
2025-03-03,29.13,29.13,0,0.003099173554
2025-03-04,28.96,28.96,0,-0.005835907999
2025-03-05,28.96,28.96,0,0
2025-03-06,28.97,28.97,0,0.0003453038674
2025-03-07,28.75,28.75,0,-0.007594062824
2025-03-10,28.77,28.77,0,0.0006956521739
2025-03-11,28.52,28.52,0,-0.00868960723
2025-03-12,28.53,28.53,0,0.000350631136
2025-03-13,28.48,28.48,0,-0.001752541185
2025-03-14,28.49,28.49,0,0.0003511235955
2025-03-17,28.7,28.7,0,0.007371007371
2025-03-18,28.7,28.7,0,0
2025-03-19,28.65,28.65,0,-0.001742160279
2025-03-20,28.74,28.74,0,0.003141361257
2025-03-21,28.7,28.7,0,-0.001391788448
2025-03-24,28.78,28.78,0,0.002787456446
2025-03-25,28.76,28.76,0,-0.0006949270327
2025-03-26,28.8,28.8,0,0.001390820584
2025-03-27,28.74,28.74,0,-0.002083333333
2025-03-28,28.57,28.57,0,-0.005915100905
2025-03-31,27.86,27.86,0,-0.02485124256
2025-04-01,28.09,28.09,0,0.008255563532
2025-04-02,28.26,28.26,0,0.006051975792
2025-04-07,25.44,25.44,0,-0.09978768577
2025-04-08,25.53,25.53,0,0.003537735849
2025-04-09,24.2,24.2,0,-0.05209557383
2025-04-10,26.6,26.6,0,0.09917355372
2025-04-11,26.05,26.05,0,-0.02067669173
2025-04-14,26.13,26.13,0,0.003071017274
2025-04-15,26.5,26.5,0,0.01415996938
2025-04-16,26.32,26.32,0,-0.00679245283
2025-04-17,26,26,0,-0.01215805471
2025-04-18,26.02,26.02,0,0.0007692307692
2025-04-21,25.9,25.9,0,-0.004611837048
2025-04-22,25.53,25.53,0,-0.01428571429
2025-04-23,25.86,25.86,0,0.01292596945
2025-04-24,25.85,25.85,0,-0.0003866976025
2025-04-25,26.12,26.12,0,0.01044487427
2025-04-28,26.15,26.15,0,0.001148545176
2025-04-29,26.55,26.55,0,0.01529636711
2025-04-30,26.95,26.95,0,0.01506591337
2025-05-02,27.06,27.06,0,0.004081632653
2025-05-05,26.4,26.4,0,-0.0243902439
2025-05-06,26.74,26.74,0,0.01287878788
2025-05-07,26.67,26.67,0,-0.002617801047
2025-05-08,26.82,26.82,0,0.005624296963
2025-05-09,26.85,26.85,0,0.001118568233
2025-05-12,27.23,27.23,0,0.01415270019
2025-05-13,27.4,27.4,0,0.006243114212
2025-05-14,27.74,27.74,0,0.01240875912
2025-05-15,27.93,27.93,0,0.006849315068
2025-05-16,28.15,28.15,0,0.007876834945
2025-05-19,27.85,27.85,0,-0.01065719361
2025-05-20,27.92,27.92,0,0.002513464991
2025-05-21,28.34,28.34,0,0.01504297994
2025-05-22,28.3,28.3,0,-0.001411432604
2025-05-23,28.4,28.4,0,0.003533568905
2025-05-26,28.37,28.37,0,-0.001056338028
2025-05-27,28.01,28.01,0,-0.0126894607
2025-05-28,27.82,27.82,0,-0.006783291682
2025-05-29,27.71,27.71,0,-0.003953989935
2025-06-02,27.53,27.53,0,-0.006495849874
2025-06-03,27.95,27.95,0,0.01525608427
2025-06-04,28.34,28.34,0,0.01395348837
2025-06-05,28.19,28.19,0,-0.005292872265
2025-06-06,28.48,28.48,0,0.01028733593
2025-06-09,28.65,28.65,0,0.005969101124
2025-06-10,28.63,28.63,0,-0.0006980802792
2025-06-11,28.58,28.58,0,-0.001746419839
2025-06-12,28.7,28.7,0,0.004198740378
2025-06-13,28.67,28.67,0,-0.001045296167
2025-06-16,28.83,28.83,0,0.005580746425
2025-06-17,28.7,28.7,0,-0.004509191814
2025-06-18,28.86,28.86,0,0.005574912892
2025-06-19,28.76,28.76,0,-0.003465003465
2025-06-20,28.69,28.69,0,-0.002433936022
2025-06-23,28.4,28.4,0,-0.01010805159
2025-06-24,28.74,28.74,0,0.01197183099
2025-06-25,28.86,28.86,0,0.004175365344
2025-06-26,28.91,28.91,0,0.001732501733
2025-06-27,29.05,29.05,0,0.004842615012
2025-06-30,29,29,0,-0.001721170396
2025-07-01,29.28,29.28,0,0.009655172414
2025-07-02,29.13,29.13,0,-0.00512295082
2025-07-03,29.23,29.23,0,0.003432887058
2025-07-04,29.06,29.06,0,-0.005815942525
2025-07-07,29.3,29.3,0,0.008258774948
2025-07-08,29.2,29.2,0,-0.003412969283
2025-07-09,29.21,29.21,0,0.0003424657534
2025-07-10,29.33,29.33,0,0.004108182129
2025-07-11,29.59,29.59,0,0.00886464371
2025-07-14,29.78,29.78,0,0.006421088205
2025-07-15,29.63,29.63,0,-0.005036937542
2025-07-16,29.81,29.81,0,0.006074924063
2025-07-17,29.84,29.84,0,0.0010063737
2025-07-18,29.82,29.82,0,-0.0006702412869
2025-07-21,29.66,29.66,0,-0.005365526492
2025-07-22,29.6,29.6,0,-0.0020229265
2025-07-23,29.68,29.68,0,0.002702702703
2025-07-24,29.51,29.51,0,-0.005727762803
2025-07-25,29.47,29.47,0,-0.001355472721
2025-07-28,29.43,29.43,0,-0.001357312521
2025-07-29,29,29,0,-0.01461094122
2025-07-30,29.28,29.28,0,0.009655172414
2025-07-31,29.13,29.13,0,-0.00512295082
2025-08-01,29.25,29.25,0,0.00411946447
2025-08-04,29.52,29.52,0,0.009230769231
2025-08-05,29.76,29.76,0,0.008130081301
2025-08-06,29.87,29.87,0,0.003696236559
2025-08-07,29.88,29.88,0,0.0003347840643
2025-08-08,29.81,29.81,0,-0.00234270415
2025-08-11,29.82,29.82,0,0.0003354579
2025-08-12,30.11,30.11,0,0.009725016767
2025-08-13,30.19,30.19,0,0.00265692461
2025-08-14,30.57,30.57,0,0.01258694932
2025-08-15,30.5,30.5,0,-0.002289826627
2025-08-18,30.5,30.5,0,0
2025-08-19,30.42,30.42,0,-0.00262295082
2025-08-20,30.16,30.16,0,-0.008547008547
2025-08-21,30.3,30.3,0,0.004641909814
2025-08-22,30.21,30.21,0,-0.00297029703
2025-08-25,30.25,30.25,0,0.001324064879
2025-08-26,29.89,29.89,0,-0.01190082645
2025-08-27,29.75,29.75,0,-0.004683840749
2025-08-28,29.82,29.82,0,0.002352941176
2025-08-29,29.61,29.61,0,-0.007042253521
2025-09-01,29.79,29.79,0,0.006079027356
2025-09-02,30.03,30.03,0,0.008056394763
2025-09-03,30.01,30.01,0,-0.000666000666
2025-09-04,30.2,30.2,0,0.006331222926
2025-09-05,30.25,30.25,0,0.001655629139
2025-09-08,30.22,30.22,0,-0.0009917355372
2025-09-09,30.28,30.28,0,0.001985440106
2025-09-10,30.44,30.44,0,0.005284015852
2025-09-11,30.51,30.51,0,0.002299605782
2025-09-12,30.64,30.64,0,0.004260898066
2025-09-15,30.7,30.7,0,0.001958224543
2025-09-16,30.69,30.69,0,-0.000325732899
2025-09-17,30.5,30.5,0,-0.006190941675
2025-09-18,30.55,30.55,0,0.001639344262
2025-09-19,30.65,30.65,0,0.003273322422
2025-09-22,30.74,30.74,0,0.002936378467
2025-09-23,30.74,30.74,0,0
2025-09-24,30.8,30.8,0,0.001951854262
2025-09-25,30.64,30.64,0,-0.005194805195
2025-09-26,30.64,30.64,0,0
2025-09-30,30.85,30.85,0,0.006853785901
2025-10-01,30.84,30.84,0,-0.0003241491086
2025-10-02,30.85,30.85,0,0.0003242542153
2025-10-03,30.65,30.65,0,-0.006482982172
2025-10-07,30.71,30.71,0,0.001957585644
2025-10-08,30.81,30.81,0,0.003256268317
2025-10-09,30.92,30.92,0,0.003570269393
2025-10-13,30.73,30.73,0,-0.006144890039
2025-10-14,30.94,30.94,0,0.006833712984
2025-10-15,31.14,31.14,0,0.006464124111
2025-10-16,31.1,31.1,0,-0.001284521516
2025-10-17,31.09,31.09,0,-0.0003215434084
2025-10-20,30.99,30.99,0,-0.003216468318
2025-10-21,31.11,31.11,0,0.003872216844
2025-10-22,31.08,31.08,0,-0.0009643201543
2025-10-23,31.02,31.02,0,-0.001930501931
2025-10-27,31.03,31.03,0,0.0003223726628
2025-10-28,30.73,30.73,0,-0.009668063165
2025-10-29,30.64,30.64,0,-0.002928734136
2025-10-30,30.54,30.54,0,-0.003263707572
2025-10-31,30.5,30.5,0,-0.001309757695
2025-11-03,30.6,30.6,0,0.003278688525
2025-11-04,30.73,30.73,0,0.004248366013
2025-11-05,30.69,30.69,0,-0.001301659616
2025-11-06,30.85,30.85,0,0.005213424568
2025-11-07,30.61,30.61,0,-0.007779578606
2025-11-10,30.6,30.6,0,-0.000326690624
2025-11-11,30.79,30.79,0,0.006209150327
2025-11-12,30.95,30.95,0,0.005196492368
2025-11-13,30.94,30.94,0,-0.0003231017771
2025-11-14,30.8,30.8,0,-0.004524886878
2025-11-17,30.69,30.69,0,-0.003571428571
2025-11-18,30.38,30.38,0,-0.0101010101
2025-11-19,30.22,30.22,0,-0.005266622778
2025-11-20,30.63,30.63,0,0.01356717406
2025-11-21,29.15,29.15,1.25,-0.007508978126
2025-11-24,29.68,29.68,0,0.01818181818
2025-11-25,29.52,29.52,0,-0.00539083558
2025-11-26,29.57,29.57,0,0.001693766938
2025-11-27,29.77,29.77,0,0.006763611769
2025-11-28,29.51,29.51,0,-0.008733624454
2025-12-01,29.47,29.47,0,-0.001355472721
2025-12-02,29.78,29.78,0,0.01051917204
2025-12-03,29.76,29.76,0,-0.0006715916723
2025-12-04,30.05,30.05,0,0.009744623656
2025-12-05,30.1,30.1,0,0.001663893511
2025-12-08,30.27,30.27,0,0.005647840532
2025-12-09,30.41,30.41,0,0.004625041295
2025-12-10,30.33,30.33,0,-0.002630713581
2025-12-11,30.45,30.45,0,0.003956478734
2025-12-12,31,31,0,0.01806239737
2025-12-15,31.07,31.07,0,0.002258064516
2025-12-16,31.08,31.08,0,0.0003218538783
2025-12-17,31.78,31.78,0,0.02252252252
2025-12-18,31.87,31.87,0,0.002831969792
2025-12-19,32.24,32.24,0,0.01160966426
2025-12-22,32.44,32.44,0,0.006203473945
2025-12-23,32.28,32.28,0,-0.004932182491
2025-12-24,32.11,32.11,0,-0.005266418835
2025-12-26,32.01,32.01,0,-0.003114294612
2025-12-29,32.13,32.13,0,0.003748828491
2025-12-30,32.03,32.03,0,-0.003112356054
2025-12-31,31.95,31.95,0,-0.002497658445
2026-01-02,31.95,31.95,0,0
2026-01-05,32.04,32.04,0,0.002816901408
2026-01-06,32.11,32.11,0,0.002184769039
2026-01-07,31.85,31.85,0,-0.008097165992
2026-01-08,31.99,31.99,0,0.004395604396
2026-01-09,31.94,31.94,0,-0.001562988434
2026-01-12,31.91,31.91,0,-0.0009392611146
2026-01-13,31.91,31.91,0,0
2026-01-14,31.81,31.81,0,-0.003133813851
2026-01-15,32.16,32.16,0,0.0110028293
2026-01-16,32.27,32.27,0,0.00342039801
2026-01-19,32.53,32.53,0,0.008057018903
2026-01-20,32.39,32.39,0,-0.004303719643
2026-01-21,32.1,32.1,0,-0.008953380673
2026-01-22,32.13,32.13,0,0.0009345794393
2026-01-23,32.05,32.05,0,-0.002489884843
2026-01-26,32.38,32.38,0,0.01029641186
2026-01-27,32.26,32.26,0,-0.003705991353
2026-01-28,32.14,32.14,0,-0.003719776813
2026-01-29,32.43,32.43,0,0.009023024269
2026-01-30,32.03,32.03,0,-0.0123342584
2026-02-02,31.72,31.72,0,-0.009678426475
2026-02-03,32.05,32.05,0,0.0104035309
2026-02-04,32.29,32.29,0,0.007488299532
2026-02-05,32.4,32.4,0,0.003406627439
2026-02-06,32.33,32.33,0,-0.002160493827
2026-02-09,32.88,32.88,0,0.0170120631
2026-02-10,32.93,32.93,0,0.001520681265
2026-02-11,33.35,33.35,0,0.01275432736
2026-02-23,34.2,34.2,0,0.02548725637
2026-02-24,34.19,34.19,0,-0.0002923976608
2026-02-25,34,34,0,-0.005557180462
2026-02-26,34.78,34.78,0,0.02294117647
2026-03-02,34,34,0,-0.022426682
2026-03-03,33.91,33.91,0,-0.002647058824
2026-03-04,32.58,32.58,0,-0.03922146859
2026-03-05,32.9,32.9,0,0.009821976673
2026-03-06,32.8,32.8,0,-0.003039513678
2026-03-09,31.97,31.97,0,-0.02530487805
2026-03-10,32.12,32.12,0,0.004691898655
2026-03-11,32.51,32.51,0,0.01214196762
2026-03-12,32.42,32.42,0,-0.00276837896
2026-03-13,32.35,32.35,0,-0.002159161012
2026-03-16,32.62,32.62,0,0.008346213292
2026-03-17,32.67,32.67,0,0.001532801962
2026-03-18,32.71,32.71,0,0.001224364861
2026-03-19,32.21,32.21,0,-0.01528584531
2026-03-20,32.36,32.36,0,0.004656938839
2026-03-23,32,32,0,-0.01112484549
2026-03-24,32.15,32.15,0,0.0046875
2026-03-25,32.6,32.6,0,0.01399688958
2026-03-26,32.46,32.46,0,-0.004294478528
2026-03-27,32.28,32.28,0,-0.005545286506
2026-03-30,31.98,31.98,0,-0.009293680297
2026-03-31,31.81,31.81,0,-0.005315822389
2026-04-01,32.58,32.58,0,0.02420622446
2026-04-02,32.52,32.52,0,-0.001841620626
2026-04-07,32.85,32.85,0,0.01014760148
2026-04-08,33.19,33.19,0,0.0103500761
2026-04-09,33.2,33.2,0,0.000301295571
2026-04-10,33.1,33.1,0,-0.003012048193
2026-04-13,32.86,32.86,0,-0.007250755287
2026-04-14,33.11,33.11,0,0.007608034084
2026-04-15,33.3,33.3,0,0.005738447599
2026-04-16,33.52,33.52,0,0.006606606607
2026-04-17,33.43,33.43,0,-0.0026849642
2026-04-20,33.55,33.55,0,0.003589590188
2026-04-21,33.35,33.35,0,-0.005961251863
2026-04-22,33.4,33.4,0,0.001499250375
2026-04-23,33.14,33.14,0,-0.007784431138
2026-04-24,33.15,33.15,0,0.0003017501509
2026-04-27,33.05,33.05,0,-0.003016591252
2026-04-28,33.28,33.28,0,0.006959152799
2026-04-29,33.5,33.5,0,0.006610576923
2026-04-30,33.25,33.25,0,-0.007462686567
2026-05-04,33.14,33.14,0,-0.003308270677
2026-05-05,33.33,33.33,0,0.005733252867
2026-05-06,33.86,33.86,0,0.01590159016
2026-05-07,34.22,34.22,0,0.01063201418
2026-05-08,34.39,34.39,0,0.004967855056
2026-05-11,34,34,0,-0.01134050596
2026-05-12,33.45,33.45,0,-0.01617647059
2026-05-13,33.75,33.75,0,0.008968609865
2026-05-14,33.66,33.66,0,-0.002666666667
2026-05-15,33.66,33.66,0,0
2026-05-18,33.49,33.49,0,-0.005050505051
2026-05-19,33.91,33.91,0,0.01254105703
2026-05-20,33.97,33.97,0,0.001769389561
2026-05-21,33.99,33.99,0,0.0005887547836
2026-05-22,33.9,33.9,0,-0.002647837599
2026-05-25,33.95,33.95,0,0.001474926254
2026-05-26,34.3,34.3,0,0.01030927835
2026-05-27,34.89,34.89,0,0.01720116618
2026-05-28,34.85,34.85,0,-0.001146460304
2026-05-29,35.09,35.09,0,0.006886657102
2026-06-01,35.9,35.9,0,0.02308349957
2026-06-02,36.59,36.59,0,0.01922005571
2026-06-03,38.61,38.61,0,0.05520634053
2026-06-04,38.88,38.88,0,0.006993006993
2026-06-05,39.14,39.14,0,0.006687242798
2026-06-08,38.15,38.15,0,-0.02529381707
2026-06-09,40.3,40.3,0,0.05635648755
2026-06-10,39.55,39.55,0,-0.01861042184
2026-06-11,39.66,39.66,0,0.002781289507
2026-06-12,39.72,39.72,0,0.001512859304
2026-06-15,41,41,0,0.03222557905
2026-06-16,41.98,41.98,0,0.02390243902
2026-06-17,42.66,42.66,0,0.01619818961
2026-06-18,43.46,43.46,0,0.01875293015
2026-06-22,42.92,42.92,0,-0.01242521859
2026-06-23,43.12,43.12,0,0.004659832246
2026-06-24,42.16,42.16,0,-0.02226345083
2026-06-25,42.71,42.71,0,0.0130455408
2026-06-26,42.18,42.18,0,-0.01240927183
2026-06-29,41.8,41.8,0,-0.009009009009
2026-06-30,41.97,41.97,0,0.004066985646
2026-07-01,41.69,41.69,0,-0.006671431975
2026-07-02,41.18,41.18,0,-0.01223314944
2026-07-03,41.54,41.54,0,0.008742107819
2026-07-06,42.09,42.09,0,0.01324025036
2026-07-07,42.37,42.37,0,0.006652411499
2026-07-08,42.97,42.97,0,0.01416096295
2026-07-09,42.66,42.66,0,-0.007214335583
2026-07-13,42.61,42.61,0,-0.001172058134
2026-07-14,41.92,41.92,0,-0.01619338184
2026-07-15,42.37,42.37,0,0.01073473282
2026-07-16,42.29,42.29,0,-0.001888128393
2026-07-17,41.82,41.82,0,-0.01111373847
2026-07-20,41.52,41.52,0,-0.007173601148
2026-07-21,42.05,42.05,0,0.01276493256
2026-07-22,42.76,42.76,0,0.01688466112
2026-07-23,42.42,42.42,0,-0.007951356408
2026-07-24,42.55,42.55,0,0.003064592174
2026-07-27,43.29,43.29,0,0.01739130435
2026-07-28,42.42,42.42,0,-0.0200970201
2026-07-29,42.1,42.1,0,-0.007543611504
2026-07-30,42.51,42.51,0,0.00973871734
2026-07-31,44.69,44.69,0,0.05128205128
2026-08-03,44.15,44.15,0,-0.0120832401
2026-08-04,43.92,43.92,0,-0.005209513024
2026-08-05,44.41,44.41,0,0.01115664845
2026-08-06,43.62,43.62,0,-0.01778878631
2026-08-07,43.9,43.9,0,0.006419073819
2026-08-10,44.05,44.05,0,0.003416856492
2026-08-11,43.78,43.78,0,-0.006129398411
2026-08-12,43.75,43.75,0,-0.0006852444038
2026-08-13,43.72,43.72,0,-0.0006857142857
2026-08-14,44.25,44.25,0,0.01212259835
2026-08-17,43.79,43.79,0,-0.01039548023
2026-08-18,43.96,43.96,0,0.003882164878
2026-08-19,43.55,43.55,0,-0.009326660601
2026-08-20,43.12,43.12,0,-0.009873708381
2026-08-21,44.17,44.17,0,0.02435064935
2026-08-24,43.64,43.64,0,-0.01199909441
2026-08-25,44.49,44.49,0,0.01947754354
2026-08-26,44.52,44.52,0,0.0006743088334
2026-08-27,44.53,44.53,0,0.0002246181491
2026-08-28,45.11,45.11,0,0.01302492702
2026-08-31,45.95,45.95,0,0.0186211483
2026-09-01,46.6,46.6,0,0.01414581066
2026-09-02,47.1,47.1,0,0.01072961373
2026-09-03,48.2,48.2,0,0.02335456476
2026-09-04,49,49,0,0.01659751037
2026-09-07,48.63,48.63,0,-0.007551020408
2026-09-08,49.24,49.24,0,0.01254369731
2026-09-09,48.55,48.55,0,-0.01401299756
2026-09-10,48.61,48.61,0,0.001235839341
2026-09-11,49.32,49.32,0,0.01460604814
2026-09-14,50.3,50.3,0,0.0198702352
2026-09-15,49.76,49.76,0,-0.01073558648
2026-09-16,50.3,50.3,0,0.01085209003
2026-09-17,50.85,50.85,0,0.01093439364
2026-09-18,50.15,50.15,0,-0.01376597837
2026-09-21,50.65,50.65,0,0.009970089731
2026-09-22,50.4,50.4,0,-0.004935834156
2026-09-23,49.88,49.88,0,-0.01031746032
2026-09-24,49.54,49.54,0,-0.006816359262
2026-09-29,49.21,49.21,0,-0.006661283811
2026-09-30,49.27,49.27,0,0.001219264377
2026-10-01,48.7,48.7,0,-0.01156890603
2026-10-02,48.85,48.85,0,0.003080082136
