date,close_raw,close_split_adj,div,total_ret
2008-02-27,31.4,31.4,0,0
2008-02-29,31.52,31.52,0,0.003821656051
2008-03-03,30.6,30.6,0,-0.02918781726
2008-03-04,31.45,31.45,0,0.02777777778
2008-03-05,31.59,31.59,0,0.004451510334
2008-03-06,32.25,32.25,0,0.02089268756
2008-03-07,31.81,31.81,0,-0.01364341085
2008-03-10,30.82,30.82,0,-0.03112228859
2008-03-11,31,31,0,0.0058403634
2008-03-12,31.3,31.3,0,0.009677419355
2008-03-13,30.43,30.43,0,-0.02779552716
2008-03-14,30.65,30.65,0,0.007229707525
2008-03-17,29.87,29.87,0,-0.02544861338
2008-03-18,29.8,29.8,0,-0.00234348845
2008-03-19,30.29,30.29,0,0.01644295302
2008-03-20,30.85,30.85,0,0.01848794982
2008-03-21,31.7,31.7,0,0.02755267423
2008-03-24,33.01,33.01,0,0.04132492114
2008-03-25,32.96,32.96,0,-0.001514692517
2008-03-26,32.44,32.44,0,-0.01577669903
2008-03-27,31.65,31.65,0,-0.02435265105
2008-03-28,31.76,31.76,0,0.003475513428
2008-03-31,31.4,31.4,0,-0.01133501259
2008-04-01,31.45,31.45,0,0.001592356688
2008-04-02,31.66,31.66,0,0.006677265501
2008-04-03,31.65,31.65,0,-0.0003158559697
2008-04-07,32.18,32.18,0,0.01674565561
2008-04-08,32.06,32.06,0,-0.003729024239
2008-04-09,31.8,31.8,0,-0.008109794136
2008-04-10,32.5,32.5,0,0.02201257862
2008-04-11,32.75,32.75,0,0.007692307692
2008-04-14,32.69,32.69,0,-0.001832061069
2008-04-15,32.62,32.62,0,-0.002141327623
2008-04-16,33.28,33.28,0,0.0202329859
2008-04-17,33.62,33.62,0,0.01021634615
2008-04-18,33.59,33.59,0,-0.0008923259964
2008-04-21,33.59,33.59,0,0
2008-04-22,33.26,33.26,0,-0.009824352486
2008-04-23,33.25,33.25,0,-0.0003006614552
2008-04-24,33.1,33.1,0,-0.004511278195
2008-04-25,33.01,33.01,0,-0.002719033233
2008-04-28,33.4,33.4,0,0.01181460164
2008-04-29,33,33,0,-0.0119760479
2008-04-30,33.09,33.09,0,0.002727272727
2008-05-02,33.19,33.19,0,0.003022061046
2008-05-05,32.64,32.64,0,-0.0165712564
2008-05-06,32.77,32.77,0,0.003982843137
2008-05-07,33.01,33.01,0,0.007323771742
2008-05-08,32.81,32.81,0,-0.00605877007
2008-05-09,32.48,32.48,0,-0.01005790917
2008-05-12,32.56,32.56,0,0.002463054187
2008-05-13,33.22,33.22,0,0.02027027027
2008-05-14,33.45,33.45,0,0.006923540036
2008-05-15,33.86,33.86,0,0.01225710015
2008-05-16,34.12,34.12,0,0.007678676905
2008-05-19,34.32,34.32,0,0.005861664713
2008-05-20,33.6,33.6,0,-0.02097902098
2008-05-21,33.3,33.3,0,-0.008928571429
2008-05-22,33,33,0,-0.009009009009
2008-05-23,32.8,32.8,0,-0.006060606061
2008-05-26,32.5,32.5,0,-0.009146341463
2008-05-27,32.17,32.17,0,-0.01015384615
2008-05-28,32,32,0,-0.005284426484
2008-05-29,32.1,32.1,0,0.003125
2008-05-30,32.2,32.2,0,0.003115264798
2008-06-02,32.3,32.3,0,0.003105590062
2008-06-03,31.82,31.82,0,-0.01486068111
2008-06-04,31.88,31.88,0,0.001885606537
2008-06-05,32.23,32.23,0,0.01097867001
2008-06-06,32.21,32.21,0,-0.0006205398697
2008-06-09,31.5,31.5,0,-0.02204284384
2008-06-10,30.71,30.71,0,-0.02507936508
2008-06-11,30.69,30.69,0,-0.0006512536633
2008-06-12,29.88,29.88,0,-0.02639296188
2008-06-13,30.17,30.17,0,0.009705488621
2008-06-16,30.29,30.29,0,0.003977461054
2008-06-17,30.2,30.2,0,-0.002971277649
2008-06-18,30.61,30.61,0,0.01357615894
2008-06-19,30.06,30.06,0,-0.01796798432
2008-06-20,29.5,29.5,0,-0.01862940785
2008-06-23,29.27,29.27,0,-0.007796610169
2008-06-24,29.04,29.04,0,-0.007857874957
2008-06-25,29.38,29.38,0,0.01170798898
2008-06-26,29.3,29.3,0,-0.002722940776
2008-06-27,28.15,28.15,0,-0.03924914676
2008-06-30,28.2,28.2,0,0.001776198934
2008-07-01,28.05,28.05,0,-0.005319148936
2008-07-02,27.95,27.95,0,-0.003565062389
2008-07-03,27.79,27.79,0,-0.00572450805
2008-07-04,27.23,27.23,0,-0.0201511335
2008-07-07,27.5,27.5,0,0.009915534337
2008-07-08,26.47,26.47,0,-0.03745454545
2008-07-09,26.54,26.54,0,0.002644503211
2008-07-10,26.84,26.84,0,0.01130369254
2008-07-11,27.17,27.17,0,0.01229508197
2008-07-14,26.77,26.77,0,-0.01472211999
2008-07-15,25.83,25.83,0,-0.03511393351
2008-07-16,25.43,25.43,0,-0.01548586914
2008-07-17,26.49,26.49,0,0.04168305151
2008-07-18,26,26,0,-0.01849754624
2008-07-21,27.1,27.1,0,0.04230769231
2008-07-22,27,27,0,-0.0036900369
2008-07-23,27.75,27.75,0,0.02777777778
2008-07-24,28,28,0,0.009009009009
2008-07-25,27.28,27.28,0,-0.02571428571
2008-07-29,26.55,26.55,0,-0.02675953079
2008-07-30,26.98,26.98,0,0.01619585687
2008-07-31,26.59,26.59,0,-0.01445515196
2008-08-01,26.68,26.68,0,0.003384731102
2008-08-04,26.68,26.68,0,0
2008-08-05,26.09,26.09,0,-0.02211394303
2008-08-06,27.01,27.01,0,0.0352625527
2008-08-07,26.95,26.95,0,-0.002221399482
2008-08-08,27.77,27.77,0,0.03042671614
2008-08-11,28.37,28.37,0,0.02160604969
2008-08-12,28.29,28.29,0,-0.002819880155
2008-08-13,28.19,28.19,0,-0.003534817957
2008-08-14,28.28,28.28,0,0.003192621497
2008-08-15,27.69,27.69,0,-0.02086280057
2008-08-18,27,27,0,-0.02491874323
2008-08-19,27,27,0,0
2008-08-20,27.11,27.11,0,0.004074074074
2008-08-21,26.97,26.97,0,-0.005164146072
2008-08-22,26.67,26.67,0,-0.01112347052
2008-08-25,27.3,27.3,0,0.02362204724
2008-08-26,27.05,27.05,0,-0.009157509158
2008-08-27,27.55,27.55,0,0.01848428835
2008-08-28,27.32,27.32,0,-0.00834845735
2008-08-29,27.3,27.3,0,-0.0007320644217
2008-09-01,26.27,26.27,0,-0.03772893773
2008-09-02,25.9,25.9,0,-0.01408450704
2008-09-03,25.5,25.5,0,-0.01544401544
2008-09-04,24.78,24.78,0,-0.02823529412
2008-09-05,24.48,24.48,0,-0.01210653753
2008-09-08,26.19,26.19,0,0.06985294118
2008-09-09,25.25,25.25,0,-0.03589156166
2008-09-10,24.95,24.95,0,-0.01188118812
2008-09-11,24.51,24.51,0,-0.01763527054
2008-09-12,24.6,24.6,0,0.003671970624
2008-09-15,23.27,23.27,0,-0.05406504065
2008-09-16,22.46,22.46,0,-0.03480876665
2008-09-17,22.65,22.65,0,0.008459483526
2008-09-18,21.94,21.94,0,-0.03134657837
2008-09-19,23.47,23.47,0,0.06973564266
2008-09-22,24.1,24.1,0,0.02684277801
2008-09-23,24.22,24.22,0,0.004979253112
2008-09-24,24.17,24.17,0,-0.002064409579
2008-09-25,23.87,23.87,0,-0.01241208109
2008-09-26,23.14,23.14,0,-0.0305823209
2008-09-30,22.1,22.1,0,-0.04494382022
2008-10-01,22.59,22.59,0,0.0221719457
2008-10-02,22.34,22.34,0,-0.01106684374
2008-10-03,22.23,22.23,0,-0.004923903312
2008-10-06,21.48,21.48,0,-0.03373819163
2008-10-07,21.42,21.42,0,-0.002793296089
2008-10-08,20.14,20.14,0,-0.05975723623
2008-10-09,19.94,19.94,0,-0.009930486594
2008-10-13,19.25,19.25,0,-0.03460381143
2008-10-14,20.59,20.59,0,0.06961038961
2008-10-15,20.26,20.26,0,-0.01602719767
2008-10-16,19.56,19.56,0,-0.03455083909
2008-10-17,18.88,18.88,0,-0.03476482618
2008-10-20,18.88,18.88,0,0
2008-10-21,19.03,19.03,0,0.007944915254
2008-10-22,18.4,18.4,0,-0.0331056227
2008-10-23,17.76,17.76,0,-0.0347826087
2008-10-24,17.14,17.14,0,-0.03490990991
2008-10-27,15.95,15.95,0,-0.06942823804
2008-10-28,16.79,16.79,0,0.0526645768
2008-10-29,16.69,16.69,0,-0.005955926147
2008-10-30,17.85,17.85,0,0.06950269623
2008-10-31,18.6,18.6,0,0.04201680672
2008-11-03,19.23,19.23,0,0.03387096774
2008-11-04,19.01,19.01,0,-0.01144045762
2008-11-05,19,19,0,-0.0005260389269
2008-11-06,17.67,17.67,0,-0.07
2008-11-07,17.89,17.89,0,0.01245048104
2008-11-10,17.93,17.93,0,0.00223588597
2008-11-11,17.73,17.73,0,-0.01115448968
2008-11-12,17.41,17.41,0,-0.01804850536
2008-11-13,16.42,16.42,0,-0.05686387134
2008-11-14,16.78,16.78,0,0.02192448234
2008-11-17,16.85,16.85,0,0.004171632896
2008-11-18,15.95,15.95,0,-0.05341246291
2008-11-19,15.88,15.88,0,-0.004388714734
2008-11-20,15.02,15.02,0,-0.05415617128
2008-11-21,15.7,15.7,0,0.04527296937
2008-11-24,15.56,15.56,0,-0.008917197452
2008-11-25,15.9,15.9,0,0.02185089974
2008-11-26,16.15,16.15,0,0.01572327044
2008-11-27,17.09,17.09,0,0.05820433437
2008-11-28,16.92,16.92,0,-0.009947337624
2008-12-01,17.3,17.3,0,0.02245862884
2008-12-02,16.09,16.09,0,-0.06994219653
2008-12-03,16.06,16.06,0,-0.001864512119
2008-12-04,15.74,15.74,0,-0.0199252802
2008-12-05,15.73,15.73,0,-0.0006353240152
2008-12-08,16.83,16.83,0,0.06993006993
2008-12-09,17.16,17.16,0,0.01960784314
2008-12-10,17.97,17.97,0,0.0472027972
2008-12-11,17.96,17.96,0,-0.0005564830273
2008-12-12,16.84,16.84,0,-0.06236080178
2008-12-15,17.65,17.65,0,0.04809976247
2008-12-16,17.59,17.59,0,-0.003399433428
2008-12-17,17.99,17.99,0,0.02274019329
2008-12-18,17.78,17.78,0,-0.01167315175
2008-12-19,18.03,18.03,0,0.01406074241
2008-12-22,17.5,17.5,0,-0.02939545202
2008-12-23,16.85,16.85,0,-0.03714285714
2008-12-24,16.77,16.77,0,-0.004747774481
2008-12-25,16.71,16.71,0,-0.003577817531
2008-12-26,16.7,16.7,0,-0.0005984440455
2008-12-29,16.8,16.8,0,0.005988023952
2008-12-30,17.5,17.5,0,0.04166666667
2008-12-31,17.35,17.35,0,-0.008571428571
2009-01-05,18.09,18.09,0,0.04265129683
2009-01-06,17.99,17.99,0,-0.005527915976
2009-01-07,18.3,18.3,0,0.01723179544
2009-01-08,17.2,17.2,0,-0.06010928962
2009-01-09,17.1,17.1,0,-0.005813953488
2009-01-10,16.86,16.86,0,-0.01403508772
2009-01-12,16.75,16.75,0,-0.006524317912
2009-01-13,17,17,0,0.01492537313
2009-01-14,17.23,17.23,0,0.01352941176
2009-01-15,16.41,16.41,0,-0.04759141033
2009-01-16,16.54,16.54,0,0.007921998781
2009-01-17,16.55,16.55,0,0.0006045949214
2009-01-19,16.64,16.64,0,0.005438066465
2009-01-20,16.12,16.12,0,-0.03125
2009-01-21,15.96,15.96,0,-0.009925558313
2009-02-02,16.01,16.01,0,0.00313283208
2009-02-03,16.51,16.51,0,0.03123048095
2009-02-04,16.74,16.74,0,0.01393095094
2009-02-05,16.66,16.66,0,-0.004778972521
2009-02-06,17.04,17.04,0,0.02280912365
2009-02-09,17.35,17.35,0,0.01819248826
2009-02-10,17.23,17.23,0,-0.006916426513
2009-02-11,17.54,17.54,0,0.01799187464
2009-02-12,17,17,0,-0.03078677309
2009-02-13,17.63,17.63,0,0.03705882353
2009-02-16,17.5,17.5,0,-0.007373794668
2009-02-17,17.12,17.12,0,-0.02171428571
2009-02-18,17.09,17.09,0,-0.001752336449
2009-02-19,17.41,17.41,0,0.01872440023
2009-02-20,16.84,16.84,0,-0.03273980471
2009-02-23,16.93,16.93,0,0.005344418052
2009-02-24,16.8,16.8,0,-0.007678676905
2009-02-25,17.36,17.36,0,0.03333333333
2009-02-26,17.3,17.3,0,-0.003456221198
2009-02-27,17.4,17.4,0,0.005780346821
2009-03-02,16.72,16.72,0,-0.03908045977
2009-03-03,16.85,16.85,0,0.007775119617
2009-03-04,17.27,17.27,0,0.02492581602
2009-03-05,17.67,17.67,0,0.02316155182
2009-03-06,17.78,17.78,0,0.006225240521
2009-03-09,17.3,17.3,0,-0.02699662542
2009-03-10,17.71,17.71,0,0.02369942197
2009-03-11,18.07,18.07,0,0.02032749859
2009-03-12,17.97,17.97,0,-0.005534034311
2009-03-13,18.65,18.65,0,0.03784084585
2009-03-16,18.85,18.85,0,0.01072386059
2009-03-17,19.1,19.1,0,0.01326259947
2009-03-18,19.02,19.02,0,-0.004188481675
2009-03-19,19,19,0,-0.001051524711
2009-03-20,18.79,18.79,0,-0.01105263158
2009-03-23,19.3,19.3,0,0.02714209686
2009-03-24,19.79,19.79,0,0.02538860104
2009-03-25,19.98,19.98,0,0.009600808489
2009-03-26,20.2,20.2,0,0.01101101101
2009-03-27,20.2,20.2,0,0
2009-03-30,19.39,19.39,0,-0.0400990099
2009-03-31,19.82,19.82,0,0.02217637958
2009-04-01,19.85,19.85,0,0.001513622603
2009-04-02,20.44,20.44,0,0.02972292191
2009-04-03,20.68,20.68,0,0.01174168297
2009-04-06,20.66,20.66,0,-0.0009671179884
2009-04-07,20.89,20.89,0,0.01113262343
2009-04-08,20.2,20.2,0,-0.03303015797
2009-04-09,21,21,0,0.0396039604
2009-04-10,21.4,21.4,0,0.01904761905
2009-04-13,21.43,21.43,0,0.001401869159
2009-04-14,21.69,21.69,0,0.0121325245
2009-04-15,21.62,21.62,0,-0.003227293684
2009-04-16,22.1,22.1,0,0.02220166512
2009-04-17,21.31,21.31,0,-0.03574660633
2009-04-20,21.5,21.5,0,0.008916001877
2009-04-21,21.7,21.7,0,0.009302325581
2009-04-22,21.94,21.94,0,0.01105990783
2009-04-23,21.72,21.72,0,-0.01002734731
2009-04-24,21.65,21.65,0,-0.003222836096
2009-04-27,21.1,21.1,0,-0.02540415704
2009-04-28,20.94,20.94,0,-0.007582938389
2009-04-29,20.9,20.9,0,-0.001910219675
2009-04-30,22.36,22.36,0,0.06985645933
2009-05-04,23.92,23.92,0,0.06976744186
2009-05-05,24.68,24.68,0,0.03177257525
2009-05-06,24.5,24.5,0,-0.007293354943
2009-05-07,24.57,24.57,0,0.002857142857
2009-05-08,24.59,24.59,0,0.000814000814
2009-05-11,24.96,24.96,0,0.01504676698
2009-05-12,23.81,23.81,0,-0.04607371795
2009-05-13,23.95,23.95,0,0.005879882402
2009-05-14,23.35,23.35,0,-0.02505219207
2009-05-15,23.87,23.87,0,0.02226980728
2009-05-18,24.21,24.21,0,0.0142438207
2009-05-19,24.53,24.53,0,0.01321767865
2009-05-20,24.87,24.87,0,0.01386057888
2009-05-21,24.83,24.83,0,-0.00160836349
2009-05-22,24.63,24.63,0,-0.008054772453
2009-05-25,24.5,24.5,0,-0.005278116119
2009-05-26,24.44,24.44,0,-0.002448979592
2009-05-27,25.62,25.62,0,0.04828150573
2009-06-01,25.28,25.28,0,-0.01327088212
2009-06-02,25.29,25.29,0,0.0003955696203
2009-06-03,25.29,25.29,0,0
2009-06-04,24.73,24.73,0,-0.02214313958
2009-06-05,24.95,24.95,0,0.008896077638
2009-06-06,24.51,24.51,0,-0.01763527054
2009-06-08,24.22,24.22,0,-0.01183190534
2009-06-09,23.42,23.42,0,-0.03303055326
2009-06-10,23.76,23.76,0,0.0145175064
2009-06-11,24.1,24.1,0,0.01430976431
2009-06-12,23.7,23.7,0,-0.01659751037
2009-06-15,22.7,22.7,0,-0.04219409283
2009-06-16,22.75,22.75,0,0.002202643172
2009-06-17,23.03,23.03,0,0.01230769231
2009-06-18,22.5,22.5,0,-0.0230134607
2009-06-19,22.7,22.7,0,0.008888888889
2009-06-22,23.14,23.14,0,0.01938325991
2009-06-23,22.81,22.81,0,-0.01426101988
2009-06-24,23.8,23.8,0,0.04340201666
2009-06-25,23.7,23.7,0,-0.004201680672
2009-06-26,23.78,23.78,0,0.003375527426
2009-06-29,23.54,23.54,0,-0.01009251472
2009-06-30,23.6,23.6,0,0.002548853016
2009-07-01,24.04,24.04,0,0.0186440678
2009-07-02,24.43,24.43,0,0.01622296173
2009-07-03,24.5,24.5,0,0.002865329513
2009-07-06,24.47,24.47,0,-0.001224489796
2009-07-07,24.82,24.82,0,0.01430322844
2009-07-08,24.5,24.5,0,-0.01289282836
2009-07-09,25.05,25.05,0,0.02244897959
2009-07-10,25.08,25.08,0,0.00119760479
2009-07-13,24.25,24.25,0,-0.03309409888
2009-07-14,24.66,24.66,0,0.01690721649
2009-07-15,25.25,25.25,0,0.02392538524
2009-07-16,25.4,25.4,0,0.005940594059
2009-07-17,25.66,25.66,0,0.01023622047
2009-07-20,26.05,26.05,0,0.01519875292
2009-07-21,26,26,0,-0.001919385797
2009-07-22,26.05,26.05,0,0.001923076923
2009-07-23,26.1,26.1,0,0.001919385797
2009-07-24,26.16,26.16,0,0.002298850575
2009-07-27,26.36,26.36,0,0.007645259939
2009-07-28,26.74,26.74,0,0.01441578149
2009-07-29,26.61,26.61,0,-0.004861630516
2009-07-30,26.18,26.18,0,-0.01615933859
2009-07-31,26.32,26.32,0,0.005347593583
2009-08-03,26.4,26.4,0,0.003039513678
2009-08-04,26.06,26.06,0,-0.01287878788
2009-08-05,25.74,25.74,0,-0.01227935533
2009-08-06,25.82,25.82,0,0.003108003108
2009-08-10,26.03,26.03,0,0.008133230054
2009-08-11,26.05,26.05,0,0.0007683442182
2009-08-12,25.91,25.91,0,-0.00537428023
2009-08-13,26.53,26.53,0,0.02392898495
2009-08-14,26.6,26.6,0,0.002638522427
2009-08-17,26.11,26.11,0,-0.01842105263
2009-08-18,25.64,25.64,0,-0.01800076599
2009-08-19,25.6,25.6,0,-0.001560062402
2009-08-20,25.44,25.44,0,-0.00625
2009-08-21,25,25,0,-0.01729559748
2009-08-24,26,26,0,0.04
2009-08-25,25.83,25.83,0,-0.006538461538
2009-08-26,25.38,25.38,0,-0.01742160279
2009-08-27,25.31,25.31,0,-0.002758077226
2009-08-28,25.57,25.57,0,0.01027261952
2009-08-31,25.61,25.61,0,0.001564333203
2009-09-01,26.6,26.6,0,0.0386567747
2009-09-02,26.71,26.71,0,0.004135338346
2009-09-03,26.88,26.88,0,0.006364657432
2009-09-04,27.11,27.11,0,0.008556547619
2009-09-07,27.53,27.53,0,0.01549243821
2009-09-08,27.76,27.76,0,0.008354522339
2009-09-09,27.79,27.79,0,0.001080691643
2009-09-10,28,28,0,0.007556675063
2009-09-11,27.93,27.93,0,-0.0025
2009-09-14,27.6,27.6,0,-0.01181525242
2009-09-15,27.71,27.71,0,0.003985507246
2009-09-16,28.15,28.15,0,0.01587874414
2009-09-17,28.35,28.35,0,0.007104795737
2009-09-18,28.37,28.37,0,0.0007054673721
2009-09-21,28.28,28.28,0,-0.003172365174
2009-09-22,28.2,28.2,0,-0.002828854314
2009-09-23,27.92,27.92,0,-0.009929078014
2009-09-24,27.55,27.55,0,-0.013252149
2009-09-25,27.8,27.8,0,0.009074410163
2009-09-28,27.52,27.52,0,-0.01007194245
2009-09-29,28.09,28.09,0,0.0207122093
2009-09-30,28.49,28.49,0,0.01423994304
2009-10-01,28.58,28.58,0,0.003159003159
2009-10-02,28.04,28.04,0,-0.0188943317
2009-10-05,28,28,0,-0.001426533524
2009-10-06,28.58,28.58,0,0.02071428571
2009-10-07,28.65,28.65,0,0.00244926522
2009-10-08,28.45,28.45,0,-0.006980802792
2009-10-09,28.45,28.45,0,0
2009-10-12,28.55,28.55,0,0.003514938489
2009-10-13,28.5,28.5,0,-0.001751313485
2009-10-14,28.82,28.82,0,0.01122807018
2009-10-15,29.06,29.06,0,0.008327550312
2009-10-16,29.06,29.06,0,0
2009-10-19,29.06,29.06,0,0
2009-10-20,29.22,29.22,0,0.005505849966
2009-10-21,29.05,29.05,0,-0.005817932923
2009-10-22,28.58,28.58,0,-0.01617900172
2009-10-23,28.66,28.66,0,0.002799160252
2009-10-26,29.08,29.08,0,0.01465457083
2009-10-27,28.53,28.53,0,-0.0189133425
2009-10-28,28.59,28.59,0,0.002103049422
2009-10-29,27.75,27.75,0,-0.02938090241
2009-10-30,27.8,27.8,0,0.001801801802
2009-11-02,27.6,27.6,0,-0.007194244604
2009-11-03,27.54,27.54,0,-0.002173913043
2009-11-04,27.78,27.78,0,0.00871459695
2009-11-05,27.84,27.84,0,0.002159827214
2009-11-06,28.36,28.36,0,0.01867816092
2009-11-09,28.65,28.65,0,0.01022566996
2009-11-10,28.51,28.51,0,-0.004886561955
2009-11-11,29,29,0,0.01718695195
2009-11-12,29.01,29.01,0,0.0003448275862
2009-11-13,28.81,28.81,0,-0.006894174423
2009-11-16,29.39,29.39,0,0.02013189865
2009-11-17,29.53,29.53,0,0.004763525009
2009-11-18,29.23,29.23,0,-0.01015916018
2009-11-19,29.21,29.21,0,-0.0006842285323
2009-11-20,28.72,28.72,0,-0.01677507703
2009-11-23,28.72,28.72,0,0
2009-11-24,29.09,29.09,0,0.01288300836
2009-11-25,29.09,29.09,0,0
2009-11-26,29.2,29.2,0,0.003781368168
2009-11-27,28.29,28.29,0,-0.03116438356
2009-11-30,28.61,28.61,0,0.01131141746
2009-12-01,28.3,28.3,0,-0.01083537225
2009-12-02,29.06,29.06,0,0.02685512367
2009-12-03,29.1,29.1,0,0.001376462491
2009-12-04,28.74,28.74,0,-0.01237113402
2009-12-07,29.15,29.15,0,0.01426583159
2009-12-08,29.24,29.24,0,0.003087478559
2009-12-09,28.9,28.9,0,-0.01162790698
2009-12-10,28.6,28.6,0,-0.01038062284
2009-12-11,29.1,29.1,0,0.01748251748
2009-12-14,29.16,29.16,0,0.00206185567
2009-12-15,29.13,29.13,0,-0.001028806584
2009-12-16,28.79,28.79,0,-0.011671816
2009-12-17,28.93,28.93,0,0.004862799583
2009-12-18,28.61,28.61,0,-0.01106118216
2009-12-21,29.04,29.04,0,0.01502970989
2009-12-22,29.31,29.31,0,0.009297520661
2009-12-23,29.51,29.51,0,0.00682360969
2009-12-24,29.84,29.84,0,0.01118264995
2009-12-25,29.91,29.91,0,0.002345844504
2009-12-28,30,30,0,0.003009027081
2009-12-29,30.09,30.09,0,0.003
2009-12-30,30.24,30.24,0,0.004985044865
2009-12-31,30.47,30.47,0,0.007605820106
2010-01-04,30.87,30.87,0,0.01312766656
2010-01-05,30.88,30.88,0,0.0003239390994
2010-01-06,31.19,31.19,0,0.0100388601
2010-01-07,31.1,31.1,0,-0.002885540237
2010-01-08,31.02,31.02,0,-0.002572347267
2010-01-11,31.2,31.2,0,0.00580270793
2010-01-12,30.9,30.9,0,-0.009615384615
2010-01-13,30.57,30.57,0,-0.01067961165
2010-01-14,31,31,0,0.01406607785
2010-01-15,31.21,31.21,0,0.006774193548
2010-01-18,31.17,31.17,0,-0.0012816405
2010-01-19,30.8,30.8,0,-0.01187038819
2010-01-20,30.77,30.77,0,-0.000974025974
2010-01-21,30.23,30.23,0,-0.01754956126
2010-01-22,29.4,29.4,0,-0.02745616937
2010-01-25,29.21,29.21,0,-0.006462585034
2010-01-26,28.91,28.91,0,-0.01027045532
2010-01-27,28.5,28.5,0,-0.01418194396
2010-01-28,28.9,28.9,0,0.01403508772
2010-01-29,28.45,28.45,0,-0.01557093426
2010-02-01,28.4,28.4,0,-0.001757469244
2010-02-02,28.01,28.01,0,-0.01373239437
2010-02-03,28.03,28.03,0,0.0007140307033
2010-02-05,27.26,27.26,0,-0.02747056725
2010-02-06,29.09,29.09,0,0.06713132795
2010-02-08,28.82,28.82,0,-0.009281540048
2010-02-09,28.74,28.74,0,-0.002775850104
2010-02-10,27.77,27.77,0,-0.03375086987
2010-02-22,28.81,28.81,0,0.03745048614
2010-02-23,28.43,28.43,0,-0.01318986463
2010-02-24,28.04,28.04,0,-0.01371790362
2010-02-25,28.32,28.32,0,0.009985734665
2010-02-26,27.68,27.68,0,-0.02259887006
2010-03-01,28.5,28.5,0,0.02962427746
2010-03-02,28.6,28.6,0,0.00350877193
2010-03-03,28.49,28.49,0,-0.003846153846
2010-03-04,27.99,27.99,0,-0.01755001755
2010-03-05,28.49,28.49,0,0.01786352269
2010-03-08,28.7,28.7,0,0.007371007371
2010-03-09,28.89,28.89,0,0.006620209059
2010-03-10,29,29,0,0.003807545864
2010-03-11,29.5,29.5,0,0.01724137931
2010-03-12,28.9,28.9,0,-0.02033898305
2010-03-15,28.55,28.55,0,-0.01211072664
2010-03-16,28.69,28.69,0,0.004903677758
2010-03-17,29.19,29.19,0,0.01742767515
2010-03-18,29.3,29.3,0,0.00376841384
2010-03-19,29.46,29.46,0,0.005460750853
2010-03-22,28.84,28.84,0,-0.0210454854
2010-03-23,28.92,28.92,0,0.002773925104
2010-03-24,28.92,28.92,0,0
2010-03-25,28.94,28.94,0,0.0006915629322
2010-03-26,29.12,29.12,0,0.006219765031
2010-03-29,29.33,29.33,0,0.007211538462
2010-03-30,29.4,29.4,0,0.002386634845
2010-03-31,29.28,29.28,0,-0.004081632653
2010-04-01,29.67,29.67,0,0.01331967213
2010-04-02,29.71,29.71,0,0.001348163128
2010-04-06,29.93,29.93,0,0.00740491417
2010-04-07,29.99,29.99,0,0.002004677581
2010-04-08,30.04,30.04,0,0.001667222407
2010-04-09,29.97,29.97,0,-0.002330226365
2010-04-12,30.09,30.09,0,0.004004004004
2010-04-13,29.88,29.88,0,-0.006979062812
2010-04-14,29.9,29.9,0,0.0006693440428
2010-04-15,30.06,30.06,0,0.005351170569
2010-04-16,30.01,30.01,0,-0.001663339987
2010-04-19,29.69,29.69,0,-0.0106631123
2010-04-20,29.35,29.35,0,-0.01145166723
2010-04-21,29.76,29.76,0,0.0139693356
2010-04-22,29.14,29.14,0,-0.02083333333
2010-04-23,29.5,29.5,0,0.01235415237
2010-04-26,30.2,30.2,0,0.02372881356
2010-04-27,30.13,30.13,0,-0.002317880795
2010-04-28,29.66,29.66,0,-0.01559907069
2010-04-29,29.81,29.81,0,0.005057316251
2010-04-30,29.94,29.94,0,0.0043609527
2010-05-03,29.47,29.47,0,-0.01569806279
2010-05-04,29.3,29.3,0,-0.005768578215
2010-05-05,28.5,28.5,0,-0.02730375427
2010-05-06,28,28,0,-0.01754385965
2010-05-07,27.66,27.66,0,-0.01214285714
2010-05-10,27.78,27.78,0,0.004338394794
2010-05-11,28.3,28.3,0,0.01871850252
2010-05-12,28.24,28.24,0,-0.002120141343
2010-05-13,28.55,28.55,0,0.01097733711
2010-05-14,28.6,28.6,0,0.001751313485
2010-05-17,27.97,27.97,0,-0.02202797203
2010-05-18,27.84,27.84,0,-0.004647836968
2010-05-19,27.63,27.63,0,-0.007543103448
2010-05-20,27.39,27.39,0,-0.008686210641
2010-05-21,26.9,26.9,0,-0.01788974078
2010-05-24,28,28,0,0.04089219331
2010-05-25,26.48,26.48,0,-0.05428571429
2010-05-26,26.42,26.42,0,-0.002265861027
2010-05-27,27.39,27.39,0,0.03671461014
2010-05-31,27.5,27.5,0,0.004016064257
2010-06-01,27.26,27.26,0,-0.008727272727
2010-06-02,26.8,26.8,0,-0.01687454145
2010-06-03,27.47,27.47,0,0.025
2010-06-04,27.01,27.01,0,-0.01674554059
2010-06-07,26.01,26.01,0,-0.03702332469
2010-06-08,26.61,26.61,0,0.02306805075
2010-06-09,26.57,26.57,0,-0.001503194288
2010-06-10,26.3,26.3,0,-0.01016183666
2010-06-11,27.18,27.18,0,0.03346007605
2010-06-15,27.49,27.49,0,0.01140544518
2010-06-17,28.06,28.06,0,0.02073481266
2010-06-18,27.64,27.64,0,-0.01496792587
2010-06-21,28.15,28.15,0,0.01845151954
2010-06-22,28,28,0,-0.005328596803
2010-06-23,27.9,27.9,0,-0.003571428571
2010-06-24,28.1,28.1,0,0.007168458781
2010-06-25,27.37,27.37,0,-0.02597864769
2010-06-29,27.75,27.75,0,0.0138838144
2010-06-30,26.61,26.61,0,-0.04108108108
2010-07-01,26.65,26.65,0,0.001503194288
2010-07-02,26.87,26.87,0,0.008255159475
2010-07-05,27.02,27.02,0,0.005582433941
2010-07-06,27.6,27.6,0,0.02146558105
2010-07-07,28.14,28.14,0,0.01956521739
2010-07-08,28.2,28.2,0,0.002132196162
2010-07-09,28.5,28.5,0,0.01063829787
2010-07-12,28.44,28.44,0,-0.002105263158
2010-07-13,28.28,28.28,0,-0.005625879044
2010-07-14,28.8,28.8,0,0.01838755304
2010-07-15,28.9,28.9,0,0.003472222222
2010-07-16,28.75,28.75,0,-0.005190311419
2010-07-19,28.6,28.6,0,-0.005217391304
2010-07-20,28.59,28.59,0,-0.0003496503497
2010-07-21,28.85,28.85,0,0.009094088842
2010-07-22,28.65,28.65,0,-0.006932409012
2010-07-23,29.1,29.1,0,0.01570680628
2010-07-26,29.25,29.25,0,0.005154639175
2010-07-27,29.32,29.32,0,0.002393162393
2010-07-28,29.23,29.23,0,-0.00306957708
2010-07-29,29.26,29.26,0,0.001026342798
2010-07-30,29.02,29.02,0,-0.008202323992
2010-08-02,29.82,29.82,0,0.02756719504
2010-08-03,29.82,29.82,0,0
2010-08-04,29.85,29.85,0,0.001006036217
2010-08-05,29.75,29.75,0,-0.003350083752
2010-08-06,29.73,29.73,0,-0.0006722689076
2010-08-09,30.2,30.2,0,0.01580894719
2010-08-10,29.98,29.98,0,-0.007284768212
2010-08-11,29.73,29.73,0,-0.008338892595
2010-08-12,29.49,29.49,0,-0.008072653885
2010-08-13,29.62,29.62,0,0.004408273991
2010-08-16,29.75,29.75,0,0.004388926401
2010-08-17,29.91,29.91,0,0.005378151261
2010-08-18,29.59,29.59,0,-0.01069876296
2010-08-19,29.73,29.73,0,0.004731328151
2010-08-20,29.5,29.5,0,-0.007736293306
2010-08-23,30.1,30.1,0,0.02033898305
2010-08-24,29.88,29.88,0,-0.0073089701
2010-08-25,29.2,29.2,0,-0.02275769746
2010-08-26,29.12,29.12,0,-0.002739726027
2010-08-27,29.02,29.02,0,-0.003434065934
2010-08-30,29.35,29.35,0,0.01137146795
2010-08-31,28.63,28.63,0,-0.02453151618
2010-09-01,29.2,29.2,0,0.01990918617
2010-09-03,29.5,29.5,0,0.0102739726
2010-09-06,29.75,29.75,0,0.008474576271
2010-09-07,29.96,29.96,0,0.007058823529
2010-09-08,29.71,29.71,0,-0.008344459279
2010-09-09,29.73,29.73,0,0.0006731740155
2010-09-10,29.73,29.73,0,0
2010-09-13,30.6,30.6,0,0.02926337033
2010-09-14,30.46,30.46,0,-0.004575163399
2010-09-15,31.09,31.09,0,0.02068286277
2010-09-16,30.91,30.91,0,-0.005789642972
2010-09-17,31.11,31.11,0,0.006470397929
2010-09-20,30.94,30.94,0,-0.005464480874
2010-09-21,31.06,31.06,0,0.003878474467
2010-09-23,31.27,31.27,0,0.006761107534
2010-09-24,30.98,30.98,0,-0.009274064599
2010-09-27,31.13,31.13,0,0.004841833441
2010-09-28,31.08,31.08,0,-0.001606167684
2010-09-29,31.3,31.3,0,0.007078507079
2010-09-30,31.13,31.13,0,-0.005431309904
2010-10-01,31.2,31.2,0,0.002248634757
2010-10-04,31.24,31.24,0,0.001282051282
2010-10-05,30.99,30.99,0,-0.008002560819
2010-10-06,31.28,31.28,0,0.009357857373
2010-10-07,31.24,31.24,0,-0.001278772379
2010-10-08,31.09,31.09,0,-0.004801536492
2010-10-11,31.09,31.09,0,0
2010-10-12,30.5,30.5,0,-0.01897716307
2010-10-13,30.46,30.46,0,-0.00131147541
2010-10-14,31.08,31.08,0,0.02035456336
2010-10-15,31.25,31.25,0,0.00546975547
2010-10-18,30.41,30.41,0,-0.02688
2010-10-19,30.37,30.37,0,-0.001315356791
2010-10-20,30.62,30.62,0,0.008231807705
2010-10-21,30.55,30.55,0,-0.002286087524
2010-10-22,30.66,30.66,0,0.003600654664
2010-10-25,31.53,31.53,0,0.02837573386
2010-10-26,31.42,31.42,0,-0.003488740882
2010-10-27,31.29,31.29,0,-0.004137492043
2010-10-28,31.52,31.52,0,0.007350591243
2010-10-29,31.47,31.47,0,-0.001586294416
2010-11-01,32,32,0,0.01684143629
2010-11-02,31.77,31.77,0,-0.0071875
2010-11-03,31.83,31.83,0,0.001888574127
2010-11-04,31.92,31.92,0,0.002827521206
2010-11-05,32.25,32.25,0,0.01033834586
2010-11-08,32.13,32.13,0,-0.003720930233
2010-11-09,32.29,32.29,0,0.004979769686
2010-11-10,32.14,32.14,0,-0.004645401053
2010-11-11,32.16,32.16,0,0.0006222775358
2010-11-12,31.72,31.72,0,-0.01368159204
2010-11-15,31.34,31.34,0,-0.01197982346
2010-11-16,31.62,31.62,0,0.008934269304
2010-11-17,31.52,31.52,0,-0.003162555345
2010-11-18,31.47,31.47,0,-0.001586294416
2010-11-19,31.81,31.81,0,0.01080394026
2010-11-22,32.06,32.06,0,0.007859163785
2010-11-23,31.7,31.7,0,-0.01122894573
2010-11-24,31.71,31.71,0,0.0003154574132
2010-11-25,31.85,31.85,0,0.004415011038
2010-11-26,31.9,31.9,0,0.001569858713
2010-11-29,30.9,30.9,0,-0.03134796238
2010-11-30,32.1,32.1,0,0.03883495146
2010-12-01,32.35,32.35,0,0.007788161994
2010-12-02,32.95,32.95,0,0.01854714065
2010-12-03,33.1,33.1,0,0.004552352049
2010-12-06,33.22,33.22,0,0.003625377644
2010-12-07,33.13,33.13,0,-0.002709211318
2010-12-08,33.13,33.13,0,0
2010-12-09,33.45,33.45,0,0.009658919408
2010-12-10,33.21,33.21,0,-0.007174887892
2010-12-13,33.34,33.34,0,0.003914483589
2010-12-14,33.44,33.44,0,0.00299940012
2010-12-15,33.39,33.39,0,-0.001495215311
2010-12-16,33.4,33.4,0,0.0002994908655
2010-12-17,33.7,33.7,0,0.008982035928
2010-12-20,33.52,33.52,0,-0.005341246291
2010-12-21,33.6,33.6,0,0.002386634845
2010-12-22,33.6,33.6,0,0
2010-12-23,33.82,33.82,0,0.006547619048
2010-12-24,33.62,33.62,0,-0.005913660556
2010-12-27,33.5,33.5,0,-0.003569303986
2010-12-28,33.75,33.75,0,0.007462686567
2010-12-29,33.6,33.6,0,-0.004444444444
2010-12-30,33.82,33.82,0,0.006547619048
2010-12-31,34.1,34.1,0,0.008279124778
2011-01-03,34.13,34.13,0,0.0008797653959
2011-01-04,34.36,34.36,0,0.00673893935
2011-01-05,33.6,33.6,0,-0.02211874272
2011-01-06,33.65,33.65,0,0.001488095238
2011-01-07,33.35,33.35,0,-0.008915304606
2011-01-10,33.45,33.45,0,0.00299850075
2011-01-11,33.74,33.74,0,0.008669656203
2011-01-12,34.19,34.19,0,0.01333728512
2011-01-13,34.23,34.23,0,0.001169932729
2011-01-14,34.24,34.24,0,0.0002921413964
2011-01-17,34.04,34.04,0,-0.005841121495
2011-01-18,34.36,34.36,0,0.009400705053
2011-01-19,34.72,34.72,0,0.01047729919
2011-01-20,34.41,34.41,0,-0.008928571429
2011-01-21,34.1,34.1,0,-0.009009009009
2011-01-24,34.18,34.18,0,0.002346041056
2011-01-25,34.46,34.46,0,0.008191925102
2011-01-26,34.69,34.69,0,0.006674405107
2011-01-27,34.96,34.96,0,0.007783222831
2011-01-28,34.93,34.93,0,-0.0008581235698
2011-02-08,34.95,34.95,0,0.0005725737189
2011-02-09,34.46,34.46,0,-0.01402002861
2011-02-10,34,34,0,-0.01334881021
2011-02-11,32.77,32.77,0,-0.03617647059
2011-02-14,33.18,33.18,0,0.01251144339
2011-02-15,33.2,33.2,0,0.0006027727547
2011-02-16,33.38,33.38,0,0.005421686747
2011-02-17,33.16,33.16,0,-0.006590772918
2011-02-18,33.72,33.72,0,0.01688781665
2011-02-21,33.59,33.59,0,-0.003855278766
2011-02-22,33.19,33.19,0,-0.01190830604
2011-02-23,32.75,32.75,0,-0.01325700512
2011-02-24,32.67,32.67,0,-0.002442748092
2011-02-25,32.61,32.61,0,-0.001836547291
2011-03-01,33.51,33.51,0,0.02759889604
2011-03-02,33.3,33.3,0,-0.006266786034
2011-03-03,33.59,33.59,0,0.008708708709
2011-03-04,33.77,33.77,0,0.00535873772
2011-03-07,33.44,33.44,0,-0.009771986971
2011-03-08,35.78,35.78,0,0.06997607656
2011-03-09,33.6,33.6,0,-0.06092789268
2011-03-10,33.02,33.02,0,-0.01726190476
2011-03-11,32.81,32.81,0,-0.00635978195
2011-03-14,32.64,32.64,0,-0.00518134715
2011-03-15,31.11,31.11,0,-0.046875
2011-03-16,31.75,31.75,0,0.02057216329
2011-03-17,31.53,31.53,0,-0.006929133858
2011-03-18,31.98,31.98,0,0.01427212179
2011-03-21,32.28,32.28,0,0.009380863039
2011-03-22,32.34,32.34,0,0.001858736059
2011-03-23,32.49,32.49,0,0.004638218924
2011-03-24,32.65,32.65,0,0.004924592182
2011-03-25,32.85,32.85,0,0.006125574273
2011-03-28,32.56,32.56,0,-0.008828006088
2011-03-29,32.68,32.68,0,0.003685503686
2011-03-30,33,33,0,0.009791921665
2011-03-31,32.83,32.83,0,-0.005151515152
2011-04-01,33.01,33.01,0,0.005482790131
2011-04-06,33.77,33.77,0,0.02302332626
2011-04-07,33.97,33.97,0,0.005922416346
2011-04-08,33.81,33.81,0,-0.004710038269
2011-04-11,33.74,33.74,0,-0.002070393375
2011-04-12,33.25,33.25,0,-0.01452282158
2011-04-13,33.33,33.33,0,0.002406015038
2011-04-14,33.41,33.41,0,0.002400240024
2011-04-15,33.05,33.05,0,-0.010775217
2011-04-18,32.97,32.97,0,-0.002420574887
2011-04-19,32.65,32.65,0,-0.009705793145
2011-04-20,33.37,33.37,0,0.02205206738
2011-04-21,34.11,34.11,0,0.02217560683
2011-04-22,34.04,34.04,0,-0.00205218411
2011-04-25,34.07,34.07,0,0.0008813160987
2011-04-26,33.9,33.9,0,-0.004989727033
2011-04-27,34.43,34.43,0,0.01563421829
2011-04-28,34.38,34.38,0,-0.0014522219
2011-04-29,34.06,34.06,0,-0.009307737056
2011-05-03,34.13,34.13,0,0.002055196712
2011-05-04,34.02,34.02,0,-0.003222970993
2011-05-05,34.33,34.33,0,0.00911228689
2011-05-06,34.27,34.27,0,-0.001747742499
2011-05-09,34.47,34.47,0,0.00583600817
2011-05-10,34.39,34.39,0,-0.002320858718
2011-05-11,34.28,34.28,0,-0.003198604245
2011-05-12,34.27,34.27,0,-0.0002917152859
2011-05-13,34.3,34.3,0,0.0008754012256
2011-05-16,33.83,33.83,0,-0.01370262391
2011-05-17,33.78,33.78,0,-0.001477978126
2011-05-18,33.99,33.99,0,0.00621669627
2011-05-19,33.79,33.79,0,-0.005884083554
2011-05-20,33.71,33.71,0,-0.002367564368
2011-05-23,33.29,33.29,0,-0.01245921092
2011-05-24,33.26,33.26,0,-0.000901171523
2011-05-25,33.15,33.15,0,-0.003307276007
2011-05-26,33.4,33.4,0,0.00754147813
2011-05-27,33.39,33.39,0,-0.0002994011976
2011-05-30,33.46,33.46,0,0.002096436059
2011-05-31,34.35,34.35,0,0.02659892409
2011-06-01,34.63,34.63,0,0.008151382824
2011-06-02,34.25,34.25,0,-0.01097314467
2011-06-03,34.42,34.42,0,0.00496350365
2011-06-07,34.49,34.49,0,0.002033701336
2011-06-08,34.34,34.34,0,-0.004349086692
2011-06-09,34.28,34.28,0,-0.001747233547
2011-06-10,33.63,33.63,0,-0.01896149358
2011-06-13,33.15,33.15,0,-0.01427297056
2011-06-14,33.56,33.56,0,0.01236802413
2011-06-15,33.4,33.4,0,-0.004767580453
2011-06-16,32.78,32.78,0,-0.01856287425
2011-06-17,32.61,32.61,0,-0.005186089079
2011-06-20,32.36,32.36,0,-0.007666360012
2011-06-21,32.69,32.69,0,0.01019777503
2011-06-22,32.72,32.72,0,0.0009177118385
2011-06-23,32.53,32.53,0,-0.005806845966
2011-06-24,32.29,32.29,0,-0.007377805103
2011-06-27,32.1,32.1,0,-0.005884174667
2011-06-28,32.09,32.09,0,-0.0003115264798
2011-06-29,32.52,32.52,0,0.01339981303
2011-06-30,32.8,32.8,0,0.008610086101
2011-07-01,33.18,33.18,0,0.01158536585
2011-07-04,33.35,33.35,0,0.005123568415
2011-07-05,33.26,33.26,0,-0.002698650675
2011-07-06,33.62,33.62,0,0.01082381239
2011-07-07,33.43,33.43,0,-0.005651397977
2011-07-08,33.41,33.41,0,-0.0005982650314
2011-07-11,33.14,33.14,0,-0.008081412751
2011-07-12,32.44,32.44,0,-0.02112251056
2011-07-13,32.45,32.45,0,0.0003082614057
2011-07-14,32.47,32.47,0,0.0006163328197
2011-07-15,32.8,32.8,0,0.01016322759
2011-07-18,32.7,32.7,0,-0.003048780488
2011-07-19,32.68,32.68,0,-0.0006116207951
2011-07-20,33.49,33.49,0,0.02478580171
2011-07-21,33.57,33.57,0,0.002388772768
2011-07-22,33.82,33.82,0,0.00744712541
2011-07-25,33.5,33.5,0,-0.009461856889
2011-07-26,34,34,0,0.01492537313
2011-07-27,34.1,34.1,0,0.002941176471
2011-07-28,33.78,33.78,0,-0.009384164223
2011-07-29,33.37,33.37,0,-0.01213735938
2011-08-01,33.62,33.62,0,0.007491759065
2011-08-02,33.17,33.17,0,-0.01338488995
2011-08-03,32.67,32.67,0,-0.01507386192
2011-08-04,32.27,32.27,0,-0.01224364861
2011-08-05,30.19,30.19,0,-0.06445615122
2011-08-08,29.11,29.11,0,-0.03577343491
2011-08-09,29,29,0,-0.003778770182
2011-08-10,30.04,30.04,0,0.03586206897
2011-08-11,30.18,30.18,0,0.00466045273
2011-08-12,29.78,29.78,0,-0.01325381047
2011-08-15,30.5,30.5,0,0.0241773002
2011-08-16,30.27,30.27,0,-0.007540983607
2011-08-17,30.18,30.18,0,-0.002973240833
2011-08-18,29.43,29.43,0,-0.02485089463
2011-08-19,28.57,28.57,0,-0.02922188243
2011-08-22,28.46,28.46,0,-0.00385019251
2011-08-23,29.5,29.5,0,0.03654251581
2011-08-24,29.37,29.37,0,-0.004406779661
2011-08-25,29.09,29.09,0,-0.009533537623
2011-08-26,29.3,29.3,0,0.007218975593
2011-08-29,29.71,29.71,0,0.01399317406
2011-08-30,30.01,30.01,0,0.01009761023
2011-08-31,30.22,30.22,0,0.006997667444
2011-09-01,30.44,30.44,0,0.007279947055
2011-09-02,30.39,30.39,0,-0.001642575558
2011-09-05,29.59,29.59,0,-0.02632444883
2011-09-06,28.9,28.9,0,-0.02331868875
2011-09-07,29.52,29.52,0,0.0214532872
2011-09-08,29.8,29.8,0,0.009485094851
2011-09-09,29.9,29.9,0,0.003355704698
2011-09-13,29.19,29.19,0,-0.0237458194
2011-09-14,28.56,28.56,0,-0.02158273381
2011-09-15,29.15,29.15,0,0.02065826331
2011-09-16,29.99,29.99,0,0.02881646655
2011-09-19,29.35,29.35,0,-0.02134044682
2011-09-20,29.59,29.59,0,0.008177172061
2011-09-21,29.73,29.73,0,0.004731328151
2011-09-22,28.87,28.87,0,-0.02892700975
2011-09-23,27.99,27.99,0,-0.03048146865
2011-09-26,27.45,27.45,0,-0.0192926045
2011-09-27,28.19,28.19,0,0.02695810565
2011-09-28,28.45,28.45,0,0.009223128769
2011-09-29,28.46,28.46,0,0.0003514938489
2011-09-30,28.56,28.56,0,0.003513703443
2011-10-03,27.63,27.63,0,-0.03256302521
2011-10-04,27.85,27.85,0,0.007962359754
2011-10-05,27.62,27.62,0,-0.008258527828
2011-10-06,28.14,28.14,0,0.018826937
2011-10-07,28.41,28.41,0,0.009594882729
2011-10-11,29.17,29.17,0,0.02675114396
2011-10-12,29.13,29.13,0,-0.001371271855
2011-10-13,29.13,29.13,0,0
2011-10-14,29.05,29.05,0,-0.002746309646
2011-10-17,29.39,29.39,0,0.01170395869
2011-10-18,28.9,28.9,0,-0.01667233753
2011-10-19,28.82,28.82,0,-0.00276816609
2011-10-20,28.45,28.45,0,-0.01283830673
2011-10-21,28.56,28.56,0,0.003866432337
2011-10-24,29.52,29.52,0,0.03361344538
2011-10-25,29.55,29.55,0,0.001016260163
2011-10-26,29.82,29.82,0,0.009137055838
2011-10-27,29.84,29.84,0,0.0006706908115
2011-10-28,30.02,30.02,0,0.006032171582
2011-10-31,29.84,29.84,0,-0.005996002665
2011-11-01,30.03,30.03,0,0.006367292225
2011-11-02,29.93,29.93,0,-0.00333000333
2011-11-03,29.45,29.45,0,-0.01603742065
2011-11-04,29.98,29.98,0,0.01799660441
2011-11-07,30.05,30.05,0,0.002334889927
2011-11-08,29.94,29.94,0,-0.003660565724
2011-11-09,29.89,29.89,0,-0.00167000668
2011-11-10,28.75,28.75,0,-0.0381398461
2011-11-11,29.1,29.1,0,0.01217391304
2011-11-14,29.79,29.79,0,0.02371134021
2011-11-15,29.65,29.65,0,-0.004699563612
2011-11-16,29.18,29.18,0,-0.01585160202
2011-11-17,29.2,29.2,0,0.0006854009596
2011-11-18,28.65,28.65,0,-0.01883561644
2011-11-21,28.05,28.05,0,-0.02094240838
2011-11-22,27.92,27.92,0,-0.004634581105
2011-11-23,27.1,27.1,0,-0.02936962751
2011-11-24,27.15,27.15,0,0.00184501845
2011-11-25,27.05,27.05,0,-0.003683241252
2011-11-28,27.42,27.42,0,0.01367837338
2011-11-29,27.85,27.85,0,0.01568198395
2011-11-30,27.42,27.42,0,-0.01543985637
2011-12-01,28.8,28.8,0,0.05032822757
2011-12-02,28.54,28.54,0,-0.009027777778
2011-12-05,28.42,28.42,0,-0.004204625088
2011-12-06,27.81,27.81,0,-0.02146375792
2011-12-07,28.1,28.1,0,0.01042790363
2011-12-08,27.64,27.64,0,-0.01637010676
2011-12-09,27.44,27.44,0,-0.007235890014
2011-12-12,27.6,27.6,0,0.00583090379
2011-12-13,27.51,27.51,0,-0.003260869565
2011-12-14,27.46,27.46,0,-0.001817520901
2011-12-15,26.91,26.91,0,-0.02002913328
2011-12-16,26.92,26.92,0,0.0003716090673
2011-12-19,26.37,26.37,0,-0.02043090639
2011-12-20,26.56,26.56,0,0.007205157376
2011-12-21,27.86,27.86,0,0.04894578313
2011-12-22,27.81,27.81,0,-0.001794687724
2011-12-23,28.42,28.42,0,0.02193455592
2011-12-26,28,28,0,-0.01477832512
2011-12-27,28.06,28.06,0,0.002142857143
2011-12-28,28.11,28.11,0,0.001781895937
2011-12-29,28.15,28.15,0,0.001422981145
2011-12-30,28.14,28.14,0,-0.0003552397869
2012-01-02,27.82,27.82,0,-0.01137171286
2012-01-03,28.16,28.16,0,0.01222142344
2012-01-04,28.29,28.29,0,0.004616477273
2012-01-05,28.4,28.4,0,0.003888299753
2012-01-06,28.4,28.4,0,0
2012-01-09,28.26,28.26,0,-0.004929577465
2012-01-10,28.71,28.71,0,0.01592356688
2012-01-11,28.8,28.8,0,0.003134796238
2012-01-12,28.83,28.83,0,0.001041666667
2012-01-13,28.94,28.94,0,0.003815469997
2012-01-16,28.53,28.53,0,-0.01416724257
2012-01-17,28.86,28.86,0,0.01156677182
2012-01-18,28.82,28.82,0,-0.001386001386
2012-01-30,29.72,29.72,0,0.03122831367
2012-01-31,29.81,29.81,0,0.003028263795
2012-02-01,30.09,30.09,0,0.009392821201
2012-02-02,30.35,30.35,0,0.008640744433
2012-02-03,30.48,30.48,0,0.004283360791
2012-02-04,30.79,30.79,0,0.01017060367
2012-02-06,30.63,30.63,0,-0.005196492368
2012-02-07,30.7,30.7,0,0.002285341169
2012-02-08,31.24,31.24,0,0.01758957655
2012-02-09,31.3,31.3,0,0.001920614597
2012-02-10,31.13,31.13,0,-0.005431309904
2012-02-13,31.21,31.21,0,0.002569868294
2012-02-14,31.06,31.06,0,-0.004806151874
2012-02-15,31.53,31.53,0,0.01513200258
2012-02-16,31.07,31.07,0,-0.01458928005
2012-02-17,31.21,31.21,0,0.004505954297
2012-02-20,31.36,31.36,0,0.004806151874
2012-02-21,31.17,31.17,0,-0.006058673469
2012-02-22,31.51,31.51,0,0.01090792429
2012-02-23,31.2,31.2,0,-0.00983814662
2012-02-24,31.32,31.32,0,0.003846153846
2012-02-29,31.95,31.95,0,0.02011494253
2012-03-01,32.09,32.09,0,0.004381846635
2012-03-02,31.87,31.87,0,-0.006855718292
2012-03-03,31.84,31.84,0,-0.0009413241293
2012-03-05,31.38,31.38,0,-0.01444723618
2012-03-06,31.04,31.04,0,-0.0108349267
2012-03-07,30.91,30.91,0,-0.00418814433
2012-03-08,31.39,31.39,0,0.01552895503
2012-03-09,31.45,31.45,0,0.001911436763
2012-03-12,31.19,31.19,0,-0.00826709062
2012-03-13,31.7,31.7,0,0.01635139468
2012-03-14,32.06,32.06,0,0.01135646688
2012-03-15,31.92,31.92,0,-0.004366812227
2012-03-16,31.8,31.8,0,-0.003759398496
2012-03-19,31.64,31.64,0,-0.005031446541
2012-03-20,31.3,31.3,0,-0.01074589128
2012-03-21,31.49,31.49,0,0.00607028754
2012-03-22,31.83,31.83,0,0.01079707844
2012-03-23,31.84,31.84,0,0.0003141690229
2012-03-26,31.39,31.39,0,-0.01413316583
2012-03-27,31.68,31.68,0,0.009238611023
2012-03-28,31.72,31.72,0,0.001262626263
2012-03-29,31.05,31.05,0,-0.0211223203
2012-03-30,31.2,31.2,0,0.004830917874
2012-04-02,31.18,31.18,0,-0.000641025641
2012-04-03,30.78,30.78,0,-0.01282873637
2012-04-05,30.32,30.32,0,-0.01494476933
2012-04-06,30.52,30.52,0,0.006596306069
2012-04-09,30.24,30.24,0,-0.009174311927
2012-04-10,30.25,30.25,0,0.0003306878307
2012-04-11,30.36,30.36,0,0.003636363636
2012-04-12,30.4,30.4,0,0.001317523057
2012-04-13,30.85,30.85,0,0.01480263158
2012-04-16,30.73,30.73,0,-0.003889789303
2012-04-17,30.13,30.13,0,-0.01952489424
2012-04-18,30.34,30.34,0,0.006969797544
2012-04-19,30.24,30.24,0,-0.003295978906
2012-04-20,29.93,29.93,0,-0.01025132275
2012-04-23,29.7,29.7,0,-0.007684597394
2012-04-24,29.78,29.78,0,0.002693602694
2012-04-25,30.02,30.02,0,0.008059100067
2012-04-26,29.9,29.9,0,-0.00399733511
2012-04-27,29.6,29.6,0,-0.01003344482
2012-04-30,29.65,29.65,0,0.001689189189
2012-05-02,30.42,30.42,0,0.02596964587
2012-05-03,30.33,30.33,0,-0.002958579882
2012-05-04,30.45,30.45,0,0.003956478734
2012-05-07,29.72,29.72,0,-0.02397372742
2012-05-08,29.77,29.77,0,0.001682368775
2012-05-09,29.59,29.59,0,-0.006046355391
2012-05-10,29.58,29.58,0,-0.0003379520108
2012-05-11,29.15,29.15,0,-0.01453684922
2012-05-14,29.13,29.13,0,-0.0006861063465
2012-05-15,29.34,29.34,0,0.007209062822
2012-05-16,28.54,28.54,0,-0.02726653033
2012-05-17,29.05,29.05,0,0.01786965662
2012-05-18,28.34,28.34,0,-0.02444061962
2012-05-21,28.3,28.3,0,-0.001411432604
2012-05-22,28.7,28.7,0,0.01413427562
2012-05-23,28.2,28.2,0,-0.01742160279
2012-05-24,28,28,0,-0.007092198582
2012-05-25,28,28,0,0
2012-05-28,28.19,28.19,0,0.006785714286
2012-05-29,29.05,29.05,0,0.03050727208
2012-05-30,28.6,28.6,0,-0.01549053356
2012-05-31,28.48,28.48,0,-0.004195804196
2012-06-01,28,28,0,-0.01685393258
2012-06-04,27.22,27.22,0,-0.02785714286
2012-06-05,27.41,27.41,0,0.006980161646
2012-06-06,27.62,27.62,0,0.007661437432
2012-06-07,27.77,27.77,0,0.005430847212
2012-06-08,27.33,27.33,0,-0.01584443644
2012-06-11,27.85,27.85,0,0.01902671057
2012-06-12,27.64,27.64,0,-0.007540394973
2012-06-13,27.77,27.77,0,0.004703328509
2012-06-14,27.82,27.82,0,0.001800504141
2012-06-15,28.01,28.01,0,0.006829618979
2012-06-18,28.57,28.57,0,0.01999285969
2012-06-19,28.56,28.56,0,-0.0003500175009
2012-06-20,28.82,28.82,0,0.009103641457
2012-06-21,28.63,28.63,0,-0.006592643997
2012-06-22,28.18,28.18,0,-0.01571777855
2012-06-25,27.86,27.86,0,-0.01135557133
2012-06-26,27.7,27.7,0,-0.005743000718
2012-06-27,28.04,28.04,0,0.01227436823
2012-06-28,28.21,28.21,0,0.006062767475
2012-06-29,28.7,28.7,0,0.01736972705
2012-07-02,29.05,29.05,0,0.01219512195
2012-07-03,29.4,29.4,0,0.01204819277
2012-07-04,29.59,29.59,0,0.006462585034
2012-07-05,29.47,29.47,0,-0.00405542413
2012-07-06,29.26,29.26,0,-0.007125890736
2012-07-09,29.36,29.36,0,0.003417634997
2012-07-10,29.05,29.05,0,-0.01055858311
2012-07-11,29,29,0,-0.001721170396
2012-07-12,28.45,28.45,0,-0.01896551724
2012-07-13,28.29,28.29,0,-0.005623901582
2012-07-16,28.22,28.22,0,-0.00247437257
2012-07-17,28.36,28.36,0,0.004961020553
2012-07-18,28.25,28.25,0,-0.003878702398
2012-07-19,28.57,28.57,0,0.01132743363
2012-07-20,28.7,28.7,0,0.004550227511
2012-07-23,28,28,0,-0.0243902439
2012-07-24,27.92,27.92,0,-0.002857142857
2012-07-25,27.88,27.88,0,-0.001432664756
2012-07-26,27.96,27.96,0,0.002869440459
2012-07-27,28.6,28.6,0,0.02288984263
2012-07-30,28.81,28.81,0,0.007342657343
2012-07-31,29.1,29.1,0,0.01006594932
2012-08-01,29.18,29.18,0,0.002749140893
2012-08-03,28.91,28.91,0,-0.009252912954
2012-08-06,29.45,29.45,0,0.0186786579
2012-08-07,29.46,29.46,0,0.0003395585739
2012-08-08,29.62,29.62,0,0.005431093007
2012-08-09,30.16,30.16,0,0.01823092505
2012-08-10,30.13,30.13,0,-0.0009946949602
2012-08-13,30.23,30.23,0,0.003318951211
2012-08-14,30.38,30.38,0,0.00496195832
2012-08-15,30.38,30.38,0,0
2012-08-16,30.58,30.58,0,0.006583278473
2012-08-17,30.34,30.34,0,-0.007848266841
2012-08-20,30.18,30.18,0,-0.005273566249
2012-08-21,30.61,30.61,0,0.01424784626
2012-08-22,30.46,30.46,0,-0.00490035936
2012-08-23,30.57,30.57,0,0.0036112935
2012-08-24,30.3,30.3,0,-0.00883218842
2012-08-27,30.33,30.33,0,0.0009900990099
2012-08-28,30,30,0,-0.01088031652
2012-08-29,30.07,30.07,0,0.002333333333
2012-08-30,29.96,29.96,0,-0.003658131028
2012-08-31,29.96,29.96,0,0
2012-09-03,30.35,30.35,0,0.01301735648
2012-09-04,30.25,30.25,0,-0.003294892916
2012-09-05,29.88,29.88,0,-0.01223140496
2012-09-06,29.65,29.65,0,-0.007697456493
2012-09-07,30.33,30.33,0,0.02293423272
2012-09-10,30.38,30.38,0,0.001648532806
2012-09-11,30.43,30.43,0,0.001645819618
2012-09-12,30.79,30.79,0,0.0118304305
2012-09-13,30.91,30.91,0,0.003897369276
2012-09-14,31.45,31.45,0,0.01747007441
2012-09-17,31.61,31.61,0,0.005087440382
2012-09-18,31.66,31.66,0,0.001581777918
2012-09-19,31.65,31.65,0,-0.0003158559697
2012-09-20,31.57,31.57,0,-0.00252764613
2012-09-21,31.65,31.65,0,0.002534051315
2012-09-24,31.67,31.67,0,0.0006319115324
2012-09-25,31.64,31.64,0,-0.0009472687086
2012-09-26,31.17,31.17,0,-0.01485461441
2012-09-27,31.43,31.43,0,0.008341353866
2012-09-28,31.26,31.26,0,-0.005408845052
2012-10-01,31.38,31.38,0,0.003838771593
2012-10-02,31.35,31.35,0,-0.0009560229446
2012-10-03,31.37,31.37,0,0.0006379585327
2012-10-04,31.37,31.37,0,0
2012-10-05,31.46,31.46,0,0.002868983105
2012-10-08,31.4,31.4,0,-0.001907183725
2012-10-09,31.22,31.22,0,-0.005732484076
2012-10-11,30.45,30.45,0,-0.02466367713
2012-10-12,30.15,30.15,0,-0.009852216749
2012-10-15,30.23,30.23,0,0.002653399668
2012-10-16,30.46,30.46,0,0.00760833609
2012-10-17,30.45,30.45,0,-0.0003282994091
2012-10-18,30.45,30.45,0,0
2012-10-19,30.34,30.34,0,-0.003612479475
2012-10-22,29.99,29.99,0,-0.01153592617
2012-10-23,30.08,30.08,0,0.003001000333
2012-10-26,29.45,29.45,0,-0.02094414894
2012-10-29,29.42,29.42,0,-0.001018675722
2012-10-30,29.22,29.22,0,-0.006798096533
2012-10-31,29.54,29.54,0,0.01095140315
2012-11-02,29.69,29.69,0,0.005077860528
2012-11-05,29.61,29.61,0,-0.002694509936
2012-11-06,29.38,29.38,0,-0.007767646066
2012-11-07,29.86,29.86,0,0.01633764466
2012-11-08,29.53,29.53,0,-0.01105157401
2012-11-12,29.8,29.8,0,0.009143244158
2012-11-13,29.5,29.5,0,-0.01006711409
2012-11-14,29.23,29.23,0,-0.009152542373
2012-11-15,29.23,29.23,0,0
2012-11-16,29.14,29.14,0,-0.003079028395
2012-11-19,29.3,29.3,0,0.005490734386
2012-11-20,29.35,29.35,0,0.001706484642
2012-11-21,29.24,29.24,0,-0.003747870528
2012-11-22,29.25,29.25,0,0.000341997264
2012-11-23,29.95,29.95,0,0.02393162393
2012-11-26,30.5,30.5,0,0.0183639399
2012-11-27,30.76,30.76,0,0.008524590164
2012-11-28,30.52,30.52,0,-0.007802340702
2012-11-29,30.94,30.94,0,0.01376146789
2012-11-30,31.4,31.4,0,0.01486748546
2012-12-03,31.42,31.42,0,0.0006369426752
2012-12-04,31.15,31.15,0,-0.008593252705
2012-12-05,31.49,31.49,0,0.01091492777
2012-12-06,31.67,31.67,0,0.005716100349
2012-12-07,31.59,31.59,0,-0.002526049889
2012-12-10,31.45,31.45,0,-0.00443178221
2012-12-11,31.56,31.56,0,0.003497615262
2012-12-12,31.71,31.71,0,0.004752851711
2012-12-13,32.19,32.19,0,0.0151371807
2012-12-14,31.8,31.8,0,-0.01211556384
2012-12-17,31.58,31.58,0,-0.006918238994
2012-12-18,31.59,31.59,0,0.0003166561115
2012-12-19,31.65,31.65,0,0.001899335233
2012-12-20,31.23,31.23,0,-0.01327014218
2012-12-21,30.86,30.86,0,-0.01184758245
2012-12-22,30.87,30.87,0,0.00032404407
2012-12-24,31.02,31.02,0,0.004859086492
2012-12-25,31.08,31.08,0,0.001934235977
2012-12-26,31.73,31.73,0,0.02091377091
2012-12-27,31.42,31.42,0,-0.009769933817
2012-12-28,31.32,31.32,0,-0.003182686187
2013-01-02,31.94,31.94,0,0.01979565773
2013-01-03,31.93,31.93,0,-0.0003130870382
2013-01-04,31.87,31.87,0,-0.001879110554
2013-01-08,31.61,31.61,0,-0.008158142454
2013-01-09,31.78,31.78,0,0.005378044922
2013-01-10,32.04,32.04,0,0.008181246067
2013-01-11,32.26,32.26,0,0.006866416979
2013-01-14,31.5,31.5,0,-0.02355858648
2013-01-15,31.71,31.71,0,0.006666666667
2013-01-16,31.7,31.7,0,-0.0003153579313
2013-01-17,32.5,32.5,0,0.02523659306
2013-01-21,31.47,31.47,0,-0.03169230769
2013-01-23,32.25,32.25,0,0.02478551001
2013-01-24,31.51,31.51,0,-0.02294573643
2013-01-25,31.58,31.58,0,0.002221516979
2013-01-28,31.6,31.6,0,0.0006333122229
2013-01-29,32.1,32.1,0,0.01582278481
2013-01-31,32.02,32.02,0,-0.002492211838
2013-02-01,32.5,32.5,0,0.01499063086
2013-02-04,32.7,32.7,0,0.006153846154
2013-02-05,32.29,32.29,0,-0.0125382263
2013-02-06,32.44,32.44,0,0.004645401053
2013-02-18,32.83,32.83,0,0.01202219482
2013-02-19,32.96,32.96,0,0.003959792872
2013-02-20,33.11,33.11,0,0.004550970874
2013-02-21,32.67,32.67,0,-0.01328903654
2013-02-22,32.83,32.83,0,0.004897459443
2013-02-23,32.62,32.62,0,-0.006396588486
2013-02-25,32.6,32.6,0,-0.0006131207848
2013-02-26,32.56,32.56,0,-0.001226993865
2013-02-27,32.27,32.27,0,-0.008906633907
2013-03-01,32.67,32.67,0,0.0123954137
2013-03-04,32.27,32.27,0,-0.01224364861
2013-03-05,32.57,32.57,0,0.009296560273
2013-03-06,32.84,32.84,0,0.008289837274
2013-03-07,32.8,32.8,0,-0.001218026797
2013-03-08,32.97,32.97,0,0.005182926829
2013-03-12,32.99,32.99,0,0.0006066120716
2013-03-13,33.09,33.09,0,0.003031221582
2013-03-14,32.7,32.7,0,-0.01178603808
2013-03-15,32.51,32.51,0,-0.005810397554
2013-03-18,32.17,32.17,0,-0.01045832052
2013-03-19,32.03,32.03,0,-0.004351880634
2013-03-20,31.92,31.92,0,-0.003434280362
2013-03-25,32.33,32.33,0,0.01284461153
2013-03-26,32.31,32.31,0,-0.0006186204763
2013-03-27,32.35,32.35,0,0.001238006809
2013-03-28,32.33,32.33,0,-0.0006182380216
2013-03-29,32.66,32.66,0,0.01020723786
2013-04-01,32.32,32.32,0,-0.01041028781
2013-04-02,32.6,32.6,0,0.008663366337
2013-04-03,32.49,32.49,0,-0.003374233129
2013-04-08,31.74,31.74,0,-0.02308402585
2013-04-09,32.05,32.05,0,0.009766855703
2013-04-10,31.82,31.82,0,-0.007176287051
2013-04-11,32.14,32.14,0,0.0100565682
2013-04-12,32.09,32.09,0,-0.001555693839
2013-04-15,32.6,32.6,0,0.0158928015
2013-04-16,31.83,31.83,0,-0.0236196319
2013-04-17,32.5,32.5,0,0.02104932454
2013-04-18,31.88,31.88,0,-0.01907692308
2013-04-19,32.22,32.22,0,0.01066499373
2013-04-23,32.51,32.51,0,0.009000620732
2013-04-25,32.9,32.9,0,0.01199630883
2013-04-26,33.08,33.08,0,0.00547112462
2013-04-29,33.29,33.29,0,0.006348246675
2013-04-30,33.42,33.42,0,0.0039050766
2013-05-02,33.49,33.49,0,0.002094554159
2013-05-03,33.48,33.48,0,-0.000298596596
2013-05-06,33.66,33.66,0,0.005376344086
2013-05-07,33.8,33.8,0,0.004159239453
2013-05-08,34.2,34.2,0,0.01183431953
2013-05-09,34.37,34.37,0,0.004970760234
2013-05-10,34.3,34.3,0,-0.002036659878
2013-05-13,34.1,34.1,0,-0.00583090379
2013-05-14,34.27,34.27,0,0.004985337243
2013-05-15,34.08,34.08,0,-0.005544207762
2013-05-16,34.76,34.76,0,0.01995305164
2013-05-17,34.57,34.57,0,-0.005466052934
2013-05-20,34.43,34.43,0,-0.004049754122
2013-05-21,34.5,34.5,0,0.002033110659
2013-05-22,34.51,34.51,0,0.0002898550725
2013-05-23,33.9,33.9,0,-0.01767603593
2013-05-24,33.99,33.99,0,0.002654867257
2013-05-27,33.88,33.88,0,-0.003236245955
2013-05-28,34.19,34.19,0,0.009149940968
2013-05-29,34.2,34.2,0,0.0002924831822
2013-05-30,33.94,33.94,0,-0.007602339181
2013-06-03,33.25,33.25,0,-0.02032999411
2013-06-04,33.2,33.2,0,-0.001503759398
2013-06-05,33.1,33.1,0,-0.003012048193
2013-06-06,32.67,32.67,0,-0.01299093656
2013-06-07,32.67,32.67,0,0
2013-06-10,33.14,33.14,0,0.01438628711
2013-06-11,33.23,33.23,0,0.002715751358
2013-06-13,32.42,32.42,0,-0.02437556425
2013-06-14,32.2,32.2,0,-0.006785934608
2013-06-18,32.46,32.46,0,0.008074534161
2013-06-21,31.44,31.44,0,-0.0314232902
2013-06-24,31.18,31.18,0,-0.008269720102
2013-06-25,31.35,31.35,0,0.005452212957
2013-06-26,31.69,31.69,0,0.01084529506
2013-06-27,33.8,33.8,0,0.06658251814
2013-06-28,33.8,33.8,0,0
2013-07-01,32.74,32.74,0,-0.03136094675
2013-07-02,32.52,32.52,0,-0.006719609041
2013-07-03,32.2,32.2,0,-0.009840098401
2013-07-04,32.47,32.47,0,0.008385093168
2013-07-05,33.04,33.04,0,0.01755466585
2013-07-08,34.88,34.88,0,0.05569007264
2013-07-09,33,33,0,-0.05389908257
2013-07-10,33.03,33.03,0,0.0009090909091
2013-07-11,33.75,33.75,0,0.02179836512
2013-07-12,33.76,33.76,0,0.0002962962963
2013-07-15,34.01,34.01,0,0.00740521327
2013-07-16,33.9,33.9,0,-0.00323434284
2013-07-17,34,34,0,0.002949852507
2013-07-18,33.77,33.77,0,-0.006764705882
2013-07-19,33.25,33.25,0,-0.0153982825
2013-07-22,33.28,33.28,0,0.0009022556391
2013-07-23,33.8,33.8,0,0.015625
2013-07-24,33.76,33.76,0,-0.001183431953
2013-07-25,33.76,33.76,0,0
2013-07-26,33.77,33.77,0,0.0002962085308
2013-07-29,33.76,33.76,0,-0.0002961208173
2013-07-30,33.82,33.82,0,0.001777251185
2013-07-31,33.78,33.78,0,-0.001182732111
2013-08-01,33.32,33.32,0,-0.01361752516
2013-08-02,33.78,33.78,0,0.01380552221
2013-08-05,33.68,33.68,0,-0.002960331557
2013-08-06,33.11,33.11,0,-0.0169239905
2013-08-07,32.7,32.7,0,-0.01238296587
2013-08-08,32.52,32.52,0,-0.005504587156
2013-08-09,32.39,32.39,0,-0.003997539975
2013-08-12,32.57,32.57,0,0.005557270763
2013-08-13,32.95,32.95,0,0.01166717839
2013-08-14,32.76,32.76,0,-0.005766312595
2013-08-15,32.47,32.47,0,-0.008852258852
2013-08-16,32.65,32.65,0,0.005543578688
2013-08-19,32.56,32.56,0,-0.002756508423
2013-08-20,32.34,32.34,0,-0.006756756757
2013-08-22,32.11,32.11,0,-0.007111935683
2013-08-23,32.47,32.47,0,0.0112114606
2013-08-26,32.68,32.68,0,0.006467508469
2013-08-27,32.43,32.43,0,-0.0076499388
2013-08-28,32.47,32.47,0,0.00123342584
2013-08-29,32.85,32.85,0,0.01170311056
2013-08-30,33.2,33.2,0,0.01065449011
2013-09-02,33.46,33.46,0,0.007831325301
2013-09-03,33.62,33.62,0,0.00478182905
2013-09-04,33.45,33.45,0,-0.00505651398
2013-09-05,33.81,33.81,0,0.01076233184
2013-09-06,33.94,33.94,0,0.003845016267
2013-09-09,34.05,34.05,0,0.003241013553
2013-09-10,34.2,34.2,0,0.004405286344
2013-09-11,34.2,34.2,0,0
2013-09-12,34.29,34.29,0,0.002631578947
2013-09-13,34.04,34.04,0,-0.007290755322
2013-09-14,34.07,34.07,0,0.0008813160987
2013-09-16,34.34,34.34,0,0.007924860581
2013-09-17,34.3,34.3,0,-0.001164822365
2013-09-18,34.29,34.29,0,-0.0002915451895
2013-09-23,34.58,34.58,0,0.008457276174
2013-09-24,34.53,34.53,0,-0.001445922499
2013-09-25,34.43,34.43,0,-0.002896032436
2013-09-26,34.06,34.06,0,-0.01074644206
2013-09-27,34.14,34.14,0,0.002348796242
2013-09-30,33.82,33.82,0,-0.009373169303
2013-10-01,33.89,33.89,0,0.002069781195
2013-10-02,33.93,33.93,0,0.001180289171
2013-10-03,34.77,34.77,0,0.02475685234
2013-10-04,34.66,34.66,0,-0.003163646822
2013-10-07,34.39,34.39,0,-0.007789959608
2013-10-08,34.68,34.68,0,0.00843268392
2013-10-09,34.64,34.64,0,-0.001153402537
2013-10-11,34.76,34.76,0,0.003464203233
2013-10-14,34.39,34.39,0,-0.01064441887
2013-10-15,34.69,34.69,0,0.008723466124
2013-10-16,34.71,34.71,0,0.0005765350245
2013-10-17,34.74,34.74,0,0.0008643042351
2013-10-18,35.01,35.01,0,0.007772020725
2013-10-21,34.95,34.95,0,-0.001713796058
2013-10-22,35.04,35.04,0,0.002575107296
2013-10-23,34.76,34.76,0,-0.00799086758
2013-10-24,34.77,34.77,0,0.0002876869965
2013-10-25,34.47,34.47,0,-0.008628127696
2013-10-28,34.92,34.92,0,0.01305483029
2013-10-29,35.04,35.04,0,0.003436426117
2013-10-30,35.04,35.04,0,0
2013-10-31,34.98,34.98,0,-0.001712328767
2013-11-01,34.83,34.83,0,-0.004288164666
2013-11-04,34.62,34.62,0,-0.006029285099
2013-11-05,34.4,34.4,0,-0.006354708261
2013-11-06,34.34,34.34,0,-0.001744186047
2013-11-07,34.26,34.26,0,-0.002329644729
2013-11-08,34.04,34.04,0,-0.006421482779
2013-11-11,33.92,33.92,0,-0.003525264395
2013-11-12,34.08,34.08,0,0.004716981132
2013-11-13,33.74,33.74,0,-0.009976525822
2013-11-14,33.66,33.66,0,-0.00237107291
2013-11-15,33.9,33.9,0,0.007130124777
2013-11-18,33.91,33.91,0,0.0002949852507
2013-11-19,34.15,34.15,0,0.007077558242
2013-11-20,34.01,34.01,0,-0.004099560761
2013-11-21,33.38,33.38,0,-0.01852396354
2013-11-22,33.52,33.52,0,0.00419412822
2013-11-25,33.94,33.94,0,0.01252983294
2013-11-26,34.21,34.21,0,0.007955215085
2013-11-27,34.4,34.4,0,0.005553931599
2013-11-29,34.89,34.89,0,0.01424418605
2013-12-02,34.75,34.75,0,-0.004012611063
2013-12-03,34.69,34.69,0,-0.001726618705
2013-12-04,34.78,34.78,0,0.00259440761
2013-12-06,34.7,34.7,0,-0.002300172513
2013-12-09,35.01,35.01,0,0.008933717579
2013-12-10,34.94,34.94,0,-0.001999428735
2013-12-11,34.94,34.94,0,0
2013-12-12,34.59,34.59,0,-0.0100171723
2013-12-13,34.59,34.59,0,0
2013-12-16,34.3,34.3,0,-0.00838392599
2013-12-17,34.44,34.44,0,0.004081632653
2013-12-18,34.4,34.4,0,-0.001161440186
2013-12-19,34.66,34.66,0,0.007558139535
2013-12-20,34.69,34.69,0,0.0008655510675
2013-12-23,34.94,34.94,0,0.007206687806
2013-12-24,34.89,34.89,0,-0.001431024614
2013-12-25,34.96,34.96,0,0.002006305532
2013-12-26,34.95,34.95,0,-0.0002860411899
2013-12-27,35.16,35.16,0,0.006008583691
2013-12-30,35.6,35.6,0,0.01251422071
2013-12-31,35.67,35.67,0,0.001966292135
2014-01-02,35.45,35.45,0,-0.006167647883
2014-01-03,35.02,35.02,0,-0.01212976023
2014-01-06,34.88,34.88,0,-0.003997715591
2014-01-07,34.96,34.96,0,0.002293577982
2014-01-08,35.06,35.06,0,0.002860411899
2014-01-09,34.74,34.74,0,-0.009127210496
2014-01-10,34.92,34.92,0,0.00518134715
2014-01-13,35.04,35.04,0,0.003436426117
2014-01-14,35,35,0,-0.001141552511
2014-01-15,35.37,35.37,0,0.01057142857
2014-01-16,35.58,35.58,0,0.005937234945
2014-01-17,35.57,35.57,0,-0.0002810567735
2014-01-20,35.68,35.68,0,0.003092493674
2014-01-21,35.53,35.53,0,-0.004204035874
2014-01-22,35.54,35.54,0,0.0002814522938
2014-01-23,35.56,35.56,0,0.0005627462015
2014-01-24,35.51,35.51,0,-0.001406074241
2014-01-27,34.8,34.8,0,-0.01999436778
2014-02-05,33.72,33.72,0,-0.03103448276
2014-02-06,33.94,33.94,0,0.006524317912
2014-02-07,34.27,34.27,0,0.00972304066
2014-02-11,34.51,34.51,0,0.007003209804
2014-02-12,34.86,34.86,0,0.01014198783
2014-02-13,34.79,34.79,0,-0.002008032129
2014-02-14,35.17,35.17,0,0.01092267893
2014-02-17,35.2,35.2,0,0.0008529997157
2014-02-18,35.27,35.27,0,0.001988636364
2014-02-19,35.23,35.23,0,-0.001134108307
2014-02-20,35.03,35.03,0,-0.005676979847
2014-02-21,35.32,35.32,0,0.008278618327
2014-02-24,35.11,35.11,0,-0.005945639864
2014-02-25,35.26,35.26,0,0.004272287098
2014-02-26,35.44,35.44,0,0.00510493477
2014-02-27,35.44,35.44,0,0
2014-03-03,35.07,35.07,0,-0.01044018059
2014-03-04,35.11,35.11,0,0.001140575991
2014-03-05,35.4,35.4,0,0.008259755056
2014-03-06,35.89,35.89,0,0.01384180791
2014-03-07,36.02,36.02,0,0.00362217888
2014-03-10,35.75,35.75,0,-0.007495835647
2014-03-11,35.88,35.88,0,0.003636363636
2014-03-12,35.61,35.61,0,-0.007525083612
2014-03-13,36.14,36.14,0,0.0148834597
2014-03-14,35.82,35.82,0,-0.008854454898
2014-03-17,35.76,35.76,0,-0.001675041876
2014-03-18,35.93,35.93,0,0.004753914989
2014-03-19,35.84,35.84,0,-0.002504870582
2014-03-20,35.32,35.32,0,-0.01450892857
2014-03-21,35.42,35.42,0,0.002831257078
2014-03-24,35.43,35.43,0,0.0002823263693
2014-03-25,35.71,35.71,0,0.007902907141
2014-03-26,36.05,36.05,0,0.009521142537
2014-03-27,36.11,36.11,0,0.001664355062
2014-03-28,36.22,36.22,0,0.003046247577
2014-04-01,36.54,36.54,0,0.008834897846
2014-04-02,36.83,36.83,0,0.007936507937
2014-04-03,36.75,36.75,0,-0.002172142275
2014-04-07,36.6,36.6,0,-0.004081632653
2014-04-08,36.79,36.79,0,0.005191256831
2014-04-09,36.85,36.85,0,0.001630877956
2014-04-10,37.01,37.01,0,0.00434192673
2014-04-11,36.87,36.87,0,-0.003782761416
2014-04-15,37.11,37.11,0,0.006509357201
2014-04-16,37.01,37.01,0,-0.002694691458
2014-04-17,37.1,37.1,0,0.002431775196
2014-04-18,37.27,37.27,0,0.004582210243
2014-04-21,37.23,37.23,0,-0.001073249262
2014-04-22,37.24,37.24,0,0.0002686005909
2014-04-23,37.45,37.45,0,0.005639097744
2014-04-24,37.26,37.26,0,-0.005073431242
2014-04-25,36.68,36.68,0,-0.01556629093
2014-04-28,36.95,36.95,0,0.007360959651
2014-04-29,36.97,36.97,0,0.0005412719892
2014-04-30,36.98,36.98,0,0.0002704895862
2014-05-02,36.98,36.98,0,0
2014-05-05,36.86,36.86,0,-0.003244997296
2014-05-06,37.16,37.16,0,0.008138903961
2014-05-07,37.03,37.03,0,-0.003498385361
2014-05-08,37.2,37.2,0,0.004590872266
2014-05-09,37.14,37.14,0,-0.001612903226
2014-05-12,36.97,36.97,0,-0.004577275175
2014-05-13,37.13,37.13,0,0.004327833378
2014-05-14,37.2,37.2,0,0.001885267977
2014-05-15,37.18,37.18,0,-0.0005376344086
2014-05-16,37.16,37.16,0,-0.0005379236148
2014-05-19,37.3,37.3,0,0.003767491927
2014-05-20,37.42,37.42,0,0.003217158177
2014-05-21,37.4,37.4,0,-0.0005344735436
2014-05-22,37.62,37.62,0,0.005882352941
2014-05-23,37.82,37.82,0,0.005316321106
2014-05-26,37.95,37.95,0,0.003437334744
2014-05-27,37.9,37.9,0,-0.001317523057
2014-05-28,38.17,38.17,0,0.007124010554
2014-05-29,38.15,38.15,0,-0.0005239717055
2014-05-30,38.08,38.08,0,-0.001834862385
2014-06-03,37.91,37.91,0,-0.004464285714
2014-06-04,38.16,38.16,0,0.006594566078
2014-06-05,38.05,38.05,0,-0.002882599581
2014-06-06,38.26,38.26,0,0.005519053876
2014-06-09,38.32,38.32,0,0.001568217459
2014-06-10,38.65,38.65,0,0.008611691023
2014-06-11,38.57,38.57,0,-0.002069857697
2014-06-12,38.56,38.56,0,-0.0002592688618
2014-06-13,38.41,38.41,0,-0.003890041494
2014-06-16,38.42,38.42,0,0.0002603488675
2014-06-17,38.73,38.73,0,0.008068714211
2014-06-18,38.65,38.65,0,-0.002065582236
2014-06-19,39.04,39.04,0,0.01009055627
2014-06-20,39.69,39.69,0,0.01664959016
2014-06-23,38.88,38.88,0,-0.02040816327
2014-06-24,38.8,38.8,0,-0.002057613169
2014-06-25,38.72,38.72,0,-0.00206185567
2014-06-26,39.11,39.11,0,0.01007231405
2014-06-27,39.19,39.19,0,0.002045512657
2014-06-30,39.39,39.39,0,0.005103342689
2014-07-01,39.97,39.97,0,0.01472454938
2014-07-02,40.27,40.27,0,0.007505629222
2014-07-03,40.5,40.5,0,0.005711447728
2014-07-04,40.49,40.49,0,-0.0002469135802
2014-07-07,40.46,40.46,0,-0.0007409236849
2014-07-08,40.6,40.6,0,0.003460207612
2014-07-09,40.56,40.56,0,-0.0009852216749
2014-07-10,40.94,40.94,0,0.009368836292
2014-07-11,40.83,40.83,0,-0.002686858818
2014-07-14,40.96,40.96,0,0.003183933382
2014-07-15,41.18,41.18,0,0.00537109375
2014-07-16,40.74,40.74,0,-0.01068479845
2014-07-17,40.2,40.2,0,-0.01325478645
2014-07-18,40.15,40.15,0,-0.001243781095
2014-07-21,40.52,40.52,0,0.009215442092
2014-07-22,40.44,40.44,0,-0.001974333662
2014-07-24,40.83,40.83,0,0.009643916914
2014-07-25,40.38,40.38,0,-0.01102130786
2014-07-28,40.43,40.43,0,0.001238236751
2014-07-29,40.3,40.3,0,-0.003215434084
2014-07-30,40.54,40.54,0,0.005955334988
2014-07-31,39.98,39.98,0,-0.01381351751
2014-08-01,39.69,39.69,0,-0.007253626813
2014-08-04,40.02,40.02,0,0.008314436886
2014-08-05,39.33,39.33,0,-0.01724137931
2014-08-06,39.32,39.32,0,-0.0002542588355
2014-08-07,39.41,39.41,0,0.002288911495
2014-08-08,39.19,39.19,0,-0.005582339508
2014-08-11,39.54,39.54,0,0.008930849707
2014-08-12,39.59,39.59,0,0.001264542236
2014-08-13,39.9,39.9,0,0.007830260167
2014-08-14,40.18,40.18,0,0.00701754386
2014-08-15,40.17,40.17,0,-0.0002488800398
2014-08-18,39.95,39.95,0,-0.005476723923
2014-08-19,40.56,40.56,0,0.01526908636
2014-08-20,40.66,40.66,0,0.002465483235
2014-08-21,40.69,40.69,0,0.0007378258731
2014-08-22,41.23,41.23,0,0.01327107397
2014-08-25,41.13,41.13,0,-0.002425418385
2014-08-26,41.1,41.1,0,-0.0007293946025
2014-08-27,41.4,41.4,0,0.007299270073
2014-08-28,41.49,41.49,0,0.002173913043
2014-08-29,41.44,41.44,0,-0.001205109665
2014-09-01,41.83,41.83,0,0.009411196911
2014-09-02,41.32,41.32,0,-0.01219220655
2014-09-03,41.51,41.51,0,0.004598257502
2014-09-04,41.21,41.21,0,-0.007227174175
2014-09-05,41.09,41.09,0,-0.002911914584
2014-09-09,41.44,41.44,0,0.008517887564
2014-09-10,40.95,40.95,0,-0.01182432432
2014-09-11,40.95,40.95,0,0
2014-09-12,40.49,40.49,0,-0.01123321123
2014-09-15,40.36,40.36,0,-0.003210669301
2014-09-16,40.31,40.31,0,-0.001238850347
2014-09-17,40.36,40.36,0,0.001240387001
2014-09-18,40.4,40.4,0,0.0009910802775
2014-09-19,40.53,40.53,0,0.003217821782
2014-09-22,39.88,39.88,0,-0.01603750308
2014-09-23,39.87,39.87,0,-0.0002507522568
2014-09-24,39.71,39.71,0,-0.004013042388
2014-09-25,39.5,39.5,0,-0.005288340468
2014-09-26,39.16,39.16,0,-0.008607594937
2014-09-29,39.12,39.12,0,-0.00102145046
2014-09-30,39.21,39.21,0,0.002300613497
2014-10-01,39.15,39.15,0,-0.001530221882
2014-10-02,38.88,38.88,0,-0.006896551724
2014-10-03,39.83,39.83,0,0.02443415638
2014-10-06,39.64,39.64,0,-0.004770273663
2014-10-07,39.49,39.49,0,-0.003784056509
2014-10-08,39.38,39.38,0,-0.00278551532
2014-10-09,39.46,39.46,0,0.002031488065
2014-10-13,38.31,38.31,0,-0.02914343639
2014-10-14,38.51,38.51,0,0.005220569042
2014-10-15,38.19,38.19,0,-0.008309529992
2014-10-16,38.14,38.14,0,-0.001309243257
2014-10-17,38.2,38.2,0,0.001573151547
2014-10-20,38.5,38.5,0,0.007853403141
2014-10-22,39.01,39.01,0,0.01324675325
2014-10-23,38.9,38.9,0,-0.002819789797
2014-10-24,38.43,38.43,0,-0.01208226221
2014-10-27,38.75,38.75,0,0.008326827999
2014-10-28,39.22,39.22,0,0.01212903226
2014-10-29,39.45,39.45,0,0.005864354921
2014-10-30,39.5,39.5,0,0.001267427123
2014-10-31,40,40,0,0.01265822785
2014-11-03,40.18,40.18,0,0.0045
2014-11-04,40.15,40.15,0,-0.0007466401195
2014-11-05,39.97,39.97,0,-0.004483188045
2014-11-06,39.78,39.78,0,-0.004753565174
2014-11-07,39.77,39.77,0,-0.0002513826043
2014-11-10,40.47,40.47,0,0.01760120694
2014-11-11,40.33,40.33,0,-0.003459352607
2014-11-12,39.71,39.71,0,-0.01537317134
2014-11-13,39.94,39.94,0,0.005791991942
2014-11-14,40.13,40.13,0,0.004757135704
2014-11-17,39.85,39.85,0,-0.006977323698
2014-11-18,39.65,39.65,0,-0.005018820577
2014-11-19,40.3,40.3,0,0.01639344262
2014-11-20,40.71,40.71,0,0.01017369727
2014-11-21,40.63,40.63,0,-0.001965119135
2014-11-24,40.88,40.88,0,0.006153088851
2014-11-25,40.93,40.93,0,0.001223091977
2014-11-26,40.76,40.76,0,-0.00415343269
2014-11-27,41.33,41.33,0,0.01398429833
2014-11-28,41.29,41.29,0,-0.0009678199855
2014-12-01,40.9,40.9,0,-0.009445386292
2014-12-02,40.29,40.29,0,-0.01491442543
2014-12-03,40.85,40.85,0,0.01389923058
2014-12-04,41.13,41.13,0,0.006854345165
2014-12-05,41,41,0,-0.003160709944
2014-12-08,40.71,40.71,0,-0.007073170732
2014-12-09,40.52,40.52,0,-0.004667157946
2014-12-10,39.91,39.91,0,-0.01505429418
2014-12-11,40.02,40.02,0,0.002756201453
2014-12-15,39.81,39.81,0,-0.005247376312
2014-12-16,39.45,39.45,0,-0.009042954032
2014-12-17,38.89,38.89,0,-0.01419518378
2014-12-18,39.16,39.16,0,0.006942658781
2014-12-19,39.99,39.99,0,0.02119509704
2014-12-22,40.48,40.48,0,0.01225306327
2014-12-23,40.53,40.53,0,0.001235177866
2014-12-24,40.6,40.6,0,0.001727115717
2014-12-25,40.64,40.64,0,0.0009852216749
2014-12-26,40.63,40.63,0,-0.0002460629921
2014-12-27,40.84,40.84,0,0.005168594635
2014-12-29,41.3,41.3,0,0.01126346719
2014-12-30,41.24,41.24,0,-0.001452784504
2014-12-31,41.16,41.16,0,-0.00193986421
2015-01-05,40.89,40.89,0,-0.006559766764
2015-01-06,39.78,39.78,0,-0.02714600147
2015-01-07,39.92,39.92,0,0.003519356461
2015-01-08,40.84,40.84,0,0.02304609218
2015-01-09,40.74,40.74,0,-0.002448579824
2015-01-12,40.45,40.45,0,-0.007118311242
2015-01-13,40.5,40.5,0,0.001236093943
2015-01-14,40.26,40.26,0,-0.005925925926
2015-01-15,40.33,40.33,0,0.00173869846
2015-01-16,40.36,40.36,0,0.0007438631292
2015-01-19,40.54,40.54,0,0.004459861249
2015-01-20,40.91,40.91,0,0.009126788357
2015-01-21,41.11,41.11,0,0.004888780249
2015-01-22,41.32,41.32,0,0.005108246169
2015-01-23,42,42,0,0.01645692159
2015-01-26,42,42,0,0
2015-01-27,42.26,42.26,0,0.00619047619
2015-01-28,42.29,42.29,0,0.00070989115
2015-01-29,41.81,41.81,0,-0.01135020099
2015-01-30,41.62,41.62,0,-0.004544367376
2015-02-02,41.5,41.5,0,-0.002883229217
2015-02-03,42.04,42.04,0,0.01301204819
2015-02-04,42.34,42.34,0,0.007136060894
2015-02-05,42.04,42.04,0,-0.007085498347
2015-02-06,42.02,42.02,0,-0.000475737393
2015-02-09,41.86,41.86,0,-0.003807710614
2015-02-10,41.69,41.69,0,-0.004061156235
2015-02-11,42.2,42.2,0,0.01223314944
2015-02-12,42.11,42.11,0,-0.002132701422
2015-02-13,42.46,42.46,0,0.008311564949
2015-02-24,42.98,42.98,0,0.01224682054
2015-02-25,43.14,43.14,0,0.003722661703
2015-02-26,42.84,42.84,0,-0.006954102921
2015-03-02,42.65,42.65,0,-0.004435107376
2015-03-03,42.58,42.58,0,-0.00164126612
2015-03-05,42.7,42.7,0,0.002818224519
2015-03-06,42.8,42.8,0,0.002341920375
2015-03-09,42.27,42.27,0,-0.01238317757
2015-03-10,42.09,42.09,0,-0.004258339248
2015-03-11,42.19,42.19,0,0.00237586125
2015-03-12,42.44,42.44,0,0.005925574781
2015-03-13,42.53,42.53,0,0.002120640905
2015-03-16,42.15,42.15,0,-0.008934869504
2015-03-17,42.39,42.39,0,0.005693950178
2015-03-18,42.7,42.7,0,0.00731304553
2015-03-19,43.15,43.15,0,0.01053864169
2015-03-23,43.15,43.15,0,0
2015-03-24,43.05,43.05,0,-0.002317497103
2015-03-25,42.84,42.84,0,-0.00487804878
2015-03-26,42.27,42.27,0,-0.01330532213
2015-03-27,41.97,41.97,0,-0.007097232079
2015-03-30,41.98,41.98,0,0.0002382654277
2015-03-31,42.28,42.28,0,0.007146260124
2015-04-01,41.96,41.96,0,-0.00756859035
2015-04-02,42.5,42.5,0,0.01286939943
2015-04-07,42.34,42.34,0,-0.003764705882
2015-04-08,42.26,42.26,0,-0.001889466226
2015-04-09,42.19,42.19,0,-0.001656412683
2015-04-10,42.51,42.51,0,0.007584735719
2015-04-13,42.55,42.55,0,0.0009409550694
2015-04-14,42.39,42.39,0,-0.003760282021
2015-04-15,41.69,41.69,0,-0.01651332862
2015-04-16,42.48,42.48,0,0.01894938834
2015-04-17,42,42,0,-0.01129943503
2015-04-20,41.94,41.94,0,-0.001428571429
2015-04-21,42.09,42.09,0,0.003576537911
2015-04-22,42.4,42.4,0,0.007365169874
2015-04-23,43.46,43.46,0,0.025
2015-04-24,43.99,43.99,0,0.01219512195
2015-04-27,44.3,44.3,0,0.007047056149
2015-04-28,44.09,44.09,0,-0.004740406321
2015-04-29,43.64,43.64,0,-0.01020639601
2015-04-30,43.32,43.32,0,-0.007332722273
2015-05-04,43.42,43.42,0,0.002308402585
2015-05-05,43.32,43.32,0,-0.002303086135
2015-05-06,43.32,43.32,0,0
2015-05-07,42.88,42.88,0,-0.01015697138
2015-05-08,42.88,42.88,0,0
2015-05-11,42.92,42.92,0,0.0009328358209
2015-05-12,42.86,42.86,0,-0.001397949674
2015-05-13,43.09,43.09,0,0.005366308913
2015-05-14,42.62,42.62,0,-0.01090740311
2015-05-15,42.38,42.38,0,-0.00563115908
2015-05-18,42.61,42.61,0,0.005427088249
2015-05-19,43.23,43.23,0,0.01455057498
2015-05-20,43.05,43.05,0,-0.004163775156
2015-05-21,42.3,42.3,0,-0.01742160279
2015-05-22,42.8,42.8,0,0.01182033097
2015-05-25,42.83,42.83,0,0.0007009345794
2015-05-26,43.16,43.16,0,0.007704879757
2015-05-27,43.07,43.07,0,-0.002085264133
2015-05-28,43.48,43.48,0,0.009519387044
2015-05-29,43.44,43.44,0,-0.0009199632015
2015-06-01,42.84,42.84,0,-0.0138121547
2015-06-02,42.65,42.65,0,-0.004435107376
2015-06-03,42.44,42.44,0,-0.004923798359
2015-06-04,41.56,41.56,0,-0.02073515551
2015-06-05,41.36,41.36,0,-0.004812319538
2015-06-08,41.72,41.72,0,0.008704061896
2015-06-09,41.09,41.09,0,-0.01510067114
2015-06-10,41.47,41.47,0,0.009247992212
2015-06-11,41.55,41.55,0,0.001929105377
2015-06-12,41.49,41.49,0,-0.001444043321
2015-06-15,41.44,41.44,0,-0.001205109665
2015-06-16,41.02,41.02,0,-0.01013513514
2015-06-17,41.18,41.18,0,0.003900536324
2015-06-18,41.17,41.17,0,-0.0002428363283
2015-06-22,41.85,41.85,0,0.01651688122
2015-06-23,41.92,41.92,0,0.001672640382
2015-06-25,42.57,42.57,0,0.01550572519
2015-06-26,42.41,42.41,0,-0.003758515386
2015-06-29,41.68,41.68,0,-0.01721292148
2015-06-30,41.48,41.48,0,-0.004798464491
2015-07-01,42.28,42.28,0,0.01928640309
2015-07-02,42.28,42.28,0,0
2015-07-03,42.11,42.11,0,-0.004020813623
2015-07-06,42.07,42.07,0,-0.000949893137
2015-07-07,42.22,42.22,0,0.003565486095
2015-07-08,40.68,40.68,0,-0.03647560398
2015-07-09,40.33,40.33,0,-0.00860373648
2015-07-13,40.87,40.87,0,0.01338953633
2015-07-14,41.08,41.08,0,0.00513824321
2015-07-15,40.92,40.92,0,-0.003894839338
2015-07-16,41.13,41.13,0,0.005131964809
2015-07-17,41.28,41.28,0,0.003646973012
2015-07-20,41.08,41.08,0,-0.00484496124
2015-07-21,41.15,41.15,0,0.00170399221
2015-07-22,40.72,40.72,0,-0.01044957473
2015-07-23,40.22,40.22,0,-0.01227897839
2015-07-24,40.02,40.02,0,-0.004972650423
2015-07-27,39.44,39.44,0,-0.01449275362
2015-07-28,39.66,39.66,0,0.005578093306
2015-07-29,39.3,39.3,0,-0.009077155825
2015-07-30,39.79,39.79,0,0.01246819338
2015-07-31,39.58,39.58,0,-0.005277707967
2015-08-03,39.11,39.11,0,-0.01187468418
2015-08-04,39.25,39.25,0,0.003579647149
2015-08-05,39.37,39.37,0,0.003057324841
2015-08-06,38.69,38.69,0,-0.01727203454
2015-08-07,38.65,38.65,0,-0.001033858878
2015-08-10,38.58,38.58,0,-0.001811125485
2015-08-11,38.72,38.72,0,0.003628823224
2015-08-12,37.96,37.96,0,-0.01962809917
2015-08-13,37.93,37.93,0,-0.0007903055848
2015-08-17,37.56,37.56,0,-0.009754811495
2015-08-18,37.44,37.44,0,-0.003194888179
2015-08-19,36.72,36.72,0,-0.01923076923
2015-08-20,36.72,36.72,0,0
2015-08-21,35.8,35.8,0,-0.02505446623
2015-08-24,34.39,34.39,0,-0.03938547486
2015-08-25,35.64,35.64,0,0.03634777552
2015-08-26,36.01,36.01,0,0.01038159371
2015-08-27,35.98,35.98,0,-0.0008331019161
2015-08-28,36.84,36.84,0,0.02390216787
2015-08-31,37.31,37.31,0,0.01275787188
2015-09-01,36.9,36.9,0,-0.01098901099
2015-09-02,37.28,37.28,0,0.01029810298
2015-09-03,37.18,37.18,0,-0.002682403433
2015-09-04,36.91,36.91,0,-0.0072619688
2015-09-07,36.85,36.85,0,-0.001625575725
2015-09-08,36.84,36.84,0,-0.0002713704206
2015-09-09,38.49,38.49,0,0.04478827362
2015-09-10,38.12,38.12,0,-0.009612886464
2015-09-11,38.26,38.26,0,0.003672612802
2015-09-14,38.11,38.11,0,-0.003920543649
2015-09-15,37.98,37.98,0,-0.003411178168
2015-09-16,38.29,38.29,0,0.008162190627
2015-09-17,39,39,0,0.01854270044
2015-09-18,38.89,38.89,0,-0.002820512821
2015-09-21,38.12,38.12,0,-0.0197994343
2015-09-22,38.3,38.3,0,0.004721930745
2015-09-23,37.48,37.48,0,-0.02140992167
2015-09-24,37.32,37.32,0,-0.004268943436
2015-09-25,37.34,37.34,0,0.0005359056806
2015-09-30,37.18,37.18,0,-0.004284949116
2015-10-01,38.11,38.11,0,0.02501344809
2015-10-02,38.17,38.17,0,0.001574389924
2015-10-05,38.2,38.2,0,0.0007859575583
2015-10-06,38.58,38.58,0,0.009947643979
2015-10-07,38.8,38.8,0,0.005702436496
2015-10-08,38.89,38.89,0,0.002319587629
2015-10-12,39.5,39.5,0,0.01568526614
2015-10-13,39.33,39.33,0,-0.004303797468
2015-10-14,39.14,39.14,0,-0.004830917874
2015-10-15,39.71,39.71,0,0.0145631068
2015-10-16,39.45,39.45,0,-0.006547469151
2015-10-19,39.57,39.57,0,0.003041825095
2015-10-21,39.55,39.55,0,-0.0005054334091
2015-10-22,39.38,39.38,0,-0.004298356511
2015-10-23,39.81,39.81,0,0.01091924835
2015-10-26,40,40,0,0.004772670183
2015-10-27,39.77,39.77,0,-0.00575
2015-10-28,39.5,39.5,0,-0.006789036963
2015-10-29,39.25,39.25,0,-0.006329113924
2015-10-30,39.17,39.17,0,-0.002038216561
2015-11-02,39.17,39.17,0,0
2015-11-03,39.95,39.95,0,0.01991319888
2015-11-04,40.6,40.6,0,0.01627033792
2015-11-05,40.54,40.54,0,-0.001477832512
2015-11-06,39.87,39.87,0,-0.01652688703
2015-11-09,39.64,39.64,0,-0.005768748432
2015-11-10,39.22,39.22,0,-0.01059535822
2015-11-11,38.54,38.54,0,-0.01733809281
2015-11-12,38.35,38.35,0,-0.004929942916
2015-11-13,38.23,38.23,0,-0.003129074316
2015-11-16,37.65,37.65,0,-0.01517133142
2015-11-17,38.74,38.74,0,0.02895086321
2015-11-18,37.97,37.97,0,-0.01987609706
2015-11-19,38.36,38.36,0,0.01027126679
2015-11-20,38.59,38.59,0,0.005995828989
2015-11-24,38.41,38.41,0,-0.004664420834
2015-11-25,38.22,38.22,0,-0.004946628482
2015-11-26,38.74,38.74,0,0.01360544218
2015-11-27,38.32,38.32,0,-0.01084150749
2015-11-30,37.55,37.55,0,-0.02009394572
2015-12-01,38.48,38.48,0,0.02476697736
2015-12-02,38.66,38.66,0,0.004677754678
2015-12-03,38.59,38.59,0,-0.00181065701
2015-12-04,38.14,38.14,0,-0.01166105209
2015-12-07,38.66,38.66,0,0.01363398007
2015-12-08,37.94,37.94,0,-0.01862390067
2015-12-09,37.55,37.55,0,-0.01027938851
2015-12-10,37.43,37.43,0,-0.003195739015
2015-12-11,37,37,0,-0.01148811114
2015-12-14,36.59,36.59,0,-0.01108108108
2015-12-15,36.65,36.65,0,0.001639792293
2015-12-16,37.23,37.23,0,0.01582537517
2015-12-17,37.7,37.7,0,0.01262422777
2015-12-18,37.62,37.62,0,-0.002122015915
2015-12-21,37.45,37.45,0,-0.00451887294
2015-12-22,37.37,37.37,0,-0.002136181575
2015-12-23,37.67,37.67,0,0.00802782981
2015-12-28,37.99,37.99,0,0.008494823467
2015-12-29,37.51,37.51,0,-0.01263490392
2015-12-30,37.33,37.33,0,-0.004798720341
2016-01-04,36.53,36.53,0,-0.02143048486
2016-01-05,36.61,36.61,0,0.002189980838
2016-01-06,35.92,35.92,0,-0.01884730948
2016-01-07,35.2,35.2,0,-0.02004454343
2016-01-08,35.3,35.3,0,0.002840909091
2016-01-11,34.68,34.68,0,-0.01756373938
2016-01-12,35.04,35.04,0,0.01038062284
2016-01-13,35.32,35.32,0,0.00799086758
2016-01-15,34.69,34.69,0,-0.01783691959
2016-01-18,34.95,34.95,0,0.007494955319
2016-01-19,35.05,35.05,0,0.002861230329
2016-01-20,34.41,34.41,0,-0.0182596291
2016-01-21,34.62,34.62,0,0.006102877071
2016-01-22,34.91,34.91,0,0.00837666089
2016-01-25,35.5,35.5,0,0.01690060155
2016-01-26,35.08,35.08,0,-0.01183098592
2016-01-27,35.43,35.43,0,0.009977194983
2016-01-29,36.52,36.52,0,0.03076488851
2016-01-30,36.83,36.83,0,0.008488499452
2016-02-01,36.83,36.83,0,0
2016-02-02,36.73,36.73,0,-0.002715177844
2016-02-03,36.27,36.27,0,-0.01252382249
2016-02-15,36.5,36.5,0,0.006341328922
2016-02-16,37.05,37.05,0,0.01506849315
2016-02-17,37.19,37.19,0,0.003778677463
2016-02-19,37.57,37.57,0,0.01021780048
2016-02-22,37.61,37.61,0,0.001064679265
2016-02-23,37.73,37.73,0,0.003190640787
2016-02-24,37.26,37.26,0,-0.01245693082
2016-02-25,37.56,37.56,0,0.008051529791
2016-02-26,38.07,38.07,0,0.01357827476
2016-03-01,38.17,38.17,0,0.002626740215
2016-03-02,38.73,38.73,0,0.01467120775
2016-03-03,38.8,38.8,0,0.001807384456
2016-03-08,38.85,38.85,0,0.001288659794
2016-03-09,38.76,38.76,0,-0.002316602317
2016-03-10,38.89,38.89,0,0.003353973168
2016-03-11,38.99,38.99,0,0.002571355104
2016-03-15,39.51,39.51,0,0.01333675301
2016-03-16,39.24,39.24,0,-0.006833712984
2016-03-17,39.92,39.92,0,0.01732925586
2016-03-18,39.8,39.8,0,-0.003006012024
2016-03-21,39.8,39.8,0,0
2016-03-22,39.52,39.52,0,-0.007035175879
2016-03-23,39.5,39.5,0,-0.0005060728745
2016-03-24,39.44,39.44,0,-0.001518987342
2016-03-28,39.3,39.3,0,-0.00354969574
2016-03-29,39.34,39.34,0,0.001017811705
2016-03-30,39.59,39.59,0,0.006354855109
2016-03-31,39.94,39.94,0,0.008840616317
2016-04-01,39.16,39.16,0,-0.01952929394
2016-04-06,38.3,38.3,0,-0.02196118488
2016-04-07,38.15,38.15,0,-0.003916449086
2016-04-08,38.31,38.31,0,0.004193971166
2016-04-11,38.53,38.53,0,0.005742625946
2016-04-12,38.6,38.6,0,0.001816766156
2016-04-13,39.13,39.13,0,0.01373056995
2016-04-14,39.23,39.23,0,0.002555583951
2016-04-18,39.22,39.22,0,-0.000254906959
2016-04-19,39.01,39.01,0,-0.005354411015
2016-04-20,38.34,38.34,0,-0.01717508331
2016-04-21,38.47,38.47,0,0.003390714658
2016-04-25,38.62,38.62,0,0.003899142189
2016-04-26,38.77,38.77,0,0.003883997929
2016-04-27,38.88,38.88,0,0.002837245293
2016-04-28,38.18,38.18,0,-0.01800411523
2016-04-29,37.66,37.66,0,-0.01361969618
2016-05-03,37.16,37.16,0,-0.01327668614
2016-05-04,37.08,37.08,0,-0.00215285253
2016-05-05,36.66,36.66,0,-0.01132686084
2016-05-06,36.32,36.32,0,-0.00927441353
2016-05-09,36.15,36.15,0,-0.00468061674
2016-05-10,36.3,36.3,0,0.004149377593
2016-05-11,36.65,36.65,0,0.009641873278
2016-05-13,35.94,35.94,0,-0.01937244202
2016-05-17,36.2,36.2,0,0.007234279354
2016-05-23,37.7,37.7,0,0.04143646409
2016-05-24,37.5,37.5,0,-0.005305039788
2016-05-26,37.8,37.8,0,0.008
2016-05-27,38.11,38.11,0,0.008201058201
2016-05-30,38.44,38.44,0,0.008659144581
2016-05-31,38.39,38.39,0,-0.001300728408
2016-06-01,38.5,38.5,0,0.002865329513
2016-06-02,39.04,39.04,0,0.01402597403
2016-06-03,38.92,38.92,0,-0.003073770492
2016-06-06,39,39,0,0.002055498458
2016-06-07,39.56,39.56,0,0.01435897436
2016-06-08,39.97,39.97,0,0.01036400404
2016-06-13,39.19,39.19,0,-0.01951463598
2016-06-14,39.07,39.07,0,-0.003062005614
2016-06-15,39.27,39.27,0,0.005119017149
2016-06-16,38.5,38.5,0,-0.01960784314
2016-06-17,39.22,39.22,0,0.0187012987
2016-06-21,39.51,39.51,0,0.007394186639
2016-06-22,39.64,39.64,0,0.003290306252
2016-06-23,39.62,39.62,0,-0.0005045408678
2016-06-24,38.15,38.15,0,-0.0371024735
2016-06-28,39.19,39.19,0,0.02726081258
2016-06-29,39.83,39.83,0,0.01633069661
2016-06-30,39.62,39.62,0,-0.005272407733
2016-07-01,40.46,40.46,0,0.02120141343
2016-07-04,40.49,40.49,0,0.0007414730598
2016-07-05,40.4,40.4,0,-0.002222771055
2016-07-06,39.79,39.79,0,-0.0150990099
2016-07-07,40.07,40.07,0,0.007036943956
2016-07-11,41.11,41.11,0,0.02595457949
2016-07-12,41.27,41.27,0,0.003891997081
2016-07-13,41.32,41.32,0,0.001211533802
2016-07-14,41.4,41.4,0,0.001936108422
2016-07-15,41.81,41.81,0,0.009903381643
2016-07-18,42.18,42.18,0,0.008849557522
2016-07-19,42.41,42.41,0,0.005452821242
2016-07-20,42.5,42.5,0,0.002122141004
2016-07-21,42.68,42.68,0,0.004235294118
2016-07-22,42.5,42.5,0,-0.004217432052
2016-07-25,42,42,0,-0.01176470588
2016-07-26,42.64,42.64,0,0.01523809524
2016-07-27,42.77,42.77,0,0.003048780488
2016-07-28,42.95,42.95,0,0.0042085574
2016-07-29,42.69,42.69,0,-0.00605355064
2016-08-01,43.04,43.04,0,0.008198641368
2016-08-02,41.57,41.57,1.685,0.00499535316
2016-08-03,40.7,40.7,0,-0.02092855425
2016-08-05,41.3,41.3,0,0.01474201474
2016-08-08,41.56,41.56,0,0.006295399516
2016-08-09,41.73,41.73,0,0.004090471607
2016-08-10,41.51,41.51,0,-0.00527198658
2016-08-11,41.43,41.43,0,-0.001927246447
2016-08-12,41.56,41.56,0,0.003137822834
2016-08-15,41.44,41.44,0,-0.002887391723
2016-08-16,41.4,41.4,0,-0.0009652509653
2016-08-17,41.35,41.35,0,-0.001207729469
2016-08-18,41.46,41.46,0,0.002660217654
2016-08-22,40.99,40.99,0,-0.01133622769
2016-08-23,41.14,41.14,0,0.003659429129
2016-08-24,41.18,41.18,0,0.0009722897423
2016-08-25,41.5,41.5,0,0.007770762506
2016-08-26,41.43,41.43,0,-0.001686746988
2016-08-29,41.14,41.14,0,-0.006999758629
2016-08-30,41.45,41.45,0,0.007535245503
2016-09-01,40.65,40.65,0,-0.01930036188
2016-09-02,40.87,40.87,0,0.005412054121
2016-09-05,41.65,41.65,0,0.01908490335
2016-09-06,41.92,41.92,0,0.006482593037
2016-09-07,42.48,42.48,0,0.01335877863
2016-09-08,42.31,42.31,0,-0.004001883239
2016-09-10,41.14,41.14,0,-0.02765303711
2016-09-12,40.98,40.98,0,-0.003889158969
2016-09-13,40.57,40.57,0,-0.01000488043
2016-09-14,40.83,40.83,0,0.006408676362
2016-09-19,41.25,41.25,0,0.010286554
2016-09-20,41.95,41.95,0,0.01696969697
2016-09-22,42.22,42.22,0,0.006436233611
2016-09-23,42.51,42.51,0,0.006868782568
2016-09-26,42.11,42.11,0,-0.009409550694
2016-09-29,42.56,42.56,0,0.01068629779
2016-09-30,42.05,42.05,0,-0.01198308271
2016-10-03,42.35,42.35,0,0.007134363853
2016-10-04,42.52,42.52,0,0.004014167651
2016-10-05,42.42,42.42,0,-0.002351834431
2016-10-06,42.27,42.27,0,-0.003536067893
2016-10-07,42.52,42.52,0,0.005914360066
2016-10-11,42.26,42.26,0,-0.00611476952
2016-10-12,42.56,42.56,0,0.0070989115
2016-10-13,42.16,42.16,0,-0.009398496241
2016-10-14,42.37,42.37,0,0.004981024668
2016-10-18,42.36,42.36,0,-0.0002360160491
2016-10-21,42.83,42.83,0,0.01109537299
2016-10-24,42.91,42.91,0,0.001867849638
2016-10-25,43.26,43.26,0,0.008156606852
2016-10-26,42.98,42.98,0,-0.006472491909
2016-10-27,43.02,43.02,0,0.0009306654258
2016-10-31,42.45,42.45,0,-0.01324965132
2016-11-01,42.63,42.63,0,0.004240282686
2016-11-02,42.32,42.32,0,-0.007271874267
2016-11-03,41.9,41.9,0,-0.009924385633
2016-11-08,42.3,42.3,0,0.009546539379
2016-11-09,42.76,42.76,0,0.01087470449
2016-11-10,42.29,42.29,0,-0.01099158092
2016-11-11,41.07,41.07,0,-0.02884842752
2016-11-14,40.85,40.85,0,-0.005356708059
2016-11-15,41.04,41.04,0,0.004651162791
2016-11-16,41.1,41.1,0,0.001461988304
2016-11-17,41.04,41.04,0,-0.001459854015
2016-11-18,41.02,41.02,0,-0.0004873294347
2016-11-22,41.98,41.98,0,0.02340321794
2016-11-23,42.09,42.09,0,0.002620295379
2016-11-25,41.98,41.98,0,-0.002613447375
2016-11-28,42.38,42.38,0,0.009528346832
2016-11-29,42.26,42.26,0,-0.002831524304
2016-12-01,42.23,42.23,0,-0.00070989115
2016-12-02,41.75,41.75,0,-0.01136632726
2016-12-05,41.84,41.84,0,0.002155688623
2016-12-06,42.46,42.46,0,0.01481835564
2016-12-07,42.43,42.43,0,-0.0007065473387
2016-12-08,42.76,42.76,0,0.007777515909
2016-12-09,42.86,42.86,0,0.002338634238
2016-12-13,42.78,42.78,0,-0.001866542231
2016-12-14,42.79,42.79,0,0.0002337540907
2016-12-15,42.52,42.52,0,-0.006309885487
2016-12-16,42.66,42.66,0,0.003292568203
2016-12-19,42.39,42.39,0,-0.006329113924
2016-12-20,42.15,42.15,0,-0.005661712668
2016-12-21,41.96,41.96,0,-0.004507710558
2016-12-22,41.42,41.42,0,-0.01286939943
2016-12-23,41.39,41.39,0,-0.0007242877837
2016-12-26,41.33,41.33,0,-0.001449625513
2016-12-27,41.43,41.43,0,0.002419549964
2016-12-28,41.79,41.79,0,0.008689355539
2016-12-29,41.69,41.69,0,-0.002392916966
2017-01-03,41.99,41.99,0,0.007195970257
2017-01-04,42.22,42.22,0,0.005477494642
2017-01-06,42.64,42.64,0,0.009947891994
2017-01-09,42.58,42.58,0,-0.001407129456
2017-01-10,42.63,42.63,0,0.001174260216
2017-01-11,42.57,42.57,0,-0.001407459536
2017-01-12,42.85,42.85,0,0.006577401926
2017-01-13,42.62,42.62,0,-0.00536756126
2017-01-16,42.13,42.13,0,-0.01149694979
2017-01-17,42.42,42.42,0,0.00688345597
2017-01-18,42.23,42.23,0,-0.004479019331
2017-01-19,42.17,42.17,0,-0.001420790907
2017-01-20,42.3,42.3,0,0.003082760256
2017-01-23,42.66,42.66,0,0.008510638298
2017-01-24,42.98,42.98,0,0.007501172058
2017-02-02,42.76,42.76,0,-0.005118659842
2017-02-03,42.72,42.72,0,-0.000935453695
2017-02-06,42.78,42.78,0,0.001404494382
2017-02-07,43.08,43.08,0,0.007012622721
2017-02-08,42.84,42.84,0,-0.005571030641
2017-02-09,43.42,43.42,0,0.01353874883
2017-02-10,43.62,43.62,0,0.004606172271
2017-02-13,43.8,43.8,0,0.004126547455
2017-02-14,44.13,44.13,0,0.007534246575
2017-02-15,44.23,44.23,0,0.002266032178
2017-02-16,44.23,44.23,0,0
2017-02-17,44.11,44.11,0,-0.002713090662
2017-02-21,43.97,43.97,0,-0.003173883473
2017-02-22,44.18,44.18,0,0.004775983625
2017-02-23,44.17,44.17,0,-0.0002263467632
2017-02-24,43.75,43.75,0,-0.009508716323
2017-03-01,43.6,43.6,0,-0.003428571429
2017-03-02,43.58,43.58,0,-0.0004587155963
2017-03-03,43.46,43.46,0,-0.002753556677
2017-03-06,43.45,43.45,0,-0.0002300966406
2017-03-07,43.56,43.56,0,0.00253164557
2017-03-08,43.75,43.75,0,0.004361799816
2017-03-09,43.58,43.58,0,-0.003885714286
2017-03-10,43.34,43.34,0,-0.005507113355
2017-03-13,43.41,43.41,0,0.001615136133
2017-03-14,43.93,43.93,0,0.01197880673
2017-03-16,44.35,44.35,0,0.009560664694
2017-03-17,44.61,44.61,0,0.005862457723
2017-03-20,44.38,44.38,0,-0.005155794665
2017-03-21,45.04,45.04,0,0.01487156377
2017-03-22,44.71,44.71,0,-0.007326820604
2017-03-23,44.74,44.74,0,0.0006709908298
2017-03-27,44.55,44.55,0,-0.004246759052
2017-03-28,44.77,44.77,0,0.004938271605
2017-03-29,44.54,44.54,0,-0.005137368774
2017-03-30,44.52,44.52,0,-0.0004490345757
2017-03-31,44.32,44.32,0,-0.004492362983
2017-04-05,44.8,44.8,0,0.01083032491
2017-04-06,44.83,44.83,0,0.0006696428571
2017-04-07,44.55,44.55,0,-0.006245817533
2017-04-10,44.36,44.36,0,-0.004264870932
2017-04-11,44.31,44.31,0,-0.001127141569
2017-04-12,44.26,44.26,0,-0.001128413451
2017-04-13,44.6,44.6,0,0.007681879801
2017-04-14,44.18,44.18,0,-0.009417040359
2017-04-17,43.88,43.88,0,-0.006790402897
2017-04-18,44.16,44.16,0,0.006381039198
2017-04-19,43.68,43.68,0,-0.01086956522
2017-04-21,43.74,43.74,0,0.001373626374
2017-04-24,43.99,43.99,0,0.005715592135
2017-04-25,44.39,44.39,0,0.009092975676
2017-04-26,44.65,44.65,0,0.005857175039
2017-04-27,44.47,44.47,0,-0.004031354983
2017-04-28,44.45,44.45,0,-0.0004497413987
2017-05-02,44.98,44.98,0,0.01192350956
2017-05-03,45.07,45.07,0,0.002000889284
2017-05-04,45.16,45.16,0,0.001996893721
2017-05-05,44.94,44.94,0,-0.004871567759
2017-05-08,45.06,45.06,0,0.002670226969
2017-05-09,45.65,45.65,0,0.01309365291
2017-05-10,45.35,45.35,0,-0.006571741512
2017-05-11,45.5,45.5,0,0.003307607497
2017-05-12,45.68,45.68,0,0.003956043956
2017-05-15,45.44,45.44,0,-0.005253940455
2017-05-16,45.6,45.6,0,0.003521126761
2017-05-17,45.52,45.52,0,-0.001754385965
2017-05-19,45.1,45.1,0,-0.009226713533
2017-05-22,45.22,45.22,0,0.00266075388
2017-05-23,45.43,45.43,0,0.004643962848
2017-05-24,45.32,45.32,0,-0.002421307506
2017-05-25,45.79,45.79,0,0.01037069726
2017-05-26,45.92,45.92,0,0.002839047827
2017-05-31,45.72,45.72,0,-0.004355400697
2017-06-01,45.64,45.64,0,-0.001749781277
2017-06-02,45.85,45.85,0,0.004601226994
2017-06-03,46.18,46.18,0,0.00719738277
2017-06-05,46.18,46.18,0,0
2017-06-06,46.2,46.2,0,0.0004330879168
2017-06-07,46.25,46.25,0,0.001082251082
2017-06-08,46.18,46.18,0,-0.001513513514
2017-06-09,46.17,46.17,0,-0.0002165439584
2017-06-12,45.61,45.61,0,-0.01212908815
2017-06-13,45.63,45.63,0,0.0004385003289
2017-06-14,45.76,45.76,0,0.002849002849
2017-06-15,45.55,45.55,0,-0.004589160839
2017-06-16,45.67,45.67,0,0.002634467618
2017-06-19,46.24,46.24,0,0.01248084081
2017-06-20,47.05,47.05,0,0.01751730104
2017-06-21,46.69,46.69,0,-0.007651434644
2017-06-22,47.06,47.06,0,0.007924609124
2017-06-23,47.08,47.08,0,0.0004249893753
2017-06-26,47.39,47.39,0,0.006584536958
2017-06-27,47.8,47.8,0,0.008651614265
2017-06-28,47.42,47.42,0,-0.007949790795
2017-06-29,48.47,48.47,0,0.02214255588
2017-06-30,48.06,48.06,0,-0.00845884052
2017-07-03,48.07,48.07,0,0.0002080732418
2017-07-04,47.98,47.98,0,-0.001872269607
2017-07-05,48.05,48.05,0,0.001458941226
2017-07-06,47.91,47.91,0,-0.002913631634
2017-07-07,47.76,47.76,0,-0.003130870382
2017-07-10,47.88,47.88,0,0.002512562814
2017-07-11,48.39,48.39,0,0.01065162907
2017-07-12,48.53,48.53,0,0.002893159744
2017-07-13,48.95,48.95,0,0.008654440552
2017-07-14,48.75,48.75,0,-0.004085801839
2017-07-17,48.92,48.92,0,0.003487179487
2017-07-18,48.88,48.88,0,-0.0008176614881
2017-07-19,49.2,49.2,0,0.006546644845
2017-07-20,49.11,49.11,0,-0.001829268293
2017-07-24,48.69,48.69,0,-0.008552229688
2017-07-25,48.83,48.83,0,0.002875333744
2017-07-26,48.86,48.86,0,0.0006143764079
2017-07-27,49.08,49.08,0,0.004502660663
2017-07-28,48.76,48.76,0,-0.0065199674
2017-07-31,48.73,48.73,0,-0.0006152584085
2017-08-02,49.26,49.26,0,0.01087625693
2017-08-03,49.31,49.31,0,0.00101502233
2017-08-04,49.18,49.18,0,-0.002636382073
2017-08-07,49.74,49.74,0,0.01138674258
2017-08-08,49.7,49.7,0,-0.0008041817451
2017-08-09,49.58,49.58,0,-0.002414486922
2017-08-10,48.95,48.95,0,-0.01270673659
2017-08-11,48.58,48.58,0,-0.007558733401
2017-08-14,48.61,48.61,0,0.0006175380815
2017-08-15,48.39,48.39,0,-0.004525817733
2017-08-16,48.46,48.46,0,0.001446579872
2017-08-17,48.57,48.57,0,0.002269913331
2017-08-18,48.24,48.24,0,-0.00679431748
2017-08-21,48.39,48.39,0,0.003109452736
2017-08-22,48.85,48.85,0,0.009506096301
2017-08-23,48.88,48.88,0,0.0006141248721
2017-08-24,48.95,48.95,0,0.00143207856
2017-08-25,49.54,49.54,0,0.01205311542
2017-08-28,49.5,49.5,0,-0.0008074283407
2017-08-29,49.06,49.06,0,-0.008888888889
2017-08-30,49.43,49.43,0,0.007541785569
2017-08-31,49.55,49.55,0,0.002427675501
2017-09-01,49.6,49.6,0,0.001009081736
2017-09-04,49.48,49.48,0,-0.002419354839
2017-09-05,49.45,49.45,0,-0.000606305578
2017-09-06,49.35,49.35,0,-0.002022244692
2017-09-07,49.19,49.19,0,-0.003242147923
2017-09-08,49.49,49.49,0,0.006098800569
2017-09-11,49.24,49.24,0,-0.005051525561
2017-09-12,49.54,49.54,0,0.006092607636
2017-09-13,49.26,49.26,0,-0.005651998385
2017-09-14,49.25,49.25,0,-0.0002030044661
2017-09-15,49.26,49.26,0,0.0002030456853
2017-09-18,49.58,49.58,0,0.006496142915
2017-09-19,49.78,49.78,0,0.004033884631
2017-09-22,49.17,49.17,0,-0.01225391724
2017-09-25,48.43,48.43,0,-0.01504982713
2017-09-26,48.13,48.13,0,-0.006194507537
2017-09-27,48.13,48.13,0,0
2017-09-28,48.06,48.06,0,-0.001454394349
2017-09-29,48.04,48.04,0,-0.0004161464836
2017-09-30,48.13,48.13,0,0.001873438801
2017-10-02,48.66,48.66,0,0.01101184293
2017-10-03,48.86,48.86,0,0.004110152076
2017-10-05,49.04,49.04,0,0.003683995088
2017-10-06,48.98,48.98,0,-0.001223491028
2017-10-11,49.96,49.96,0,0.0200081666
2017-10-12,50.2,50.2,0,0.004803843074
2017-10-13,50.25,50.25,0,0.0009960159363
2017-10-16,50.3,50.3,0,0.0009950248756
2017-10-17,50.55,50.55,0,0.004970178926
2017-10-18,50.7,50.7,0,0.00296735905
2017-10-19,50.7,50.7,0,0
2017-10-20,50.4,50.4,0,-0.005917159763
2017-10-24,50.4,50.4,0,0
2017-10-25,50.35,50.35,0,-0.0009920634921
2017-10-26,50.35,50.35,0,0
2017-10-27,50.75,50.75,0,0.007944389275
2017-10-30,51.05,51.05,0,0.005911330049
2017-10-31,50.95,50.95,0,-0.001958863859
2017-11-02,50.8,50.8,0,-0.002944062807
2017-11-03,50.55,50.55,0,-0.004921259843
2017-11-06,50.75,50.75,0,0.003956478734
2017-11-07,50.8,50.8,0,0.0009852216749
2017-11-09,50.85,50.85,0,0.0009842519685
2017-11-13,50.5,50.5,0,-0.006882989184
2017-11-14,50.35,50.35,0,-0.00297029703
2017-11-15,49.9,49.9,0,-0.008937437934
2017-11-16,49.84,49.84,0,-0.00120240481
2017-11-17,50.2,50.2,0,0.007223113965
2017-11-21,50.2,50.2,0,0
2017-11-22,50.85,50.85,0,0.01294820717
2017-11-23,50.85,50.85,0,0
2017-11-24,50.7,50.7,0,-0.002949852507
2017-11-27,50.25,50.25,0,-0.008875739645
2017-11-28,50.1,50.1,0,-0.002985074627
2017-11-30,49.59,49.59,0,-0.01017964072
2017-12-01,49.61,49.61,0,0.0004033071184
2017-12-04,49.29,49.29,0,-0.006450312437
2017-12-05,48.92,48.92,0,-0.00750659363
2017-12-06,48.24,48.24,0,-0.0139002453
2017-12-07,48.06,48.06,0,-0.003731343284
2017-12-08,48.28,48.28,0,0.004577611319
2017-12-11,48.78,48.78,0,0.01035625518
2017-12-12,48.4,48.4,0,-0.007790077901
2017-12-13,48.58,48.58,0,0.003719008264
2017-12-14,49.17,49.17,0,0.0121449156
2017-12-15,48.33,48.33,0,-0.01708358755
2017-12-18,48.51,48.51,0,0.003724394786
2017-12-19,48.77,48.77,0,0.005359719645
2017-12-20,48.5,48.5,0,-0.005536190281
2017-12-22,48.6,48.6,0,0.00206185567
2017-12-25,48.87,48.87,0,0.005555555556
2017-12-26,48.57,48.57,0,-0.006138735421
2017-12-27,48.38,48.38,0,-0.003911879761
2017-12-28,48.82,48.82,0,0.009094667218
2018-01-03,50,50,0,0.02417042196
2018-01-04,50.15,50.15,0,0.003
2018-01-05,50,50,0,-0.002991026919
2018-01-08,50.4,50.4,0,0.008
2018-01-09,50.3,50.3,0,-0.001984126984
2018-01-10,50.2,50.2,0,-0.001988071571
2018-01-11,50.05,50.05,0,-0.002988047809
2018-01-12,50.25,50.25,0,0.003996003996
2018-01-15,50.55,50.55,0,0.005970149254
2018-01-16,50.65,50.65,0,0.001978239367
2018-01-17,50.9,50.9,0,0.004935834156
2018-01-18,51.65,51.65,0,0.01473477407
2018-01-19,51.75,51.75,0,0.001936108422
2018-01-23,52.9,52.9,0,0.02222222222
2018-01-24,52.05,52.05,0,-0.01606805293
2018-01-25,52.45,52.45,0,0.007684918348
2018-01-26,52.05,52.05,0,-0.007626310772
2018-01-29,52.4,52.4,0,0.006724303554
2018-01-30,51.95,51.95,0,-0.00858778626
2018-02-01,52.15,52.15,0,0.00384985563
2018-02-02,51.95,51.95,0,-0.003835091083
2018-02-05,51.15,51.15,0,-0.01539942252
2018-02-06,48.76,48.76,0,-0.04672531769
2018-02-07,49,49,0,0.004922067268
2018-02-08,49,49,0,0
2018-02-09,47.84,47.84,0,-0.02367346939
2018-02-12,48.73,48.73,0,0.01860367893
2018-02-21,49.95,49.95,0,0.02503591217
2018-02-22,49.88,49.88,0,-0.001401401401
2018-02-23,50.25,50.25,0,0.007417802727
2018-02-26,50.4,50.4,0,0.002985074627
2018-02-27,50.65,50.65,0,0.00496031746
2018-03-01,50.25,50.25,0,-0.00789733465
2018-03-05,50.05,50.05,0,-0.003980099502
2018-03-06,50.25,50.25,0,0.003996003996
2018-03-07,50.55,50.55,0,0.005970149254
2018-03-08,50.6,50.6,0,0.0009891196835
2018-03-09,50.95,50.95,0,0.006916996047
2018-03-12,51.35,51.35,0,0.007850834151
2018-03-13,51.95,51.95,0,0.01168451801
2018-03-14,51.9,51.9,0,-0.0009624639076
2018-03-15,51.5,51.5,0,-0.007707129094
2018-03-16,51.15,51.15,0,-0.006796116505
2018-03-19,51.5,51.5,0,0.006842619746
2018-03-20,51.4,51.4,0,-0.001941747573
2018-03-22,51.95,51.95,0,0.01070038911
2018-03-23,50.5,50.5,0,-0.02791145332
2018-03-26,50.4,50.4,0,-0.00198019802
2018-03-27,51.05,51.05,0,0.0128968254
2018-03-28,50.9,50.9,0,-0.002938295788
2018-03-29,50.55,50.55,0,-0.006876227898
2018-03-30,51.3,51.3,0,0.01483679525
2018-03-31,51.3,51.3,0,0
2018-04-03,50.2,50.2,0,-0.02144249513
2018-04-09,50.5,50.5,0,0.005976095618
2018-04-10,50.85,50.85,0,0.006930693069
2018-04-11,51.35,51.35,0,0.009832841691
2018-04-12,51.2,51.2,0,-0.002921129503
2018-04-13,51.2,51.2,0,0
2018-04-16,50.9,50.9,0,-0.005859375
2018-04-17,50.85,50.85,0,-0.0009823182711
2018-04-18,50.45,50.45,0,-0.007866273353
2018-04-19,51.15,51.15,0,0.01387512389
2018-04-23,49.63,49.63,0,-0.02971652004
2018-04-24,48.94,48.94,0,-0.01390288132
2018-04-26,48.91,48.91,0,-0.0006129955047
2018-04-27,48.74,48.74,0,-0.003475771826
2018-04-30,49.31,49.31,0,0.01169470661
2018-05-02,49.26,49.26,0,-0.001013993105
2018-05-03,48.55,48.55,0,-0.01441331709
2018-05-04,48.46,48.46,0,-0.001853759011
2018-05-07,48.63,48.63,0,0.003508047875
2018-05-08,49.31,49.31,0,0.01398313798
2018-05-09,49.57,49.57,0,0.005272764145
2018-05-10,49.79,49.79,0,0.004438168247
2018-05-11,50.25,50.25,0,0.009238802972
2018-05-14,50.6,50.6,0,0.006965174129
2018-05-15,50.5,50.5,0,-0.001976284585
2018-05-16,50.45,50.45,0,-0.0009900990099
2018-05-17,50.3,50.3,0,-0.002973240833
2018-05-18,50.35,50.35,0,0.0009940357853
2018-05-21,50.75,50.75,0,0.007944389275
2018-05-22,50.7,50.7,0,-0.0009852216749
2018-05-23,50.35,50.35,0,-0.006903353057
2018-05-24,50.15,50.15,0,-0.003972194638
2018-05-25,50.4,50.4,0,0.004985044865
2018-05-28,50.45,50.45,0,0.0009920634921
2018-05-29,50.05,50.05,0,-0.00792864222
2018-05-30,49.39,49.39,0,-0.01318681319
2018-05-31,49.68,49.68,0,0.005871633934
2018-06-01,49.9,49.9,0,0.004428341385
2018-06-04,50.5,50.5,0,0.0120240481
2018-06-05,50.65,50.65,0,0.00297029703
2018-06-06,51.25,51.25,0,0.01184600197
2018-06-07,51.4,51.4,0,0.002926829268
2018-06-08,50.85,50.85,0,-0.01070038911
2018-06-11,50.8,50.8,0,-0.0009832841691
2018-06-12,50.5,50.5,0,-0.005905511811
2018-06-13,50.9,50.9,0,0.007920792079
2018-06-14,50.45,50.45,0,-0.00884086444
2018-06-15,50.15,50.15,0,-0.005946481665
2018-06-19,49.58,49.58,0,-0.01136590229
2018-06-20,49.87,49.87,0,0.005849132715
2018-06-21,50.3,50.3,0,0.008622418288
2018-06-22,50.1,50.1,0,-0.003976143141
2018-06-25,49.89,49.89,0,-0.004191616766
2018-06-26,49.48,49.48,0,-0.008218079776
2018-06-27,49.66,49.66,0,0.003637833468
2018-06-28,48.59,48.59,0,-0.02154651631
2018-06-29,49.2,49.2,0,0.01255402346
2018-07-02,49.21,49.21,0,0.0002032520325
2018-07-03,48.86,48.86,0,-0.007112375533
2018-07-04,49.1,49.1,0,0.004911993451
2018-07-05,48.72,48.72,0,-0.007739307536
2018-07-06,48.89,48.89,0,0.003489326765
2018-07-09,49.62,49.62,0,0.01493147883
2018-07-10,50.05,50.05,0,0.00866586054
2018-07-11,49.17,49.17,0,-0.01758241758
2018-07-12,49.92,49.92,0,0.01525320317
2018-07-13,50.3,50.3,0,0.007612179487
2018-07-16,50.5,50.5,0,0.003976143141
2018-07-17,50.2,50.2,0,-0.005940594059
2018-07-18,50.55,50.55,0,0.006972111554
2018-07-19,50.65,50.65,0,0.001978239367
2018-07-20,51.45,51.45,0,0.0157946693
2018-07-23,51.65,51.65,0,0.003887269193
2018-07-24,51.8,51.8,0,0.002904162633
2018-07-25,51.75,51.75,0,-0.0009652509653
2018-07-26,52,52,0,0.004830917874
2018-07-27,52.4,52.4,0,0.007692307692
2018-07-30,52.25,52.25,0,-0.00286259542
2018-07-31,52.25,52.25,0,0
2018-08-01,52.55,52.55,0,0.005741626794
2018-08-02,51.85,51.85,0,-0.013320647
2018-08-03,52.25,52.25,0,0.007714561234
2018-08-06,52.3,52.3,0,0.000956937799
2018-08-07,52.35,52.35,0,0.0009560229446
2018-08-08,52.9,52.9,0,0.01050620821
2018-08-09,52.5,52.5,0,-0.007561436673
2018-08-10,52.2,52.2,0,-0.005714285714
2018-08-13,51.3,51.3,0,-0.01724137931
2018-08-14,51.45,51.45,0,0.002923976608
2018-08-15,51,51,0,-0.008746355685
2018-08-16,51,51,0,0
2018-08-17,50.9,50.9,0,-0.001960784314
2018-08-20,50.9,50.9,0,0
2018-08-21,51.4,51.4,0,0.009823182711
2018-08-22,51.5,51.5,0,0.001945525292
2018-08-23,51.4,51.4,0,-0.001941747573
2018-08-24,51.6,51.6,0,0.003891050584
2018-08-27,51.95,51.95,0,0.006782945736
2018-08-28,52.5,52.5,0,0.01058710298
2018-08-29,53.2,53.2,0,0.01333333333
2018-08-30,53.35,53.35,0,0.002819548872
2018-08-31,52.65,52.65,0,-0.01312089972
2018-09-03,52.35,52.35,0,-0.005698005698
2018-09-04,52.7,52.7,0,0.006685768863
2018-09-05,53,53,0,0.00569259962
2018-09-06,52.75,52.75,0,-0.004716981132
2018-09-07,52.45,52.45,0,-0.005687203791
2018-09-10,52,52,0,-0.008579599619
2018-09-11,51.85,51.85,0,-0.002884615385
2018-09-12,51.65,51.65,0,-0.003857280617
2018-09-13,51.45,51.45,0,-0.003872216844
2018-09-14,52.2,52.2,0,0.01457725948
2018-09-17,51.95,51.95,0,-0.004789272031
2018-09-18,51.6,51.6,0,-0.006737247353
2018-09-19,52.05,52.05,0,0.008720930233
2018-09-20,51.95,51.95,0,-0.001921229587
2018-09-21,52.35,52.35,0,0.007699711261
2018-09-25,52.7,52.7,0,0.006685768863
2018-09-26,52.75,52.75,0,0.0009487666034
2018-09-27,52.9,52.9,0,0.002843601896
2018-09-28,52.5,52.5,0,-0.007561436673
2018-10-01,52.9,52.9,0,0.007619047619
2018-10-02,52.25,52.25,0,-0.01228733459
2018-10-03,52.1,52.1,0,-0.002870813397
2018-10-04,51.35,51.35,0,-0.01439539347
2018-10-05,50.3,50.3,0,-0.02044790652
2018-10-08,49.87,49.87,0,-0.008548707753
2018-10-09,50.05,50.05,0,0.003609384399
2018-10-11,46.69,46.69,0,-0.06713286713
2018-10-12,48.02,48.02,0,0.02848575712
2018-10-15,47.48,47.48,0,-0.01124531445
2018-10-16,47.71,47.71,0,0.004844144903
2018-10-17,48.32,48.32,0,0.01278557954
2018-10-18,47.73,47.73,0,-0.0122102649
2018-10-19,47.66,47.66,0,-0.001466582862
2018-10-22,47.88,47.88,0,0.004616030214
2018-10-23,47.08,47.08,0,-0.01670843776
2018-10-24,47.16,47.16,0,0.001699235344
2018-10-25,45.78,45.78,0,-0.02926208651
2018-10-26,45.39,45.39,0,-0.008519003932
2018-10-29,45.55,45.55,0,0.003525005508
2018-10-30,45.94,45.94,0,0.008562019759
2018-10-31,46.66,46.66,0,0.01567261646
2018-11-01,47.4,47.4,0,0.01585940849
2018-11-02,47.51,47.51,0,0.002320675105
2018-11-05,47.34,47.34,0,-0.003578194064
2018-11-06,47.02,47.02,0,-0.006759611322
2018-11-07,47.3,47.3,0,0.005954912803
2018-11-08,47.72,47.72,0,0.0088794926
2018-11-09,47.02,47.02,0,-0.01466890193
2018-11-12,47.22,47.22,0,0.004253509145
2018-11-13,46.52,46.52,0,-0.01482422702
2018-11-14,46.74,46.74,0,0.004729148753
2018-11-15,46.75,46.75,0,0.0002139495079
2018-11-16,46.59,46.59,0,-0.003422459893
2018-11-19,46.44,46.44,0,-0.003219575016
2018-11-20,45.94,45.94,0,-0.01076658053
2018-11-21,45.72,45.72,0,-0.004788855028
2018-11-22,45.87,45.87,0,0.003280839895
2018-11-23,45.73,45.73,0,-0.003052103772
2018-11-26,46.13,46.13,0,0.008746993221
2018-11-27,46.13,46.13,0,0
2018-11-28,46.76,46.76,0,0.01365705615
2018-11-29,47,47,0,0.005132591959
2018-11-30,47.06,47.06,0,0.001276595745
2018-12-03,48,48,0,0.01997450064
2018-12-04,47.78,47.78,0,-0.004583333333
2018-12-05,46.73,46.73,0,-0.02197572206
2018-12-06,45.67,45.67,0,-0.02268350096
2018-12-07,45.72,45.72,0,0.001094810598
2018-12-10,45.28,45.28,0,-0.009623797025
2018-12-11,45.54,45.54,0,0.00574204947
2018-12-12,46.16,46.16,0,0.01361440492
2018-12-13,46.43,46.43,0,0.005849220104
2018-12-14,45.7,45.7,0,-0.01572259315
2018-12-17,46.04,46.04,0,0.007439824945
2018-12-18,45.63,45.63,0,-0.008905299739
2018-12-19,46.35,46.35,0,0.0157790927
2018-12-20,45.81,45.81,0,-0.01165048544
2018-12-21,45.47,45.47,0,-0.007421960271
2018-12-22,45.24,45.24,0,-0.005058280185
2018-12-24,45.3,45.3,0,0.001326259947
2018-12-25,44.63,44.63,0,-0.01479028698
2018-12-26,44.84,44.84,0,0.004705355142
2018-12-27,45.49,45.49,0,0.01449598573
2018-12-28,45.43,45.43,0,-0.001318971202
2019-01-02,44.98,44.98,0,-0.009905348888
2019-01-03,44.52,44.52,0,-0.01022676745
2019-01-04,43.88,43.88,0,-0.01437556155
2019-01-07,44.84,44.84,0,0.02187784868
2019-01-08,44.75,44.75,0,-0.002007136485
2019-01-09,45.58,45.58,0,0.01854748603
2019-01-10,45.57,45.57,0,-0.0002193944713
2019-01-11,45.85,45.85,0,0.006144393241
2019-01-14,45.45,45.45,0,-0.008724100327
2019-01-15,46,46,0,0.01210121012
2019-01-16,45.91,45.91,0,-0.001956521739
2019-01-17,46.02,46.02,0,0.002395992159
2019-01-18,46.08,46.08,0,0.001303780965
2019-01-21,46.54,46.54,0,0.009982638889
2019-01-22,46.3,46.3,0,-0.005156854319
2019-01-23,46.13,46.13,0,-0.003671706263
2019-01-24,46.24,46.24,0,0.002384565359
2019-01-25,46.98,46.98,0,0.01600346021
2019-01-28,47.1,47.1,0,0.002554278416
2019-01-29,46.56,46.56,0,-0.01146496815
2019-01-30,46.5,46.5,0,-0.001288659794
2019-02-11,47,47,0,0.01075268817
2019-02-12,47.59,47.59,0,0.01255319149
2019-02-13,47.5,47.5,0,-0.001891153604
2019-02-14,47.42,47.42,0,-0.001684210526
2019-02-15,47.27,47.27,0,-0.003163222269
2019-02-18,47.64,47.64,0,0.007827374656
2019-02-19,47.58,47.58,0,-0.001259445844
2019-02-20,47.98,47.98,0,0.008406893653
2019-02-21,48.43,48.43,0,0.009378907878
2019-02-22,48.38,48.38,0,-0.001032417923
2019-02-25,48.85,48.85,0,0.009714758165
2019-02-26,49,49,0,0.00307062436
2019-02-27,48.85,48.85,0,-0.00306122449
2019-03-04,48.4,48.4,0,-0.009211873081
2019-03-05,48.3,48.3,0,-0.002066115702
2019-03-06,48.51,48.51,0,0.004347826087
2019-03-07,48.4,48.4,0,-0.002267573696
2019-03-08,47.91,47.91,0,-0.01012396694
2019-03-11,47.84,47.84,0,-0.001461072845
2019-03-12,48.68,48.68,0,0.01755852843
2019-03-13,48.6,48.6,0,-0.001643385374
2019-03-14,48.49,48.49,0,-0.002263374486
2019-03-15,48.93,48.93,0,0.009074035884
2019-03-18,49.18,49.18,0,0.005109339873
2019-03-19,49.46,49.46,0,0.005693371289
2019-03-20,49.54,49.54,0,0.001617468662
2019-03-21,49.81,49.81,0,0.0054501413
2019-03-22,50,50,0,0.003814495081
2019-03-25,49.34,49.34,0,-0.0132
2019-03-26,49.57,49.57,0,0.004661532225
2019-03-27,49.64,49.64,0,0.001412144442
2019-03-28,49.54,49.54,0,-0.002014504432
2019-03-29,49.88,49.88,0,0.006863140896
2019-04-01,50.6,50.6,0,0.01443464314
2019-04-02,50.55,50.55,0,-0.0009881422925
2019-04-03,50.6,50.6,0,0.0009891196835
2019-04-08,51,51,0,0.00790513834
2019-04-09,51.15,51.15,0,0.002941176471
2019-04-10,51.2,51.2,0,0.0009775171065
2019-04-11,51.05,51.05,0,-0.0029296875
2019-04-12,51.1,51.1,0,0.0009794319295
2019-04-15,51.6,51.6,0,0.009784735812
2019-04-16,51.4,51.4,0,-0.003875968992
2019-04-17,52.2,52.2,0,0.01556420233
2019-04-18,52.3,52.3,0,0.001915708812
2019-04-19,52.35,52.35,0,0.0009560229446
2019-04-22,52.3,52.3,0,-0.0009551098376
2019-04-23,52.5,52.5,0,0.003824091778
2019-04-24,52.5,52.5,0,0
2019-04-25,52.5,52.5,0,0
2019-04-26,52,52,0,-0.009523809524
2019-04-29,52,52,0,0
2019-04-30,52,52,0,0
2019-05-02,52.35,52.35,0,0.006730769231
2019-05-03,52.9,52.9,0,0.01050620821
2019-05-06,51.9,51.9,0,-0.01890359168
2019-05-07,52.6,52.6,0,0.01348747592
2019-05-08,52.5,52.5,0,-0.001901140684
2019-05-09,51.7,51.7,0,-0.01523809524
2019-05-10,51.3,51.3,0,-0.007736943907
2019-05-13,50.7,50.7,0,-0.01169590643
2019-05-14,50.4,50.4,0,-0.005917159763
2019-05-15,50.55,50.55,0,0.002976190476
2019-05-16,50.1,50.1,0,-0.008902077151
2019-05-17,49.57,49.57,0,-0.01057884232
2019-05-20,49.35,49.35,0,-0.004438168247
2019-05-21,49.51,49.51,0,0.003242147923
2019-05-22,49.59,49.59,0,0.001615835185
2019-05-23,48.58,48.58,0,-0.02036700948
2019-05-24,48.76,48.76,0,0.003705228489
2019-05-27,48.63,48.63,0,-0.00266611977
2019-05-28,48.6,48.6,0,-0.0006169031462
2019-05-29,48.32,48.32,0,-0.005761316872
2019-05-30,48.77,48.77,0,0.009312913907
2019-05-31,49.51,49.51,0,0.01517326225
2019-06-03,49.49,49.49,0,-0.0004039587962
2019-06-04,49.28,49.28,0,-0.004243281471
2019-06-05,49.56,49.56,0,0.005681818182
2019-06-06,48.92,48.92,0,-0.01291364003
2019-06-10,49.77,49.77,0,0.01737530662
2019-06-11,50.2,50.2,0,0.008639742817
2019-06-12,50.2,50.2,0,0
2019-06-13,49.93,49.93,0,-0.005378486056
2019-06-14,49.74,49.74,0,-0.003805327458
2019-06-17,49.66,49.66,0,-0.00160836349
2019-06-18,49.73,49.73,0,0.001409585179
2019-06-19,51.1,51.1,0,0.02754876332
2019-06-20,51.1,51.1,0,0
2019-06-21,51.3,51.3,0,0.003913894325
2019-06-24,51.35,51.35,0,0.0009746588694
2019-06-25,50.95,50.95,0,-0.007789678676
2019-06-26,50.75,50.75,0,-0.003925417076
2019-06-27,51.45,51.45,0,0.01379310345
2019-06-28,51.2,51.2,0,-0.004859086492
2019-07-01,52.2,52.2,0,0.01953125
2019-07-02,52,52,0,-0.003831417625
2019-07-03,51.65,51.65,0,-0.006730769231
2019-07-04,51.8,51.8,0,0.002904162633
2019-07-05,51.6,51.6,0,-0.003861003861
2019-07-08,51.5,51.5,0,-0.001937984496
2019-07-09,51.5,51.5,0,0
2019-07-10,52,52,0,0.009708737864
2019-07-11,52.55,52.55,0,0.01057692308
2019-07-12,52.45,52.45,0,-0.001902949572
2019-07-15,52.7,52.7,0,0.004766444233
2019-07-16,52.95,52.95,0,0.004743833017
2019-07-17,52.55,52.55,0,-0.007554296506
2019-07-18,52.5,52.5,0,-0.0009514747859
2019-07-19,53.1,53.1,0,0.01142857143
2019-07-22,53.4,53.4,0,0.005649717514
2019-07-23,53.4,53.4,0,0
2019-07-24,53.45,53.45,0,0.000936329588
2019-07-25,53.55,53.55,0,0.00187090739
2019-07-26,53.45,53.45,0,-0.001867413632
2019-07-29,53.3,53.3,0,-0.002806361085
2019-07-30,53.3,53.3,0,0
2019-07-31,52.95,52.95,0,-0.006566604128
2019-08-01,52.5,52.5,0,-0.008498583569
2019-08-02,51.7,51.7,0,-0.01523809524
2019-08-05,51.05,51.05,0,-0.01257253385
2019-08-06,51,51,0,-0.0009794319295
2019-08-07,50.95,50.95,0,-0.0009803921569
2019-08-08,51.25,51.25,0,0.005888125613
2019-08-12,51.55,51.55,0,0.005853658537
2019-08-13,50.9,50.9,0,-0.01260911736
2019-08-14,51.35,51.35,0,0.00884086444
2019-08-15,50.55,50.55,0,-0.01557935735
2019-08-16,51.3,51.3,0,0.01483679525
2019-08-19,51.55,51.55,0,0.004873294347
2019-08-20,51.7,51.7,0,0.002909796314
2019-08-21,51.85,51.85,0,0.002901353965
2019-08-22,51.6,51.6,0,-0.004821600771
2019-08-23,51.65,51.65,0,0.0009689922481
2019-08-26,50.9,50.9,0,-0.01452081317
2019-08-27,51,51,0,0.001964636542
2019-08-28,51.25,51.25,0,0.004901960784
2019-08-29,51.45,51.45,0,0.003902439024
2019-08-30,52.35,52.35,0,0.01749271137
2019-09-02,52.25,52.25,0,-0.001910219675
2019-09-03,52,52,0,-0.004784688995
2019-09-04,52.2,52.2,0,0.003846153846
2019-09-05,52.9,52.9,0,0.01340996169
2019-09-06,53.2,53.2,0,0.005671077505
2019-09-09,53.35,53.35,0,0.002819548872
2019-09-10,53.2,53.2,0,-0.002811621368
2019-09-11,53.2,53.2,0,0
2019-09-12,53.5,53.5,0,0.005639097744
2019-09-16,53.8,53.8,0,0.005607476636
2019-09-17,53.75,53.75,0,-0.0009293680297
2019-09-18,53.9,53.9,0,0.002790697674
2019-09-19,54.1,54.1,0,0.003710575139
2019-09-20,54,54,0,-0.001848428835
2019-09-23,54,54,0,0
2019-09-24,54.05,54.05,0,0.0009259259259
2019-09-25,53.7,53.7,0,-0.006475485661
2019-09-26,53.95,53.95,0,0.004655493482
2019-09-27,54,54,0,0.0009267840593
2019-10-01,54.5,54.5,0,0.009259259259
2019-10-02,54.5,54.5,0,0
2019-10-03,54.1,54.1,0,-0.007339449541
2019-10-04,54.3,54.3,0,0.003696857671
2019-10-07,54.3,54.3,0,0
2019-10-08,54.7,54.7,0,0.007366482505
2019-10-09,54.6,54.6,0,-0.001828153565
2019-10-14,55.5,55.5,0,0.01648351648
2019-10-15,55.7,55.7,0,0.003603603604
2019-10-16,55.9,55.9,0,0.003590664273
2019-10-17,56.05,56.05,0,0.002683363148
2019-10-18,56,56,0,-0.0008920606601
2019-10-21,55.95,55.95,0,-0.0008928571429
2019-10-22,56.25,56.25,0,0.005361930295
2019-10-23,56.3,56.3,0,0.0008888888889
2019-10-24,56.5,56.5,0,0.003552397869
2019-10-25,56.7,56.7,0,0.003539823009
2019-10-28,56.75,56.75,0,0.0008818342152
2019-10-29,56.95,56.95,0,0.003524229075
2019-10-30,57.05,57.05,0,0.001755926251
2019-10-31,57.25,57.25,0,0.003505696757
2019-11-01,57.2,57.2,0,-0.0008733624454
2019-11-04,58.4,58.4,0,0.02097902098
2019-11-05,58.85,58.85,0,0.007705479452
2019-11-06,59.05,59.05,0,0.003398470688
2019-11-07,58.8,58.8,0,-0.004233700254
2019-11-08,58.8,58.8,0,0
2019-11-11,57.9,57.9,0,-0.01530612245
2019-11-12,58.2,58.2,0,0.00518134715
2019-11-13,58.15,58.15,0,-0.0008591065292
2019-11-14,58.1,58.1,0,-0.0008598452279
2019-11-15,58.6,58.6,0,0.008605851979
2019-11-18,58.85,58.85,0,0.004266211604
2019-11-19,59,59,0,0.002548853016
2019-11-20,59.2,59.2,0,0.003389830508
2019-11-21,58.7,58.7,0,-0.008445945946
2019-11-22,58.7,58.7,0,0
2019-11-25,58.9,58.9,0,0.003407155026
2019-11-26,59.05,59.05,0,0.002546689304
2019-11-27,59.05,59.05,0,0
2019-11-28,59.1,59.1,0,0.0008467400508
2019-11-29,58.25,58.25,0,-0.01438240271
2019-12-02,58.4,58.4,0,0.002575107296
2019-12-03,58.45,58.45,0,0.0008561643836
2019-12-04,58.2,58.2,0,-0.004277159966
2019-12-05,58.65,58.65,0,0.007731958763
2019-12-06,59,59,0,0.005967604433
2019-12-09,59.4,59.4,0,0.006779661017
2019-12-10,58.75,58.75,0,-0.01094276094
2019-12-11,59.4,59.4,0,0.01106382979
2019-12-12,60.8,60.8,0,0.02356902357
2019-12-13,61.5,61.5,0,0.01151315789
2019-12-16,61.4,61.4,0,-0.00162601626
2019-12-17,62.1,62.1,0,0.01140065147
2019-12-18,62.25,62.25,0,0.002415458937
2019-12-19,61.9,61.9,0,-0.00562248996
2019-12-20,61.6,61.6,0,-0.004846526656
2019-12-23,61.6,61.6,0,0
2019-12-24,61.65,61.65,0,0.0008116883117
2019-12-25,61.55,61.55,0,-0.001622060016
2019-12-26,61.65,61.65,0,0.00162469537
2019-12-27,62.15,62.15,0,0.008110300081
2019-12-30,61.95,61.95,0,-0.003218020917
2019-12-31,61.55,61.55,0,-0.006456820016
2020-01-02,62.1,62.1,0,0.008935824533
2020-01-03,61.65,61.65,0,-0.007246376812
2020-01-06,61.25,61.25,0,-0.006488240065
2020-01-07,60.55,60.55,0,-0.01142857143
2020-01-08,60.85,60.85,0,0.004954582989
2020-01-09,61.4,61.4,0,0.009038619556
2020-01-10,61.65,61.65,0,0.004071661238
2020-01-13,62.15,62.15,0,0.008110300081
2020-01-14,62.55,62.55,0,0.006436041834
2020-01-15,62.1,62.1,0,-0.007194244604
2020-01-16,61.75,61.75,0,-0.005636070853
2020-01-17,61.65,61.65,0,-0.001619433198
2020-01-20,62.1,62.1,0,0.007299270073
2020-01-30,58.6,58.6,0,-0.05636070853
2020-01-31,59.25,59.25,0,0.01109215017
2020-02-03,58.25,58.25,0,-0.01687763713
2020-02-04,59.5,59.5,0,0.02145922747
2020-02-05,59.55,59.55,0,0.0008403361345
2020-02-06,60.1,60.1,0,0.009235936188
2020-02-07,59.8,59.8,0,-0.004991680532
2020-02-10,59.5,59.5,0,-0.005016722408
2020-02-11,60.2,60.2,0,0.01176470588
2020-02-12,60.7,60.7,0,0.008305647841
2020-02-13,61,61,0,0.004942339374
2020-02-14,61,61,0,0
2020-02-17,60.4,60.4,0,-0.009836065574
2020-02-18,59.8,59.8,0,-0.009933774834
2020-02-19,60.3,60.3,0,0.008361204013
2020-02-20,60.35,60.35,0,0.0008291873964
2020-02-21,60,60,0,-0.0057995029
2020-02-24,59.25,59.25,0,-0.0125
2020-02-25,59.2,59.2,0,-0.0008438818565
2020-02-26,58.7,58.7,0,-0.008445945946
2020-02-27,57.85,57.85,0,-0.01448040886
2020-03-02,57.5,57.5,0,-0.006050129646
2020-03-03,58.3,58.3,0,0.01391304348
2020-03-04,58.3,58.3,0,0
2020-03-05,59.05,59.05,0,0.012864494
2020-03-06,57.8,57.8,0,-0.02116850127
2020-03-09,56.4,56.4,0,-0.02422145329
2020-03-10,56,56,0,-0.007092198582
2020-03-11,56.1,56.1,0,0.001785714286
2020-03-12,53.45,53.45,0,-0.04723707665
2020-03-13,52.3,52.3,0,-0.02151543499
2020-03-16,50.5,50.5,0,-0.034416826
2020-03-17,49.25,49.25,0,-0.02475247525
2020-03-18,48.35,48.35,0,-0.01827411168
2020-03-19,44.63,44.63,0,-0.07693898656
2020-03-20,47.72,47.72,0,0.06923593995
2020-03-23,46.23,46.23,0,-0.03122380553
2020-03-24,48.61,48.61,0,0.05148172183
2020-03-25,50.1,50.1,0,0.03065212919
2020-03-26,50.2,50.2,0,0.001996007984
2020-03-27,50.25,50.25,0,0.0009960159363
2020-03-30,49.4,49.4,0,-0.01691542289
2020-03-31,50.15,50.15,0,0.01518218623
2020-04-01,49.93,49.93,0,-0.004386839482
2020-04-06,50.3,50.3,0,0.007410374524
2020-04-07,51.3,51.3,0,0.01988071571
2020-04-08,51.9,51.9,0,0.01169590643
2020-04-09,52,52,0,0.001926782274
2020-04-10,51.9,51.9,0,-0.001923076923
2020-04-13,51.8,51.8,0,-0.001926782274
2020-04-14,52.8,52.8,0,0.01930501931
2020-04-15,53.4,53.4,0,0.01136363636
2020-04-16,53.3,53.3,0,-0.001872659176
2020-04-17,54.6,54.6,0,0.0243902439
2020-04-20,54.6,54.6,0,0
2020-04-21,53.1,53.1,0,-0.02747252747
2020-04-22,52.8,52.8,0,-0.005649717514
2020-04-23,53.1,53.1,0,0.005681818182
2020-04-24,53,53,0,-0.001883239171
2020-04-27,54,54,0,0.01886792453
2020-04-28,54,54,0,0
2020-04-29,54.7,54.7,0,0.01296296296
2020-04-30,56.1,56.1,0,0.02559414991
2020-05-04,54.7,54.7,0,-0.02495543672
2020-05-05,54.7,54.7,0,0
2020-05-06,54.75,54.75,0,0.0009140767824
2020-05-07,55.3,55.3,0,0.0100456621
2020-05-08,55.6,55.6,0,0.005424954792
2020-05-11,56.25,56.25,0,0.01169064748
2020-05-12,55.3,55.3,0,-0.01688888889
2020-05-13,55.6,55.6,0,0.005424954792
2020-05-14,55.1,55.1,0,-0.008992805755
2020-05-15,55.3,55.3,0,0.003629764065
2020-05-18,54.85,54.85,0,-0.008137432188
2020-05-19,55.25,55.25,0,0.007292616226
2020-05-20,55.25,55.25,0,0
2020-05-21,55.8,55.8,0,0.009954751131
2020-05-22,54.85,54.85,0,-0.01702508961
2020-05-25,54.85,54.85,0,0
2020-05-26,55.9,55.9,0,0.01914311759
2020-05-27,55.9,55.9,0,0
2020-05-28,55.6,55.6,0,-0.005366726297
2020-05-29,55.8,55.8,0,0.003597122302
2020-06-01,56.15,56.15,0,0.006272401434
2020-06-02,56.45,56.45,0,0.005342831701
2020-06-03,57.2,57.2,0,0.01328609389
2020-06-04,57.75,57.75,0,0.009615384615
2020-06-05,58.2,58.2,0,0.007792207792
2020-06-08,59.2,59.2,0,0.01718213058
2020-06-09,59.25,59.25,0,0.0008445945946
2020-06-10,59.65,59.65,0,0.006751054852
2020-06-11,59.25,59.25,0,-0.006705783738
2020-06-12,58.25,58.25,0,-0.01687763713
2020-06-15,58.2,58.2,0,-0.0008583690987
2020-06-16,58.7,58.7,0,0.008591065292
2020-06-17,58.55,58.55,0,-0.002555366269
2020-06-18,58.75,58.75,0,0.00341588386
2020-06-19,59,59,0,0.004255319149
2020-06-22,59.05,59.05,0,0.0008474576271
2020-06-23,59.25,59.25,0,0.003386960203
2020-06-24,59.65,59.65,0,0.006751054852
2020-06-29,58.95,58.95,0,-0.01173512154
2020-06-30,59.3,59.3,0,0.005937234945
2020-07-01,60.1,60.1,0,0.01349072513
2020-07-02,60.5,60.5,0,0.006655574043
2020-07-03,61.35,61.35,0,0.01404958678
2020-07-06,62.35,62.35,0,0.0162999185
2020-07-07,63,63,0,0.01042502005
2020-07-08,63.05,63.05,0,0.0007936507937
2020-07-09,63.4,63.4,0,0.005551149881
2020-07-10,63.2,63.2,0,-0.003154574132
2020-07-13,63.5,63.5,0,0.004746835443
2020-07-14,63.5,63.5,0,0
2020-07-15,64.1,64.1,0,0.009448818898
2020-07-16,63.4,63.4,0,-0.01092043682
2020-07-17,63.95,63.95,0,0.008675078864
2020-07-20,63.9,63.9,0,-0.0007818608288
2020-07-21,65.65,65.65,0,0.02738654147
2020-07-22,65.85,65.85,0,0.003046458492
2020-07-23,65.55,65.55,0,-0.004555808656
2020-07-24,65.45,65.45,0,-0.001525553013
2020-07-27,67.9,67.9,0,0.03743315508
2020-07-28,68.8,68.8,0,0.01325478645
2020-07-29,68.25,68.25,0,-0.007994186047
2020-07-30,68.65,68.65,0,0.005860805861
2020-07-31,68.45,68.45,0,-0.002913328478
2020-08-03,67.25,67.25,0,-0.01753104456
2020-08-04,68.25,68.25,0,0.01486988848
2020-08-05,68.75,68.75,0,0.007326007326
2020-08-06,69.45,69.45,0,0.01018181818
2020-08-07,68.95,68.95,0,-0.007199424046
2020-08-10,69.4,69.4,0,0.006526468455
2020-08-11,69.25,69.25,0,-0.002161383285
2020-08-12,68.1,68.1,0,-0.01660649819
2020-08-13,68.65,68.65,0,0.008076358297
2020-08-14,68.75,68.75,0,0.001456664239
2020-08-17,69.5,69.5,0,0.01090909091
2020-08-18,69.35,69.35,0,-0.002158273381
2020-08-19,68.9,68.9,0,-0.006488824802
2020-08-20,66.2,66.2,0,-0.03918722787
2020-08-21,67.35,67.35,0,0.01737160121
2020-08-24,67.95,67.95,0,0.008908685969
2020-08-25,68.5,68.5,0,0.008094186902
2020-08-26,68.7,68.7,0,0.002919708029
2020-08-27,68.65,68.65,0,-0.0007278020378
2020-08-28,67.8,67.8,0,-0.01238164603
2020-08-31,67.7,67.7,0,-0.001474926254
2020-09-01,67.9,67.9,0,0.002954209749
2020-09-02,67.5,67.5,0,-0.0058910162
2020-09-03,68.1,68.1,0,0.008888888889
2020-09-04,67.45,67.45,0,-0.009544787078
2020-09-07,67.6,67.6,0,0.002223869533
2020-09-08,67.8,67.8,0,0.002958579882
2020-09-09,67.2,67.2,0,-0.008849557522
2020-09-10,67.85,67.85,0,0.009672619048
2020-09-11,67.8,67.8,0,-0.0007369196758
2020-09-14,68.75,68.75,0,0.01401179941
2020-09-15,69,69,0,0.003636363636
2020-09-16,70,70,0,0.01449275362
2020-09-17,69.3,69.3,0,-0.01
2020-09-18,69.2,69.2,0,-0.001443001443
2020-09-21,68.8,68.8,0,-0.005780346821
2020-09-22,67.9,67.9,0,-0.01308139535
2020-09-23,67.5,67.5,0,-0.0058910162
2020-09-24,66.05,66.05,0,-0.02148148148
2020-09-25,65.55,65.55,0,-0.00757002271
2020-09-28,67.3,67.3,0,0.02669717773
2020-09-29,67.15,67.15,0,-0.002228826152
2020-09-30,67.4,67.4,0,0.003723008191
2020-10-05,67.5,67.5,0,0.001483679525
2020-10-06,68.4,68.4,0,0.01333333333
2020-10-07,68.8,68.8,0,0.005847953216
2020-10-08,69.6,69.6,0,0.01162790698
2020-10-12,70.25,70.25,0,0.00933908046
2020-10-13,70.4,70.4,0,0.002135231317
2020-10-14,70.25,70.25,0,-0.002130681818
2020-10-15,69.75,69.75,0,-0.007117437722
2020-10-16,69.65,69.65,0,-0.001433691756
2020-10-19,70,70,0,0.005025125628
2020-10-20,70,70,0,0
2020-10-21,69.8,69.8,0,-0.002857142857
2020-10-22,69.85,69.85,0,0.0007163323782
2020-10-23,69.75,69.75,0,-0.001431639227
2020-10-26,69.95,69.95,0,0.002867383513
2020-10-27,69.6,69.6,0,-0.005003573981
2020-10-28,69.2,69.2,0,-0.005747126437
2020-10-29,68.4,68.4,0,-0.01156069364
2020-10-30,67.9,67.9,0,-0.00730994152
2020-11-02,67.75,67.75,0,-0.002209131075
2020-11-03,68.7,68.7,0,0.01402214022
2020-11-04,69.6,69.6,0,0.01310043668
2020-11-05,69.9,69.9,0,0.004310344828
2020-11-06,70.3,70.3,0,0.005722460658
2020-11-09,71.05,71.05,0,0.0106685633
2020-11-10,70.7,70.7,0,-0.004926108374
2020-11-11,71.7,71.7,0,0.01414427157
2020-11-12,71.8,71.8,0,0.001394700139
2020-11-13,71.8,71.8,0,0
2020-11-16,73.7,73.7,0,0.02646239554
2020-11-17,74.3,74.3,0,0.008141112619
2020-11-18,75.15,75.15,0,0.01144010767
2020-11-19,75.1,75.1,0,-0.0006653359947
2020-11-20,74.9,74.9,0,-0.002663115846
2020-11-23,75.8,75.8,0,0.01201602136
2020-11-24,75.6,75.6,0,-0.002638522427
2020-11-25,74.85,74.85,0,-0.009920634921
2020-11-26,75.1,75.1,0,0.00334001336
2020-11-27,75.15,75.15,0,0.0006657789614
2020-11-30,75,75,0,-0.001996007984
2020-12-01,75.1,75.1,0,0.001333333333
2020-12-02,75.9,75.9,0,0.01065246338
2020-12-03,76.25,76.25,0,0.004611330698
2020-12-04,76.8,76.8,0,0.007213114754
2020-12-07,77.85,77.85,0,0.013671875
2020-12-08,78.55,78.55,0,0.00899165061
2020-12-09,79,79,0,0.005728835137
2020-12-10,78,78,0,-0.01265822785
2020-12-11,77.65,77.65,0,-0.004487179487
2020-12-14,77.95,77.95,0,0.003863490019
2020-12-15,77.2,77.2,0,-0.009621552277
2020-12-16,78.15,78.15,0,0.01230569948
2020-12-17,78.05,78.05,0,-0.001279590531
2020-12-18,78.15,78.15,0,0.001281229981
2020-12-21,78.45,78.45,0,0.003838771593
2020-12-22,78.7,78.7,0,0.003186743149
2020-12-23,78.1,78.1,0,-0.007623888183
2020-12-24,78.25,78.25,0,0.001920614597
2020-12-25,78.55,78.55,0,0.003833865815
2020-12-28,79.1,79.1,0,0.007001909612
2020-12-29,79.6,79.6,0,0.006321112516
2020-12-30,80.2,80.2,0,0.007537688442
2020-12-31,80.4,80.4,0,0.002493765586
2021-01-04,81.55,81.55,0,0.01430348259
2021-01-05,82.2,82.2,0,0.007970570202
2021-01-06,82.55,82.55,0,0.004257907543
2021-01-07,84.5,84.5,0,0.02362204724
2021-01-08,86.3,86.3,0,0.02130177515
2021-01-11,87,87,0,0.008111239861
2021-01-12,86.5,86.5,0,-0.005747126437
2021-01-13,88.55,88.55,0,0.02369942197
2021-01-14,88.2,88.2,0,-0.00395256917
2021-01-15,88.1,88.1,0,-0.001133786848
2021-01-18,87.75,87.75,0,-0.003972758229
2021-01-19,90.45,90.45,0,0.03076923077
2021-01-20,90.15,90.15,0,-0.003316749585
2021-01-21,93.5,93.5,0,0.03716028841
2021-01-22,92.2,92.2,0,-0.01390374332
2021-01-25,90.8,90.8,0,-0.01518438178
2021-01-26,89.45,89.45,0,-0.01486784141
2021-01-27,89.2,89.2,0,-0.002794857462
2021-01-28,87.1,87.1,0,-0.0235426009
2021-01-29,86.85,86.85,0,-0.002870264064
2021-02-01,87.4,87.4,0,0.006332757628
2021-02-02,90.3,90.3,0,0.03318077803
2021-02-03,90.6,90.6,0,0.003322259136
2021-02-04,89.7,89.7,0,-0.009933774834
2021-02-05,90,90,0,0.003344481605
2021-02-17,93.5,93.5,0,0.03888888889
2021-02-18,93.8,93.8,0,0.00320855615
2021-02-19,93.05,93.05,0,-0.007995735608
2021-02-22,93.3,93.3,0,0.002686727566
2021-02-23,93,93,0,-0.003215434084
2021-02-24,91.5,91.5,0,-0.01612903226
2021-02-25,92.3,92.3,0,0.008743169399
2021-02-26,89.5,89.5,0,-0.03033586132
2021-03-02,89.25,89.25,0,-0.002793296089
2021-03-03,90.8,90.8,0,0.01736694678
2021-03-04,89.25,89.25,0,-0.01707048458
2021-03-05,88.4,88.4,0,-0.009523809524
2021-03-08,88.65,88.65,0,0.002828054299
2021-03-09,88.1,88.1,0,-0.006204173717
2021-03-10,88.5,88.5,0,0.004540295119
2021-03-11,90.5,90.5,0,0.02259887006
2021-03-12,90.7,90.7,0,0.002209944751
2021-03-15,90.85,90.85,0,0.001653803749
2021-03-16,91.15,91.15,0,0.003302146395
2021-03-17,90.35,90.35,0,-0.008776741635
2021-03-18,91.1,91.1,0,0.008301051467
2021-03-19,89.75,89.75,0,-0.01481888035
2021-03-22,90.15,90.15,0,0.004456824513
2021-03-23,90.25,90.25,0,0.001109262341
2021-03-24,88.9,88.9,0,-0.01495844875
2021-03-25,89.15,89.15,0,0.002812148481
2021-03-26,90.4,90.4,0,0.01402131239
2021-03-29,91.7,91.7,0,0.01438053097
2021-03-30,91.65,91.65,0,-0.0005452562704
2021-03-31,91.25,91.25,0,-0.004364429896
2021-04-01,91.6,91.6,0,0.003835616438
2021-04-06,92.95,92.95,0,0.01473799127
2021-04-07,93.15,93.15,0,0.002151694459
2021-04-08,93.4,93.4,0,0.002683843264
2021-04-09,93.45,93.45,0,0.0005353319058
2021-04-12,93.15,93.15,0,-0.003210272873
2021-04-13,93.05,93.05,0,-0.001073537305
2021-04-14,93.1,93.1,0,0.0005373455132
2021-04-15,94.15,94.15,0,0.01127819549
2021-04-16,94.15,94.15,0,0
2021-04-19,94.7,94.7,0,0.005841741901
2021-04-20,94.45,94.45,0,-0.002639915523
2021-04-21,94.2,94.2,0,-0.002646903123
2021-04-22,93.85,93.85,0,-0.003715498938
2021-04-23,94.4,94.4,0,0.005860415557
2021-04-26,96,96,0,0.01694915254
2021-04-27,96.25,96.25,0,0.002604166667
2021-04-28,95.7,95.7,0,-0.005714285714
2021-04-29,96,96,0,0.003134796238
2021-05-03,94.05,94.05,0,-0.0203125
2021-05-04,92.75,92.75,0,-0.01382243488
2021-05-05,92.45,92.45,0,-0.003234501348
2021-05-06,92.55,92.55,0,0.001081665765
2021-05-07,94.25,94.25,0,0.01836844949
2021-05-10,93.65,93.65,0,-0.006366047745
2021-05-11,90.15,90.15,0,-0.03737319808
2021-05-12,85.8,85.8,0,-0.04825291181
2021-05-13,86,86,0,0.002331002331
2021-05-14,86.8,86.8,0,0.009302325581
2021-05-17,84.45,84.45,0,-0.02707373272
2021-05-18,89,89,0,0.05387803434
2021-05-19,89.2,89.2,0,0.002247191011
2021-05-20,88,88,0,-0.0134529148
2021-05-21,89.4,89.4,0,0.01590909091
2021-05-24,89.6,89.6,0,0.002237136465
2021-05-25,91.25,91.25,0,0.01841517857
2021-05-26,91.1,91.1,0,-0.001643835616
2021-05-27,90.85,90.85,0,-0.002744237102
2021-05-28,92.15,92.15,0,0.01430930105
2021-05-31,93.25,93.25,0,0.01193705914
2021-06-01,93.85,93.85,0,0.006434316354
2021-06-02,93.4,93.4,0,-0.004794885456
2021-06-03,93.5,93.5,0,0.001070663812
2021-06-04,93,93,0,-0.005347593583
2021-06-07,92.7,92.7,0,-0.003225806452
2021-06-08,92.95,92.95,0,0.002696871629
2021-06-09,92,92,0,-0.01022054868
2021-06-10,93.15,93.15,0,0.0125
2021-06-11,94.05,94.05,0,0.009661835749
2021-06-15,94.8,94.8,0,0.007974481659
2021-06-16,94.6,94.6,0,-0.002109704641
2021-06-17,94.05,94.05,0,-0.005813953488
2021-06-18,94.4,94.4,0,0.003721424774
2021-06-21,92.15,92.15,0,-0.02383474576
2021-06-22,92.3,92.3,0,0.001627780792
2021-06-23,93.3,93.3,0,0.01083423619
2021-06-24,93.75,93.75,0,0.004823151125
2021-06-25,94.05,94.05,0,0.0032
2021-06-28,94.05,94.05,0,0
2021-06-29,94.7,94.7,0,0.006911217438
2021-06-30,95.45,95.45,0,0.007919746568
2021-07-01,94.95,94.95,0,-0.005238344683
2021-07-02,94.65,94.65,0,-0.003159557662
2021-07-05,95.7,95.7,0,0.01109350238
2021-07-06,96.05,96.05,0,0.003657262278
2021-07-07,95.65,95.65,0,-0.004164497657
2021-07-08,95.4,95.4,0,-0.002613695766
2021-07-09,94.15,94.15,0,-0.01310272537
2021-07-12,95.2,95.2,0,0.01115241636
2021-07-13,96.5,96.5,0,0.01365546218
2021-07-14,96.1,96.1,0,-0.00414507772
2021-07-15,96.85,96.85,0,0.007804370447
2021-07-16,95.7,95.7,0,-0.01187403201
2021-07-19,94.85,94.85,0,-0.008881922675
2021-07-20,93.85,93.85,0,-0.01054296257
2021-07-21,93.4,93.4,0,-0.004794885456
2021-07-22,94.35,94.35,0,0.01017130621
2021-07-23,94.25,94.25,0,-0.001059883413
2021-07-26,93.8,93.8,0,-0.004774535809
2021-07-27,93.35,93.35,0,-0.004797441365
2021-07-28,92.25,92.25,0,-0.01178361007
2021-07-29,93.25,93.25,0,0.0108401084
2021-07-30,93.75,93.75,0,0.005361930295
2021-08-02,94.4,94.4,0,0.006933333333
2021-08-03,94.85,94.85,0,0.004766949153
2021-08-04,95.55,95.55,0,0.007380073801
2021-08-05,95.8,95.8,0,0.002616431188
2021-08-06,95.5,95.5,0,-0.003131524008
2021-08-09,94.8,94.8,0,-0.007329842932
2021-08-10,94.65,94.65,0,-0.001582278481
2021-08-11,93.65,93.65,0,-0.01056524036
2021-08-12,93.8,93.8,0,0.001601708489
2021-08-13,93.05,93.05,0,-0.007995735608
2021-08-16,92.55,92.55,0,-0.005373455132
2021-08-17,91.9,91.9,0,-0.007023230686
2021-08-18,91.75,91.75,0,-0.001632208923
2021-08-19,89.95,89.95,0,-0.01961852861
2021-08-20,90.05,90.05,0,0.001111728738
2021-08-23,91.65,91.65,0,0.01776790672
2021-08-24,91.9,91.9,0,0.002727768685
2021-08-25,93.05,93.05,0,0.01251360174
2021-08-26,93.7,93.7,0,0.006985491671
2021-08-27,94.5,94.5,0,0.008537886873
2021-08-30,95.25,95.25,0,0.007936507937
2021-08-31,96.25,96.25,0,0.01049868766
2021-09-01,96.6,96.6,0,0.003636363636
2021-09-02,96.15,96.15,0,-0.004658385093
2021-09-03,97.15,97.15,0,0.01040041602
2021-09-06,98,98,0,0.008749356665
2021-09-07,97.1,97.1,0,-0.009183673469
2021-09-08,96.1,96.1,0,-0.01029866117
2021-09-09,96.1,96.1,0,0
2021-09-10,96.85,96.85,0,0.007804370447
2021-09-13,96.8,96.8,0,-0.0005162622612
2021-09-14,96.95,96.95,0,0.001549586777
2021-09-15,96.45,96.45,0,-0.005157297576
2021-09-16,95.8,95.8,0,-0.006739243131
2021-09-17,96.5,96.5,0,0.007306889353
2021-09-22,93.65,93.65,0,-0.02953367876
2021-09-23,94.45,94.45,0,0.008542445275
2021-09-24,95.2,95.2,0,0.00794070937
2021-09-27,95.5,95.5,0,0.003151260504
2021-09-28,94.7,94.7,0,-0.008376963351
2021-09-29,92.8,92.8,0,-0.02006335797
2021-09-30,93.35,93.35,0,0.005926724138
2021-10-01,91.2,91.2,0,-0.0230316015
2021-10-04,90.75,90.75,0,-0.004934210526
2021-10-05,90.5,90.5,0,-0.002754820937
2021-10-06,90.55,90.55,0,0.0005524861878
2021-10-07,91.95,91.95,0,0.01546107123
2021-10-08,91.65,91.65,0,-0.003262642741
2021-10-12,90.6,90.6,0,-0.01145662848
2021-10-13,90.5,90.5,0,-0.001103752759
2021-10-14,90.65,90.65,0,0.001657458564
2021-10-15,92.75,92.75,0,0.02316602317
2021-10-18,92.75,92.75,0,0
2021-10-19,93.4,93.4,0,0.007008086253
2021-10-20,93.45,93.45,0,0.0005353319058
2021-10-21,93.5,93.5,0,0.0005350454789
2021-10-22,93.45,93.45,0,-0.0005347593583
2021-10-25,93.45,93.45,0,0
2021-10-26,93.9,93.9,0,0.00481540931
2021-10-27,94,94,0,0.001064962726
2021-10-28,93.85,93.85,0,-0.001595744681
2021-10-29,93.55,93.55,0,-0.003196590304
2021-11-01,93.7,93.7,0,0.001603420631
2021-11-02,93.95,93.95,0,0.002668089648
2021-11-03,94.1,94.1,0,0.001596593933
2021-11-04,94.35,94.35,0,0.00265674814
2021-11-05,94.9,94.9,0,0.005829358771
2021-11-08,95.6,95.6,0,0.007376185458
2021-11-09,96.75,96.75,0,0.0120292887
2021-11-10,96.25,96.25,0,-0.005167958656
2021-11-11,95.95,95.95,0,-0.003116883117
2021-11-12,96.2,96.2,0,0.00260552371
2021-11-15,96.9,96.9,0,0.007276507277
2021-11-16,97.1,97.1,0,0.002063983488
2021-11-17,97.5,97.5,0,0.00411946447
2021-11-18,98.05,98.05,0,0.005641025641
2021-11-19,98.25,98.25,0,0.002039775625
2021-11-22,98.15,98.15,0,-0.001017811705
2021-11-23,97.4,97.4,0,-0.007641365257
2021-11-24,96.75,96.75,0,-0.006673511294
2021-11-25,96.9,96.9,0,0.001550387597
2021-11-26,95.15,95.15,0,-0.01805985552
2021-11-29,95.45,95.45,0,0.003152916448
2021-11-30,95.25,95.25,0,-0.002095337873
2021-12-01,96.5,96.5,0,0.01312335958
2021-12-02,97.45,97.45,0,0.009844559585
2021-12-03,97.55,97.55,0,0.001026167265
2021-12-06,97.5,97.5,0,-0.0005125576627
2021-12-07,97.3,97.3,0,-0.002051282051
2021-12-08,98.15,98.15,0,0.008735868448
2021-12-09,97.75,97.75,0,-0.004075394804
2021-12-10,97.8,97.8,0,0.0005115089514
2021-12-13,97.95,97.95,0,0.001533742331
2021-12-14,96.55,96.55,0,-0.01429300664
2021-12-15,96.7,96.7,0,0.001553599171
2021-12-16,97.5,97.5,0,0.008273009307
2021-12-17,97.65,97.65,0,0.001538461538
2021-12-20,97.1,97.1,0,-0.005632360471
2021-12-21,97.6,97.6,0,0.005149330587
2021-12-22,97.8,97.8,0,0.002049180328
2021-12-23,98.4,98.4,0,0.006134969325
2021-12-24,98.65,98.65,0,0.002540650407
2021-12-27,99.2,99.2,0,0.005575266092
2021-12-28,100.1,100.1,0,0.009072580645
2021-12-29,100.45,100.45,0,0.003496503497
2021-12-30,100.4,100.4,0,-0.0004977600796
2022-01-03,100.75,100.75,0,0.003486055777
2022-01-04,102.45,102.45,0,0.01687344913
2022-01-05,102.25,102.25,0,-0.001952171791
2022-01-06,101.45,101.45,0,-0.00782396088
2022-01-07,100.45,100.45,0,-0.009857072449
2022-01-10,101.05,101.05,0,0.005973120956
2022-01-11,101.2,101.2,0,0.001484413657
2022-01-12,101.9,101.9,0,0.006916996047
2022-01-13,102.65,102.65,0,0.007360157017
2022-01-14,102.7,102.7,0,0.0004870920604
2022-01-17,103.65,103.65,0,0.009250243427
2022-01-18,103.2,103.2,0,-0.004341534009
2022-01-19,101.5,101.5,0,-0.01647286822
2022-01-20,101.75,101.75,0,0.002463054187
2022-01-21,99.5,99.5,0,-0.02211302211
2022-01-24,100.4,100.4,0,0.009045226131
2022-01-25,98.8,98.8,0,-0.01593625498
2022-01-26,98.9,98.9,0,0.001012145749
2022-02-07,99.2,99.2,0,0.003033367037
2022-02-08,99.75,99.75,0,0.005544354839
2022-02-09,99.85,99.85,0,0.001002506266
2022-02-10,101.4,101.4,0,0.01552328493
2022-02-11,101.25,101.25,0,-0.001479289941
2022-02-14,99.55,99.55,0,-0.01679012346
2022-02-15,99.6,99.6,0,0.0005022601708
2022-02-16,100.4,100.4,0,0.008032128514
2022-02-17,100.85,100.85,0,0.004482071713
2022-02-18,100.75,100.75,0,-0.0009915716411
2022-02-21,100.5,100.5,0,-0.002481389578
2022-02-22,99,99,0,-0.01492537313
2022-02-23,99.25,99.25,0,0.002525252525
2022-02-24,97.05,97.05,0,-0.02216624685
2022-02-25,96.7,96.7,0,-0.00360638846
2022-03-01,98.2,98.2,0,0.01551189245
2022-03-02,97.75,97.75,0,-0.004582484725
2022-03-03,97.9,97.9,0,0.001534526854
2022-03-04,96.85,96.85,0,-0.01072522983
2022-03-07,93.5,93.5,0,-0.0345895715
2022-03-08,91.65,91.65,0,-0.01978609626
2022-03-09,92.55,92.55,0,0.009819967267
2022-03-10,95,95,0,0.0264721772
2022-03-11,94.05,94.05,0,-0.01
2022-03-14,93.7,93.7,0,-0.003721424774
2022-03-15,91.9,91.9,0,-0.01921024546
2022-03-16,92.2,92.2,0,0.003264417845
2022-03-17,95.05,95.05,0,0.03091106291
2022-03-18,95.05,95.05,0,0
2022-03-21,95.8,95.8,0,0.007890583903
2022-03-22,95.45,95.45,0,-0.003653444676
2022-03-23,96.6,96.6,0,0.01204819277
2022-03-24,96.6,96.6,0,0
2022-03-25,96.7,96.7,0,0.001035196687
2022-03-28,95.6,95.6,0,-0.0113753878
2022-03-29,95.55,95.55,0,-0.0005230125523
2022-03-30,96.65,96.65,0,0.01151229723
2022-03-31,96.95,96.95,0,0.003103983445
2022-04-01,95.75,95.75,0,-0.01237751418
2022-04-06,95.1,95.1,0,-0.006788511749
2022-04-07,93.95,93.95,0,-0.01209253417
2022-04-08,93.65,93.65,0,-0.003193187866
2022-04-11,92.65,92.65,0,-0.01067805659
2022-04-12,92.3,92.3,0,-0.003777657852
2022-04-13,94,94,0,0.01841820152
2022-04-14,93.9,93.9,0,-0.001063829787
2022-04-15,92.35,92.35,0,-0.01650692226
2022-04-18,91.75,91.75,0,-0.006497022198
2022-04-19,92.2,92.2,0,0.004904632153
2022-04-20,92.6,92.6,0,0.004338394794
2022-04-21,92.7,92.7,0,0.001079913607
2022-04-22,91.8,91.8,0,-0.009708737864
2022-04-25,89.9,89.9,0,-0.02069716776
2022-04-26,89.95,89.95,0,0.0005561735261
2022-04-27,88.3,88.3,0,-0.01834352418
2022-04-28,88.45,88.45,0,0.001698754247
2022-04-29,89.65,89.65,0,0.013566987
2022-05-03,89.1,89.1,0,-0.006134969325
2022-05-04,89.1,89.1,0,0
2022-05-05,90,90,0,0.0101010101
2022-05-06,88.2,88.2,0,-0.02
2022-05-09,86.65,86.65,0,-0.01757369615
2022-05-10,86.4,86.4,0,-0.002885170225
2022-05-11,86.65,86.65,0,0.002893518519
2022-05-12,84.8,84.8,0,-0.02135025967
2022-05-13,85.15,85.15,0,0.004127358491
2022-05-16,85.8,85.8,0,0.007633587786
2022-05-17,86.8,86.8,0,0.01165501166
2022-05-18,88.1,88.1,0,0.01497695853
2022-05-19,86.35,86.35,0,-0.01986379115
2022-05-20,87.1,87.1,0,0.008685581934
2022-05-23,87,87,0,-0.001148105626
2022-05-24,86.2,86.2,0,-0.009195402299
2022-05-25,87,87,0,0.009280742459
2022-05-26,85.8,85.8,0,-0.01379310345
2022-05-27,87.65,87.65,0,0.02156177156
2022-05-30,89.65,89.65,0,0.02281802624
2022-05-31,90.4,90.4,0,0.008365867262
2022-06-01,90.9,90.9,0,0.005530973451
2022-06-02,90.1,90.1,0,-0.008800880088
2022-06-06,90.35,90.35,0,0.002774694784
2022-06-07,89.4,89.4,0,-0.01051466519
2022-06-08,90.3,90.3,0,0.01006711409
2022-06-09,90,90,0,-0.003322259136
2022-06-10,89.15,89.15,0,-0.009444444444
2022-06-13,86.9,86.9,0,-0.02523836231
2022-06-14,86.6,86.6,0,-0.003452243959
2022-06-15,86.2,86.2,0,-0.004618937644
2022-06-16,86.35,86.35,0,0.001740139211
2022-06-17,84.6,84.6,0,-0.02026635785
2022-06-20,83.9,83.9,0,-0.008274231678
2022-06-21,85.2,85.2,0,0.01549463647
2022-06-22,83.5,83.5,0,-0.01995305164
2022-06-23,82.55,82.55,0,-0.01137724551
2022-06-24,82.6,82.6,0,0.0006056935191
2022-06-27,84.55,84.55,0,0.02360774818
2022-06-28,83.55,83.55,0,-0.01182732111
2022-06-29,82.85,82.85,0,-0.008378216637
2022-06-30,80.9,80.9,0,-0.02353651177
2022-07-01,78.25,78.25,0,-0.03275648949
2022-07-04,77,77,0,-0.01597444089
2022-07-05,77.05,77.05,0,0.0006493506494
2022-07-06,76.2,76.2,0,-0.01103179753
2022-07-07,78.2,78.2,0,0.02624671916
2022-07-08,78.95,78.95,0,0.009590792839
2022-07-11,78.5,78.5,0,-0.005699810006
2022-07-12,76.55,76.55,0,-0.02484076433
2022-07-13,79,79,0,0.03200522534
2022-07-14,79.4,79.4,0,0.005063291139
2022-07-15,81.2,81.2,0,0.02267002519
2022-07-18,81.4,81.4,0,0.002463054187
2022-07-19,81.2,81.2,0,-0.002457002457
2022-07-20,82.15,82.15,0,0.01169950739
2022-07-21,82.4,82.4,0,0.003043213634
2022-07-22,82.8,82.8,0,0.004854368932
2022-07-25,83.1,83.1,0,0.003623188406
2022-07-26,82.15,82.15,0,-0.01143200963
2022-07-27,82.45,82.45,0,0.00365185636
2022-07-28,83,83,0,0.006670709521
2022-07-29,83.55,83.55,0,0.006626506024
2022-08-01,83.25,83.25,0,-0.003590664273
2022-08-02,82.15,82.15,0,-0.01321321321
2022-08-03,82.05,82.05,0,-0.001217285453
2022-08-04,82.4,82.4,0,0.004265691651
2022-08-05,84.6,84.6,0,0.02669902913
2022-08-08,84.45,84.45,0,-0.001773049645
2022-08-09,84.55,84.55,0,0.001184132623
2022-08-10,83.8,83.8,0,-0.008870490834
2022-08-11,85.45,85.45,0,0.01968973747
2022-08-12,86,86,0,0.00643651258
2022-08-15,86.9,86.9,0,0.01046511628
2022-08-16,86.85,86.85,0,-0.0005753739931
2022-08-17,86.9,86.9,0,0.0005757052389
2022-08-18,86.4,86.4,0,-0.005753739931
2022-08-19,86.65,86.65,0,0.002893518519
2022-08-22,85.5,85.5,0,-0.01327178304
2022-08-23,84.4,84.4,0,-0.01286549708
2022-08-24,84.1,84.1,0,-0.00355450237
2022-08-25,84.8,84.8,0,0.008323424495
2022-08-26,85.6,85.6,0,0.009433962264
2022-08-29,83.5,83.5,0,-0.02453271028
2022-08-30,83.65,83.65,0,0.001796407186
2022-08-31,83.15,83.15,0,-0.005977286312
2022-09-01,82.45,82.45,0,-0.008418520746
2022-09-02,81.55,81.55,0,-0.01091570649
2022-09-05,81.65,81.65,0,0.00122624157
2022-09-06,82.05,82.05,0,0.004898958971
2022-09-07,80.35,80.35,0,-0.02071907374
2022-09-08,80.8,80.8,0,0.005600497822
2022-09-12,82.6,82.6,0,0.02227722772
2022-09-13,83.05,83.05,0,0.005447941889
2022-09-15,81.6,81.6,0,-0.01745936183
2022-09-16,80.85,80.85,0,-0.009191176471
2022-09-19,80.3,80.3,0,-0.006802721088
2022-09-20,80.7,80.7,0,0.00498132005
2022-09-21,80.6,80.6,0,-0.001239157373
2022-09-23,78.4,78.4,0,-0.02729528536
2022-09-26,76.7,76.7,0,-0.02168367347
2022-09-27,76.7,76.7,0,0
2022-09-28,76.2,76.2,0,-0.006518904824
2022-09-29,75.05,75.05,0,-0.01509186352
2022-09-30,74,74,0,-0.01399067288
2022-10-03,73.2,73.2,0,-0.01081081081
2022-10-04,74.7,74.7,0,0.02049180328
2022-10-05,77.05,77.05,0,0.03145917001
2022-10-06,76.85,76.85,0,-0.002595717067
2022-10-07,76.35,76.35,0,-0.006506180872
2022-10-11,72.15,72.15,0,-0.05500982318
2022-10-12,71.95,71.95,0,-0.002772002772
2022-10-13,70.85,70.85,0,-0.01528839472
2022-10-14,72.8,72.8,0,0.02752293578
2022-10-17,71.3,71.3,0,-0.0206043956
2022-10-18,72.15,72.15,0,0.01192145863
2022-10-19,72.25,72.25,0,0.001386001386
2022-10-21,71.3,71.3,0,-0.01314878893
2022-10-24,70.85,70.85,0,-0.006311360449
2022-10-25,69.4,69.4,0,-0.02046577276
2022-10-26,69.8,69.8,0,0.005763688761
2022-10-27,71.1,71.1,0,0.01862464183
2022-10-28,70.5,70.5,0,-0.008438818565
2022-10-31,70.95,70.95,0,0.006382978723
2022-11-01,71.45,71.45,0,0.00704721635
2022-11-03,70.8,70.8,0,-0.009097270819
2022-11-04,70.6,70.6,0,-0.002824858757
2022-11-07,72.25,72.25,0,0.02337110482
2022-11-08,72.95,72.95,0,0.009688581315
2022-11-09,74.65,74.65,0,0.02330363263
2022-11-10,74.05,74.05,0,-0.008037508372
2022-11-11,77.8,77.8,0,0.05064145847
2022-11-14,78.75,78.75,0,0.01221079692
2022-11-15,81.65,81.65,0,0.03682539683
2022-11-16,81.75,81.75,0,0.001224739743
2022-11-17,81.7,81.7,0,-0.0006116207951
2022-11-18,81.45,81.45,0,-0.00305997552
2022-11-21,80.8,80.8,0,-0.007980356047
2022-11-22,81.55,81.55,0,0.009282178218
2022-11-23,82.1,82.1,0,0.006744328633
2022-11-24,82.9,82.9,0,0.009744214373
2022-11-25,82.95,82.95,0,0.0006031363088
2022-11-28,81.85,81.85,0,-0.0132610006
2022-11-29,82,82,0,0.001832620648
2022-11-30,82.7,82.7,0,0.008536585366
2022-12-01,83.9,83.9,0,0.01451027811
2022-12-02,83.45,83.45,0,-0.00536352801
2022-12-05,83.7,83.7,0,0.002995805872
2022-12-06,82.55,82.55,0,-0.013739546
2022-12-07,81.85,81.85,0,-0.008479709267
2022-12-08,80.95,80.95,0,-0.01099572389
2022-12-09,81.9,81.9,0,0.01173563928
2022-12-12,81.2,81.2,0,-0.008547008547
2022-12-13,80.7,80.7,0,-0.006157635468
2022-12-14,81.75,81.75,0,0.01301115242
2022-12-15,82.05,82.05,0,0.003669724771
2022-12-16,80.75,80.75,0,-0.01584399756
2022-12-19,80.2,80.2,0,-0.006811145511
2022-12-20,78.8,78.8,0,-0.0174563591
2022-12-21,78.95,78.95,0,0.001903553299
2022-12-22,80.25,80.25,0,0.0164661178
2022-12-23,79.05,79.05,0,-0.01495327103
2022-12-26,79.1,79.1,0,0.0006325110689
2022-12-27,79.5,79.5,0,0.005056890013
2022-12-28,78.1,78.1,0,-0.01761006289
2022-12-29,77.65,77.65,0,-0.00576184379
2022-12-30,78.6,78.6,0,0.01223438506
2023-01-03,78.65,78.65,0,0.0006361323155
2023-01-04,78.6,78.6,0,-0.0006357279085
2023-01-05,79.05,79.05,0,0.00572519084
2023-01-06,79.6,79.6,0,0.006957621758
2023-01-09,81.7,81.7,0,0.02638190955
2023-01-10,82.5,82.5,0,0.009791921665
2023-01-11,82.45,82.45,0,-0.0006060606061
2023-01-12,82.25,82.25,0,-0.002425712553
2023-01-13,83.2,83.2,0,0.01155015198
2023-01-16,83.85,83.85,0,0.0078125
2023-01-17,83.95,83.95,0,0.001192605844
2023-01-30,87.45,87.45,0,0.04169148303
2023-01-31,86,86,0,-0.01658090337
2023-02-01,86.4,86.4,0,0.004651162791
2023-02-02,87.75,87.75,0,0.015625
2023-02-03,87.9,87.9,0,0.001709401709
2023-02-06,86.4,86.4,0,-0.01706484642
2023-02-07,86.3,86.3,0,-0.001157407407
2023-02-08,87.85,87.85,0,0.01796060255
2023-02-09,87.65,87.65,0,-0.002276607854
2023-02-10,87.8,87.8,0,0.001711351968
2023-02-13,87.4,87.4,0,-0.004555808656
2023-02-14,88.35,88.35,0,0.01086956522
2023-02-15,86.5,86.5,0,-0.02093944539
2023-02-16,87.1,87.1,0,0.006936416185
2023-02-17,86.55,86.55,0,-0.006314580941
2023-02-20,86.85,86.85,0,0.003466204506
2023-02-21,86.65,86.65,0,-0.002302820956
2023-02-22,85.65,85.65,0,-0.0115406809
2023-02-23,86.9,86.9,0,0.01459427904
2023-02-24,86.6,86.6,0,-0.003452243959
2023-03-01,86.75,86.75,0,0.001732101617
2023-03-02,86.85,86.85,0,0.001152737752
2023-03-03,86.85,86.85,0,0
2023-03-06,87.75,87.75,0,0.0103626943
2023-03-07,88.25,88.25,0,0.005698005698
2023-03-08,87.45,87.45,0,-0.009065155807
2023-03-09,87.75,87.75,0,0.003430531732
2023-03-10,85.95,85.95,0,-0.02051282051
2023-03-13,86.2,86.2,0,0.00290866783
2023-03-14,85.1,85.1,0,-0.01276102088
2023-03-15,85.6,85.6,0,0.005875440658
2023-03-16,84.55,84.55,0,-0.01226635514
2023-03-17,85.95,85.95,0,0.01655824956
2023-03-20,85.7,85.7,0,-0.00290866783
2023-03-21,85.95,85.95,0,0.002917152859
2023-03-22,87.6,87.6,0,0.01919720768
2023-03-23,88.35,88.35,0,0.008561643836
2023-03-24,88.75,88.75,0,0.004527447651
2023-03-27,88.3,88.3,0,-0.005070422535
2023-03-28,87.3,87.3,0,-0.01132502831
2023-03-29,87.55,87.55,0,0.002863688431
2023-03-30,88.2,88.2,0,0.007424328955
2023-03-31,88.5,88.5,0,0.003401360544
2023-04-06,87.65,87.65,0,-0.009604519774
2023-04-07,87.7,87.7,0,0.000570450656
2023-04-10,87.8,87.8,0,0.001140250855
2023-04-11,87.75,87.75,0,-0.000569476082
2023-04-12,87.55,87.55,0,-0.002279202279
2023-04-13,87.05,87.05,0,-0.005711022273
2023-04-14,87.75,87.75,0,0.008041355543
2023-04-17,87.2,87.2,0,-0.006267806268
2023-04-18,87,87,0,-0.002293577982
2023-04-19,86.55,86.55,0,-0.005172413793
2023-04-20,86.55,86.55,0,0
2023-04-21,86.2,86.2,0,-0.004043905257
2023-04-24,85.75,85.75,0,-0.005220417633
2023-04-25,84.6,84.6,0,-0.01341107872
2023-04-26,83.95,83.95,0,-0.00768321513
2023-04-27,84.25,84.25,0,0.003573555688
2023-04-28,85.15,85.15,0,0.01068249258
2023-05-02,85.35,85.35,0,0.002348796242
2023-05-03,85.05,85.05,0,-0.003514938489
2023-05-04,85.35,85.35,0,0.003527336861
2023-05-05,85.35,85.35,0,0
2023-05-08,86.1,86.1,0,0.008787346221
2023-05-09,86.2,86.2,0,0.001161440186
2023-05-10,85.45,85.45,0,-0.008700696056
2023-05-11,85.4,85.4,0,-0.0005851375073
2023-05-12,85.1,85.1,0,-0.003512880562
2023-05-15,84.75,84.75,0,-0.004112808461
2023-05-16,86.1,86.1,0,0.01592920354
2023-05-17,86.55,86.55,0,0.005226480836
2023-05-18,88.55,88.55,0,0.02310803004
2023-05-19,88.65,88.65,0,0.001129305477
2023-05-23,88.55,88.55,0,-0.001128031585
2023-05-24,87.95,87.95,0,-0.006775832863
2023-05-25,89.25,89.25,0,0.01478112564
2023-05-26,91.25,91.25,0,0.02240896359
2023-05-29,92,92,0,0.008219178082
2023-05-30,91.95,91.95,0,-0.0005434782609
2023-05-31,90.9,90.9,0,-0.01141924959
2023-06-01,90.75,90.75,0,-0.001650165017
2023-06-02,91.7,91.7,0,0.01046831956
2023-06-05,91.9,91.9,0,0.002181025082
2023-06-06,92.15,92.15,0,0.002720348205
2023-06-07,92.45,92.45,0,0.003255561584
2023-06-08,92.6,92.6,0,0.001622498648
2023-06-09,92.6,92.6,0,0
2023-06-12,93.65,93.65,0,0.01133909287
2023-06-13,95.45,95.45,0,0.01922050187
2023-06-14,95.25,95.25,0,-0.002095337873
2023-06-15,96,96,0,0.007874015748
2023-06-16,95.5,95.5,0,-0.005208333333
2023-06-19,95.5,95.5,0,0
2023-06-20,94.95,94.95,0,-0.005759162304
2023-06-21,94.85,94.85,0,-0.001053185887
2023-06-26,94.3,94.3,0,-0.005798629415
2023-06-27,93.9,93.9,0,-0.004241781548
2023-06-28,93.8,93.8,0,-0.001064962726
2023-06-29,94.05,94.05,0,0.002665245203
2023-06-30,93.5,93.5,0,-0.005847953216
2023-07-03,95,95,0,0.01604278075
2023-07-04,95.75,95.75,0,0.007894736842
2023-07-05,95.25,95.25,0,-0.005221932115
2023-07-06,93.45,93.45,0,-0.0188976378
2023-07-07,93.15,93.15,0,-0.003210272873
2023-07-10,92.95,92.95,0,-0.002147074611
2023-07-11,94.1,94.1,0,0.01237224314
2023-07-12,94.4,94.4,0,0.003188097768
2023-07-13,96.55,96.55,0,0.02277542373
2023-07-14,96.8,96.8,0,0.002589331952
2023-07-17,96.95,96.95,0,0.001549586777
2023-07-18,96.75,96.75,0,-0.00206291903
2023-07-19,96.25,96.25,0,-0.005167958656
2023-07-20,96.15,96.15,0,-0.001038961039
2023-07-21,94.65,94.65,0,-0.01560062402
2023-07-24,94.95,94.95,0,0.003169572108
2023-07-25,96.4,96.4,0,0.01527119537
2023-07-26,96,96,0,-0.004149377593
2023-07-27,96.2,96.2,0,0.002083333333
2023-07-28,96.35,96.35,0,0.001559251559
2023-07-31,95.55,95.55,0,-0.008303061754
2023-08-01,96.2,96.2,0,0.006802721088
2023-08-02,94.45,94.45,0,-0.01819126819
2023-08-04,94.1,94.1,0,-0.003705664373
2023-08-07,94.95,94.95,0,0.009032943677
2023-08-08,94.4,94.4,0,-0.00579252238
2023-08-11,93.15,93.15,0,-0.01324152542
2023-08-14,91.6,91.6,0,-0.01663982823
2023-08-15,92.4,92.4,0,0.008733624454
2023-08-16,91.7,91.7,0,-0.007575757576
2023-08-17,91.2,91.2,0,-0.005452562704
2023-08-18,91.2,91.2,0,0
2023-08-21,91.3,91.3,0,0.001096491228
2023-08-22,91.8,91.8,0,0.00547645126
2023-08-23,92.5,92.5,0,0.007625272331
2023-08-24,93.85,93.85,0,0.01459459459
2023-08-25,92.25,92.25,0,-0.01704848162
2023-08-28,92.45,92.45,0,0.00216802168
2023-08-29,92.4,92.4,0,-0.0005408328826
2023-08-30,93.2,93.2,0,0.008658008658
2023-08-31,92.35,92.35,0,-0.009120171674
2023-09-01,92.85,92.85,0,0.005414185165
2023-09-04,93.35,93.35,0,0.005385029618
2023-09-05,93.1,93.1,0,-0.002678093198
2023-09-06,93.25,93.25,0,0.001611170784
2023-09-07,92.2,92.2,0,-0.01126005362
2023-09-08,91.8,91.8,0,-0.004338394794
2023-09-11,91.2,91.2,0,-0.006535947712
2023-09-12,91.15,91.15,0,-0.000548245614
2023-09-13,92.05,92.05,0,0.009873834339
2023-09-14,92.65,92.65,0,0.006518196632
2023-09-15,94.15,94.15,0,0.01618996222
2023-09-18,92.95,92.95,0,-0.01274561869
2023-09-19,92.65,92.65,0,-0.003227541689
2023-09-20,91.95,91.95,0,-0.007555315704
2023-09-21,91.05,91.05,0,-0.009787928222
2023-09-22,90.15,90.15,0,-0.009884678748
2023-09-25,91.15,91.15,0,0.01109262341
2023-09-26,90.2,90.2,0,-0.01042238069
2023-09-27,89.65,89.65,0,-0.006097560976
2023-09-28,90.1,90.1,0,0.005019520357
2023-10-02,91.65,91.65,0,0.01720310766
2023-10-03,91.35,91.35,0,-0.003273322422
2023-10-04,89.9,89.9,0,-0.01587301587
2023-10-05,91.1,91.1,0,0.01334816463
2023-10-06,91.45,91.45,0,0.003841931943
2023-10-11,92.7,92.7,0,0.01366867141
2023-10-12,92.9,92.9,0,0.002157497303
2023-10-13,93.4,93.4,0,0.005382131324
2023-10-16,92.55,92.55,0,-0.009100642398
2023-10-17,93.05,93.05,0,0.005402485143
2023-10-18,91.8,91.8,0,-0.01343363783
2023-10-19,91.6,91.6,0,-0.002178649237
2023-10-20,91.45,91.45,0,-0.001637554585
2023-10-23,90.8,90.8,0,-0.007107709131
2023-10-24,90,90,0,-0.008810572687
2023-10-25,91.15,91.15,0,0.01277777778
2023-10-26,89.3,89.3,0,-0.02029621503
2023-10-27,89.6,89.6,0,0.003359462486
2023-10-30,89.35,89.35,0,-0.002790178571
2023-10-31,88.95,88.95,0,-0.004476776721
2023-11-01,89.2,89.2,0,0.002810567735
2023-11-02,90.25,90.25,0,0.01177130045
2023-11-03,91.8,91.8,0,0.01717451524
2023-11-06,93.1,93.1,0,0.01416122004
2023-11-07,92.7,92.7,0,-0.004296455424
2023-11-08,92.9,92.9,0,0.002157497303
2023-11-13,94.3,94.3,0,0.01506996771
2023-11-14,94.5,94.5,0,0.002120890774
2023-11-15,95.5,95.5,0,0.01058201058
2023-11-16,95.75,95.75,0,0.002617801047
2023-11-17,96.15,96.15,0,0.004177545692
2023-11-20,95.65,95.65,0,-0.005200208008
2023-11-21,96.85,96.85,0,0.01254573968
2023-11-22,96.45,96.45,0,-0.00413009809
2023-11-23,96,96,0,-0.00466562986
2023-11-24,96.15,96.15,0,0.0015625
2023-11-27,95.45,95.45,0,-0.007280291212
2023-11-28,96.05,96.05,0,0.00628601362
2023-11-29,96.4,96.4,0,0.00364393545
2023-11-30,96.05,96.05,0,-0.003630705394
2023-12-01,96.6,96.6,0,0.005726184279
2023-12-04,96.4,96.4,0,-0.002070393375
2023-12-05,95.45,95.45,0,-0.009854771784
2023-12-06,96,96,0,0.005762179151
2023-12-07,95.5,95.5,0,-0.005208333333
2023-12-08,96.35,96.35,0,0.00890052356
2023-12-11,96.35,96.35,0,0
2023-12-12,96.4,96.4,0,0.0005189413596
2023-12-13,96.65,96.65,0,0.002593360996
2023-12-14,97.75,97.75,0,0.01138127263
2023-12-15,98.15,98.15,0,0.004092071611
2023-12-18,98.05,98.05,0,-0.001018848701
2023-12-19,98.05,98.05,0,0
2023-12-20,98.25,98.25,0,0.002039775625
2023-12-21,97.2,97.2,0,-0.0106870229
2023-12-22,97.95,97.95,0,0.007716049383
2023-12-25,98.25,98.25,0,0.003062787136
2023-12-26,98.85,98.85,0,0.006106870229
2023-12-27,99.6,99.6,0,0.007587253414
2023-12-28,99.6,99.6,0,0
2023-12-29,100,100,0,0.004016064257
2024-01-02,99.25,99.25,0,-0.0075
2024-01-03,97.7,97.7,0,-0.01561712846
2024-01-04,97.5,97.5,0,-0.002047082907
2024-01-05,97.4,97.4,0,-0.001025641026
2024-01-08,98,98,0,0.006160164271
2024-01-09,98.4,98.4,0,0.004081632653
2024-01-10,97.5,97.5,0,-0.009146341463
2024-01-11,98.2,98.2,0,0.007179487179
2024-01-12,97.6,97.6,0,-0.006109979633
2024-01-15,98.3,98.3,0,0.007172131148
2024-01-16,97.25,97.25,0,-0.01068158698
2024-01-17,96.8,96.8,0,-0.004627249357
2024-01-18,96.45,96.45,0,-0.003615702479
2024-01-19,99.85,99.85,0,0.03525142561
2024-01-22,100.65,100.65,0,0.008012018027
2024-01-23,100.55,100.55,0,-0.0009935419771
2024-01-24,100.8,100.8,0,0.002486325211
2024-01-25,101.9,101.9,0,0.01091269841
2024-01-26,102,102,0,0.0009813542689
2024-01-29,102.45,102.45,0,0.004411764706
2024-01-30,102.4,102.4,0,-0.0004880429478
2024-01-31,101.3,101.3,0,-0.0107421875
2024-02-01,100.5,100.5,0,-0.00789733465
2024-02-02,101.25,101.25,0,0.007462686567
2024-02-05,102.4,102.4,0,0.01135802469
2024-02-15,106.5,106.5,0,0.0400390625
2024-02-16,105.9,105.9,0,-0.005633802817
2024-02-19,105.6,105.6,0,-0.00283286119
2024-02-20,106.3,106.3,0,0.006628787879
2024-02-21,105.6,105.6,0,-0.006585136406
2024-02-22,106.9,106.9,0,0.01231060606
2024-02-23,107.75,107.75,0,0.007951356408
2024-02-26,107.55,107.55,0,-0.001856148492
2024-02-27,106.95,106.95,0,-0.005578800558
2024-02-29,107.1,107.1,0,0.001402524544
2024-03-01,107.2,107.2,0,0.0009337068161
2024-03-04,110,110,0,0.02611940299
2024-03-05,111,111,0,0.009090909091
2024-03-06,111.35,111.35,0,0.003153153153
2024-03-07,113.5,113.5,0,0.01930848675
2024-03-08,114.85,114.85,0,0.01189427313
2024-03-11,113.65,113.65,0,-0.01044841097
2024-03-12,114.6,114.6,0,0.00835899692
2024-03-13,115.05,115.05,0,0.003926701571
2024-03-14,115.3,115.3,0,0.002172968275
2024-03-15,114.3,114.3,0,-0.008673026886
2024-03-18,114.3,114.3,0,0
2024-03-19,114.75,114.75,0,0.003937007874
2024-03-20,114.4,114.4,0,-0.003050108932
2024-03-21,116.55,116.55,0,0.01879370629
2024-03-22,116.5,116.5,0,-0.000429000429
2024-03-25,116.3,116.3,0,-0.001716738197
2024-03-26,116.5,116.5,0,0.001719690456
2024-03-27,116.45,116.45,0,-0.0004291845494
2024-03-28,116.05,116.05,0,-0.003434950623
2024-03-29,116.85,116.85,0,0.006893580353
2024-04-01,116.15,116.15,0,-0.005990586222
2024-04-02,117.75,117.75,0,0.01377529057
2024-04-03,117.25,117.25,0,-0.004246284501
2024-04-08,117.8,117.8,0,0.004690831557
2024-04-09,120.05,120.05,0,0.01910016978
2024-04-10,120.2,120.2,0,0.001249479384
2024-04-11,119.55,119.55,0,-0.00540765391
2024-04-12,120.05,120.05,0,0.004182350481
2024-04-15,117.7,117.7,0,-0.01957517701
2024-04-16,114.65,114.65,0,-0.025913339
2024-04-17,116.5,116.5,0,0.01613606629
2024-04-18,116.75,116.75,0,0.002145922747
2024-04-19,111.4,111.4,0,-0.04582441113
2024-04-22,111.45,111.45,0,0.0004488330341
2024-04-23,112.4,112.4,0,0.008524001795
2024-04-24,115.35,115.35,0,0.0262455516
2024-04-25,113.45,113.45,0,-0.01647160815
2024-04-26,116,116,0,0.02247686205
2024-04-29,117.3,117.3,0,0.01120689655
2024-04-30,117.85,117.85,0,0.004688832055
2024-05-02,115.4,115.4,0,-0.02078913874
2024-05-03,116.1,116.1,0,0.006065857886
2024-05-06,117.85,117.85,0,0.01507321275
2024-05-07,118.7,118.7,0,0.007212558337
2024-05-08,118.95,118.95,0,0.002106149958
2024-05-09,119.05,119.05,0,0.0008406893653
2024-05-10,119.1,119.1,0,0.0004199916002
2024-05-13,120.75,120.75,0,0.01385390428
2024-05-14,121.25,121.25,0,0.004140786749
2024-05-15,123.05,123.05,0,0.01484536082
2024-05-16,123.6,123.6,0,0.004469727753
2024-05-17,123.3,123.3,0,-0.002427184466
2024-05-20,122.5,122.5,0,-0.006488240065
2024-05-21,123.25,123.25,0,0.00612244898
2024-05-22,125.45,125.45,0,0.01784989858
2024-05-23,126.7,126.7,0,0.009964129135
2024-05-24,126.25,126.25,0,-0.003551696922
2024-05-27,127.2,127.2,0,0.007524752475
2024-05-28,127.45,127.45,0,0.001965408805
2024-05-29,125.6,125.6,0,-0.01451549627
2024-05-30,123.9,123.9,0,-0.01353503185
2024-05-31,122.8,122.8,0,-0.008878127522
2024-06-03,125.15,125.15,0,0.01913680782
2024-06-04,123.55,123.55,0,-0.01278465841
2024-06-05,124.4,124.4,0,0.006879805747
2024-06-06,128.25,128.25,0,0.03094855305
2024-06-07,127.35,127.35,0,-0.00701754386
2024-06-11,127.9,127.9,0,0.004318806439
2024-06-12,129.5,129.5,0,0.01250977326
2024-06-13,131.65,131.65,0,0.0166023166
2024-06-14,132.6,132.6,0,0.007216103304
2024-06-17,132.5,132.5,0,-0.000754147813
2024-06-18,134.55,134.55,0,0.01547169811
2024-06-19,138.65,138.65,0,0.03047194352
2024-06-20,138.65,138.65,0,0
2024-06-21,138.05,138.05,0,-0.004327443202
2024-06-24,134.95,134.95,0,-0.02245563202
2024-06-25,135.15,135.15,0,0.001482030382
2024-06-26,135.95,135.95,0,0.005919348872
2024-06-27,136.25,136.25,0,0.002206693637
2024-06-28,137.3,137.3,0,0.007706422018
2024-07-01,137.4,137.4,0,0.0007283321194
2024-07-02,136.4,136.4,0,-0.007278020378
2024-07-03,138.2,138.2,0,0.01319648094
2024-07-04,141.25,141.25,0,0.02206946454
2024-07-05,141.05,141.05,0,-0.001415929204
2024-07-08,144.85,144.85,0,0.02694080113
2024-07-09,144.75,144.75,0,-0.0006903693476
2024-07-10,144.9,144.9,0,0.00103626943
2024-07-11,148.15,148.15,0,0.02242926156
2024-07-12,144.25,144.25,0,-0.02632467094
2024-07-15,144.55,144.55,0,0.002079722704
2024-07-16,144.95,144.95,0,0.002767208578
2024-07-17,143.55,143.55,0,-0.009658502932
2024-07-18,139.95,139.95,0,-0.02507836991
2024-07-19,137.7,137.7,0,-0.01607717042
2024-07-22,133.4,133.4,0,-0.03122730574
2024-07-23,137.4,137.4,0,0.0299850075
2024-07-26,132.2,132.2,0,-0.03784570597
2024-07-29,133.25,133.25,0,0.007942511346
2024-07-30,133.25,133.25,0,0
2024-07-31,133.1,133.1,0,-0.001125703565
2024-08-01,135.85,135.85,0,0.02066115702
2024-08-02,130.25,130.25,0,-0.04122193596
2024-08-05,118.3,118.3,0,-0.09174664107
2024-08-06,123.95,123.95,0,0.04775993238
2024-08-07,128.5,128.5,0,0.03670835014
2024-08-08,126.65,126.65,0,-0.01439688716
2024-08-09,130.35,130.35,0,0.02921437031
2024-08-12,132.1,132.1,0,0.01342539317
2024-08-13,131.75,131.75,0,-0.002649507949
2024-08-14,133.5,133.5,0,0.01328273245
2024-08-15,133.15,133.15,0,-0.002621722846
2024-08-16,135.6,135.6,0,0.01840030041
2024-08-19,135.8,135.8,0,0.001474926254
2024-08-20,136.25,136.25,0,0.003313696613
2024-08-21,134.35,134.35,0,-0.01394495413
2024-08-22,133.6,133.6,0,-0.005582433941
2024-08-23,133.25,133.25,0,-0.002619760479
2024-08-26,134.3,134.3,0,0.007879924953
2024-08-27,133.3,133.3,0,-0.007446016381
2024-08-28,134.75,134.75,0,0.01087771943
2024-08-29,134.1,134.1,0,-0.004823747681
2024-08-30,134.05,134.05,0,-0.0003728560776
2024-09-02,133.8,133.8,0,-0.001864975755
2024-09-03,133.2,133.2,0,-0.004484304933
2024-09-04,127.5,127.5,0,-0.04279279279
2024-09-05,127.75,127.75,0,0.001960784314
2024-09-06,129.35,129.35,0,0.01252446184
2024-09-09,127.2,127.2,0,-0.01662156939
2024-09-10,127.5,127.5,0,0.002358490566
2024-09-11,127.45,127.45,0,-0.0003921568627
2024-09-12,131.85,131.85,0,0.03452334249
2024-09-13,131.95,131.95,0,0.0007584376185
2024-09-16,132.4,132.4,0,0.003410382721
2024-09-18,130.9,130.9,0,-0.01132930514
2024-09-19,132.9,132.9,0,0.01527883881
2024-09-20,135.1,135.1,0,0.01655379985
2024-09-23,135.05,135.05,0,-0.000370096225
2024-09-24,135.6,135.6,0,0.004072565716
2024-09-25,138.15,138.15,0,0.01880530973
2024-09-26,139.55,139.55,0,0.01013391241
2024-09-27,139.8,139.8,0,0.00179147259
2024-09-30,134.5,134.5,0,-0.03791130186
2024-10-01,136.25,136.25,0,0.01301115242
2024-10-04,135.7,135.7,0,-0.004036697248
2024-10-07,138.4,138.4,0,0.01989683125
2024-10-08,138.1,138.1,0,-0.002167630058
2024-10-09,140.3,140.3,0,0.01593048516
2024-10-11,141.75,141.75,0,0.01033499644
2024-10-14,142.25,142.25,0,0.003527336861
2024-10-15,144.45,144.45,0,0.01546572935
2024-10-16,142.25,142.25,0,-0.01523018345
2024-10-17,142.25,142.25,0,0
2024-10-18,145.85,145.85,0,0.02530755712
2024-10-21,146.35,146.35,0,0.003428179637
2024-10-22,145.25,145.25,0,-0.00751622822
2024-10-23,144.45,144.45,0,-0.005507745267
2024-10-24,143.3,143.3,0,-0.00796123226
2024-10-25,144.35,144.35,0,0.007327285415
2024-10-28,144,144,0,-0.002424662279
2024-10-29,140.75,140.75,0,-0.02256944444
2024-10-30,141.55,141.55,0,0.00568383659
2024-11-01,139.75,139.75,0,-0.01271635465
2024-11-04,141.85,141.85,0,0.01502683363
2024-11-05,142.4,142.4,0,0.003877335213
2024-11-06,145.1,145.1,0,0.01896067416
2024-11-07,145.2,145.2,0,0.0006891798759
2024-11-08,146.5,146.5,0,0.008953168044
2024-11-11,145.5,145.5,0,-0.006825938567
2024-11-12,143,143,0,-0.01718213058
2024-11-13,142.55,142.55,0,-0.003146853147
2024-11-14,140.95,140.95,0,-0.01122413188
2024-11-15,141.05,141.05,0,0.0007094714438
2024-11-18,139.3,139.3,0,-0.01240694789
2024-11-19,141.5,141.5,0,0.01579325197
2024-11-20,140.95,140.95,0,-0.003886925795
2024-11-21,139,139,0,-0.01383469315
2024-11-22,141.75,141.75,0,0.01978417266
2024-11-25,141.8,141.8,0,0.0003527336861
2024-11-26,139.7,139.7,0,-0.01480959097
2024-11-27,138.15,138.15,0,-0.01109520401
2024-11-28,137.2,137.2,0,-0.006876583424
2024-11-29,137.65,137.65,0,0.003279883382
2024-12-02,140.8,140.8,0,0.02288412641
2024-12-03,142.65,142.65,0,0.01313920455
2024-12-04,143.35,143.35,0,0.004907115317
2024-12-05,144.55,144.55,0,0.008371119637
2024-12-06,143.65,143.65,0,-0.006226219301
2024-12-09,144.15,144.15,0,0.003480682214
2024-12-10,143.35,143.35,0,-0.00554977454
2024-12-11,141.75,141.75,0,-0.01116149285
2024-12-12,143.65,143.65,0,0.01340388007
2024-12-13,143.65,143.65,0,0
2024-12-16,143.85,143.85,0,0.001392272885
2024-12-17,144.15,144.15,0,0.002085505735
2024-12-18,144.5,144.5,0,0.002428026361
2024-12-19,142.55,142.55,0,-0.01349480969
2024-12-20,140.9,140.9,0,-0.011574886
2024-12-23,144.3,144.3,0,0.02413058907
2024-12-24,145,145,0,0.004851004851
2024-12-25,145.2,145.2,0,0.001379310345
2024-12-26,145.5,145.5,0,0.002066115702
2024-12-27,145.85,145.85,0,0.002405498282
2024-12-30,145.65,145.65,0,-0.001371271855
2024-12-31,144.25,144.25,0,-0.009612083762
2025-01-02,141.95,141.95,0,-0.01594454073
2025-01-03,143.9,143.9,0,0.01373723142
2025-01-06,148,148,0,0.02849200834
2025-01-07,149.2,149.2,0,0.008108108108
2025-01-08,147.85,147.85,0,-0.009048257373
2025-01-09,145.9,145.9,0,-0.01318904295
2025-01-10,145.4,145.4,0,-0.003427004798
2025-01-13,142.1,142.1,0,-0.022696011
2025-01-14,143.15,143.15,0,0.007389162562
2025-01-15,141.65,141.65,0,-0.01047851904
2025-01-16,145.35,145.35,0,0.02612072008
2025-01-17,145.25,145.25,0,-0.000687994496
2025-01-20,146.8,146.8,0,0.01067125645
2025-01-21,147.15,147.15,0,0.002384196185
2025-01-22,148.9,148.9,0,0.01189262657
2025-02-03,142.5,142.5,0,-0.04298186702
2025-02-04,143.1,143.1,0,0.004210526316
2025-02-05,146.5,146.5,0,0.02375960867
2025-02-06,146.65,146.65,0,0.001023890785
2025-02-07,147.5,147.5,0,0.005796113195
2025-02-10,145.5,145.5,0,-0.01355932203
2025-02-11,146.5,146.5,0,0.006872852234
2025-02-12,146.45,146.45,0,-0.0003412969283
2025-02-13,146.05,146.05,0,-0.002731307614
2025-02-14,144.2,144.2,0,-0.0126668949
2025-02-17,146.4,146.4,0,0.01525658807
2025-02-18,146.65,146.65,0,0.001707650273
2025-02-19,146.7,146.7,0,0.000340947835
2025-02-20,145.75,145.75,0,-0.006475800954
2025-02-21,147.2,147.2,0,0.009948542024
2025-02-24,146.2,146.2,0,-0.006793478261
2025-02-25,144.25,144.25,0,-0.0133378933
2025-02-26,144.5,144.5,0,0.001733102253
2025-02-27,143.25,143.25,0,-0.008650519031
2025-03-03,140.15,140.15,0,-0.02164048866
2025-03-04,139.75,139.75,0,-0.002854084909
2025-03-05,141.35,141.35,0,0.0114490161
2025-03-06,140.35,140.35,0,-0.007074637425
2025-03-07,139.15,139.15,0,-0.008550053438
2025-03-10,138.55,138.55,0,-0.00431189364
2025-03-11,135.8,135.8,0,-0.01984843017
2025-03-12,136.5,136.5,0,0.005154639175
2025-03-13,136,136,0,-0.003663003663
2025-03-14,134.85,134.85,0,-0.008455882353
2025-03-17,135.7,135.7,0,0.006303299963
2025-03-18,136.7,136.7,0,0.007369196758
2025-03-19,134.75,134.75,0,-0.01426481346
2025-03-20,137.35,137.35,0,0.01929499072
2025-03-21,137,137,0,-0.002548234438
2025-03-24,136.3,136.3,0,-0.005109489051
2025-03-25,137.5,137.5,0,0.008804108584
2025-03-26,137.45,137.45,0,-0.0003636363636
2025-03-27,135,135,0,-0.01782466351
2025-03-28,133.1,133.1,0,-0.01407407407
2025-03-31,128.55,128.55,0,-0.03418482344
2025-04-01,131.3,131.3,0,0.0213924543
2025-04-02,131.55,131.55,0,0.001904036558
2025-04-07,118.4,118.4,0,-0.09996199164
2025-04-08,114.55,114.55,0,-0.03251689189
2025-04-09,109.75,109.75,0,-0.04190309908
2025-04-10,120.7,120.7,0,0.09977220957
2025-04-11,121.3,121.3,0,0.004971002486
2025-04-14,122.45,122.45,0,0.009480626546
2025-04-15,123.25,123.25,0,0.006533278889
2025-04-16,120.9,120.9,0,-0.01906693712
2025-04-17,120.2,120.2,0,-0.005789909016
2025-04-18,120.4,120.4,0,0.001663893511
2025-04-21,118.4,118.4,0,-0.01661129568
2025-04-22,116.75,116.75,0,-0.01393581081
2025-04-23,121.6,121.6,0,0.04154175589
2025-04-24,120.85,120.85,0,-0.006167763158
2025-04-25,124.3,124.3,0,0.02854778651
2025-04-28,124.65,124.65,0,0.002815768302
2025-04-29,125.5,125.5,0,0.006819093462
2025-04-30,125.8,125.8,0,0.002390438247
2025-05-02,129.05,129.05,0,0.02583465819
2025-05-05,128.4,128.4,0,-0.005036807439
2025-05-06,127.7,127.7,0,-0.005451713396
2025-05-07,127.9,127.9,0,0.001566170713
2025-05-08,127.85,127.85,0,-0.0003909304144
2025-05-09,130.1,130.1,0,0.01759874853
2025-05-12,131.5,131.5,0,0.01076095311
2025-05-13,133.55,133.55,0,0.01558935361
2025-05-14,135.8,135.8,0,0.01684762261
2025-05-15,136.1,136.1,0,0.002209131075
2025-05-16,136.05,136.05,0,-0.0003673769287
2025-05-19,134.1,134.1,0,-0.01433296582
2025-05-20,134.35,134.35,0,0.001864280388
2025-05-21,135.4,135.4,0,0.007815407518
2025-05-22,134.5,134.5,0,-0.006646971935
2025-05-23,134.05,134.05,0,-0.003345724907
2025-05-26,133.9,133.9,0,-0.001118985453
2025-05-27,132.35,132.35,0,-0.01157580284
2025-05-28,132.9,132.9,0,0.004155647903
2025-05-29,133.4,133.4,0,0.003762227239
2025-06-02,130.3,130.3,0,-0.02323838081
2025-06-03,131.55,131.55,0,0.009593246355
2025-06-04,134.45,134.45,0,0.02204484987
2025-06-05,135.2,135.2,0,0.005578281889
2025-06-06,135.05,135.05,0,-0.001109467456
2025-06-09,136.25,136.25,0,0.008885597927
2025-06-10,139.75,139.75,0,0.02568807339
2025-06-11,141.35,141.35,0,0.0114490161
2025-06-12,140.35,140.35,0,-0.007074637425
2025-06-13,138.9,138.9,0,-0.01033131457
2025-06-16,138.45,138.45,0,-0.003239740821
2025-06-17,139.65,139.65,0,0.008667388949
2025-06-18,140.6,140.6,0,0.006802721088
2025-06-19,139.3,139.3,0,-0.009246088193
2025-06-20,138.55,138.55,0,-0.005384063173
2025-06-23,137.5,137.5,0,-0.007578491519
2025-06-24,140.4,140.4,0,0.02109090909
2025-06-25,142.2,142.2,0,0.01282051282
2025-06-26,142.6,142.6,0,0.002812939522
2025-06-27,142.7,142.7,0,0.0007012622721
2025-06-30,142.6,142.6,0,-0.0007007708479
2025-07-01,143.45,143.45,0,0.005960729313
2025-07-02,143.65,143.65,0,0.001394214012
2025-07-03,146,146,0,0.0163592064
2025-07-04,145.6,145.6,0,-0.002739726027
2025-07-07,143.75,143.75,0,-0.01270604396
2025-07-08,143.05,143.05,0,-0.004869565217
2025-07-09,144.3,144.3,0,0.008738203425
2025-07-10,145.85,145.85,0,0.01074151074
2025-07-11,146.6,146.6,0,0.005142269455
2025-07-14,145.75,145.75,0,-0.005798090041
2025-07-15,147.55,147.55,0,0.01234991424
2025-07-16,148.7,148.7,0,0.007793968146
2025-07-17,149.4,149.4,0,0.004707464694
2025-07-18,151.1,151.1,0,0.01137884873
2025-07-21,150.55,150.55,0,-0.003639973527
2025-07-22,149.3,149.3,0,-0.008302889406
2025-07-23,150.05,150.05,0,0.005023442733
2025-07-24,150.9,150.9,0,0.005664778407
2025-07-25,150.75,150.75,0,-0.0009940357853
2025-07-28,151.55,151.55,0,0.005306799337
2025-07-29,149.8,149.8,0,-0.01154734411
2025-07-30,151.15,151.15,0,0.009012016021
2025-07-31,152.75,152.75,0,0.01058551108
2025-08-01,150.9,150.9,0,-0.01211129296
2025-08-04,149.95,149.95,0,-0.006295559973
2025-08-05,152.5,152.5,0,0.01700566856
2025-08-06,151.15,151.15,0,-0.008852459016
2025-08-07,156,156,0,0.03208733047
2025-08-08,155.7,155.7,0,-0.001923076923
2025-08-11,157,157,0,0.008349389852
2025-08-12,156.9,156.9,0,-0.0006369426752
2025-08-13,157.7,157.7,0,0.005098789038
2025-08-14,157.2,157.2,0,-0.003170577045
2025-08-15,157.55,157.55,0,0.002226463104
2025-08-18,157.55,157.55,0,0
2025-08-19,157.3,157.3,0,-0.001586797842
2025-08-20,152.65,152.65,0,-0.02956134774
2025-08-21,153.7,153.7,0,0.006878480183
2025-08-22,153.15,153.15,0,-0.00357839948
2025-08-25,156.85,156.85,0,0.02415932093
2025-08-26,156.4,156.4,0,-0.002868983105
2025-08-27,157.55,157.55,0,0.007352941176
2025-08-28,155.9,155.9,0,-0.01047286576
2025-08-29,156.05,156.05,0,0.0009621552277
2025-09-01,153.8,153.8,0,-0.01441845562
2025-09-02,154.45,154.45,0,0.00422626788
2025-09-03,154.35,154.35,0,-0.0006474587245
2025-09-04,155.55,155.55,0,0.007774538387
2025-09-05,157.05,157.05,0,0.009643201543
2025-09-08,158.6,158.6,0,0.009869468322
2025-09-09,159.8,159.8,0,0.007566204288
2025-09-10,162.7,162.7,0,0.01814768461
2025-09-11,163.35,163.35,0,0.003995082975
2025-09-12,165.5,165.5,0,0.01316192225
2025-09-15,165.35,165.35,0,-0.0009063444109
2025-09-16,167.5,167.5,0,0.0130027215
2025-09-17,166.45,166.45,0,-0.006268656716
2025-09-18,167.95,167.95,0,0.00901171523
2025-09-19,167.55,167.55,0,-0.002381661209
2025-09-22,168.95,168.95,0,0.008355714712
2025-09-23,171.45,171.45,0,0.0147972773
2025-09-24,171,171,0,-0.002624671916
2025-09-25,171.2,171.2,0,0.001169590643
2025-09-26,167.35,167.35,0,-0.02248831776
2025-09-30,169.75,169.75,0,0.01434120108
2025-10-01,170.85,170.85,0,0.00648011782
2025-10-02,173.9,173.9,0,0.01785191689
2025-10-03,176.4,176.4,0,0.01437607821
2025-10-07,180.85,180.85,0,0.02522675737
2025-10-08,178.85,178.85,0,-0.01105888858
2025-10-09,180.5,180.5,0,0.009225608051
2025-10-13,177.1,177.1,0,-0.0188365651
2025-10-14,177.3,177.3,0,0.001129305477
2025-10-15,180.25,180.25,0,0.01663846588
2025-10-16,184,184,0,0.02080443828
2025-10-17,181.7,181.7,0,-0.0125
2025-10-20,184,184,0,0.01265822785
2025-10-21,185.4,185.4,0,0.007608695652
2025-10-22,183.8,183.8,0,-0.008629989213
2025-10-23,182,182,0,-0.009793253536
2025-10-27,186.7,186.7,0,0.02582417582
2025-10-28,185,185,0,-0.009105516872
2025-10-29,187.9,187.9,0,0.01567567568
2025-10-30,187.65,187.65,0,-0.001330494944
2025-10-31,188.9,188.9,0,0.006661337597
2025-11-03,187.05,187.05,0,-0.009793541556
2025-11-04,186.55,186.55,0,-0.002673082064
2025-11-05,183.85,183.85,0,-0.01447333155
2025-11-06,185.3,185.3,0,0.007886864292
2025-11-07,182.85,182.85,0,-0.01322180248
2025-11-10,184.65,184.65,0,0.009844134537
2025-11-11,184.6,184.6,0,-0.0002707825616
2025-11-12,185,185,0,0.002166847237
2025-11-13,184.25,184.25,0,-0.004054054054
2025-11-14,180,180,0,-0.02306648575
2025-11-17,181.05,181.05,0,0.005833333333
2025-11-18,176.7,176.7,0,-0.02402651201
2025-11-19,175.55,175.55,0,-0.006508205999
2025-11-20,181,181,0,0.03104528624
2025-11-21,174.15,174.15,0,-0.03784530387
2025-11-24,174.95,174.95,0,0.004593741028
2025-11-25,177.1,177.1,0,0.01228922549
2025-11-26,179.9,179.9,0,0.01581027668
2025-11-27,181.25,181.25,0,0.007504168983
2025-11-28,183.4,183.4,0,0.01186206897
2025-12-01,181.4,181.4,0,-0.01090512541
2025-12-02,181.35,181.35,0,-0.0002756339581
2025-12-03,182.9,182.9,0,0.008547008547
2025-12-04,182.85,182.85,0,-0.0002733734281
2025-12-05,184.3,184.3,0,0.007929997266
2025-12-08,186.6,186.6,0,0.01247965274
2025-12-09,186,186,0,-0.003215434084
2025-12-10,187.95,187.95,0,0.01048387097
2025-12-11,185.1,185.1,0,-0.01516360734
2025-12-12,185.65,185.65,0,0.002971366829
2025-12-15,183.55,183.55,0,-0.01131160786
2025-12-16,181.75,181.75,0,-0.009806592209
2025-12-17,181.3,181.3,0,-0.002475928473
2025-12-18,180.9,180.9,0,-0.002206287921
2025-12-19,182.75,182.75,0,0.01022664456
2025-12-22,185.6,185.6,0,0.01559507524
2025-12-23,186.7,186.7,0,0.005926724138
2025-12-24,186.9,186.9,0,0.001071237279
2025-12-26,188.6,188.6,0,0.009095773141
2025-12-29,190.7,190.7,0,0.01113467656
2025-12-30,190.95,190.95,0,0.001310959622
2025-12-31,191.1,191.1,0,0.0007855459544
2026-01-02,195.65,195.65,0,0.02380952381
2026-01-05,202.7,202.7,0,0.03603373371
2026-01-06,205.05,205.05,0,0.01159348791
2026-01-07,203.75,203.75,0,-0.006339917093
2026-01-08,204.4,204.4,0,0.003190184049
2026-01-09,203.3,203.3,0,-0.005381604697
2026-01-12,204.75,204.75,0,0.007132316773
2026-01-13,205.45,205.45,0,0.003418803419
2026-01-14,205.7,205.7,0,0.001216841081
2026-01-15,205.45,205.45,0,-0.001215362178
2026-01-16,210,210,0,0.02214650767
2026-01-19,211.05,211.05,0,0.005
2026-01-20,211.15,211.15,0,0.0004738213693
2026-01-21,209.1,209.1,0,-0.009708737864
2026-01-22,212.45,212.45,0,0.01602104256
2026-01-23,213.45,213.45,0,0.00470698988
2026-01-26,214.05,214.05,0,0.002810962755
2026-01-27,216,216,0,0.009110021023
2026-01-28,218.7,218.7,0,0.0125
2026-01-29,217.9,217.9,0,-0.003657978967
2026-01-30,215.2,215.2,0,-0.01239100505
2026-02-02,210.95,210.95,0,-0.01974907063
2026-02-03,215.75,215.75,0,0.02275420716
2026-02-04,216.45,216.45,0,0.003244495944
2026-02-05,213.25,213.25,0,-0.01478401478
2026-02-06,213.2,213.2,0,-0.0002344665885
2026-02-09,219.85,219.85,0,0.03119136961
2026-02-10,222.3,222.3,0,0.01114396179
2026-02-11,227,227,0,0.02114260009
2026-02-23,229.3,229.3,0,0.01013215859
2026-02-24,234.05,234.05,0,0.02071522024
2026-02-25,238.8,238.8,0,0.0202948088
2026-02-26,239.7,239.7,0,0.003768844221
2026-03-02,237.85,237.85,0,-0.007717980809
2026-03-03,231.9,231.9,0,-0.02501576624
2026-03-04,221.2,221.2,0,-0.04614057784
2026-03-05,226.7,226.7,0,0.02486437613
2026-03-06,226.5,226.5,0,-0.0008822232025
2026-03-09,215.75,215.75,0,-0.04746136865
2026-03-10,221.8,221.8,0,0.02804171495
2026-03-11,231.65,231.65,0,0.04440937782
2026-03-12,227.6,227.6,0,-0.01748327218
2026-03-13,225.1,225.1,0,-0.01098418278
2026-03-16,224.4,224.4,0,-0.003109729009
2026-03-17,227.7,227.7,0,0.01470588235
2026-03-18,230.25,230.25,0,0.01119894598
2026-03-19,224.7,224.7,0,-0.02410423453
2026-03-20,225.3,225.3,0,0.002670226969
2026-03-23,220.05,220.05,0,-0.02330226365
2026-03-24,222.85,222.85,0,0.01272438082
2026-03-25,227.4,227.4,0,0.02041732107
2026-03-26,226.5,226.5,0,-0.003957783641
2026-03-27,222.6,222.6,0,-0.01721854305
2026-03-30,220.85,220.85,0,-0.00786163522
2026-03-31,215.45,215.45,0,-0.02445098483
2026-04-01,225.35,225.35,0,0.0459503365
2026-04-02,219.45,219.45,0,-0.02618149545
2026-04-07,223.4,223.4,0,0.01799954432
2026-04-08,235.1,235.1,0,0.05237242614
2026-04-09,235.05,235.05,0,-0.0002126754573
2026-04-10,240.45,240.45,0,0.02297383535
2026-04-13,238.85,238.85,0,-0.00665419006
2026-04-14,246.6,246.6,0,0.03244714256
2026-04-15,249.5,249.5,0,0.01175993512
2026-04-16,251.8,251.8,0,0.009218436874
2026-04-17,249.7,249.7,0,-0.008339952343
2026-04-20,251.7,251.7,0,0.008009611534
2026-04-21,256,256,0,0.01708382996
2026-04-22,257.65,257.65,0,0.0064453125
2026-04-23,257,257,0,-0.002522802251
2026-04-24,268.75,268.75,0,0.04571984436
2026-04-27,275.6,275.6,0,0.02548837209
2026-04-28,272.55,272.55,0,-0.01106676343
2026-04-29,269.65,269.65,0,-0.0106402495
2026-04-30,270.5,270.5,0,0.003152234378
2026-05-04,281.2,281.2,0,0.03955637708
2026-05-05,281.4,281.4,0,0.0007112375533
2026-05-06,284.05,284.05,0,0.009417199716
2026-05-07,291.7,291.7,0,0.02693187819
2026-05-08,288.35,288.35,0,-0.01148440178
2026-05-11,288.35,288.35,0,0
2026-05-12,288.85,288.85,0,0.001734003815
2026-05-13,293.3,293.3,0,0.01540592003
2026-05-14,287.1,287.1,0,-0.02113876577
2026-05-15,286.45,286.45,0,-0.002264019505
2026-05-18,281.95,281.95,0,-0.01570954791
2026-05-19,276.95,276.95,0,-0.01773364072
2026-05-20,274.65,274.65,0,-0.008304748149
2026-05-21,285.1,285.1,0,0.03804842527
2026-05-22,289.4,289.4,0,0.01508242722
2026-05-25,298.35,298.35,0,0.0309260539
2026-05-26,298.9,298.9,0,0.001843472432
2026-05-27,304.2,304.2,0,0.01773168284
2026-05-28,299.6,299.6,0,-0.01512163051
2026-05-29,309.6,309.6,0,0.03337783712
2026-06-01,313.4,313.4,0,0.01227390181
2026-06-02,312.35,312.35,0,-0.003350350989
2026-06-03,319.25,319.25,0,0.02209060349
2026-06-04,315.25,315.25,0,-0.0125293657
2026-06-05,308,308,0,-0.02299762094
2026-06-08,298.4,298.4,0,-0.03116883117
2026-06-09,306.55,306.55,0,0.02731233244
2026-06-10,293.7,293.7,0,-0.04191812102
2026-06-11,295.3,295.3,0,0.005447735785
2026-06-12,302.05,302.05,0,0.0228581104
2026-06-15,311.6,311.6,0,0.03161728191
2026-06-16,314.05,314.05,0,0.007862644416
2026-06-17,313.65,313.65,0,-0.001273682535
2026-06-18,317.2,317.2,0,0.01131834848
2026-06-22,324.95,324.95,0,0.02443253468
2026-06-23,325.2,325.2,0,0.0007693491306
2026-06-24,317.2,317.2,0,-0.024600246
2026-06-25,318.2,318.2,0,0.00315258512
2026-06-26,305.6,305.6,0,-0.03959773727
2026-06-29,309.4,309.4,0,0.01243455497
2026-06-30,320.45,320.45,0,0.03571428571
2026-07-01,324.5,324.5,0,0.01263847714
2026-07-02,321.65,321.65,0,-0.008782742681
2026-07-03,322.6,322.6,0,0.002953520908
2026-07-06,322.45,322.45,0,-0.0004649721017
2026-07-07,316.05,316.05,0,-0.01984803846
2026-07-08,314.15,314.15,0,-0.006011707008
2026-07-09,314.15,314.15,0,0
2026-07-13,315.15,315.15,0,0.003183192742
2026-07-14,307.5,307.5,0,-0.02427415516
2026-07-15,315.2,315.2,0,0.02504065041
2026-07-16,315.15,315.15,0,-0.0001586294416
2026-07-17,295.65,295.65,0,-0.06187529748
2026-07-20,297.6,297.6,0,0.006595636733
2026-07-21,305.7,305.7,0,0.02721774194
2026-07-22,310,310,0,0.01406607785
2026-07-23,308.8,308.8,0,-0.003870967742
2026-07-24,303.7,303.7,0,-0.01651554404
2026-07-27,301.4,301.4,0,-0.007573263089
2026-07-28,292.05,292.05,0,-0.03102189781
2026-07-29,275.75,275.75,0,-0.0558123609
2026-07-30,280.45,280.45,0,0.0170444243
2026-07-31,306.1,306.1,0,0.09146015333
2026-08-03,303.8,303.8,0,-0.007513884352
2026-08-04,301.65,301.65,0,-0.007077024358
2026-08-05,310.95,310.95,0,0.03083043262
2026-08-06,309.05,309.05,0,-0.006110307123
2026-08-07,306.15,306.15,0,-0.009383594888
2026-08-10,311.15,311.15,0,0.01633186347
2026-08-11,313.1,313.1,0,0.006267073759
2026-08-12,313.5,313.5,0,0.00127754711
2026-08-13,319.1,319.1,0,0.01786283892
2026-08-14,317.25,317.25,0,-0.005797555625
2026-08-17,319.65,319.65,0,0.00756501182
2026-08-18,313.5,313.5,0,-0.01923979352
2026-08-19,307.8,307.8,0,-0.01818181818
2026-08-20,309.75,309.75,0,0.006335282651
2026-08-21,312,312,0,0.007263922518
2026-08-24,311.35,311.35,0,-0.002083333333
2026-08-25,311.2,311.2,0,-0.0004817729244
2026-08-26,317,317,0,0.01863753213
2026-08-27,318.95,318.95,0,0.006151419558
2026-08-28,319.55,319.55,0,0.001881172598
2026-08-31,316.6,316.6,0,-0.009231732123
2026-09-01,322.65,322.65,0,0.01910928617
2026-09-02,319.15,319.15,0,-0.01084766775
2026-09-03,317.75,317.75,0,-0.004386652044
2026-09-04,321.6,321.6,0,0.01211644375
2026-09-07,326.9,326.9,0,0.0164800995
2026-09-08,327.85,327.85,0,0.002906087489
2026-09-09,327.9,327.9,0,0.0001525087693
2026-09-10,324.85,324.85,0,-0.009301616346
2026-09-11,321.25,321.25,0,-0.01108203786
2026-09-14,318.35,318.35,0,-0.009027237354
2026-09-15,317.5,317.5,0,-0.002670017277
2026-09-16,319.7,319.7,0,0.006929133858
2026-09-17,324.1,324.1,0,0.01376290272
2026-09-18,325.65,325.65,0,0.004782474545
2026-09-21,331,331,0,0.0164286811
2026-09-22,334,334,0,0.009063444109
2026-09-23,335.2,335.2,0,0.003592814371
2026-09-24,333.5,333.5,0,-0.005071599045
2026-09-29,331.75,331.75,0,-0.005247376312
2026-09-30,333.45,333.45,0,0.005124340618
2026-10-01,334.3,334.3,0,0.002549107812
2026-10-02,335.9,335.9,0,0.004786120251
