date,close_raw,close_split_adj,div,total_ret,total_ret_fixed
2011-05-12,30.03,30.03,0,0,0
2011-05-13,30.04,30.04,0,0.000333000333,0.000333000333
2011-05-16,29.69,29.69,0,-0.01165113182,-0.01165113182
2011-05-17,29.61,29.61,0,-0.002694509936,-0.002694509936
2011-05-18,29.79,29.79,0,0.006079027356,0.006079027356
2011-05-19,29.58,29.58,0,-0.007049345418,-0.007049345418
2011-05-20,29.55,29.55,0,-0.001014198783,-0.001014198783
2011-05-23,29.14,29.14,0,-0.01387478849,-0.01387478849
2011-05-24,29.3,29.3,0,0.005490734386,0.005490734386
2011-05-25,29.07,29.07,0,-0.007849829352,-0.007849829352
2011-05-26,29.3,29.3,0,0.007911936705,0.007911936705
2011-05-27,29.36,29.36,0,0.00204778157,0.00204778157
2011-05-30,29.29,29.29,0,-0.002384196185,-0.002384196185
2011-05-31,30.08,30.08,0,0.02697166268,0.02697166268
2011-06-01,30.35,30.35,0,0.00897606383,0.00897606383
2011-06-02,30.1,30.1,0,-0.00823723229,-0.00823723229
2011-06-03,30.19,30.19,0,0.002990033223,0.002990033223
2011-06-07,30.24,30.24,0,0.001656177542,0.001656177542
2011-06-08,30.1,30.1,0,-0.00462962963,-0.00462962963
2011-06-09,30.14,30.14,0,0.001328903654,0.001328903654
2011-06-10,29.4,29.4,0,-0.02455209025,-0.02455209025
2011-06-13,29.08,29.08,0,-0.01088435374,-0.01088435374
2011-06-14,29.4,29.4,0,0.01100412655,0.01100412655
2011-06-15,29.56,29.56,0,0.005442176871,0.005442176871
2011-06-16,28.98,28.98,0,-0.01962110961,-0.01962110961
2011-06-17,28.66,28.66,0,-0.011042098,-0.011042098
2011-06-20,28.33,28.33,0,-0.01151430565,-0.01151430565
2011-06-21,28.62,28.62,0,0.01023649841,0.01023649841
2011-06-22,28.99,28.99,0,0.01292802236,0.01292802236
2011-06-23,28.63,28.63,0,-0.0124180752,-0.0124180752
2011-06-24,28.53,28.53,0,-0.003492839679,-0.003492839679
2011-06-27,28.25,28.25,0,-0.009814230634,-0.009814230634
2011-06-28,28.27,28.27,0,0.0007079646018,0.0007079646018
2011-06-29,28.68,28.68,0,0.01450300672,0.01450300672
2011-06-30,28.78,28.78,0,0.003486750349,0.003486750349
2011-07-01,29.03,29.03,0,0.008686587908,0.008686587908
2011-07-04,29.26,29.26,0,0.007922838443,0.007922838443
2011-07-05,29.25,29.25,0,-0.0003417634997,-0.0003417634997
2011-07-06,29.49,29.49,0,0.008205128205,0.008205128205
2011-07-07,29.43,29.43,0,-0.002034587996,-0.002034587996
2011-07-08,29.43,29.43,0,0,0
2011-07-11,29.13,29.13,0,-0.01019367992,-0.01019367992
2011-07-12,28.62,28.62,0,-0.017507724,-0.017507724
2011-07-13,28.41,28.41,0,-0.007337526205,-0.007337526205
2011-07-14,28.36,28.36,0,-0.001759943682,-0.001759943682
2011-07-15,28.76,28.76,0,0.01410437236,0.01410437236
2011-07-18,28.76,28.76,0,0,0
2011-07-19,28.48,28.48,0,-0.009735744089,-0.009735744089
2011-07-20,29.31,29.31,0,0.02914325843,0.02914325843
2011-07-21,29.4,29.4,0,0.00307062436,0.00307062436
2011-07-22,29.58,29.58,0,0.00612244898,0.00612244898
2011-07-25,29.35,29.35,0,-0.007775524003,-0.007775524003
2011-07-26,29.67,29.67,0,0.01090289608,0.01090289608
2011-07-27,29.75,29.75,0,0.002696326255,0.002696326255
2011-07-28,29.64,29.64,0,-0.003697478992,-0.003697478992
2011-07-29,29.15,29.15,0,-0.0165317139,-0.0165317139
2011-08-01,29.31,29.31,0,0.005488850772,0.005488850772
2011-08-02,29.13,29.13,0,-0.006141248721,-0.006141248721
2011-08-03,28.64,28.64,0,-0.01682114658,-0.01682114658
2011-08-04,28.25,28.25,0,-0.01361731844,-0.01361731844
2011-08-05,26.38,26.38,0,-0.06619469027,-0.06619469027
2011-08-08,25.57,25.57,0,-0.03070507961,-0.03070507961
2011-08-09,25.6,25.6,0,0.001173249902,0.001173249902
2011-08-10,26.32,26.32,0,0.028125,0.028125
2011-08-11,26.8,26.8,0,0.01823708207,0.01823708207
2011-08-12,26.16,26.16,0,-0.02388059701,-0.02388059701
2011-08-15,26.58,26.58,0,0.01605504587,0.01605504587
2011-08-16,26.63,26.63,0,0.001881113619,0.001881113619
2011-08-17,26.31,26.31,0,-0.01201652272,-0.01201652272
2011-08-18,25.7,25.7,0,-0.02318510072,-0.02318510072
2011-08-19,24.99,24.99,0,-0.02762645914,-0.02762645914
2011-08-22,24.91,24.91,0,-0.003201280512,-0.003201280512
2011-08-23,25.7,25.7,0,0.03171417102,0.03171417102
2011-08-24,25.74,25.74,0,0.001556420233,0.001556420233
2011-08-25,25.52,25.52,0,-0.008547008547,-0.008547008547
2011-08-26,25.55,25.55,0,0.001175548589,0.001175548589
2011-08-29,26,26,0,0.01761252446,0.01761252446
2011-08-30,26.25,26.25,0,0.009615384615,0.009615384615
2011-08-31,26.5,26.5,0,0.009523809524,0.009523809524
2011-09-01,26.9,26.9,0,0.01509433962,0.01509433962
2011-09-02,26.7,26.7,0,-0.007434944238,-0.007434944238
2011-09-05,25.95,25.95,0,-0.02808988764,-0.02808988764
2011-09-06,25.32,25.32,0,-0.02427745665,-0.02427745665
2011-09-07,25.5,25.5,0,0.007109004739,0.007109004739
2011-09-08,25.83,25.83,0,0.01294117647,0.01294117647
2011-09-09,26.18,26.18,0,0.0135501355,0.0135501355
2011-09-13,25.5,25.5,0,-0.02597402597,-0.02597402597
2011-09-14,25.2,25.2,0,-0.01176470588,-0.01176470588
2011-09-15,25.51,25.51,0,0.0123015873,0.0123015873
2011-09-16,26.1,26.1,0,0.02312818503,0.02312818503
2011-09-19,25.95,25.95,0,-0.005747126437,-0.005747126437
2011-09-20,25.53,25.53,0,-0.0161849711,-0.0161849711
2011-09-21,25.97,25.97,0,0.01723462593,0.01723462593
2011-09-22,25.49,25.49,0,-0.01848286484,-0.01848286484
2011-09-23,24,24,0,-0.0584542958,-0.0584542958
2011-09-26,24,24,0,0,0
2011-09-27,24.82,24.82,0,0.03416666667,0.03416666667
2011-09-28,24.67,24.67,0,-0.006043513296,-0.006043513296
2011-09-29,24.78,24.78,0,0.004458856911,0.004458856911
2011-09-30,24.78,24.78,0,0,0
2011-10-03,24.7,24.7,0,-0.003228410008,-0.003228410008
2011-10-04,24.5,24.5,0,-0.008097165992,-0.008097165992
2011-10-05,24,24,0,-0.02040816327,-0.02040816327
2011-10-06,24.7,24.7,0,0.02916666667,0.02916666667
2011-10-07,24.8,24.8,0,0.004048582996,0.004048582996
2011-10-11,25.45,25.45,0,0.02620967742,0.02620967742
2011-10-12,25.64,25.64,0,0.007465618861,0.007465618861
2011-10-13,25.4,25.4,0,-0.009360374415,-0.009360374415
2011-10-14,25.3,25.3,0,-0.003937007874,-0.003937007874
2011-10-17,25.35,25.35,0,0.001976284585,0.001976284585
2011-10-18,25.4,25.4,0,0.001972386588,0.001972386588
2011-10-19,25.4,25.4,0,0,0
2011-10-20,25,25,0,-0.0157480315,-0.0157480315
2011-10-21,25.15,25.15,0,0.006,0.006
2011-10-24,25.8,25.8,0,0.02584493042,0.02584493042
2011-10-25,25.7,25.7,0,-0.003875968992,-0.003875968992
2011-10-26,26.1,26.1,0,0.01556420233,0.01556420233
2011-10-27,26.01,26.01,0,-0.003448275862,-0.003448275862
2011-10-28,26.42,26.42,0,0.01576316801,0.01576316801
2011-10-31,26.21,26.21,0,-0.007948523846,-0.007948523846
2011-11-01,26.6,26.6,0,0.01487981686,0.01487981686
2011-11-02,26.4,26.4,0,-0.007518796992,-0.007518796992
2011-11-03,25.54,25.54,0,-0.03257575758,-0.03257575758
2011-11-04,26.18,26.18,0,0.0250587314,0.0250587314
2011-11-07,26.49,26.49,0,0.01184110008,0.01184110008
2011-11-08,26.4,26.4,0,-0.003397508494,-0.003397508494
2011-11-09,26.16,26.16,0,-0.009090909091,-0.009090909091
2011-11-10,25.45,25.45,0,-0.02714067278,-0.02714067278
2011-11-11,25.2,25.2,0,-0.009823182711,-0.009823182711
2011-11-14,26.2,26.2,0,0.03968253968,0.03968253968
2011-11-15,25.84,25.84,0,-0.01374045802,-0.01374045802
2011-11-16,25.45,25.45,0,-0.01509287926,-0.01509287926
2011-11-17,25.45,25.45,0,0,0
2011-11-18,25.4,25.4,0,-0.001964636542,-0.001964636542
2011-11-21,24.25,24.25,0,-0.04527559055,-0.04527559055
2011-11-22,24.4,24.4,0,0.00618556701,0.00618556701
2011-11-23,23.2,23.2,0.8,-0.01639344262,-0.01639344262
2011-11-24,22.8,22.8,0,-0.01724137931,-0.01724137931
2011-11-25,23,23,0,0.008771929825,0.008771929825
2011-11-28,22.9,22.9,0,-0.004347826087,-0.004347826087
2011-11-29,23.1,23.1,0,0.008733624454,0.008733624454
2011-11-30,23.1,23.1,0,0,0
2011-12-01,24.3,24.3,0,0.05194805195,0.05194805195
2011-12-02,24,24,0,-0.01234567901,-0.01234567901
2011-12-05,24,24,0,0,0
2011-12-06,23.5,23.5,0,-0.02083333333,-0.02083333333
2011-12-07,23.6,23.6,0,0.004255319149,0.004255319149
2011-12-08,23.5,23.5,0,-0.004237288136,-0.004237288136
2011-12-09,23.5,23.5,0,0,0
2011-12-12,23.11,23.11,0,-0.01659574468,-0.01659574468
2011-12-13,23.1,23.1,0,-0.0004327131112,-0.0004327131112
2011-12-14,23,23,0,-0.004329004329,-0.004329004329
2011-12-15,22.8,22.8,0,-0.008695652174,-0.008695652174
2011-12-16,22.7,22.7,0,-0.004385964912,-0.004385964912
2011-12-19,22.4,22.4,0,-0.01321585903,-0.01321585903
2011-12-20,22.5,22.5,0,0.004464285714,0.004464285714
2011-12-21,23.4,23.4,0,0.04,0.04
2011-12-22,23.45,23.45,0,0.002136752137,0.002136752137
2011-12-23,23.91,23.91,0,0.01961620469,0.01961620469
2011-12-27,23.5,23.5,0,-0.01714763697,-0.01714763697
2011-12-28,23.75,23.75,0,0.01063829787,0.01063829787
2011-12-29,23.7,23.7,0,-0.002105263158,-0.002105263158
2011-12-30,23.7,23.7,0,0,0
2012-01-03,23.65,23.65,0,-0.002109704641,-0.002109704641
2012-01-04,23.9,23.9,0,0.01057082452,0.01057082452
2012-01-05,23.95,23.95,0,0.002092050209,0.002092050209
2012-01-06,24,24,0,0.002087682672,0.002087682672
2012-01-09,23.6,23.6,0,-0.01666666667,-0.01666666667
2012-01-10,24.29,24.29,0,0.02923728814,0.02923728814
2012-01-11,24.25,24.25,0,-0.001646768217,-0.001646768217
2012-01-12,24.28,24.28,0,0.001237113402,0.001237113402
2012-01-13,24.32,24.32,0,0.001647446458,0.001647446458
2012-01-16,23.91,23.91,0,-0.01685855263,-0.01685855263
2012-01-17,24.1,24.1,0,0.007946465914,0.007946465914
2012-01-18,24.4,24.4,0,0.01244813278,0.01244813278
2012-01-30,25,25,0,0.02459016393,0.02459016393
2012-01-31,25.05,25.05,0,0.002,0.002
2012-02-01,25.4,25.4,0,0.01397205589,0.01397205589
2012-02-02,25.4,25.4,0,0,0
2012-02-03,25.7,25.7,0,0.01181102362,0.01181102362
2012-02-04,26,26,0,0.01167315175,0.01167315175
2012-02-06,25.6,25.6,0,-0.01538461538,-0.01538461538
2012-02-07,25.8,25.8,0,0.0078125,0.0078125
2012-02-08,26.1,26.1,0,0.01162790698,0.01162790698
2012-02-09,26.2,26.2,0,0.003831417625,0.003831417625
2012-02-10,26.3,26.3,0,0.003816793893,0.003816793893
2012-02-13,26.1,26.1,0,-0.007604562738,-0.007604562738
2012-02-14,26.29,26.29,0,0.007279693487,0.007279693487
2012-02-15,26.41,26.41,0,0.004564473184,0.004564473184
2012-02-16,26.43,26.43,0,0.0007572889057,0.0007572889057
2012-02-17,26.11,26.11,0,-0.01210745365,-0.01210745365
2012-02-20,26.35,26.35,0,0.009191880506,0.009191880506
2012-02-21,26.3,26.3,0,-0.001897533207,-0.001897533207
2012-02-22,26.3,26.3,0,0,0
2012-02-23,26.25,26.25,0,-0.001901140684,-0.001901140684
2012-02-24,26,26,0,-0.009523809524,-0.009523809524
2012-02-29,26.7,26.7,0,0.02692307692,0.02692307692
2012-03-01,27,27,0,0.01123595506,0.01123595506
2012-03-02,26.8,26.8,0,-0.007407407407,-0.007407407407
2012-03-03,26.75,26.75,0,-0.001865671642,-0.001865671642
2012-03-05,26.3,26.3,0,-0.01682242991,-0.01682242991
2012-03-06,26.01,26.01,0,-0.01102661597,-0.01102661597
2012-03-07,26.45,26.45,0,0.01691657055,0.01691657055
2012-03-08,26.79,26.79,0,0.01285444234,0.01285444234
2012-03-09,26.07,26.07,0,-0.02687569989,-0.02687569989
2012-03-12,26.18,26.18,0,0.004219409283,0.004219409283
2012-03-13,26.8,26.8,0,0.02368220015,0.02368220015
2012-03-14,26.95,26.95,0,0.005597014925,0.005597014925
2012-03-15,26.85,26.85,0,-0.003710575139,-0.003710575139
2012-03-16,26.9,26.9,0,0.001862197393,0.001862197393
2012-03-19,26.9,26.9,0,0,0
2012-03-20,26.55,26.55,0,-0.01301115242,-0.01301115242
2012-03-21,26.55,26.55,0,0,0
2012-03-22,26.8,26.8,0,0.009416195857,0.009416195857
2012-03-23,27,27,0,0.007462686567,0.007462686567
2012-03-27,27.2,27.2,0,0.007407407407,0.007407407407
2012-03-28,26.21,26.21,0,-0.03639705882,-0.03639705882
2012-03-29,26.6,26.6,0,0.01487981686,0.01487981686
2012-03-30,26.58,26.58,0,-0.0007518796992,-0.0007518796992
2012-04-02,26.45,26.45,0,-0.00489089541,-0.00489089541
2012-04-03,25.99,25.99,0,-0.01739130435,-0.01739130435
2012-04-05,25.84,25.84,0,-0.005771450558,-0.005771450558
2012-04-06,25.74,25.74,0,-0.00386996904,-0.00386996904
2012-04-09,25.6,25.6,0,-0.005439005439,-0.005439005439
2012-04-10,25.61,25.61,0,0.000390625,0.000390625
2012-04-11,25.79,25.79,0,0.00702850449,0.00702850449
2012-04-12,25.79,25.79,0,0,0
2012-04-13,26.1,26.1,0,0.01202016285,0.01202016285
2012-04-16,25.69,25.69,0,-0.01570881226,-0.01570881226
2012-04-17,25.5,25.5,0,-0.007395873881,-0.007395873881
2012-04-18,25.4,25.4,0,-0.003921568627,-0.003921568627
2012-04-20,25.1,25.1,0,-0.01181102362,-0.01181102362
2012-04-23,24.9,24.9,0,-0.00796812749,-0.00796812749
2012-04-24,25.49,25.49,0,0.02369477912,0.02369477912
2012-04-25,25.16,25.16,0,-0.01294625343,-0.01294625343
2012-04-26,25.15,25.15,0,-0.0003974562798,-0.0003974562798
2012-04-27,25.1,25.1,0,-0.001988071571,-0.001988071571
2012-04-30,25.1,25.1,0,0,0
2012-05-02,25.75,25.75,0,0.02589641434,0.02589641434
2012-05-03,25.55,25.55,0,-0.007766990291,-0.007766990291
2012-05-04,25.82,25.82,0,0.01056751468,0.01056751468
2012-05-07,25.49,25.49,0,-0.01278079009,-0.01278079009
2012-05-08,25.12,25.12,0,-0.01451549627,-0.01451549627
2012-05-09,24.8,24.8,0,-0.0127388535,-0.0127388535
2012-05-11,24.65,24.65,0,-0.006048387097,-0.006048387097
2012-05-14,25,25,0,0.01419878296,0.01419878296
2012-05-15,25,25,0,0,0
2012-05-16,24.5,24.5,0,-0.02,-0.02
2012-05-17,25,25,0,0.02040816327,0.02040816327
2012-05-18,24.5,24.5,0,-0.02,-0.02
2012-05-21,23.86,23.86,0,-0.02612244898,-0.02612244898
2012-05-22,23.9,23.9,0,0.001676445935,0.001676445935
2012-05-23,23.6,23.6,0,-0.01255230126,-0.01255230126
2012-05-24,23.75,23.75,0,0.006355932203,0.006355932203
2012-05-25,23.75,23.75,0,0,0
2012-05-28,23.5,23.5,0,-0.01052631579,-0.01052631579
2012-05-29,24.3,24.3,0,0.03404255319,0.03404255319
2012-05-30,23.9,23.9,0,-0.01646090535,-0.01646090535
2012-05-31,23.99,23.99,0,0.003765690377,0.003765690377
2012-06-01,23.7,23.7,0,-0.01208837015,-0.01208837015
2012-06-04,22.86,22.86,0,-0.03544303797,-0.03544303797
2012-06-05,23.15,23.15,0,0.01268591426,0.01268591426
2012-06-06,23.25,23.25,0,0.004319654428,0.004319654428
2012-06-07,23.4,23.4,0,0.006451612903,0.006451612903
2012-06-08,23.05,23.05,0,-0.01495726496,-0.01495726496
2012-06-12,23.2,23.2,0,0.006507592191,0.006507592191
2012-06-13,23.21,23.21,0,0.0004310344828,0.0004310344828
2012-06-14,23.6,23.6,0,0.01680310211,0.01680310211
2012-06-15,23.5,23.5,0,-0.004237288136,-0.004237288136
2012-06-18,24.1,24.1,0,0.02553191489,0.02553191489
2012-06-19,24.1,24.1,0,0,0
2012-06-20,24.18,24.18,0,0.003319502075,0.003319502075
2012-06-22,24,24,0,-0.007444168734,-0.007444168734
2012-06-25,23.41,23.41,0,-0.02458333333,-0.02458333333
2012-06-27,23.7,23.7,0,0.01238786843,0.01238786843
2012-06-28,23.61,23.61,0,-0.003797468354,-0.003797468354
2012-06-29,24.16,24.16,0,0.02329521389,0.02329521389
2012-07-03,24.5,24.5,0,0.01407284768,0.01407284768
2012-07-04,24.5,24.5,0,0,0
2012-07-05,24.5,24.5,0,0,0
2012-07-06,24.59,24.59,0,0.003673469388,0.003673469388
2012-07-09,24.64,24.64,0,0.002033346889,0.002033346889
2012-07-10,24.15,24.15,0,-0.01988636364,-0.01988636364
2012-07-12,23.81,23.81,0,-0.01407867495,-0.01407867495
2012-07-13,23.6,23.6,0,-0.008819823604,-0.008819823604
2012-07-16,23.9,23.9,0,0.01271186441,0.01271186441
2012-07-17,23.44,23.44,0,-0.01924686192,-0.01924686192
2012-07-18,23.5,23.5,0,0.002559726962,0.002559726962
2012-07-19,23.88,23.88,0,0.01617021277,0.01617021277
2012-07-20,23.86,23.86,0,-0.000837520938,-0.000837520938
2012-07-23,23.4,23.4,0,-0.01927912825,-0.01927912825
2012-07-24,23.4,23.4,0,0,0
2012-07-26,23.42,23.42,0,0.0008547008547,0.0008547008547
2012-07-27,23.56,23.56,0,0.005977796755,0.005977796755
2012-07-30,24.06,24.06,0,0.02122241087,0.02122241087
2012-07-31,24.23,24.23,0,0.00706566916,0.00706566916
2012-08-01,24.42,24.42,0,0.007841518778,0.007841518778
2012-08-03,24.2,24.2,0,-0.009009009009,-0.009009009009
2012-08-06,24.7,24.7,0,0.02066115702,0.02066115702
2012-08-07,24.8,24.8,0,0.004048582996,0.004048582996
2012-08-08,24.8,24.8,0,0,0
2012-08-09,25.1,25.1,0,0.01209677419,0.01209677419
2012-08-10,25.15,25.15,0,0.001992031873,0.001992031873
2012-08-13,25.26,25.26,0,0.004373757455,0.004373757455
2012-08-14,25.02,25.02,0,-0.009501187648,-0.009501187648
2012-08-15,25.29,25.29,0,0.01079136691,0.01079136691
2012-08-16,25.7,25.7,0,0.01621194148,0.01621194148
2012-08-17,25.5,25.5,0,-0.007782101167,-0.007782101167
2012-08-21,25.8,25.8,0,0.01176470588,0.01176470588
2012-08-22,25.5,25.5,0,-0.01162790698,-0.01162790698
2012-08-23,25.5,25.5,0,0,0
2012-08-24,25.45,25.45,0,-0.001960784314,-0.001960784314
2012-08-27,25.45,25.45,0,0,0
2012-08-28,25.44,25.44,0,-0.0003929273084,-0.0003929273084
2012-08-29,25.2,25.2,0,-0.009433962264,-0.009433962264
2012-08-30,25.2,25.2,0,0,0
2012-08-31,25.2,25.2,0,0,0
2012-09-03,25.8,25.8,0,0.02380952381,0.02380952381
2012-09-04,25.7,25.7,0,-0.003875968992,-0.003875968992
2012-09-05,25.22,25.22,0,-0.0186770428,-0.0186770428
2012-09-06,25.22,25.22,0,0,0
2012-09-07,25.79,25.79,0,0.02260111023,0.02260111023
2012-09-10,25.55,25.55,0,-0.009305932532,-0.009305932532
2012-09-11,25.69,25.69,0,0.005479452055,0.005479452055
2012-09-12,26,26,0,0.01206695212,0.01206695212
2012-09-13,25.9,25.9,0,-0.003846153846,-0.003846153846
2012-09-14,26.6,26.6,0,0.02702702703,0.02702702703
2012-09-17,26.66,26.66,0,0.002255639098,0.002255639098
2012-09-18,26.65,26.65,0,-0.0003750937734,-0.0003750937734
2012-09-19,26.64,26.64,0,-0.0003752345216,-0.0003752345216
2012-09-20,26.65,26.65,0,0.0003753753754,0.0003753753754
2012-09-21,26.65,26.65,0,0,0
2012-09-24,26.7,26.7,0,0.001876172608,0.001876172608
2012-09-25,26.7,26.7,0,0,0
2012-09-26,26.5,26.5,0,-0.007490636704,-0.007490636704
2012-09-28,26.4,26.4,0,-0.003773584906,-0.003773584906
2012-10-01,26.5,26.5,0,0.003787878788,0.003787878788
2012-10-02,26.45,26.45,0,-0.001886792453,-0.001886792453
2012-10-03,26.59,26.59,0,0.005293005671,0.005293005671
2012-10-04,26.5,26.5,0,-0.003384731102,-0.003384731102
2012-10-05,26.55,26.55,0,0.001886792453,0.001886792453
2012-10-08,26.4,26.4,0,-0.005649717514,-0.005649717514
2012-10-09,26.01,26.01,0,-0.01477272727,-0.01477272727
2012-10-11,26,26,0,-0.0003844675125,-0.0003844675125
2012-10-12,27.7,27.7,0,0.06538461538,0.06538461538
2012-10-15,25.77,25.77,0,-0.06967509025,-0.06967509025
2012-10-16,25.7,25.7,0,-0.002716336826,-0.002716336826
2012-10-17,25.77,25.77,0,0.002723735409,0.002723735409
2012-10-18,25.77,25.77,0,0,0
2012-10-19,25.62,25.62,0,-0.005820721769,-0.005820721769
2012-10-22,25.11,25.11,0,-0.01990632319,-0.01990632319
2012-10-23,25.35,25.35,0,0.009557945042,0.009557945042
2012-10-24,25.3,25.3,0,-0.001972386588,-0.001972386588
2012-10-29,24.8,24.8,0,-0.01976284585,-0.01976284585
2012-10-30,24.73,24.73,0,-0.002822580645,-0.002822580645
2012-10-31,24.9,24.9,0,0.006874241812,0.006874241812
2012-11-01,24.82,24.82,0,-0.003212851406,-0.003212851406
2012-11-02,25,25,0,0.007252215955,0.007252215955
2012-11-05,25,25,0,0,0
2012-11-06,25,25,0,0,0
2012-11-07,25.52,25.52,0,0.0208,0.0208
2012-11-08,25,25,0,-0.02037617555,-0.02037617555
2012-11-09,25,25,0,0,0
2012-11-13,25,25,0,0,0
2012-11-14,24.8,24.8,0,-0.008,-0.008
2012-11-15,24.8,24.8,0,0,0
2012-11-19,25.19,25.19,0,0.01572580645,0.01572580645
2012-11-20,24.85,24.85,0,-0.01349741961,-0.01349741961
2012-11-21,24.89,24.89,0,0.001609657948,0.001609657948
2012-11-22,24.05,24.05,0.7,-0.005624748895,-0.005624748895
2012-11-23,24.51,24.51,0,0.01912681913,0.01912681913
2012-11-26,24.9,24.9,0,0.01591187271,0.01591187271
2012-11-27,25,25,0,0.004016064257,0.004016064257
2012-11-28,25.03,25.03,0,0.0012,0.0012
2012-11-29,25.4,25.4,0,0.01478226129,0.01478226129
2012-12-03,25.75,25.75,0,0.01377952756,0.01377952756
2012-12-04,25.65,25.65,0,-0.003883495146,-0.003883495146
2012-12-05,25.6,25.6,0,-0.001949317739,-0.001949317739
2012-12-06,26,26,0,0.015625,0.015625
2012-12-07,25.96,25.96,0,-0.001538461538,-0.001538461538
2012-12-10,25.63,25.63,0,-0.01271186441,-0.01271186441
2012-12-11,25.85,25.85,0,0.008583690987,0.008583690987
2012-12-12,26.1,26.1,0,0.009671179884,0.009671179884
2012-12-13,26.3,26.3,0,0.007662835249,0.007662835249
2012-12-14,26.2,26.2,0,-0.003802281369,-0.003802281369
2012-12-17,25.85,25.85,0,-0.01335877863,-0.01335877863
2012-12-18,25.8,25.8,0,-0.001934235977,-0.001934235977
2012-12-19,25.95,25.95,0,0.005813953488,0.005813953488
2012-12-21,25.35,25.35,0,-0.02312138728,-0.02312138728
2012-12-22,25.4,25.4,0,0.001972386588,0.001972386588
2012-12-24,25.4,25.4,0,0,0
2012-12-25,26,26,0,0.02362204724,0.02362204724
2012-12-26,26.05,26.05,0,0.001923076923,0.001923076923
2012-12-27,26.05,26.05,0,0,0
2012-12-28,26.14,26.14,0,0.003454894434,0.003454894434
2013-01-02,26.11,26.11,0,-0.001147666412,-0.001147666412
2013-01-03,26.5,26.5,0,0.01493680582,0.01493680582
2013-01-04,26.37,26.37,0,-0.004905660377,-0.004905660377
2013-01-07,26.05,26.05,0,-0.0121350019,-0.0121350019
2013-01-08,25.85,25.85,0,-0.007677543186,-0.007677543186
2013-01-09,26.05,26.05,0,0.007736943907,0.007736943907
2013-01-11,26.3,26.3,0,0.009596928983,0.009596928983
2013-01-14,26.1,26.1,0,-0.007604562738,-0.007604562738
2013-01-15,26.1,26.1,0,0,0
2013-01-16,26.15,26.15,0,0.001915708812,0.001915708812
2013-01-17,26.15,26.15,0,0,0
2013-01-18,25.95,25.95,0,-0.007648183556,-0.007648183556
2013-01-21,26.34,26.34,0,0.01502890173,0.01502890173
2013-01-22,26.05,26.05,0,-0.01100987092,-0.01100987092
2013-01-23,26.25,26.25,0,0.007677543186,0.007677543186
2013-01-24,26.1,26.1,0,-0.005714285714,-0.005714285714
2013-01-25,25.8,25.8,0,-0.01149425287,-0.01149425287
2013-01-28,26.14,26.14,0,0.01317829457,0.01317829457
2013-01-29,26.49,26.49,0,0.01338944147,0.01338944147
2013-01-30,26.6,26.6,0,0.004152510381,0.004152510381
2013-01-31,26.45,26.45,0,-0.005639097744,-0.005639097744
2013-02-01,26.7,26.7,0,0.009451795841,0.009451795841
2013-02-04,26.9,26.9,0,0.007490636704,0.007490636704
2013-02-05,26.6,26.6,0,-0.01115241636,-0.01115241636
2013-02-06,26.84,26.84,0,0.009022556391,0.009022556391
2013-02-18,27.15,27.15,0,0.01154992548,0.01154992548
2013-02-19,27.29,27.29,0,0.005156537753,0.005156537753
2013-02-20,27.3,27.3,0,0.0003664345914,0.0003664345914
2013-02-21,27.05,27.05,0,-0.009157509158,-0.009157509158
2013-02-22,27.1,27.1,0,0.001848428835,0.001848428835
2013-02-23,27.03,27.03,0,-0.00258302583,-0.00258302583
2013-02-26,26.86,26.86,0,-0.006289308176,-0.006289308176
2013-02-27,26.8,26.8,0,-0.002233804914,-0.002233804914
2013-03-01,26.95,26.95,0,0.005597014925,0.005597014925
2013-03-04,26.8,26.8,0,-0.005565862709,-0.005565862709
2013-03-05,26.8,26.8,0,0,0
2013-03-06,26.95,26.95,0,0.005597014925,0.005597014925
2013-03-07,27,27,0,0.00185528757,0.00185528757
2013-03-08,27.2,27.2,0,0.007407407407,0.007407407407
2013-03-11,27.3,27.3,0,0.003676470588,0.003676470588
2013-03-12,27.25,27.25,0,-0.001831501832,-0.001831501832
2013-03-13,27.15,27.15,0,-0.003669724771,-0.003669724771
2013-03-14,27,27,0,-0.005524861878,-0.005524861878
2013-03-15,26.85,26.85,0,-0.005555555556,-0.005555555556
2013-03-18,26.56,26.56,0,-0.01080074488,-0.01080074488
2013-03-19,26.75,26.75,0,0.007153614458,0.007153614458
2013-03-20,26.42,26.42,0,-0.0123364486,-0.0123364486
2013-03-21,26.45,26.45,0,0.001135503407,0.001135503407
2013-03-22,26.45,26.45,0,0,0
2013-03-25,26.6,26.6,0,0.005671077505,0.005671077505
2013-03-26,26.45,26.45,0,-0.005639097744,-0.005639097744
2013-03-27,26.45,26.45,0,0,0
2013-03-29,26.7,26.7,0,0.009451795841,0.009451795841
2013-04-01,26.6,26.6,0,-0.003745318352,-0.003745318352
2013-04-02,26.63,26.63,0,0.001127819549,0.001127819549
2013-04-03,26.88,26.88,0,0.009387908374,0.009387908374
2013-04-09,26.22,26.22,0,-0.02455357143,-0.02455357143
2013-04-10,26.15,26.15,0,-0.002669717773,-0.002669717773
2013-04-11,26.43,26.43,0,0.01070745698,0.01070745698
2013-04-12,26.5,26.5,0,0.002648505486,0.002648505486
2013-04-15,26.3,26.3,0,-0.007547169811,-0.007547169811
2013-04-17,26.3,26.3,0,0,0
2013-04-18,26.34,26.34,0,0.001520912548,0.001520912548
2013-04-19,26.8,26.8,0,0.01746393318,0.01746393318
2013-04-22,27.05,27.05,0,0.009328358209,0.009328358209
2013-04-23,26.8,26.8,0,-0.009242144177,-0.009242144177
2013-04-24,26.9,26.9,0,0.003731343284,0.003731343284
2013-04-25,27.25,27.25,0,0.01301115242,0.01301115242
2013-04-26,27.35,27.35,0,0.003669724771,0.003669724771
2013-04-29,27.3,27.3,0,-0.001828153565,-0.001828153565
2013-04-30,27.6,27.6,0,0.01098901099,0.01098901099
2013-05-02,27.6,27.6,0,0,0
2013-05-03,27.8,27.8,0,0.007246376812,0.007246376812
2013-05-06,27.75,27.75,0,-0.001798561151,-0.001798561151
2013-05-07,27.9,27.9,0,0.005405405405,0.005405405405
2013-05-08,28.13,28.13,0,0.008243727599,0.008243727599
2013-05-09,28.31,28.31,0,0.006398862424,0.006398862424
2013-05-10,28.21,28.21,0,-0.003532320735,-0.003532320735
2013-05-13,28.19,28.19,0,-0.0007089684509,-0.0007089684509
2013-05-14,28.25,28.25,0,0.002128414331,0.002128414331
2013-05-15,28.21,28.21,0,-0.001415929204,-0.001415929204
2013-05-16,28.51,28.51,0,0.01063452676,0.01063452676
2013-05-17,28.51,28.51,0,0,0
2013-05-20,28.41,28.41,0,-0.003507541214,-0.003507541214
2013-05-21,28.5,28.5,0,0.003167898627,0.003167898627
2013-05-22,28.5,28.5,0,0,0
2013-05-23,28.04,28.04,0,-0.01614035088,-0.01614035088
2013-05-24,27.8,27.8,0,-0.008559201141,-0.008559201141
2013-05-27,27.82,27.82,0,0.0007194244604,0.0007194244604
2013-05-28,28.01,28.01,0,0.006829618979,0.006829618979
2013-05-29,28.15,28.15,0,0.004998214923,0.004998214923
2013-05-30,28,28,0,-0.005328596803,-0.005328596803
2013-05-31,28,28,0,0,0
2013-06-04,27.31,27.31,0,-0.02464285714,-0.02464285714
2013-06-05,27.31,27.31,0,0,0
2013-06-06,27.23,27.23,0,-0.002929329916,-0.002929329916
2013-06-10,27.21,27.21,0,-0.000734484025,-0.000734484025
2013-06-11,27.45,27.45,0,0.008820286659,0.008820286659
2013-06-13,27,27,0,-0.01639344262,-0.01639344262
2013-06-14,26.92,26.92,0,-0.002962962963,-0.002962962963
2013-06-17,26.8,26.8,0,-0.004457652303,-0.004457652303
2013-06-18,26.85,26.85,0,0.001865671642,0.001865671642
2013-06-21,26.2,26.2,0,-0.02420856611,-0.02420856611
2013-06-24,25.9,25.9,0,-0.01145038168,-0.01145038168
2013-06-25,25.99,25.99,0,0.003474903475,0.003474903475
2013-06-26,26.3,26.3,0,0.01192766449,0.01192766449
2013-06-27,26.3,26.3,0,0,0
2013-07-02,26.97,26.97,0,0.02547528517,0.02547528517
2013-07-03,26.9,26.9,0,-0.002595476455,-0.002595476455
2013-07-05,27.2,27.2,0,0.01115241636,0.01115241636
2013-07-09,26.9,26.9,0,-0.01102941176,-0.01102941176
2013-07-10,27.4,27.4,0,0.01858736059,0.01858736059
2013-07-11,27.8,27.8,0,0.01459854015,0.01459854015
2013-07-12,27.85,27.85,0,0.001798561151,0.001798561151
2013-07-15,27.95,27.95,0,0.003590664273,0.003590664273
2013-07-16,28,28,0,0.001788908766,0.001788908766
2013-07-17,28.1,28.1,0,0.003571428571,0.003571428571
2013-07-18,27.75,27.75,0,-0.01245551601,-0.01245551601
2013-07-19,27.4,27.4,0,-0.01261261261,-0.01261261261
2013-07-23,28.03,28.03,0,0.02299270073,0.02299270073
2013-07-26,27.65,27.65,0,-0.01355690332,-0.01355690332
2013-07-29,27.5,27.5,0,-0.005424954792,-0.005424954792
2013-07-30,27.5,27.5,0,0,0
2013-07-31,27.64,27.64,0,0.005090909091,0.005090909091
2013-08-05,27.45,27.45,0,-0.006874095514,-0.006874095514
2013-08-06,27.1,27.1,0,-0.01275045537,-0.01275045537
2013-08-07,26.9,26.9,0,-0.007380073801,-0.007380073801
2013-08-08,26.61,26.61,0,-0.01078066914,-0.01078066914
2013-08-12,26.7,26.7,0,0.003382187148,0.003382187148
2013-08-16,26.75,26.75,0,0.001872659176,0.001872659176
2013-08-19,27.04,27.04,0,0.0108411215,0.0108411215
2013-08-23,26.8,26.8,0,-0.008875739645,-0.008875739645
2013-08-26,26.8,26.8,0,0,0
2013-08-28,26.6,26.6,0,-0.007462686567,-0.007462686567
2013-08-29,26.85,26.85,0,0.009398496241,0.009398496241
2013-08-30,27.39,27.39,0,0.02011173184,0.02011173184
2013-09-02,27.35,27.35,0,-0.001460387003,-0.001460387003
2013-09-03,28.02,28.02,0,0.02449725777,0.02449725777
2013-09-04,27.6,27.6,0,-0.01498929336,-0.01498929336
2013-09-05,27.7,27.7,0,0.003623188406,0.003623188406
2013-09-09,27.85,27.85,0,0.005415162455,0.005415162455
2013-09-10,28.16,28.16,0,0.01113105925,0.01113105925
2013-09-11,28,28,0,-0.005681818182,-0.005681818182
2013-09-12,27.81,27.81,0,-0.006785714286,-0.006785714286
2013-09-13,27.92,27.92,0,0.003955411722,0.003955411722
2013-09-14,27.88,27.88,0,-0.001432664756,-0.001432664756
2013-09-16,28.24,28.24,0,0.01291248207,0.01291248207
2013-09-17,28.63,28.63,0,0.0138101983,0.0138101983
2013-09-18,28.2,28.2,0,-0.01501921062,-0.01501921062
2013-09-23,28.45,28.45,0,0.008865248227,0.008865248227
2013-09-24,28.33,28.33,0,-0.004217926186,-0.004217926186
2013-09-25,28.2,28.2,0,-0.00458877515,-0.00458877515
2013-09-26,28,28,0,-0.007092198582,-0.007092198582
2013-09-27,28.05,28.05,0,0.001785714286,0.001785714286
2013-09-30,27.95,27.95,0,-0.003565062389,-0.003565062389
2013-10-01,27.88,27.88,0,-0.002504472272,-0.002504472272
2013-10-02,27.88,27.88,0,0,0
2013-10-03,28.49,28.49,0,0.0218794835,0.0218794835
2013-10-04,28.54,28.54,0,0.001755001755,0.001755001755
2013-10-07,28.54,28.54,0,0,0
2013-10-08,28.4,28.4,0,-0.004905395936,-0.004905395936
2013-10-09,28.53,28.53,0,0.004577464789,0.004577464789
2013-10-11,28.65,28.65,0,0.004206098843,0.004206098843
2013-10-14,28.5,28.5,0,-0.005235602094,-0.005235602094
2013-10-15,28.59,28.59,0,0.003157894737,0.003157894737
2013-10-16,28.62,28.62,0,0.001049317943,0.001049317943
2013-10-17,28.64,28.64,0,0.0006988120196,0.0006988120196
2013-10-18,28.65,28.65,0,0.0003491620112,0.0003491620112
2013-10-21,28.8,28.8,0,0.005235602094,0.005235602094
2013-10-22,28.7,28.7,0,-0.003472222222,-0.003472222222
2013-10-23,28.72,28.72,0,0.0006968641115,0.0006968641115
2013-10-24,28.6,28.6,0,-0.004178272981,-0.004178272981
2013-10-25,28.5,28.5,0,-0.003496503497,-0.003496503497
2013-10-28,28.75,28.75,0,0.008771929825,0.008771929825
2013-10-29,28.75,28.75,0,0,0
2013-10-31,28.8,28.8,0,0.001739130435,0.001739130435
2013-11-01,28.8,28.8,0,0,0
2013-11-04,28.5,28.5,0,-0.01041666667,-0.01041666667
2013-11-05,28.3,28.3,0,-0.00701754386,-0.00701754386
2013-11-06,28.15,28.15,0,-0.005300353357,-0.005300353357
2013-11-07,28.2,28.2,0,0.001776198934,0.001776198934
2013-11-08,28.2,28.2,0,0,0
2013-11-11,27.9,27.9,0,-0.01063829787,-0.01063829787
2013-11-12,28.05,28.05,0,0.005376344086,0.005376344086
2013-11-13,27.75,27.75,0,-0.01069518717,-0.01069518717
2013-11-14,27.65,27.65,0,-0.003603603604,-0.003603603604
2013-11-18,28.1,28.1,0,0.01627486438,0.01627486438
2013-11-19,28.1,28.1,0,0,0
2013-11-22,27.55,27.55,0,-0.01957295374,-0.01957295374
2013-11-25,26.92,26.92,0.85,0.007985480944,0.007985480944
2013-11-28,27.64,27.64,0,0.02674591382,0.02674591382
2013-11-29,27.78,27.78,0,0.00506512301,0.00506512301
2013-12-02,28,28,0,0.007919366451,0.007919366451
2013-12-03,27.99,27.99,0,-0.0003571428571,-0.0003571428571
2013-12-04,27.7,27.7,0,-0.01036084316,-0.01036084316
2013-12-06,27.65,27.65,0,-0.001805054152,-0.001805054152
2013-12-09,27.72,27.72,0,0.00253164557,0.00253164557
2013-12-10,27.8,27.8,0,0.002886002886,0.002886002886
2013-12-11,27.79,27.79,0,-0.0003597122302,-0.0003597122302
2013-12-12,27.6,27.6,0,-0.006836991724,-0.006836991724
2013-12-16,27.6,27.6,0,0,0
2013-12-17,27.52,27.52,0,-0.002898550725,-0.002898550725
2013-12-18,27.48,27.48,0,-0.001453488372,-0.001453488372
2013-12-20,27.6,27.6,0,0.004366812227,0.004366812227
2013-12-23,27.85,27.85,0,0.009057971014,0.009057971014
2013-12-25,27.85,27.85,0,0,0
2013-12-27,28.29,28.29,0,0.0157989228,0.0157989228
2013-12-30,28.48,28.48,0,0.006716154118,0.006716154118
2013-12-31,28.45,28.45,0,-0.001053370787,-0.001053370787
2014-01-02,28.39,28.39,0,-0.002108963093,-0.002108963093
2014-01-03,28.04,28.04,0,-0.01232828461,-0.01232828461
2014-01-06,27.81,27.81,0,-0.00820256776,-0.00820256776
2014-01-07,27.87,27.87,0,0.002157497303,0.002157497303
2014-01-09,27.94,27.94,0,0.002511661285,0.002511661285
2014-01-10,27.88,27.88,0,-0.00214745884,-0.00214745884
2014-01-13,28.18,28.18,0,0.01076040172,0.01076040172
2014-01-14,27.94,27.94,0,-0.008516678495,-0.008516678495
2014-01-15,28.2,28.2,0,0.009305654975,0.009305654975
2014-01-16,28.4,28.4,0,0.007092198582,0.007092198582
2014-01-17,28.4,28.4,0,0,0
2014-01-20,28.37,28.37,0,-0.001056338028,-0.001056338028
2014-01-21,28.36,28.36,0,-0.0003524850194,-0.0003524850194
2014-01-22,28.36,28.36,0,0,0
2014-01-23,28.43,28.43,0,0.002468265162,0.002468265162
2014-01-24,28.4,28.4,0,-0.001055223356,-0.001055223356
2014-01-27,27.81,27.81,0,-0.02077464789,-0.02077464789
2014-02-05,27.16,27.16,0,-0.02337288745,-0.02337288745
2014-02-06,27.16,27.16,0,0,0
2014-02-07,27.43,27.43,0,0.009941089838,0.009941089838
2014-02-10,27.49,27.49,0,0.002187386074,0.002187386074
2014-02-11,27.5,27.5,0,0.0003637686431,0.0003637686431
2014-02-13,27.95,27.95,0,0.01636363636,0.01636363636
2014-02-18,28,28,0,0.001788908766,0.001788908766
2014-02-19,28.2,28.2,0,0.007142857143,0.007142857143
2014-02-20,27.96,27.96,0,-0.008510638298,-0.008510638298
2014-02-21,28.3,28.3,0,0.0121602289,0.0121602289
2014-02-24,28.18,28.18,0,-0.004240282686,-0.004240282686
2014-02-25,28.2,28.2,0,0.0007097232079,0.0007097232079
2014-02-26,28.42,28.42,0,0.00780141844,0.00780141844
2014-02-27,28.27,28.27,0,-0.005277973258,-0.005277973258
2014-03-03,27.95,27.95,0,-0.01131941988,-0.01131941988
2014-03-04,28.16,28.16,0,0.007513416816,0.007513416816
2014-03-05,28.41,28.41,0,0.008877840909,0.008877840909
2014-03-06,28.44,28.44,0,0.001055966209,0.001055966209
2014-03-07,28.84,28.84,0,0.01406469761,0.01406469761
2014-03-10,28.5,28.5,0,-0.01178918169,-0.01178918169
2014-03-11,28.78,28.78,0,0.009824561404,0.009824561404
2014-03-12,28.49,28.49,0,-0.01007644197,-0.01007644197
2014-03-13,28.87,28.87,0,0.01333801334,0.01333801334
2014-03-14,28.65,28.65,0,-0.007620367163,-0.007620367163
2014-03-17,28.57,28.57,0,-0.002792321117,-0.002792321117
2014-03-18,28.7,28.7,0,0.004550227511,0.004550227511
2014-03-19,28.74,28.74,0,0.001393728223,0.001393728223
2014-03-20,28.25,28.25,0,-0.01704940849,-0.01704940849
2014-03-21,28.36,28.36,0,0.00389380531,0.00389380531
2014-03-24,28.41,28.41,0,0.001763046544,0.001763046544
2014-03-25,28.49,28.49,0,0.002815909891,0.002815909891
2014-03-26,28.88,28.88,0,0.01368901369,0.01368901369
2014-03-27,28.77,28.77,0,-0.003808864266,-0.003808864266
2014-03-28,28.93,28.93,0,0.005561348627,0.005561348627
2014-03-31,29.08,29.08,0,0.005184929139,0.005184929139
2014-04-01,29.3,29.3,0,0.007565337001,0.007565337001
2014-04-02,29.5,29.5,0,0.006825938567,0.006825938567
2014-04-03,29.36,29.36,0,-0.004745762712,-0.004745762712
2014-04-07,29.24,29.24,0,-0.00408719346,-0.00408719346
2014-04-08,29.5,29.5,0,0.008891928865,0.008891928865
2014-04-09,29.46,29.46,0,-0.001355932203,-0.001355932203
2014-04-10,29.64,29.64,0,0.006109979633,0.006109979633
2014-04-11,29.5,29.5,0,-0.004723346829,-0.004723346829
2014-04-14,29.59,29.59,0,0.003050847458,0.003050847458
2014-04-15,29.64,29.64,0,0.001689760054,0.001689760054
2014-04-16,29.71,29.71,0,0.002361673414,0.002361673414
2014-04-17,29.69,29.69,0,-0.0006731740155,-0.0006731740155
2014-04-18,29.74,29.74,0,0.00168406871,0.00168406871
2014-04-21,29.7,29.7,0,-0.001344989913,-0.001344989913
2014-04-22,29.85,29.85,0,0.005050505051,0.005050505051
2014-04-23,29.95,29.95,0,0.003350083752,0.003350083752
2014-04-24,29.74,29.74,0,-0.007011686144,-0.007011686144
2014-04-25,29.44,29.44,0,-0.01008742434,-0.01008742434
2014-04-28,29.5,29.5,0,0.002038043478,0.002038043478
2014-04-29,29.5,29.5,0,0,0
2014-04-30,29.68,29.68,0,0.006101694915,0.006101694915
2014-05-02,29.6,29.6,0,-0.00269541779,-0.00269541779
2014-05-05,29.52,29.52,0,-0.002702702703,-0.002702702703
2014-05-06,29.75,29.75,0,0.007791327913,0.007791327913
2014-05-07,29.57,29.57,0,-0.006050420168,-0.006050420168
2014-05-08,29.7,29.7,0,0.00439634765,0.00439634765
2014-05-09,29.67,29.67,0,-0.00101010101,-0.00101010101
2014-05-12,29.35,29.35,0,-0.01078530502,-0.01078530502
2014-05-13,29.7,29.7,0,0.01192504259,0.01192504259
2014-05-14,29.65,29.65,0,-0.001683501684,-0.001683501684
2014-05-15,29.84,29.84,0,0.006408094435,0.006408094435
2014-05-16,29.47,29.47,0,-0.01239946381,-0.01239946381
2014-05-19,29.9,29.9,0,0.0145911096,0.0145911096
2014-05-20,30.06,30.06,0,0.005351170569,0.005351170569
2014-05-21,29.85,29.85,0,-0.006986027944,-0.006986027944
2014-05-22,30.09,30.09,0,0.008040201005,0.008040201005
2014-05-23,30.2,30.2,0,0.003655699568,0.003655699568
2014-05-26,30.4,30.4,0,0.006622516556,0.006622516556
2014-05-27,30.34,30.34,0,-0.001973684211,-0.001973684211
2014-05-28,30.65,30.65,0,0.01021753461,0.01021753461
2014-05-29,30.6,30.6,0,-0.00163132137,-0.00163132137
2014-05-30,30.52,30.52,0,-0.002614379085,-0.002614379085
2014-06-03,30.33,30.33,0,-0.00622542595,-0.00622542595
2014-06-04,30.5,30.5,0,0.00560501154,0.00560501154
2014-06-05,30.38,30.38,0,-0.00393442623,-0.00393442623
2014-06-06,30.6,30.6,0,0.00724160632,0.00724160632
2014-06-09,30.87,30.87,0,0.008823529412,0.008823529412
2014-06-10,30.79,30.79,0,-0.002591512796,-0.002591512796
2014-06-11,30.81,30.81,0,0.000649561546,0.000649561546
2014-06-12,30.92,30.92,0,0.003570269393,0.003570269393
2014-06-13,30.8,30.8,0,-0.003880983182,-0.003880983182
2014-06-16,30.87,30.87,0,0.002272727273,0.002272727273
2014-06-17,31.05,31.05,0,0.00583090379,0.00583090379
2014-06-18,31.32,31.32,0,0.008695652174,0.008695652174
2014-06-19,31.3,31.3,0,-0.0006385696041,-0.0006385696041
2014-06-20,31.2,31.2,0,-0.003194888179,-0.003194888179
2014-06-23,31.19,31.19,0,-0.0003205128205,-0.0003205128205
2014-06-24,31.14,31.14,0,-0.00160307791,-0.00160307791
2014-06-25,31.12,31.12,0,-0.0006422607579,-0.0006422607579
2014-06-26,31.27,31.27,0,0.004820051414,0.004820051414
2014-06-27,31.27,31.27,0,0,0
2014-06-30,31.74,31.74,0,0.01503038056,0.01503038056
2014-07-01,31.84,31.84,0,0.003150598614,0.003150598614
2014-07-02,32.2,32.2,0,0.01130653266,0.01130653266
2014-07-03,32.2,32.2,0,0,0
2014-07-04,32.58,32.58,0,0.01180124224,0.01180124224
2014-07-07,32.6,32.6,0,0.0006138735421,0.0006138735421
2014-07-08,32.63,32.63,0,0.0009202453988,0.0009202453988
2014-07-09,32.6,32.6,0,-0.0009193993258,-0.0009193993258
2014-07-10,32.87,32.87,0,0.008282208589,0.008282208589
2014-07-11,32.69,32.69,0,-0.005476118041,-0.005476118041
2014-07-14,32.84,32.84,0,0.004588559192,0.004588559192
2014-07-15,33.11,33.11,0,0.008221680877,0.008221680877
2014-07-16,32.83,32.83,0,-0.008456659619,-0.008456659619
2014-07-17,32.3,32.3,0,-0.01614377094,-0.01614377094
2014-07-18,32.31,32.31,0,0.0003095975232,0.0003095975232
2014-07-21,32.55,32.55,0,0.007428040854,0.007428040854
2014-07-22,32.72,32.72,0,0.005222734255,0.005222734255
2014-07-24,32.7,32.7,0,-0.0006112469438,-0.0006112469438
2014-07-25,32.58,32.58,0,-0.003669724771,-0.003669724771
2014-07-28,32.58,32.58,0,0,0
2014-07-29,32.3,32.3,0,-0.008594229589,-0.008594229589
2014-07-30,32.5,32.5,0,0.006191950464,0.006191950464
2014-07-31,32,32,0,-0.01538461538,-0.01538461538
2014-08-01,31.88,31.88,0,-0.00375,-0.00375
2014-08-04,32.1,32.1,0,0.006900878294,0.006900878294
2014-08-05,31.5,31.5,0,-0.01869158879,-0.01869158879
2014-08-06,31.66,31.66,0,0.005079365079,0.005079365079
2014-08-07,31.45,31.45,0,-0.006632975363,-0.006632975363
2014-08-11,31.87,31.87,0,0.013354531,0.013354531
2014-08-13,32.1,32.1,0,0.007216818324,0.007216818324
2014-08-14,32.25,32.25,0,0.004672897196,0.004672897196
2014-08-15,32,32,0,-0.007751937984,-0.007751937984
2014-08-18,32.15,32.15,0,0.0046875,0.0046875
2014-08-19,32.47,32.47,0,0.009953343701,0.009953343701
2014-08-20,32.65,32.65,0,0.005543578688,0.005543578688
2014-08-21,32.65,32.65,0,0,0
2014-08-22,33,33,0,0.01071975498,0.01071975498
2014-08-25,32.95,32.95,0,-0.001515151515,-0.001515151515
2014-08-26,32.97,32.97,0,0.0006069802731,0.0006069802731
2014-08-27,33.31,33.31,0,0.01031240522,0.01031240522
2014-08-28,33.3,33.3,0,-0.0003002101471,-0.0003002101471
2014-08-29,33.2,33.2,0,-0.003003003003,-0.003003003003
2014-09-01,33.65,33.65,0,0.01355421687,0.01355421687
2014-09-02,33.2,33.2,0,-0.01337295691,-0.01337295691
2014-09-03,33.26,33.26,0,0.001807228916,0.001807228916
2014-09-04,33.15,33.15,0,-0.003307276007,-0.003307276007
2014-09-05,33.09,33.09,0,-0.001809954751,-0.001809954751
2014-09-09,33.29,33.29,0,0.006044122091,0.006044122091
2014-09-10,32.95,32.95,0,-0.01021327726,-0.01021327726
2014-09-11,32.9,32.9,0,-0.001517450683,-0.001517450683
2014-09-12,32.45,32.45,0,-0.01367781155,-0.01367781155
2014-09-15,32.44,32.44,0,-0.0003081664099,-0.0003081664099
2014-09-16,32.22,32.22,0,-0.006781750925,-0.006781750925
2014-09-17,32.43,32.43,0,0.006517690875,0.006517690875
2014-09-18,32.5,32.5,0,0.00215849522,0.00215849522
2014-09-19,32.6,32.6,0,0.003076923077,0.003076923077
2014-09-22,32.09,32.09,0,-0.01564417178,-0.01564417178
2014-09-23,31.99,31.99,0,-0.003116235587,-0.003116235587
2014-09-24,31.9,31.9,0,-0.002813379181,-0.002813379181
2014-09-25,31.6,31.6,0,-0.009404388715,-0.009404388715
2014-09-26,31.3,31.3,0,-0.009493670886,-0.009493670886
2014-09-29,31.22,31.22,0,-0.002555910543,-0.002555910543
2014-09-30,31.24,31.24,0,0.0006406149904,0.0006406149904
2014-10-01,31.37,31.37,0,0.004161331626,0.004161331626
2014-10-02,31.37,31.37,0,0,0
2014-10-03,31.83,31.83,0,0.01466369142,0.01466369142
2014-10-06,31.75,31.75,0,-0.002513352183,-0.002513352183
2014-10-07,31.6,31.6,0,-0.004724409449,-0.004724409449
2014-10-09,31.38,31.38,0,-0.006962025316,-0.006962025316
2014-10-13,30.65,30.65,0,-0.02326322498,-0.02326322498
2014-10-14,30.67,30.67,0,0.0006525285481,0.0006525285481
2014-10-15,30.66,30.66,0,-0.0003260515161,-0.0003260515161
2014-10-16,30.63,30.63,0,-0.0009784735812,-0.0009784735812
2014-10-17,30.3,30.3,0,-0.01077375122,-0.01077375122
2014-10-20,30.76,30.76,0,0.01518151815,0.01518151815
2014-10-21,30.73,30.73,0,-0.0009752925878,-0.0009752925878
2014-10-22,31.24,31.24,0,0.0165961601,0.0165961601
2014-10-23,30.96,30.96,0,-0.008962868118,-0.008962868118
2014-10-24,30.78,30.78,0,-0.005813953488,-0.005813953488
2014-10-27,30.93,30.93,0,0.004873294347,0.004873294347
2014-10-28,31.38,31.38,0,0.01454898157,0.01454898157
2014-10-29,31.68,31.68,0,0.009560229446,0.009560229446
2014-10-30,31.51,31.51,0,-0.005366161616,-0.005366161616
2014-10-31,31.81,31.81,0,0.009520787052,0.009520787052
2014-11-03,32.1,32.1,0,0.009116629991,0.009116629991
2014-11-04,32.26,32.26,0,0.004984423676,0.004984423676
2014-11-05,32.07,32.07,0,-0.005889646621,-0.005889646621
2014-11-06,31.87,31.87,0,-0.006236357967,-0.006236357967
2014-11-07,31.73,31.73,0,-0.004392845937,-0.004392845937
2014-11-10,32.22,32.22,0,0.01544279861,0.01544279861
2014-11-11,32.33,32.33,0,0.003414028554,0.003414028554
2014-11-12,31.84,31.84,0,-0.01515620167,-0.01515620167
2014-11-13,32,32,0,0.005025125628,0.005025125628
2014-11-14,32.1,32.1,0,0.003125,0.003125
2014-11-17,31.86,31.86,0,-0.007476635514,-0.007476635514
2014-11-18,31.79,31.79,0,-0.002197112367,-0.002197112367
2014-11-19,32.28,32.28,0,0.01541365209,0.01541365209
2014-11-20,32.44,32.44,0,0.004956629492,0.004956629492
2014-11-21,32.62,32.62,0,0.005548705302,0.005548705302
2014-11-24,32.68,32.68,0,0.001839362354,0.001839362354
2014-11-25,31.99,31.99,0.75,0.001835985312,0.001835985312
2014-11-26,31.9,31.9,0,-0.002813379181,-0.002813379181
2014-11-27,32.3,32.3,0,0.01253918495,0.01253918495
2014-11-28,32.14,32.14,0,-0.004953560372,-0.004953560372
2014-12-01,31.95,31.95,0,-0.00591163659,-0.00591163659
2014-12-02,31.61,31.61,0,-0.01064162754,-0.01064162754
2014-12-03,31.85,31.85,0,0.007592534008,0.007592534008
2014-12-04,32.16,32.16,0,0.009733124019,0.009733124019
2014-12-05,31.94,31.94,0,-0.00684079602,-0.00684079602
2014-12-08,31.9,31.9,0,-0.001252348153,-0.001252348153
2014-12-09,31.71,31.71,0,-0.005956112853,-0.005956112853
2014-12-10,31.34,31.34,0,-0.01166824346,-0.01166824346
2014-12-11,31.19,31.19,0,-0.004786215699,-0.004786215699
2014-12-12,31.34,31.34,0,0.004809233729,0.004809233729
2014-12-15,31.06,31.06,0,-0.008934269304,-0.008934269304
2014-12-16,31.06,31.06,0,0,0
2014-12-17,30.49,30.49,0,-0.01835157759,-0.01835157759
2014-12-18,30.54,30.54,0,0.001639881929,0.001639881929
2014-12-19,31.15,31.15,0,0.01997380485,0.01997380485
2014-12-22,31.52,31.52,0,0.01187800963,0.01187800963
2014-12-23,31.68,31.68,0,0.005076142132,0.005076142132
2014-12-24,31.73,31.73,0,0.001578282828,0.001578282828
2014-12-25,31.71,31.71,0,-0.0006303183107,-0.0006303183107
2014-12-27,31.8,31.8,0,0.002838221381,0.002838221381
2014-12-29,32.22,32.22,0,0.01320754717,0.01320754717
2014-12-30,32.27,32.27,0,0.001551831161,0.001551831161
2014-12-31,32.11,32.11,0,-0.004958165479,-0.004958165479
2015-01-05,31.91,31.91,0,-0.006228589225,-0.006228589225
2015-01-06,31.17,31.17,0,-0.0231902225,-0.0231902225
2015-01-08,32,32,0,0.02662816811,0.02662816811
2015-01-09,31.82,31.82,0,-0.005625,-0.005625
2015-01-12,31.69,31.69,0,-0.00408548083,-0.00408548083
2015-01-13,31.84,31.84,0,0.00473335437,0.00473335437
2015-01-14,31.51,31.51,0,-0.01036432161,-0.01036432161
2015-01-15,31.51,31.51,0,0,0
2015-01-16,31.5,31.5,0,-0.0003173595684,-0.0003173595684
2015-01-19,31.85,31.85,0,0.01111111111,0.01111111111
2015-01-20,32.01,32.01,0,0.005023547881,0.005023547881
2015-01-21,32.22,32.22,0,0.006560449859,0.006560449859
2015-01-22,32.43,32.43,0,0.006517690875,0.006517690875
2015-01-23,32.91,32.91,0,0.01480111008,0.01480111008
2015-01-26,32.9,32.9,0,-0.0003038590094,-0.0003038590094
2015-01-27,33.02,33.02,0,0.003647416413,0.003647416413
2015-01-28,33.04,33.04,0,0.0006056935191,0.0006056935191
2015-01-29,32.88,32.88,0,-0.004842615012,-0.004842615012
2015-01-30,32.72,32.72,0,-0.004866180049,-0.004866180049
2015-02-02,32.55,32.55,0,-0.005195599022,-0.005195599022
2015-02-03,32.87,32.87,0,0.009831029186,0.009831029186
2015-02-04,33.1,33.1,0,0.006997261941,0.006997261941
2015-02-05,32.84,32.84,0,-0.007854984894,-0.007854984894
2015-02-06,32.82,32.82,0,-0.0006090133983,-0.0006090133983
2015-02-09,32.8,32.8,0,-0.0006093845216,-0.0006093845216
2015-02-10,32.64,32.64,0,-0.00487804878,-0.00487804878
2015-02-11,33.05,33.05,0,0.01256127451,0.01256127451
2015-02-12,33,33,0,-0.001512859304,-0.001512859304
2015-02-13,33.29,33.29,0,0.008787878788,0.008787878788
2015-02-24,33.62,33.62,0,0.009912886753,0.009912886753
2015-02-25,33.8,33.8,0,0.005353955979,0.005353955979
2015-02-26,33.61,33.61,0,-0.005621301775,-0.005621301775
2015-03-02,33.48,33.48,0,-0.003867896459,-0.003867896459
2015-03-03,33.49,33.49,0,0.0002986857826,0.0002986857826
2015-03-04,33.48,33.48,0,-0.000298596596,-0.000298596596
2015-03-06,33.37,33.37,0,-0.003285543608,-0.003285543608
2015-03-09,33.26,33.26,0,-0.003296373989,-0.003296373989
2015-03-10,32.95,32.95,0,-0.009320505111,-0.009320505111
2015-03-11,33.11,33.11,0,0.004855842185,0.004855842185
2015-03-12,33.27,33.27,0,0.004832376925,0.004832376925
2015-03-13,33.43,33.43,0,0.004809137361,0.004809137361
2015-03-16,33.14,33.14,0,-0.008674842955,-0.008674842955
2015-03-17,33.15,33.15,0,0.0003017501509,0.0003017501509
2015-03-18,33.5,33.5,0,0.01055806938,0.01055806938
2015-03-19,33.83,33.83,0,0.009850746269,0.009850746269
2015-03-20,33.74,33.74,0,-0.002660360627,-0.002660360627
2015-03-23,33.88,33.88,0,0.004149377593,0.004149377593
2015-03-24,33.81,33.81,0,-0.002066115702,-0.002066115702
2015-03-25,33.56,33.56,0,-0.007394262053,-0.007394262053
2015-03-26,33.26,33.26,0,-0.008939213349,-0.008939213349
2015-03-27,32.89,32.89,0,-0.01112447384,-0.01112447384
2015-03-30,32.72,32.72,0,-0.005168744299,-0.005168744299
2015-03-31,32.88,32.88,0,0.00488997555,0.00488997555
2015-04-01,32.79,32.79,0,-0.002737226277,-0.002737226277
2015-04-02,33.12,33.12,0,0.01006404392,0.01006404392
2015-04-07,33.2,33.2,0,0.002415458937,0.002415458937
2015-04-08,32.98,32.98,0,-0.006626506024,-0.006626506024
2015-04-09,33.19,33.19,0,0.006367495452,0.006367495452
2015-04-10,33.34,33.34,0,0.004519433564,0.004519433564
2015-04-13,33.38,33.38,0,0.001199760048,0.001199760048
2015-04-14,33.36,33.36,0,-0.0005991611744,-0.0005991611744
2015-04-15,32.81,32.81,0,-0.01648681055,-0.01648681055
2015-04-16,33.33,33.33,0,0.01584882658,0.01584882658
2015-04-17,33.03,33.03,0,-0.00900090009,-0.00900090009
2015-04-20,32.95,32.95,0,-0.002422040569,-0.002422040569
2015-04-22,33.33,33.33,0,0.01153262519,0.01153262519
2015-04-23,34.14,34.14,0,0.02430243024,0.02430243024
2015-04-24,34.49,34.49,0,0.01025190393,0.01025190393
2015-04-27,34.8,34.8,0,0.008988112496,0.008988112496
2015-04-28,34.5,34.5,0,-0.008620689655,-0.008620689655
2015-04-29,34.29,34.29,0,-0.006086956522,-0.006086956522
2015-04-30,33.99,33.99,0,-0.008748906387,-0.008748906387
2015-05-04,34.24,34.24,0,0.007355104442,0.007355104442
2015-05-05,34.08,34.08,0,-0.004672897196,-0.004672897196
2015-05-06,34.02,34.02,0,-0.00176056338,-0.00176056338
2015-05-07,33.67,33.67,0,-0.01028806584,-0.01028806584
2015-05-11,33.71,33.71,0,0.001188001188,0.001188001188
2015-05-12,33.56,33.56,0,-0.004449718185,-0.004449718185
2015-05-13,33.72,33.72,0,0.004767580453,0.004767580453
2015-05-14,33.37,33.37,0,-0.01037959668,-0.01037959668
2015-05-15,33.23,33.23,0,-0.004195385076,-0.004195385076
2015-05-18,33.25,33.25,0,0.0006018657839,0.0006018657839
2015-05-19,33.96,33.96,0,0.02135338346,0.02135338346
2015-05-20,33.65,33.65,0,-0.009128386337,-0.009128386337
2015-05-21,33.33,33.33,0,-0.009509658247,-0.009509658247
2015-05-22,33.64,33.64,0,0.009300930093,0.009300930093
2015-05-25,33.61,33.61,0,-0.0008917954816,-0.0008917954816
2015-05-26,33.73,33.73,0,0.003570365963,0.003570365963
2015-05-27,33.9,33.9,0,0.005040023718,0.005040023718
2015-05-29,33.83,33.83,0,-0.002064896755,-0.002064896755
2015-06-01,33.38,33.38,0,-0.01330180313,-0.01330180313
2015-06-03,33.37,33.37,0,-0.0002995805872,-0.0002995805872
2015-06-04,32.51,32.51,0,-0.02577165118,-0.02577165118
2015-06-05,32.48,32.48,0,-0.0009227929868,-0.0009227929868
2015-06-08,32.61,32.61,0,0.004002463054,0.004002463054
2015-06-09,32.28,32.28,0,-0.01011959522,-0.01011959522
2015-06-10,32.6,32.6,0,0.009913258984,0.009913258984
2015-06-11,32.7,32.7,0,0.003067484663,0.003067484663
2015-06-12,32.71,32.71,0,0.0003058103976,0.0003058103976
2015-06-15,32.57,32.57,0,-0.004280036686,-0.004280036686
2015-06-16,32.39,32.39,0,-0.005526558182,-0.005526558182
2015-06-17,32.39,32.39,0,0,0
2015-06-18,32.42,32.42,0,0.0009262117938,0.0009262117938
2015-06-22,32.87,32.87,0,0.01388032079,0.01388032079
2015-06-23,33.03,33.03,0,0.004867660481,0.004867660481
2015-06-24,33.07,33.07,0,0.001211020285,0.001211020285
2015-06-25,33.37,33.37,0,0.009071666163,0.009071666163
2015-06-26,33.35,33.35,0,-0.0005993407252,-0.0005993407252
2015-06-29,32.71,32.71,0,-0.0191904048,-0.0191904048
2015-06-30,33.06,33.06,0,0.01070009172,0.01070009172
2015-07-01,33.32,33.32,0,0.007864488808,0.007864488808
2015-07-02,33.32,33.32,0,0,0
2015-07-03,33.26,33.26,0,-0.001800720288,-0.001800720288
2015-07-06,32.97,32.97,0,-0.008719182201,-0.008719182201
2015-07-07,32.95,32.95,0,-0.0006066120716,-0.0006066120716
2015-07-08,32,32,0,-0.02883156297,-0.02883156297
2015-07-09,31.77,31.77,0,-0.0071875,-0.0071875
2015-07-13,32.25,32.25,0,0.01510859301,0.01510859301
2015-07-14,32.3,32.3,0,0.001550387597,0.001550387597
2015-07-15,32.48,32.48,0,0.005572755418,0.005572755418
2015-07-16,32.46,32.46,0,-0.0006157635468,-0.0006157635468
2015-07-17,32.51,32.51,0,0.001540357363,0.001540357363
2015-07-20,32.28,32.28,0,-0.007074746232,-0.007074746232
2015-07-21,32.52,32.52,0,0.007434944238,0.007434944238
2015-07-22,32.16,32.16,0,-0.0110701107,-0.0110701107
2015-07-23,31.62,31.62,0,-0.01679104478,-0.01679104478
2015-07-24,31.63,31.63,0,0.0003162555345,0.0003162555345
2015-07-27,30.96,30.96,0,-0.02118242175,-0.02118242175
2015-07-28,31.03,31.03,0,0.002260981912,0.002260981912
2015-07-29,30.98,30.98,0,-0.001611343861,-0.001611343861
2015-07-30,31.37,31.37,0,0.01258876695,0.01258876695
2015-07-31,31.48,31.48,0,0.003506534906,0.003506534906
2015-08-03,31.28,31.28,0,-0.006353240152,-0.006353240152
2015-08-04,30.94,30.94,0,-0.01086956522,-0.01086956522
2015-08-05,30.86,30.86,0,-0.002585649644,-0.002585649644
2015-08-06,30.58,30.58,0,-0.00907323396,-0.00907323396
2015-08-07,30.51,30.51,0,-0.002289077829,-0.002289077829
2015-08-10,30.5,30.5,0,-0.0003277613897,-0.0003277613897
2015-08-11,30.4,30.4,0,-0.003278688525,-0.003278688525
2015-08-12,29.84,29.84,0,-0.01842105263,-0.01842105263
2015-08-13,29.97,29.97,0,0.004356568365,0.004356568365
2015-08-14,29.91,29.91,0,-0.002002002002,-0.002002002002
2015-08-17,29.56,29.56,0,-0.01170177198,-0.01170177198
2015-08-18,29.67,29.67,0,0.003721244926,0.003721244926
2015-08-19,29,29,0,-0.02258173239,-0.02258173239
2015-08-20,28.99,28.99,0,-0.0003448275862,-0.0003448275862
2015-08-21,28.09,28.09,0,-0.031045188,-0.031045188
2015-08-24,26.79,26.79,0,-0.04627981488,-0.04627981488
2015-08-25,28.13,28.13,0,0.05001866368,0.05001866368
2015-08-26,28.14,28.14,0,0.0003554923569,0.0003554923569
2015-08-27,28.55,28.55,0,0.01457000711,0.01457000711
2015-08-28,29.24,29.24,0,0.02416812609,0.02416812609
2015-08-31,29.97,29.97,0,0.02496580027,0.02496580027
2015-09-01,29.1,29.1,0,-0.02902902903,-0.02902902903
2015-09-02,29.19,29.19,0,0.003092783505,0.003092783505
2015-09-03,29.47,29.47,0,0.009592326139,0.009592326139
2015-09-04,29.05,29.05,0,-0.01425178147,-0.01425178147
2015-09-07,28.93,28.93,0,-0.00413080895,-0.00413080895
2015-09-08,28.98,28.98,0,0.001728309713,0.001728309713
2015-09-09,30.17,30.17,0,0.04106280193,0.04106280193
2015-09-10,29.97,29.97,0,-0.006629101757,-0.006629101757
2015-09-11,30.15,30.15,0,0.006006006006,0.006006006006
2015-09-14,30.16,30.16,0,0.0003316749585,0.0003316749585
2015-09-15,29.9,29.9,0,-0.008620689655,-0.008620689655
2015-09-16,30.26,30.26,0,0.01204013378,0.01204013378
2015-09-17,30.68,30.68,0,0.01387970919,0.01387970919
2015-09-18,30.68,30.68,0,0,0
2015-09-21,30,30,0,-0.0221642764,-0.0221642764
2015-09-22,30.21,30.21,0,0.007,0.007
2015-09-23,29.49,29.49,0,-0.02383316783,-0.02383316783
2015-09-24,29.27,29.27,0,-0.007460155985,-0.007460155985
2015-09-25,29.34,29.34,0,0.002391527161,0.002391527161
2015-09-30,29.48,29.48,0,0.004771642808,0.004771642808
2015-10-01,30,30,0,0.01763907734,0.01763907734
2015-10-05,30.15,30.15,0,0.005,0.005
2015-10-06,30.34,30.34,0,0.006301824212,0.006301824212
2015-10-07,30.63,30.63,0,0.009558338827,0.009558338827
2015-10-12,31.19,31.19,0,0.01828272935,0.01828272935
2015-10-13,30.93,30.93,0,-0.00833600513,-0.00833600513
2015-10-14,30.77,30.77,0,-0.005172971225,-0.005172971225
2015-10-15,31.1,31.1,0,0.01072473188,0.01072473188
2015-10-16,31.07,31.07,0,-0.0009646302251,-0.0009646302251
2015-10-19,31.15,31.15,0,0.002574831027,0.002574831027
2015-10-20,31.2,31.2,0,0.001605136437,0.001605136437
2015-10-21,30.99,30.99,0,-0.006730769231,-0.006730769231
2015-10-22,30.99,30.99,0,0,0
2015-10-23,31.27,31.27,0,0.009035172636,0.009035172636
2015-10-26,31.54,31.54,0,0.008634473937,0.008634473937
2015-10-27,30.92,30.92,0,-0.01965757768,-0.01965757768
2015-10-28,30.85,30.85,0,-0.002263906856,-0.002263906856
2015-10-29,30.69,30.69,0,-0.005186385737,-0.005186385737
2015-10-30,30.7,30.7,0,0.0003258390355,0.0003258390355
2015-11-02,30.59,30.59,0,-0.003583061889,-0.003583061889
2015-11-03,31.15,31.15,0,0.01830663616,0.01830663616
2015-11-04,31.92,31.92,0,0.02471910112,0.02471910112
2015-11-06,31.4,31.4,0,-0.01629072682,-0.01629072682
2015-11-09,31.25,31.25,0,-0.004777070064,-0.004777070064
2015-11-10,30.76,30.76,0,-0.01568,-0.01568
2015-11-11,30.3,30.3,0,-0.01495448635,-0.01495448635
2015-11-12,30.33,30.33,0,0.0009900990099,0.0009900990099
2015-11-13,30.02,30.02,0,-0.0102209034,-0.0102209034
2015-11-16,29.74,29.74,0,-0.009327115256,-0.009327115256
2015-11-17,30.36,30.36,0,0.02084734364,0.02084734364
2015-11-18,29.86,29.86,0,-0.01646903821,-0.01646903821
2015-11-19,30.1,30.1,0,0.008037508372,0.008037508372
2015-11-20,30.25,30.25,0,0.004983388704,0.004983388704
2015-11-23,30.42,30.42,0,0.005619834711,0.005619834711
2015-11-24,29.25,29.25,1,-0.005588428665,-0.005588428665
2015-11-25,28.86,28.86,0,-0.01333333333,-0.01333333333
2015-11-26,29.42,29.42,0,0.0194040194,0.0194040194
2015-11-27,29.13,29.13,0,-0.009857239973,-0.009857239973
2015-11-30,28.68,28.68,0,-0.01544799176,-0.01544799176
2015-12-01,29.17,29.17,0,0.01708507671,0.01708507671
2015-12-02,29.31,29.31,0,0.004799451491,0.004799451491
2015-12-03,29.3,29.3,0,-0.0003411804845,-0.0003411804845
2015-12-04,29.01,29.01,0,-0.009897610922,-0.009897610922
2015-12-07,29.47,29.47,0,0.01585660117,0.01585660117
2015-12-08,28.86,28.86,0,-0.02069901595,-0.02069901595
2015-12-09,28.7,28.7,0,-0.005544005544,-0.005544005544
2015-12-10,28.6,28.6,0,-0.003484320557,-0.003484320557
2015-12-11,28.16,28.16,0,-0.01538461538,-0.01538461538
2015-12-14,27.71,27.71,0,-0.01598011364,-0.01598011364
2015-12-15,27.97,27.97,0,0.009382894262,0.009382894262
2015-12-16,28.24,28.24,0,0.009653199857,0.009653199857
2015-12-17,28.54,28.54,0,0.01062322946,0.01062322946
2015-12-18,28.62,28.62,0,0.002803083392,0.002803083392
2015-12-21,28.41,28.41,0,-0.007337526205,-0.007337526205
2015-12-28,28.79,28.79,0,0.01337557198,0.01337557198
2015-12-30,28.67,28.67,0,-0.004168113928,-0.004168113928
2016-01-05,27.83,27.83,0,-0.02929891873,-0.02929891873
2016-01-06,27.32,27.32,0,-0.01832554797,-0.01832554797
2016-01-07,26.93,26.93,0,-0.01427525622,-0.01427525622
2016-01-08,26.76,26.76,0,-0.006312662458,-0.006312662458
2016-01-11,26.46,26.46,0,-0.01121076233,-0.01121076233
2016-01-12,26.47,26.47,0,0.0003779289494,0.0003779289494
2016-01-13,26.78,26.78,0,0.01171137136,0.01171137136
2016-01-14,26.4,26.4,0,-0.0141896938,-0.0141896938
2016-01-18,26.74,26.74,0,0.01287878788,0.01287878788
2016-01-19,26.92,26.92,0,0.006731488407,0.006731488407
2016-01-20,26.58,26.58,0,-0.01263001486,-0.01263001486
2016-01-21,26.33,26.33,0,-0.009405568096,-0.009405568096
2016-01-22,26.43,26.43,0,0.003797949107,0.003797949107
2016-01-25,27.04,27.04,0,0.02307983352,0.02307983352
2016-01-27,27,27,0,-0.001479289941,-0.001479289941
2016-01-29,27.68,27.68,0,0.02518518519,0.02518518519
2016-02-02,27.94,27.94,0,0.009393063584,0.009393063584
2016-02-03,27.86,27.86,0,-0.002863278454,-0.002863278454
2016-02-15,27.85,27.85,0,-0.0003589375449,-0.0003589375449
2016-02-16,28.23,28.23,0,0.01364452424,0.01364452424
2016-02-17,28.4,28.4,0,0.006021962451,0.006021962451
2016-02-22,28.83,28.83,0,0.01514084507,0.01514084507
2016-03-03,29.6,29.6,0,0.02670828998,0.02670828998
2016-03-07,29.6,29.6,0,0,0
2016-03-08,29.49,29.49,0,-0.003716216216,-0.003716216216
2016-03-09,29.65,29.65,0,0.005425567989,0.005425567989
2016-03-11,29.94,29.94,0,0.009780775717,0.009780775717
2016-03-14,30.04,30.04,0,0.00334001336,0.00334001336
2016-03-15,29.96,29.96,0,-0.002663115846,-0.002663115846
2016-03-16,30.03,30.03,0,0.002336448598,0.002336448598
2016-03-17,30.52,30.52,0,0.01631701632,0.01631701632
2016-03-18,30.22,30.22,0,-0.009829619921,-0.009829619921
2016-03-21,30.38,30.38,0,0.005294506949,0.005294506949
2016-03-28,29.91,29.91,0,-0.01547070441,-0.01547070441
2016-03-30,30.09,30.09,0,0.006018054162,0.006018054162
2016-04-01,29.97,29.97,0,-0.003988035892,-0.003988035892
2016-04-06,29.3,29.3,0,-0.02235568902,-0.02235568902
2016-04-07,29.18,29.18,0,-0.00409556314,-0.00409556314
2016-04-08,28.99,28.99,0,-0.006511309116,-0.006511309116
2016-04-11,29.34,29.34,0,0.01207312867,0.01207312867
2016-04-12,29.62,29.62,0,0.009543285617,0.009543285617
2016-04-13,29.72,29.72,0,0.003376097232,0.003376097232
2016-04-14,29.8,29.8,0,0.00269179004,0.00269179004
2016-04-18,29.75,29.75,0,-0.001677852349,-0.001677852349
2016-04-19,29.73,29.73,0,-0.0006722689076,-0.0006722689076
2016-04-20,29.2,29.2,0,-0.01782711066,-0.01782711066
2016-04-21,29.29,29.29,0,0.003082191781,0.003082191781
2016-04-25,29.35,29.35,0,0.00204848071,0.00204848071
2016-04-28,29.1,29.1,0,-0.008517887564,-0.008517887564
2016-04-29,28.84,28.84,0,-0.008934707904,-0.008934707904
2016-05-03,28.44,28.44,0,-0.01386962552,-0.01386962552
2016-05-04,27.9,27.9,0,-0.01898734177,-0.01898734177
2016-05-05,28.06,28.06,0,0.005734767025,0.005734767025
2016-05-06,27.74,27.74,0,-0.011404134,-0.011404134
2016-05-09,27.78,27.78,0,0.001441961067,0.001441961067
2016-05-10,27.91,27.91,0,0.00467962563,0.00467962563
2016-05-13,27.48,27.48,0,-0.01540666428,-0.01540666428
2016-05-16,27.44,27.44,0,-0.001455604076,-0.001455604076
2016-05-17,27.6,27.6,0,0.00583090379,0.00583090379
2016-05-18,27.87,27.87,0,0.009782608696,0.009782608696
2016-05-20,27.75,27.75,0,-0.004305705059,-0.004305705059
2016-05-23,28.35,28.35,0,0.02162162162,0.02162162162
2016-05-24,28.68,28.68,0,0.01164021164,0.01164021164
2016-05-30,29.25,29.25,0,0.01987447699,0.01987447699
2016-06-01,29.44,29.44,0,0.006495726496,0.006495726496
2016-06-03,29.82,29.82,0,0.0129076087,0.0129076087
2016-06-04,29.83,29.83,0,0.0003353454058,0.0003353454058
2016-06-07,30.16,30.16,0,0.01106268857,0.01106268857
2016-06-13,29.76,29.76,0,-0.01326259947,-0.01326259947
2016-06-14,29.67,29.67,0,-0.003024193548,-0.003024193548
2016-06-16,29.77,29.77,0,0.003370407819,0.003370407819
2016-06-17,30,30,0,0.007725898556,0.007725898556
2016-06-20,29.97,29.97,0,-0.001,-0.001
2016-06-21,30.27,30.27,0,0.01001001001,0.01001001001
2016-06-24,30.01,30.01,0,-0.008589362405,-0.008589362405
2016-06-27,29.56,29.56,0,-0.01499500167,-0.01499500167
2016-06-30,30.46,30.46,0,0.03044654939,0.03044654939
2016-07-05,30.84,30.84,0,0.01247537754,0.01247537754
2016-07-06,30.33,30.33,0,-0.01653696498,-0.01653696498
2016-07-07,30.58,30.58,0,0.008242664029,0.008242664029
2016-07-11,31.24,31.24,0,0.02158273381,0.02158273381
2016-07-12,31.44,31.44,0,0.006402048656,0.006402048656
2016-07-13,31.45,31.45,0,0.0003180661578,0.0003180661578
2016-07-14,31.44,31.44,0,-0.0003179650238,-0.0003179650238
2016-07-15,31.8,31.8,0,0.01145038168,0.01145038168
2016-07-18,32,32,0,0.006289308176,0.006289308176
2016-07-19,32.08,32.08,0,0.0025,0.0025
2016-07-20,32.09,32.09,0,0.0003117206983,0.0003117206983
2016-07-21,32.24,32.24,0,0.004674353381,0.004674353381
2016-07-25,31.9,31.9,0,-0.01054590571,-0.01054590571
2016-07-26,32.2,32.2,0,0.009404388715,0.009404388715
2016-07-27,32.54,32.54,0,0.01055900621,0.01055900621
2016-07-28,32.4,32.4,0.3,0.0049170252,0.0049170252
2016-08-01,32.3,32.3,0,-0.003086419753,-0.003086419753
2016-08-03,32.12,32.12,0,-0.005572755418,-0.005572755418
2016-08-04,32.15,32.15,0,0.0009339975093,0.0009339975093
2016-08-08,32.72,32.72,0,0.01772939347,0.01772939347
2016-08-09,32.91,32.91,0,0.005806845966,0.005806845966
2016-08-15,32.55,32.55,0,-0.01093892434,-0.01093892434
2016-08-16,32.4,32.4,0,-0.004608294931,-0.004608294931
2016-08-17,32.45,32.45,0,0.001543209877,0.001543209877
2016-08-18,32.62,32.62,0,0.005238828968,0.005238828968
2016-08-22,31.9,31.9,0,-0.02207234825,-0.02207234825
2016-08-23,32.33,32.33,0,0.01347962382,0.01347962382
2016-08-24,32.16,32.16,0,-0.005258274049,-0.005258274049
2016-08-26,32.7,32.7,0,0.01679104478,0.01679104478
2016-08-29,32.19,32.19,0,-0.01559633028,-0.01559633028
2016-09-01,32.18,32.18,0,-0.0003106554831,-0.0003106554831
2016-09-05,32.47,32.47,0,0.009011808577,0.009011808577
2016-09-06,33.01,33.01,0,0.01663073606,0.01663073606
2016-09-07,33.13,33.13,0,0.003635262042,0.003635262042
2016-09-09,32.63,32.63,0,-0.01509206158,-0.01509206158
2016-09-10,32.18,32.18,0,-0.01379098989,-0.01379098989
2016-09-12,31.98,31.98,0,-0.006215040398,-0.006215040398
2016-09-13,32.09,32.09,0,0.003439649781,0.003439649781
2016-09-14,32.02,32.02,0,-0.002181364911,-0.002181364911
2016-09-20,33.03,33.03,0,0.03154278576,0.03154278576
2016-09-21,33.03,33.03,0,0,0
2016-09-22,33.03,33.03,0,0,0
2016-09-23,33.16,33.16,0,0.003935815925,0.003935815925
2016-09-26,32.96,32.96,0,-0.006031363088,-0.006031363088
2016-10-04,33.42,33.42,0,0.01395631068,0.01395631068
2016-10-06,33.39,33.39,0,-0.0008976660682,-0.0008976660682
2016-10-07,33.23,33.23,0,-0.004791853848,-0.004791853848
2016-10-11,33.46,33.46,0,0.006921456515,0.006921456515
2016-10-12,33.33,33.33,0,-0.003885236103,-0.003885236103
2016-10-13,33.44,33.44,0,0.003300330033,0.003300330033
2016-10-17,32.83,32.83,0,-0.01824162679,-0.01824162679
2016-10-18,33.22,33.22,0,0.01187937862,0.01187937862
2016-10-19,33.41,33.41,0,0.005719446117,0.005719446117
2016-10-21,33.75,33.75,0,0.01017659383,0.01017659383
2016-10-24,33.51,33.51,0,-0.007111111111,-0.007111111111
2016-10-25,34.05,34.05,0,0.01611459266,0.01611459266
2016-10-31,33.24,33.24,0,-0.02378854626,-0.02378854626
2016-11-01,33.61,33.61,0,0.01113116727,0.01113116727
2016-11-02,33.39,33.39,0,-0.006545670931,-0.006545670931
2016-11-03,33.14,33.14,0,-0.007487271638,-0.007487271638
2016-11-04,32.79,32.79,0,-0.01056125528,-0.01056125528
2016-11-07,33.31,33.31,0,0.01585849344,0.01585849344
2016-11-08,33.36,33.36,0,0.001501050736,0.001501050736
2016-11-10,33.29,33.29,0,-0.002098321343,-0.002098321343
2016-11-11,32.53,32.53,0,-0.02282967858,-0.02282967858
2016-11-14,31.98,31.98,0,-0.01690747003,-0.01690747003
2016-11-15,32.29,32.29,0,0.009693558474,0.009693558474
2016-11-16,32.56,32.56,0,0.008361721895,0.008361721895
2016-11-17,32.47,32.47,0,-0.002764127764,-0.002764127764
2016-11-18,32.4,32.4,0,-0.002155836156,-0.002155836156
2016-11-21,32.41,32.41,0,0.0003086419753,0.0003086419753
2016-11-22,32.78,32.78,0,0.01141622956,0.01141622956
2016-11-28,33.01,33.01,0,0.007016473459,0.007016473459
2016-11-29,33.29,33.29,0,0.008482278098,0.008482278098
2016-12-02,32.76,32.76,0,-0.01592069691,-0.01592069691
2016-12-05,32.96,32.96,0,0.006105006105,0.006105006105
2016-12-06,33.3,33.3,0,0.01031553398,0.01031553398
2016-12-07,33.36,33.36,0,0.001801801802,0.001801801802
2016-12-08,33.4,33.4,0,0.001199040767,0.001199040767
2016-12-12,33.64,33.64,0,0.007185628743,0.007185628743
2016-12-13,33.72,33.72,0,0.002378121284,0.002378121284
2016-12-14,33.53,33.53,0,-0.005634638197,-0.005634638197
2016-12-16,33.62,33.62,0,0.002684163436,0.002684163436
2016-12-19,33.22,33.22,0,-0.01189767995,-0.01189767995
2016-12-20,33.03,33.03,0,-0.005719446117,-0.005719446117
2016-12-21,33.15,33.15,0,0.003633060854,0.003633060854
2016-12-22,32.92,32.92,0,-0.006938159879,-0.006938159879
2016-12-26,32.52,32.52,0,-0.01215066829,-0.01215066829
2017-01-03,32.98,32.98,0,0.01414514145,0.01414514145
2017-01-04,33.37,33.37,0,0.0118253487,0.0118253487
2017-01-06,33.55,33.55,0,0.005394066527,0.005394066527
2017-01-09,33.57,33.57,0,0.0005961251863,0.0005961251863
2017-01-12,33.77,33.77,0,0.005957700328,0.005957700328
2017-01-13,33.74,33.74,0,-0.0008883624519,-0.0008883624519
2017-01-17,33.4,33.4,0,-0.01007705987,-0.01007705987
2017-01-18,33.24,33.24,0,-0.004790419162,-0.004790419162
2017-01-19,33.01,33.01,0,-0.006919374248,-0.006919374248
2017-01-20,33.1,33.1,0,0.002726446531,0.002726446531
2017-01-23,33.43,33.43,0,0.00996978852,0.00996978852
2017-01-24,33.55,33.55,0,0.003589590188,0.003589590188
2017-02-03,33.61,33.61,0,0.001788375559,0.001788375559
2017-02-06,33.82,33.82,0,0.006248140434,0.006248140434
2017-02-07,33.97,33.97,0,0.004435245417,0.004435245417
2017-02-09,33.25,33.25,0,-0.02119517221,-0.02119517221
2017-02-13,33.57,33.57,0,0.00962406015,0.00962406015
2017-02-14,33.75,33.75,0,0.005361930295,0.005361930295
2017-02-15,34.14,34.14,0,0.01155555556,0.01155555556
2017-02-16,34.14,34.14,0,0,0
2017-02-17,34.18,34.18,0,0.001171646163,0.001171646163
2017-02-18,33.91,33.91,0,-0.007899356349,-0.007899356349
2017-02-21,34.09,34.09,0,0.005308168682,0.005308168682
2017-02-24,34.08,34.08,0,-0.0002933411558,-0.0002933411558
2017-03-01,33.66,33.66,0,-0.01232394366,-0.01232394366
2017-03-03,33.58,33.58,0,-0.002376708259,-0.002376708259
2017-03-06,33.34,33.34,0,-0.007147111376,-0.007147111376
2017-03-07,33.51,33.51,0,0.005098980204,0.005098980204
2017-03-09,33.63,33.63,0,0.003581020591,0.003581020591
2017-03-10,33.57,33.57,0,-0.00178412132,-0.00178412132
2017-03-13,33.47,33.47,0,-0.002978850164,-0.002978850164
2017-03-14,33.82,33.82,0,0.01045712578,0.01045712578
2017-03-16,34.32,34.32,0,0.01478415139,0.01478415139
2017-03-17,34.42,34.42,0,0.002913752914,0.002913752914
2017-03-20,34.19,34.19,0,-0.006682161534,-0.006682161534
2017-03-21,34.81,34.81,0,0.0181339573,0.0181339573
2017-03-23,34.36,34.36,0,-0.01292731974,-0.01292731974
2017-03-24,34.25,34.25,0,-0.003201396973,-0.003201396973
2017-03-27,34.34,34.34,0,0.002627737226,0.002627737226
2017-03-28,34.55,34.55,0,0.006115317414,0.006115317414
2017-04-06,34.64,34.64,0,0.002604920405,0.002604920405
2017-04-07,34.39,34.39,0,-0.007217090069,-0.007217090069
2017-04-10,34.46,34.46,0,0.002035475429,0.002035475429
2017-04-11,34.38,34.38,0,-0.002321532211,-0.002321532211
2017-04-13,34.48,34.48,0,0.00290866783,0.00290866783
2017-04-14,33.91,33.91,0,-0.01653132251,-0.01653132251
2017-04-17,33.72,33.72,0,-0.005603066942,-0.005603066942
2017-04-18,34.15,34.15,0,0.01275207592,0.01275207592
2017-04-21,33.98,33.98,0,-0.004978038067,-0.004978038067
2017-04-24,33.79,33.79,0,-0.005591524426,-0.005591524426
2017-04-26,34.57,34.57,0,0.02308375259,0.02308375259
2017-04-27,34.56,34.56,0,-0.0002892681516,-0.0002892681516
2017-04-28,34.26,34.26,0,-0.008680555556,-0.008680555556
2017-05-02,34.71,34.71,0,0.01313485114,0.01313485114
2017-05-03,35.08,35.08,0,0.01065975223,0.01065975223
2017-05-04,34.76,34.76,0,-0.009122006842,-0.009122006842
2017-05-05,34.65,34.65,0,-0.003164556962,-0.003164556962
2017-05-08,34.8,34.8,0,0.004329004329,0.004329004329
2017-05-09,35.44,35.44,0,0.0183908046,0.0183908046
2017-05-11,35.18,35.18,0,-0.007336343115,-0.007336343115
2017-05-12,35.08,35.08,0,-0.002842524161,-0.002842524161
2017-05-15,35.45,35.45,0,0.01054732041,0.01054732041
2017-05-16,35.42,35.42,0,-0.0008462623413,-0.0008462623413
2017-05-17,35.39,35.39,0,-0.0008469791078,-0.0008469791078
2017-05-18,34.82,34.82,0,-0.0161062447,-0.0161062447
2017-05-22,34.96,34.96,0,0.004020677771,0.004020677771
2017-05-23,35.45,35.45,0,0.01401601831,0.01401601831
2017-05-24,35.3,35.3,0,-0.004231311707,-0.004231311707
2017-05-25,35.62,35.62,0,0.009065155807,0.009065155807
2017-05-26,35.39,35.39,0,-0.006457046603,-0.006457046603
2017-05-31,35.26,35.26,0,-0.003673354055,-0.003673354055
2017-06-01,35.26,35.26,0,0,0
2017-06-02,35.51,35.51,0,0.007090187181,0.007090187181
2017-06-03,35.8,35.8,0,0.008166713602,0.008166713602
2017-06-05,35.8,35.8,0,0,0
2017-06-06,36.09,36.09,0,0.008100558659,0.008100558659
2017-06-09,36.06,36.06,0,-0.0008312551953,-0.0008312551953
2017-06-12,35.74,35.74,0,-0.008874098724,-0.008874098724
2017-06-13,35.55,35.55,0,-0.005316172356,-0.005316172356
2017-06-15,35.4,35.4,0,-0.004219409283,-0.004219409283
2017-06-16,35.72,35.72,0,0.009039548023,0.009039548023
2017-06-19,36.1,36.1,0,0.01063829787,0.01063829787
2017-06-20,36.4,36.4,0,0.008310249307,0.008310249307
2017-06-21,36.75,36.75,0,0.009615384615,0.009615384615
2017-06-22,36.94,36.94,0,0.005170068027,0.005170068027
2017-06-23,36.65,36.65,0,-0.007850568489,-0.007850568489
2017-06-26,37.18,37.18,0,0.01446111869,0.01446111869
2017-06-28,37.12,37.12,0,-0.001613770845,-0.001613770845
2017-06-30,36.89,36.89,0,-0.00619612069,-0.00619612069
2017-07-04,37.42,37.42,0,0.01436703714,0.01436703714
2017-07-05,37.42,37.42,0,0,0
2017-07-06,37.28,37.28,0,-0.003741314805,-0.003741314805
2017-07-10,36.81,36.81,0,-0.01260729614,-0.01260729614
2017-07-11,37.62,37.62,0,0.02200488998,0.02200488998
2017-07-13,38.11,38.11,0,0.01302498671,0.01302498671
2017-07-17,37.85,37.85,0,-0.006822356337,-0.006822356337
2017-07-18,38.13,38.13,0,0.007397622193,0.007397622193
2017-07-21,38.2,38.2,0,0.00183582481,0.00183582481
2017-07-24,37.79,37.79,0,-0.01073298429,-0.01073298429
2017-07-31,37.44,37.44,0.3,-0.00132310135,-0.00132310135
2017-08-02,37.87,37.87,0,0.01148504274,0.01148504274
2017-08-03,37.87,37.87,0,0,0
2017-08-07,38.4,38.4,0,0.0139952469,0.0139952469
2017-08-08,38.4,38.4,0,0,0
2017-08-09,38.33,38.33,0,-0.001822916667,-0.001822916667
2017-08-14,37.25,37.25,0,-0.02817636316,-0.02817636316
2017-08-15,37.62,37.62,0,0.009932885906,0.009932885906
2017-08-16,37.65,37.65,0,0.0007974481659,0.0007974481659
2017-08-17,37.78,37.78,0,0.003452855246,0.003452855246
2017-08-18,37.21,37.21,0,-0.0150873478,-0.0150873478
2017-08-21,37.22,37.22,0,0.000268744961,0.000268744961
2017-08-22,37.56,37.56,0,0.009134873724,0.009134873724
2017-08-28,38.02,38.02,0,0.01224707135,0.01224707135
2017-09-01,38.06,38.06,0,0.001052077854,0.001052077854
2017-09-05,38.43,38.43,0,0.00972149238,0.00972149238
2017-09-06,37.96,37.96,0,-0.01223002862,-0.01223002862
2017-09-07,37.87,37.87,0,-0.002370916754,-0.002370916754
2017-09-11,38.09,38.09,0,0.005809347769,0.005809347769
2017-09-13,37.91,37.91,0,-0.004725649777,-0.004725649777
2017-09-15,38.15,38.15,0,0.006330783434,0.006330783434
2017-09-18,38.16,38.16,0,0.0002621231979,0.0002621231979
2017-09-19,38.44,38.44,0,0.007337526205,0.007337526205
2017-09-21,38.23,38.23,0,-0.005463059313,-0.005463059313
2017-09-25,37.11,37.11,0,-0.02929636411,-0.02929636411
2017-09-26,37.4,37.4,0,0.007814605228,0.007814605228
2017-09-28,36.93,36.93,0,-0.01256684492,-0.01256684492
2017-09-30,37.52,37.52,0,0.01597617113,0.01597617113
2017-10-03,37.89,37.89,0,0.009861407249,0.009861407249
2017-10-06,38.15,38.15,0,0.006861968857,0.006861968857
2017-10-11,38.43,38.43,0,0.007339449541,0.007339449541
2017-10-13,38.62,38.62,0,0.004944054124,0.004944054124
2017-10-16,38.81,38.81,0,0.004919730709,0.004919730709
2017-10-17,39.2,39.2,0,0.01004895645,0.01004895645
2017-10-18,38.87,38.87,0,-0.008418367347,-0.008418367347
2017-10-23,39.02,39.02,0,0.003859017237,0.003859017237
2017-10-25,39.17,39.17,0,0.003844182471,0.003844182471
2017-10-26,38.72,38.72,0,-0.01148838397,-0.01148838397
2017-10-30,39.31,39.31,0,0.01523760331,0.01523760331
2017-11-01,39.31,39.31,0,0,0
2017-11-03,39.38,39.38,0,0.001780717375,0.001780717375
2017-11-06,39.37,39.37,0,-0.0002539360081,-0.0002539360081
2017-11-07,39.51,39.51,0,0.003556007112,0.003556007112
2017-11-09,39.45,39.45,0,-0.001518602885,-0.001518602885
2017-11-10,39.07,39.07,0,-0.009632446134,-0.009632446134
2017-11-13,38.82,38.82,0,-0.006398771436,-0.006398771436
2017-11-14,39.04,39.04,0,0.005667181865,0.005667181865
2017-11-15,38.74,38.74,0,-0.00768442623,-0.00768442623
2017-11-16,38.76,38.76,0,0.0005162622612,0.0005162622612
2017-11-17,39.12,39.12,0,0.009287925697,0.009287925697
2017-11-20,38.63,38.63,0,-0.01252556237,-0.01252556237
2017-11-21,39.09,39.09,0,0.01190784364,0.01190784364
2017-11-22,39.31,39.31,0,0.005628037861,0.005628037861
2017-11-27,38.91,38.91,0,-0.01017552786,-0.01017552786
2017-12-01,38.09,38.09,0,-0.02107427397,-0.02107427397
2017-12-04,37.86,37.86,0,-0.00603833027,-0.00603833027
2017-12-05,38.15,38.15,0,0.00765979926,0.00765979926
2017-12-06,37.63,37.63,0,-0.01363040629,-0.01363040629
2017-12-07,37.32,37.32,0,-0.008238107893,-0.008238107893
2017-12-08,37,37,0,-0.00857449089,-0.00857449089
2017-12-11,37.38,37.38,0,0.01027027027,0.01027027027
2017-12-13,37.55,37.55,0,0.00454788657,0.00454788657
2017-12-18,37.5,37.5,0,-0.001331557923,-0.001331557923
2017-12-19,37.5,37.5,0,0,0
2017-12-21,37.66,37.66,0,0.004266666667,0.004266666667
2017-12-22,37.53,37.53,0,-0.003451938396,-0.003451938396
2017-12-25,37.41,37.41,0,-0.003197442046,-0.003197442046
2017-12-26,37.47,37.47,0,0.001603849238,0.001603849238
2017-12-27,37.13,37.13,0,-0.009073925807,-0.009073925807
2017-12-29,38.1,38.1,0,0.02612442769,0.02612442769
2018-01-02,37.91,37.91,0,-0.00498687664,-0.00498687664
2018-01-03,38.4,38.4,0,0.01292534951,0.01292534951
2018-01-04,38.61,38.61,0,0.00546875,0.00546875
2018-01-08,39.01,39.01,0,0.01036001036,0.01036001036
2018-01-09,38.67,38.67,0,-0.00871571392,-0.00871571392
2018-01-15,39.15,39.15,0,0.01241272304,0.01241272304
2018-01-16,39.17,39.17,0,0.0005108556833,0.0005108556833
2018-01-17,39.33,39.33,0,0.004084758744,0.004084758744
2018-01-18,40.01,40.01,0,0.01728960081,0.01728960081
2018-01-22,40.5,40.5,0,0.01224693827,0.01224693827
2018-01-23,40.84,40.84,0,0.008395061728,0.008395061728
2018-01-25,40.42,40.42,0,-0.01028403526,-0.01028403526
2018-01-26,40.31,40.31,0,-0.002721425037,-0.002721425037
2018-01-29,39.5,39.5,0.8,-0.0002480774001,-0.0002480774001
2018-01-30,39.15,39.15,0,-0.008860759494,-0.008860759494
2018-01-31,39.29,39.29,0,0.003575989783,0.003575989783
2018-02-01,39.46,39.46,0,0.004326800713,0.004326800713
2018-02-02,39.44,39.44,0,-0.000506842372,-0.000506842372
2018-02-05,38.55,38.55,0,-0.02256592292,-0.02256592292
2018-02-06,36.52,36.52,0,-0.05265888457,-0.05265888457
2018-02-07,37.23,37.23,0,0.01944140197,0.01944140197
2018-02-08,37.09,37.09,0,-0.003760408273,-0.003760408273
2018-02-09,36.51,36.51,0,-0.01563763818,-0.01563763818
2018-02-12,36.72,36.72,0,0.005751848809,0.005751848809
2018-02-21,37.84,37.84,0,0.03050108932,0.03050108932
2018-02-22,37.61,37.61,0,-0.006078224101,-0.006078224101
2018-02-23,37.77,37.77,0,0.004254187716,0.004254187716
2018-02-26,38.13,38.13,0,0.009531374106,0.009531374106
2018-02-27,38.41,38.41,0,0.007343299239,0.007343299239
2018-03-05,37.65,37.65,0,-0.01978651393,-0.01978651393
2018-03-06,37.98,37.98,0,0.008764940239,0.008764940239
2018-03-07,37.98,37.98,0,0,0
2018-03-08,38.27,38.27,0,0.007635597683,0.007635597683
2018-03-09,38.49,38.49,0,0.005748628168,0.005748628168
2018-03-12,39.07,39.07,0,0.01506884905,0.01506884905
2018-03-13,39.36,39.36,0,0.007422574866,0.007422574866
2018-03-14,39.18,39.18,0,-0.004573170732,-0.004573170732
2018-03-15,39.15,39.15,0,-0.0007656967841,-0.0007656967841
2018-03-16,38.77,38.77,0,-0.009706257982,-0.009706257982
2018-03-19,38.88,38.88,0,0.002837245293,0.002837245293
2018-03-21,39.1,39.1,0,0.005658436214,0.005658436214
2018-03-22,39.2,39.2,0,0.002557544757,0.002557544757
2018-03-26,38.09,38.09,0,-0.02831632653,-0.02831632653
2018-03-27,38.78,38.78,0,0.01811499081,0.01811499081
2018-03-31,38.5,38.5,0,-0.007220216606,-0.007220216606
2018-04-02,38.6,38.6,0,0.002597402597,0.002597402597
2018-04-03,38.1,38.1,0,-0.01295336788,-0.01295336788
2018-04-09,38.22,38.22,0,0.003149606299,0.003149606299
2018-04-10,38.59,38.59,0,0.009680795395,0.009680795395
2018-04-11,38.83,38.83,0,0.006219227779,0.006219227779
2018-04-13,38.75,38.75,0,-0.002060262683,-0.002060262683
2018-04-16,38.4,38.4,0,-0.009032258065,-0.009032258065
2018-04-17,38.36,38.36,0,-0.001041666667,-0.001041666667
2018-04-19,38.42,38.42,0,0.001564129301,0.001564129301
2018-04-23,37.37,37.37,0,-0.02732951588,-0.02732951588
2018-04-24,37.08,37.08,0,-0.007760235483,-0.007760235483
2018-04-25,36.94,36.94,0,-0.00377562028,-0.00377562028
2018-04-26,36.81,36.81,0,-0.003519220357,-0.003519220357
2018-04-27,36.82,36.82,0,0.0002716653083,0.0002716653083
2018-04-30,37.24,37.24,0,0.01140684411,0.01140684411
2018-05-02,37.18,37.18,0,-0.001611170784,-0.001611170784
2018-05-03,36.82,36.82,0,-0.009682625067,-0.009682625067
2018-05-04,36.7,36.7,0,-0.003259098316,-0.003259098316
2018-05-07,36.94,36.94,0,0.006539509537,0.006539509537
2018-05-08,37.21,37.21,0,0.007309149973,0.007309149973
2018-05-09,37.59,37.59,0,0.01021230852,0.01021230852
2018-05-10,37.59,37.59,0,0,0
2018-05-11,37.91,37.91,0,0.008512902368,0.008512902368
2018-05-14,38.34,38.34,0,0.01134265365,0.01134265365
2018-05-15,38.3,38.3,0,-0.001043296818,-0.001043296818
2018-05-16,38.14,38.14,0,-0.004177545692,-0.004177545692
2018-05-17,38.06,38.06,0,-0.002097535396,-0.002097535396
2018-05-18,37.75,37.75,0,-0.008145034157,-0.008145034157
2018-05-21,38.01,38.01,0,0.006887417219,0.006887417219
2018-05-22,38.26,38.26,0,0.006577216522,0.006577216522
2018-05-23,38.07,38.07,0,-0.004966021955,-0.004966021955
2018-05-24,38.16,38.16,0,0.002364066194,0.002364066194
2018-05-25,38.25,38.25,0,0.002358490566,0.002358490566
2018-05-28,38.31,38.31,0,0.001568627451,0.001568627451
2018-05-29,38.2,38.2,0,-0.002871312973,-0.002871312973
2018-05-30,37.65,37.65,0,-0.01439790576,-0.01439790576
2018-05-31,37.63,37.63,0,-0.0005312084993,-0.0005312084993
2018-06-01,37.79,37.79,0,0.004251926654,0.004251926654
2018-06-04,38.28,38.28,0,0.01296639323,0.01296639323
2018-06-05,38.47,38.47,0,0.004963427377,0.004963427377
2018-06-06,38.73,38.73,0,0.006758513127,0.006758513127
2018-06-07,38.94,38.94,0,0.005422153369,0.005422153369
2018-06-08,38.6,38.6,0,-0.008731381613,-0.008731381613
2018-06-11,38.46,38.46,0,-0.003626943005,-0.003626943005
2018-06-12,38.41,38.41,0,-0.001300052002,-0.001300052002
2018-06-13,38.57,38.57,0,0.00416558188,0.00416558188
2018-06-14,38.16,38.16,0,-0.01063002333,-0.01063002333
2018-06-15,38.13,38.13,0,-0.000786163522,-0.000786163522
2018-06-19,37.77,37.77,0,-0.009441384736,-0.009441384736
2018-06-20,37.68,37.68,0,-0.002382843527,-0.002382843527
2018-06-21,37.98,37.98,0,0.007961783439,0.007961783439
2018-06-22,37.59,37.59,0,-0.0102685624,-0.0102685624
2018-06-25,37.53,37.53,0,-0.001596169194,-0.001596169194
2018-06-26,37.35,37.35,0,-0.00479616307,-0.00479616307
2018-06-27,37.42,37.42,0,0.00187416332,0.00187416332
2018-06-28,37.07,37.07,0,-0.009353287012,-0.009353287012
2018-06-29,37.8,37.8,0,0.0196924737,0.0196924737
2018-07-02,37.73,37.73,0,-0.001851851852,-0.001851851852
2018-07-03,37.45,37.45,0,-0.007421150278,-0.007421150278
2018-07-04,37.5,37.5,0,0.001335113485,0.001335113485
2018-07-05,37.29,37.29,0,-0.0056,-0.0056
2018-07-06,37.18,37.18,0,-0.002949852507,-0.002949852507
2018-07-09,37.77,37.77,0,0.01586874664,0.01586874664
2018-07-10,38.1,38.1,0,0.008737092931,0.008737092931
2018-07-11,37.71,37.71,0,-0.01023622047,-0.01023622047
2018-07-12,37.96,37.96,0,0.006629541236,0.006629541236
2018-07-13,38.42,38.42,0,0.01211801897,0.01211801897
2018-07-16,38.46,38.46,0,0.001041124414,0.001041124414
2018-07-17,38.2,38.2,0,-0.006760270411,-0.006760270411
2018-07-18,38.46,38.46,0,0.006806282723,0.006806282723
2018-07-19,38.64,38.64,0,0.004680187207,0.004680187207
2018-07-20,39.17,39.17,0,0.01371635611,0.01371635611
2018-07-23,38.95,38.95,0.35,0.003318866479,0.003318866479
2018-07-24,39.13,39.13,0,0.004621309371,0.004621309371
2018-07-25,39.13,39.13,0,0,0
2018-07-26,39.07,39.07,0,-0.001533350371,-0.001533350371
2018-07-27,39.39,39.39,0,0.008190427438,0.008190427438
2018-07-30,39.39,39.39,0,0,0
2018-07-31,39.3,39.3,0,-0.002284843869,-0.002284843869
2018-08-01,39.63,39.63,0,0.008396946565,0.008396946565
2018-08-02,39.36,39.36,0,-0.006813020439,-0.006813020439
2018-08-03,39.44,39.44,0,0.002032520325,0.002032520325
2018-08-06,39.39,39.39,0,-0.001267748479,-0.001267748479
2018-08-07,39.46,39.46,0,0.001777100787,0.001777100787
2018-08-08,39.78,39.78,0,0.008109477952,0.008109477952
2018-08-09,39.67,39.67,0,-0.002765208648,-0.002765208648
2018-08-10,39.7,39.7,0,0.0007562389715,0.0007562389715
2018-08-13,38.66,38.66,0,-0.02619647355,-0.02619647355
2018-08-14,39,39,0,0.008794619762,0.008794619762
2018-08-15,38.65,38.65,0,-0.008974358974,-0.008974358974
2018-08-16,38.59,38.59,0,-0.001552393273,-0.001552393273
2018-08-17,38.73,38.73,0,0.003627882871,0.003627882871
2018-08-20,38.6,38.6,0,-0.003356571133,-0.003356571133
2018-08-21,38.77,38.77,0,0.004404145078,0.004404145078
2018-08-22,38.92,38.92,0,0.003868970854,0.003868970854
2018-08-23,39.15,39.15,0,0.005909558068,0.005909558068
2018-08-24,39.04,39.04,0,-0.002809706258,-0.002809706258
2018-08-27,39.28,39.28,0,0.006147540984,0.006147540984
2018-08-28,39.66,39.66,0,0.00967413442,0.00967413442
2018-08-29,40.31,40.31,0,0.01638930913,0.01638930913
2018-08-30,40.58,40.58,0,0.006698089804,0.006698089804
2018-08-31,40.11,40.11,0,-0.01158206013,-0.01158206013
2018-09-03,40.03,40.03,0,-0.001994515084,-0.001994515084
2018-09-04,39.97,39.97,0,-0.001498875843,-0.001498875843
2018-09-05,40.21,40.21,0,0.006004503378,0.006004503378
2018-09-06,39.92,39.92,0,-0.007212136285,-0.007212136285
2018-09-07,39.79,39.79,0,-0.003256513026,-0.003256513026
2018-09-10,39.44,39.44,0,-0.008796179945,-0.008796179945
2018-09-11,39.36,39.36,0,-0.002028397566,-0.002028397566
2018-09-12,39.13,39.13,0,-0.005843495935,-0.005843495935
2018-09-13,39.04,39.04,0,-0.002300025556,-0.002300025556
2018-09-17,39.49,39.49,0,0.01152663934,0.01152663934
2018-09-18,39.08,39.08,0,-0.01038237528,-0.01038237528
2018-09-20,39.56,39.56,0,0.01228249744,0.01228249744
2018-09-21,39.86,39.86,0,0.007583417594,0.007583417594
2018-09-25,39.94,39.94,0,0.002007024586,0.002007024586
2018-09-26,39.94,39.94,0,0,0
2018-09-27,40.08,40.08,0,0.003505257887,0.003505257887
2018-09-28,40.14,40.14,0,0.001497005988,0.001497005988
2018-10-01,40.27,40.27,0,0.003238664674,0.003238664674
2018-10-02,40.03,40.03,0,-0.005959771542,-0.005959771542
2018-10-04,39.19,39.19,0,-0.0209842618,-0.0209842618
2018-10-09,38.01,38.01,0,-0.03010972187,-0.03010972187
2018-10-11,35.9,35.9,0,-0.05551170745,-0.05551170745
2018-10-12,36.38,36.38,0,0.01337047354,0.01337047354
2018-10-15,36.11,36.11,0,-0.007421660253,-0.007421660253
2018-10-16,36.35,36.35,0,0.006646358349,0.006646358349
2018-10-17,36.56,36.56,0,0.005777166437,0.005777166437
2018-10-19,36,36,0,-0.01531728665,-0.01531728665
2018-10-22,36.11,36.11,0,0.003055555556,0.003055555556
2018-10-23,35.94,35.94,0,-0.004707837164,-0.004707837164
2018-10-24,35.69,35.69,0,-0.006956037841,-0.006956037841
2018-10-25,34.67,34.67,0,-0.02857943402,-0.02857943402
2018-10-26,34.19,34.19,0,-0.01384482261,-0.01384482261
2018-10-29,34.35,34.35,0,0.004679730915,0.004679730915
2018-10-31,35.34,35.34,0,0.0288209607,0.0288209607
2018-11-01,35.95,35.95,0,0.01726089417,0.01726089417
2018-11-02,36,36,0,0.001390820584,0.001390820584
2018-11-05,35.65,35.65,0,-0.009722222222,-0.009722222222
2018-11-09,35.74,35.74,0,0.00252454418,0.00252454418
2018-11-13,35.14,35.14,0,-0.0167879127,-0.0167879127
2018-11-15,35.56,35.56,0,0.01195219124,0.01195219124
2018-11-16,35.32,35.32,0,-0.006749156355,-0.006749156355
2018-11-19,35.04,35.04,0,-0.007927519819,-0.007927519819
2018-11-21,34.63,34.63,0,-0.01170091324,-0.01170091324
2018-11-23,34.6,34.6,0,-0.0008663008952,-0.0008663008952
2018-11-26,34.96,34.96,0,0.01040462428,0.01040462428
2018-11-27,34.94,34.94,0,-0.0005720823799,-0.0005720823799
2018-11-28,35.25,35.25,0,0.008872352604,0.008872352604
2018-12-03,36.17,36.17,0,0.02609929078,0.02609929078
2018-12-04,36.22,36.22,0,0.001382361073,0.001382361073
2018-12-06,34.59,34.59,0,-0.04500276091,-0.04500276091
2018-12-10,34.28,34.28,0,-0.008962127783,-0.008962127783
2018-12-11,34.55,34.55,0,0.007876312719,0.007876312719
2018-12-13,35.26,35.26,0,0.02054992764,0.02054992764
2018-12-14,34.8,34.8,0,-0.01304594441,-0.01304594441
2018-12-17,34.93,34.93,0,0.003735632184,0.003735632184
2018-12-18,34.83,34.83,0,-0.002862868594,-0.002862868594
2018-12-19,34.78,34.78,0,-0.001435544071,-0.001435544071
2018-12-21,34.5,34.5,0,-0.008050603795,-0.008050603795
2018-12-22,34.43,34.43,0,-0.002028985507,-0.002028985507
2018-12-25,33.97,33.97,0,-0.01336044148,-0.01336044148
2018-12-27,34.41,34.41,0,0.01295260524,0.01295260524
2018-12-28,34.49,34.49,0,0.002324905551,0.002324905551
2019-01-02,34.24,34.24,0,-0.00724847782,-0.00724847782
2019-01-03,33.84,33.84,0,-0.01168224299,-0.01168224299
2019-01-04,33.31,33.31,0,-0.01566193853,-0.01566193853
2019-01-07,33.89,33.89,0,0.01741218853,0.01741218853
2019-01-09,34.48,34.48,0,0.01740926527,0.01740926527
2019-01-11,34.59,34.59,0,0.00319025522,0.00319025522
2019-01-14,34.45,34.45,0,-0.004047412547,-0.004047412547
2019-01-15,34.92,34.92,0,0.01364296081,0.01364296081
2019-01-16,34.82,34.82,0,-0.002863688431,-0.002863688431
2019-01-17,34.84,34.84,0,0.0005743825388,0.0005743825388
2019-01-21,35.25,35.25,0,0.01176808266,0.01176808266
2019-01-22,34.34,34.34,0.85,-0.00170212766,-0.00170212766
2019-01-23,34.1,34.1,0,-0.006988934188,-0.006988934188
2019-01-25,34.58,34.58,0,0.01407624633,0.01407624633
2019-01-28,34.9,34.9,0,0.009253903991,0.009253903991
2019-01-29,34.63,34.63,0,-0.007736389685,-0.007736389685
2019-02-11,35,35,0,0.01068437771,0.01068437771
2019-02-12,34.98,34.98,0,-0.0005714285714,-0.0005714285714
2019-02-13,35.19,35.19,0,0.006003430532,0.006003430532
2019-02-14,35.18,35.18,0,-0.0002841716397,-0.0002841716397
2019-02-15,35.17,35.17,0,-0.0002842524161,-0.0002842524161
2019-02-18,35.08,35.08,0,-0.002558999147,-0.002558999147
2019-02-19,35.31,35.31,0,0.006556442417,0.006556442417
2019-02-20,35.46,35.46,0,0.00424808836,0.00424808836
2019-02-21,35.65,35.65,0,0.005358150028,0.005358150028
2019-02-22,35.71,35.71,0,0.001683029453,0.001683029453
2019-02-25,35.98,35.98,0,0.007560907309,0.007560907309
2019-02-26,36.22,36.22,0,0.006670372429,0.006670372429
2019-02-27,36.16,36.16,0,-0.001656543346,-0.001656543346
2019-03-04,35.78,35.78,0,-0.01050884956,-0.01050884956
2019-03-05,35.85,35.85,0,0.001956400224,0.001956400224
2019-03-11,35.51,35.51,0,-0.009483960948,-0.009483960948
2019-03-12,35.98,35.98,0,0.01323570825,0.01323570825
2019-03-13,35.74,35.74,0,-0.006670372429,-0.006670372429
2019-03-18,36.17,36.17,0,0.01203133744,0.01203133744
2019-03-19,36.49,36.49,0,0.008847110865,0.008847110865
2019-03-21,36.86,36.86,0,0.01013976432,0.01013976432
2019-03-25,36.38,36.38,0,-0.01302224634,-0.01302224634
2019-04-01,37.33,37.33,0,0.02611324904,0.02611324904
2019-04-02,37.5,37.5,0,0.004553978034,0.004553978034
2019-04-08,37.58,37.58,0,0.002133333333,0.002133333333
2019-04-09,37.89,37.89,0,0.008249068654,0.008249068654
2019-04-10,38.1,38.1,0,0.005542359462,0.005542359462
2019-04-11,38.12,38.12,0,0.0005249343832,0.0005249343832
2019-04-12,37.73,37.73,0,-0.01023084995,-0.01023084995
2019-04-15,38.02,38.02,0,0.00768619136,0.00768619136
2019-04-16,38.35,38.35,0,0.008679642294,0.008679642294
2019-04-17,38.54,38.54,0,0.004954367666,0.004954367666
2019-04-18,38.71,38.71,0,0.004411001557,0.004411001557
2019-04-19,38.83,38.83,0,0.003099974167,0.003099974167
2019-04-22,38.57,38.57,0,-0.006695853721,-0.006695853721
2019-04-23,38.82,38.82,0,0.006481721545,0.006481721545
2019-04-26,38.3,38.3,0,-0.01339515714,-0.01339515714
2019-04-29,38.34,38.34,0,0.001044386423,0.001044386423
2019-04-30,38.57,38.57,0,0.005998956703,0.005998956703
2019-05-02,38.57,38.57,0,0,0
2019-05-03,38.68,38.68,0,0.00285195748,0.00285195748
2019-05-06,38.44,38.44,0,-0.00620475698,-0.00620475698
2019-05-07,38.95,38.95,0,0.01326742976,0.01326742976
2019-05-08,38.67,38.67,0,-0.007188703466,-0.007188703466
2019-05-09,38.08,38.08,0,-0.0152573054,-0.0152573054
2019-05-10,37.87,37.87,0,-0.005514705882,-0.005514705882
2019-05-13,37.28,37.28,0,-0.01557961447,-0.01557961447
2019-05-14,36.98,36.98,0,-0.0080472103,-0.0080472103
2019-05-15,37.12,37.12,0,0.003785830178,0.003785830178
2019-05-16,36.8,36.8,0,-0.008620689655,-0.008620689655
2019-05-17,36.42,36.42,0,-0.01032608696,-0.01032608696
2019-05-20,36.25,36.25,0,-0.004667764964,-0.004667764964
2019-05-21,36.19,36.19,0,-0.001655172414,-0.001655172414
2019-05-22,36.65,36.65,0,0.01271069356,0.01271069356
2019-05-23,36.01,36.01,0,-0.01746248295,-0.01746248295
2019-05-27,35.79,35.79,0,-0.006109414052,-0.006109414052
2019-05-30,35.89,35.89,0,0.002794076558,0.002794076558
2019-05-31,36.41,36.41,0,0.01448871552,0.01448871552
2019-06-03,36.82,36.82,0,0.01126064268,0.01126064268
2019-06-04,36.39,36.39,0,-0.01167843563,-0.01167843563
2019-06-06,36.03,36.03,0,-0.0098928277,-0.0098928277
2019-06-10,36.79,36.79,0,0.02109353317,0.02109353317
2019-06-11,37.1,37.1,0,0.008426202772,0.008426202772
2019-06-13,37.09,37.09,0,-0.000269541779,-0.000269541779
2019-06-14,36.92,36.92,0,-0.004583445673,-0.004583445673
2019-06-17,36.69,36.69,0,-0.006229685807,-0.006229685807
2019-06-18,36.91,36.91,0,0.005996184246,0.005996184246
2019-06-19,37.5,37.5,0,0.01598482796,0.01598482796
2019-06-20,37.67,37.67,0,0.004533333333,0.004533333333
2019-06-21,38.09,38.09,0,0.0111494558,0.0111494558
2019-06-24,37.86,37.86,0,-0.00603833027,-0.00603833027
2019-06-25,37.97,37.97,0,0.002905441099,0.002905441099
2019-06-26,37.51,37.51,0,-0.0121148275,-0.0121148275
2019-07-01,38.81,38.81,0,0.03465742469,0.03465742469
2019-07-02,38.81,38.81,0,0,0
2019-07-03,38.2,38.2,0,-0.01571759856,-0.01571759856
2019-07-05,38.39,38.39,0,0.00497382199,0.00497382199
2019-07-08,38.35,38.35,0,-0.001041938005,-0.001041938005
2019-07-09,38.33,38.33,0,-0.0005215123859,-0.0005215123859
2019-07-11,39,39,0,0.01747978085,0.01747978085
2019-07-15,39.14,39.14,0,0.00358974359,0.00358974359
2019-07-16,39.27,39.27,0,0.003321410322,0.003321410322
2019-07-17,39.35,39.35,0,0.002037178508,0.002037178508
2019-07-18,39,39,0,-0.008894536213,-0.008894536213
2019-07-22,39.16,39.16,0,0.004102564103,0.004102564103
2019-07-23,39.6,39.6,0,0.01123595506,0.01123595506
2019-07-25,39.6,39.6,0,0,0
2019-07-26,39.37,39.37,0,-0.005808080808,-0.005808080808
2019-07-29,39.33,39.33,0,-0.001016002032,-0.001016002032
2019-07-30,39.31,39.31,0,-0.000508517671,-0.000508517671
2019-07-31,38.84,38.84,0,-0.01195624523,-0.01195624523
2019-08-02,38.21,38.21,0,-0.01622039135,-0.01622039135
2019-08-05,37.77,37.77,0,-0.01151531013,-0.01151531013
2019-08-06,36.88,36.88,0,-0.02356367487,-0.02356367487
2019-08-08,37.79,37.79,0,0.02467462039,0.02467462039
2019-08-13,37.32,37.32,0,-0.01243715269,-0.01243715269
2019-08-15,37.25,37.25,0,-0.001875669882,-0.001875669882
2019-08-16,37.58,37.58,0,0.008859060403,0.008859060403
2019-08-19,37.96,37.96,0,0.01011176158,0.01011176158
2019-08-20,38.08,38.08,0,0.003161222339,0.003161222339
2019-08-21,38.11,38.11,0,0.0007878151261,0.0007878151261
2019-08-26,37.37,37.37,0,-0.01941747573,-0.01941747573
2019-08-27,37.62,37.62,0,0.006689858175,0.006689858175
2019-09-02,38.23,38.23,0,0.01621477937,0.01621477937
2019-09-05,39.03,39.03,0,0.02092597437,0.02092597437
2019-09-09,39.38,39.38,0,0.008967460927,0.008967460927
2019-09-11,39.22,39.22,0,-0.00406297613,-0.00406297613
2019-09-16,39.55,39.55,0,0.008414074452,0.008414074452
2019-09-17,39.61,39.61,0,0.001517067004,0.001517067004
2019-09-18,40.09,40.09,0,0.01211815198,0.01211815198
2019-09-19,39.8,39.8,0,-0.007233724121,-0.007233724121
2019-09-20,39.85,39.85,0,0.001256281407,0.001256281407
2019-09-23,39.85,39.85,0,0,0
2019-09-24,39.61,39.61,0,-0.006022584693,-0.006022584693
2019-09-25,39.61,39.61,0,0,0
2019-09-26,39.75,39.75,0,0.003534460995,0.003534460995
2019-09-27,39.65,39.65,0,-0.00251572327,-0.00251572327
2019-10-01,40.15,40.15,0,0.01261034048,0.01261034048
2019-10-02,40.15,40.15,0,0,0
2019-10-03,40.14,40.14,0,-0.0002490660025,-0.0002490660025
2019-10-04,39.99,39.99,0,-0.003736920777,-0.003736920777
2019-10-07,39.99,39.99,0,0,0
2019-10-08,40.42,40.42,0,0.01075268817,0.01075268817
2019-10-09,40.26,40.26,0,-0.003958436418,-0.003958436418
2019-10-14,40.64,40.64,0,0.009438648783,0.009438648783
2019-10-15,41.16,41.16,0,0.01279527559,0.01279527559
2019-10-16,41.18,41.18,0,0.0004859086492,0.0004859086492
2019-10-17,41.26,41.26,0,0.001942690627,0.001942690627
2019-10-18,41.32,41.32,0,0.001454192923,0.001454192923
2019-10-21,41.19,41.19,0,-0.003146176186,-0.003146176186
2019-10-22,41.2,41.2,0,0.0002427773731,0.0002427773731
2019-10-23,41.17,41.17,0,-0.0007281553398,-0.0007281553398
2019-10-25,41.6,41.6,0,0.01044449842,0.01044449842
2019-10-28,41.79,41.79,0,0.004567307692,0.004567307692
2019-10-29,41.73,41.73,0,-0.001435750179,-0.001435750179
2019-10-30,41.8,41.8,0,0.001677450276,0.001677450276
2019-10-31,41.96,41.96,0,0.003827751196,0.003827751196
2019-11-01,41.99,41.99,0,0.0007149666349,0.0007149666349
2019-11-04,42.85,42.85,0,0.02048106692,0.02048106692
2019-11-05,43.1,43.1,0,0.005834305718,0.005834305718
2019-11-06,43.3,43.3,0,0.00464037123,0.00464037123
2019-11-07,43.2,43.2,0,-0.002309468822,-0.002309468822
2019-11-08,43.2,43.2,0,0,0
2019-11-11,42.77,42.77,0,-0.009953703704,-0.009953703704
2019-11-12,42.97,42.97,0,0.004676174889,0.004676174889
2019-11-13,42.85,42.85,0,-0.002792646032,-0.002792646032
2019-11-15,42.98,42.98,0,0.003033838973,0.003033838973
2019-11-18,43.31,43.31,0,0.007677989763,0.007677989763
2019-11-19,43.48,43.48,0,0.003925190487,0.003925190487
2019-11-21,43.01,43.01,0,-0.01080956762,-0.01080956762
2019-11-25,43.29,43.29,0,0.006510113927,0.006510113927
2019-11-26,43.31,43.31,0,0.000462000462,0.000462000462
2019-11-27,43.33,43.33,0,0.0004617871161,0.0004617871161
2019-11-28,43.36,43.36,0,0.0006923609508,0.0006923609508
2019-11-29,42.87,42.87,0,-0.01130073801,-0.01130073801
2019-12-02,42.78,42.78,0,-0.002099370189,-0.002099370189
2019-12-03,43,43,0,0.005142589995,0.005142589995
2019-12-04,42.84,42.84,0,-0.003720930233,-0.003720930233
2019-12-05,43.21,43.21,0,0.008636788049,0.008636788049
2019-12-06,43.43,43.43,0,0.005091414025,0.005091414025
2019-12-09,43.51,43.51,0,0.00184204467,0.00184204467
2019-12-10,43.5,43.5,0,-0.0002298322225,-0.0002298322225
2019-12-11,43.5,43.5,0,0,0
2019-12-12,44.56,44.56,0,0.02436781609,0.02436781609
2019-12-13,45.1,45.1,0,0.01211849192,0.01211849192
2019-12-17,45.43,45.43,0,0.007317073171,0.007317073171
2019-12-18,45.83,45.83,0,0.008804754567,0.008804754567
2019-12-19,45.5,45.5,0,-0.007200523674,-0.007200523674
2019-12-23,45.35,45.35,0,-0.003296703297,-0.003296703297
2019-12-24,45.5,45.5,0,0.003307607497,0.003307607497
2019-12-25,45.24,45.24,0,-0.005714285714,-0.005714285714
2019-12-26,45.37,45.37,0,0.002873563218,0.002873563218
2019-12-27,45.55,45.55,0,0.003967379326,0.003967379326
2019-12-30,45.59,45.59,0,0.0008781558727,0.0008781558727
2019-12-31,45.4,45.4,0,-0.00416758061,-0.00416758061
2020-01-02,45.34,45.34,0,-0.001321585903,-0.001321585903
2020-01-03,45.63,45.63,0,0.006396118218,0.006396118218
2020-01-06,45.2,45.2,0,-0.009423624808,-0.009423624808
2020-01-08,44.73,44.73,0,-0.01039823009,-0.01039823009
2020-01-09,45.2,45.2,0,0.01050748938,0.01050748938
2020-01-10,45.27,45.27,0,0.001548672566,0.001548672566
2020-01-13,45.67,45.67,0,0.008835873647,0.008835873647
2020-01-14,46.04,46.04,0,0.008101598423,0.008101598423
2020-01-15,45.73,45.73,0,-0.006733275413,-0.006733275413
2020-01-16,45.4,45.4,0,-0.007216269407,-0.007216269407
2020-01-17,45.7,45.7,0,0.006607929515,0.006607929515
2020-01-20,45.88,45.88,0,0.003938730853,0.003938730853
2020-01-30,43.5,43.5,0,-0.0518744551,-0.0518744551
2020-01-31,42.3,42.3,1.4,0.004597701149,0.004597701149
2020-02-03,41.67,41.67,0,-0.01489361702,-0.01489361702
2020-02-04,42.58,42.58,0,0.02183825294,0.02183825294
2020-02-05,42.61,42.61,0,0.0007045561296,0.0007045561296
2020-02-06,43,43,0,0.009152781037,0.009152781037
2020-02-07,42.75,42.75,0,-0.005813953488,-0.005813953488
2020-02-10,42.79,42.79,0,0.0009356725146,0.0009356725146
2020-02-11,43,43,0,0.004907688712,0.004907688712
2020-02-12,43.18,43.18,0,0.004186046512,0.004186046512
2020-02-13,43.48,43.48,0,0.006947660954,0.006947660954
2020-02-14,43.58,43.58,0,0.002299908004,0.002299908004
2020-02-17,43.2,43.2,0,-0.008719596145,-0.008719596145
2020-02-18,42.71,42.71,0,-0.01134259259,-0.01134259259
2020-02-19,43.05,43.05,0,0.00796066495,0.00796066495
2020-02-20,43.02,43.02,0,-0.0006968641115,-0.0006968641115
2020-02-21,42.69,42.69,0,-0.007670850767,-0.007670850767
2020-02-24,42.21,42.21,0,-0.01124385102,-0.01124385102
2020-02-25,42.2,42.2,0,-0.0002369106847,-0.0002369106847
2020-02-26,41.76,41.76,0,-0.01042654028,-0.01042654028
2020-02-27,41.39,41.39,0,-0.008860153257,-0.008860153257
2020-03-02,40.87,40.87,0,-0.01256342112,-0.01256342112
2020-03-03,41.22,41.22,0,0.008563738684,0.008563738684
2020-03-05,41.88,41.88,0,0.01601164483,0.01601164483
2020-03-06,41.35,41.35,0,-0.01265520535,-0.01265520535
2020-03-09,40.19,40.19,0,-0.02805320435,-0.02805320435
2020-03-10,40.03,40.03,0,-0.003981089823,-0.003981089823
2020-03-11,40.22,40.22,0,0.00474644017,0.00474644017
2020-03-12,38.21,38.21,0,-0.04997513675,-0.04997513675
2020-03-13,35.95,35.95,0,-0.0591468202,-0.0591468202
2020-03-16,35.94,35.94,0,-0.0002781641168,-0.0002781641168
2020-03-17,34.72,34.72,0,-0.03394546466,-0.03394546466
2020-03-18,34.52,34.52,0,-0.005760368664,-0.005760368664
2020-03-19,31.8,31.8,0,-0.07879490151,-0.07879490151
2020-03-20,33.82,33.82,0,0.06352201258,0.06352201258
2020-03-23,33.18,33.18,0,-0.01892371378,-0.01892371378
2020-03-24,34.32,34.32,0,0.03435804702,0.03435804702
2020-03-25,35.9,35.9,0,0.04603729604,0.04603729604
2020-03-26,35.94,35.94,0,0.001114206128,0.001114206128
2020-03-27,35.9,35.9,0,-0.001112966055,-0.001112966055
2020-03-30,35.27,35.27,0,-0.01754874652,-0.01754874652
2020-03-31,35.53,35.53,0,0.007371703998,0.007371703998
2020-04-06,35.5,35.5,0,-0.0008443568815,-0.0008443568815
2020-04-07,36.73,36.73,0,0.03464788732,0.03464788732
2020-04-08,37.04,37.04,0,0.008439967329,0.008439967329
2020-04-09,36.92,36.92,0,-0.003239740821,-0.003239740821
2020-04-10,37,37,0,0.002166847237,0.002166847237
2020-04-13,36.94,36.94,0,-0.001621621622,-0.001621621622
2020-04-14,37.71,37.71,0,0.02084461289,0.02084461289
2020-04-15,38.13,38.13,0,0.01113762928,0.01113762928
2020-04-16,38,38,0,-0.003409388933,-0.003409388933
2020-04-17,39.01,39.01,0,0.02657894737,0.02657894737
2020-04-20,39.07,39.07,0,0.001538067162,0.001538067162
2020-04-22,37.35,37.35,0,-0.04402354748,-0.04402354748
2020-04-24,37.87,37.87,0,0.01392235609,0.01392235609
2020-04-27,38.63,38.63,0,0.02006865593,0.02006865593
2020-04-28,38.58,38.58,0,-0.001294330831,-0.001294330831
2020-04-30,39.98,39.98,0,0.03628823224,0.03628823224
2020-05-04,39.08,39.08,0,-0.02251125563,-0.02251125563
2020-05-05,39.23,39.23,0,0.00383828045,0.00383828045
2020-05-06,39.17,39.17,0,-0.001529441754,-0.001529441754
2020-05-07,39.47,39.47,0,0.007658922645,0.007658922645
2020-05-08,39.62,39.62,0,0.0038003547,0.0038003547
2020-05-11,39.97,39.97,0,0.008833922261,0.008833922261
2020-05-12,39.5,39.5,0,-0.01175881911,-0.01175881911
2020-05-13,39.23,39.23,0,-0.006835443038,-0.006835443038
2020-05-14,39.3,39.3,0,0.001784348713,0.001784348713
2020-05-15,39.3,39.3,0,0,0
2020-05-18,39.11,39.11,0,-0.004834605598,-0.004834605598
2020-05-19,39.33,39.33,0,0.005625159806,0.005625159806
2020-05-20,39.26,39.26,0,-0.001779811848,-0.001779811848
2020-05-21,39.75,39.75,0,0.01248089659,0.01248089659
2020-05-22,39.13,39.13,0,-0.01559748428,-0.01559748428
2020-05-25,39.14,39.14,0,0.0002555583951,0.0002555583951
2020-05-26,39.84,39.84,0,0.01788451712,0.01788451712
2020-05-27,39.76,39.76,0,-0.002008032129,-0.002008032129
2020-05-28,39.45,39.45,0,-0.007796780684,-0.007796780684
2020-05-29,39.36,39.36,0,-0.002281368821,-0.002281368821
2020-06-01,39.88,39.88,0,0.01321138211,0.01321138211
2020-06-02,40.15,40.15,0,0.006770310933,0.006770310933
2020-06-03,40.67,40.67,0,0.01295143213,0.01295143213
2020-06-04,40.95,40.95,0,0.006884681583,0.006884681583
2020-06-05,41.36,41.36,0,0.01001221001,0.01001221001
2020-06-08,42.02,42.02,0,0.01595744681,0.01595744681
2020-06-09,42.03,42.03,0,0.0002379819134,0.0002379819134
2020-06-10,42.46,42.46,0,0.01023078753,0.01023078753
2020-06-11,41.9,41.9,0,-0.01318888366,-0.01318888366
2020-06-12,41.49,41.49,0,-0.009785202864,-0.009785202864
2020-06-15,40.95,40.95,0,-0.01301518438,-0.01301518438
2020-06-16,41.66,41.66,0,0.01733821734,0.01733821734
2020-06-17,41.7,41.7,0,0.0009601536246,0.0009601536246
2020-06-18,41.89,41.89,0,0.004556354916,0.004556354916
2020-06-19,41.9,41.9,0,0.0002387204583,0.0002387204583
2020-06-22,42,42,0,0.002386634845,0.002386634845
2020-06-23,42.24,42.24,0,0.005714285714,0.005714285714
2020-06-24,42.54,42.54,0,0.007102272727,0.007102272727
2020-06-29,41.98,41.98,0,-0.01316408087,-0.01316408087
2020-06-30,42.33,42.33,0,0.008337303478,0.008337303478
2020-07-01,42.8,42.8,0,0.01110323648,0.01110323648
2020-07-02,43.17,43.17,0,0.008644859813,0.008644859813
2020-07-03,43.65,43.65,0,0.01111883252,0.01111883252
2020-07-06,44.4,44.4,0,0.01718213058,0.01718213058
2020-07-07,44.69,44.69,0,0.006531531532,0.006531531532
2020-07-08,44.82,44.82,0,0.002908928172,0.002908928172
2020-07-09,45.13,45.13,0,0.006916555109,0.006916555109
2020-07-10,44.9,44.9,0,-0.005096388212,-0.005096388212
2020-07-13,45.2,45.2,0,0.006681514477,0.006681514477
2020-07-14,45.56,45.56,0,0.00796460177,0.00796460177
2020-07-15,46,46,0,0.009657594381,0.009657594381
2020-07-16,45.4,45.4,0,-0.01304347826,-0.01304347826
2020-07-17,45.81,45.81,0,0.009030837004,0.009030837004
2020-07-20,45.7,45.7,0,-0.002401222441,-0.002401222441
2020-07-21,46.59,46.59,0.28,0.02560175055,0.02560175055
2020-07-22,46.81,46.81,0,0.004722043357,0.004722043357
2020-07-23,46.65,46.65,0,-0.003418073061,-0.003418073061
2020-07-24,46.54,46.54,0,-0.002357984995,-0.002357984995
2020-07-27,48.22,48.22,0,0.03609798023,0.03609798023
2020-07-28,48.78,48.78,0,0.01161343841,0.01161343841
2020-07-29,48.14,48.14,0,-0.0131201312,-0.0131201312
2020-07-30,48.93,48.93,0,0.01641046946,0.01641046946
2020-07-31,48.85,48.85,0,-0.001634988759,-0.001634988759
2020-08-03,47.8,47.8,0,-0.02149437052,-0.02149437052
2020-08-04,48.67,48.67,0,0.01820083682,0.01820083682
2020-08-05,49.21,49.21,0,0.01109513047,0.01109513047
2020-08-06,49.5,49.5,0,0.005893111156,0.005893111156
2020-08-07,49.29,49.29,0,-0.004242424242,-0.004242424242
2020-08-10,49.46,49.46,0,0.003448975451,0.003448975451
2020-08-11,49.08,49.08,0,-0.007682976142,-0.007682976142
2020-08-12,48.55,48.55,0,-0.01079869601,-0.01079869601
2020-08-13,48.79,48.79,0,0.004943357364,0.004943357364
2020-08-17,49.56,49.56,0,0.01578192253,0.01578192253
2020-08-18,49.4,49.4,0,-0.003228410008,-0.003228410008
2020-08-19,48.84,48.84,0,-0.01133603239,-0.01133603239
2020-08-21,47.91,47.91,0,-0.01904176904,-0.01904176904
2020-08-24,48.56,48.56,0,0.01356710499,0.01356710499
2020-08-25,48.93,48.93,0,0.007619439868,0.007619439868
2020-08-26,49,49,0,0.001430615165,0.001430615165
2020-08-27,49.43,49.43,0,0.008775510204,0.008775510204
2020-08-28,48.66,48.66,0,-0.01557758446,-0.01557758446
2020-08-31,48.03,48.03,0,-0.01294697904,-0.01294697904
2020-09-01,48.45,48.45,0,0.008744534666,0.008744534666
2020-09-02,48.38,48.38,0,-0.001444788442,-0.001444788442
2020-09-03,48.55,48.55,0,0.003513848698,0.003513848698
2020-09-07,48.18,48.18,0,-0.007621009269,-0.007621009269
2020-09-08,48.08,48.08,0,-0.002075550021,-0.002075550021
2020-09-10,48.12,48.12,0,0.0008319467554,0.0008319467554
2020-09-11,48.35,48.35,0,0.004779717373,0.004779717373
2020-09-14,48.77,48.77,0,0.008686659772,0.008686659772
2020-09-15,49.17,49.17,0,0.008201763379,0.008201763379
2020-09-16,50.05,50.05,0,0.01789709172,0.01789709172
2020-09-17,49.35,49.35,0,-0.01398601399,-0.01398601399
2020-09-18,49.37,49.37,0,0.0004052684904,0.0004052684904
2020-09-21,49.2,49.2,0,-0.003443386672,-0.003443386672
2020-09-22,48.46,48.46,0,-0.01504065041,-0.01504065041
2020-09-23,48.2,48.2,0,-0.00536524969,-0.00536524969
2020-09-25,47,47,0,-0.02489626556,-0.02489626556
2020-09-28,47.71,47.71,0,0.01510638298,0.01510638298
2020-09-29,47.97,47.97,0,0.005449591281,0.005449591281
2020-09-30,48.19,48.19,0,0.004586199708,0.004586199708
2020-10-06,48.69,48.69,0,0.0103755966,0.0103755966
2020-10-07,48.69,48.69,0,0,0
2020-10-08,49.32,49.32,0,0.01293900185,0.01293900185
2020-10-12,50.15,50.15,0,0.01682887267,0.01682887267
2020-10-13,49.82,49.82,0,-0.006580259222,-0.006580259222
2020-10-15,49.48,49.48,0,-0.006824568446,-0.006824568446
2020-10-16,49.25,49.25,0,-0.004648342765,-0.004648342765
2020-10-19,49.81,49.81,0,0.01137055838,0.01137055838
2020-10-20,49.73,49.73,0,-0.001606103192,-0.001606103192
2020-10-21,49.49,49.49,0,-0.004826060728,-0.004826060728
2020-10-22,49.45,49.45,0,-0.0008082440897,-0.0008082440897
2020-10-23,49.55,49.55,0,0.002022244692,0.002022244692
2020-10-26,49.81,49.81,0,0.005247225025,0.005247225025
2020-10-27,49.56,49.56,0,-0.005019072475,-0.005019072475
2020-10-28,49.48,49.48,0,-0.001614205004,-0.001614205004
2020-10-29,48.47,48.47,0,-0.02041228779,-0.02041228779
2020-10-30,48.12,48.12,0,-0.007220961419,-0.007220961419
2020-11-02,47.63,47.63,0,-0.01018287614,-0.01018287614
2020-11-03,48.41,48.41,0,0.01637623347,0.01637623347
2020-11-04,49.35,49.35,0,0.01941747573,0.01941747573
2020-11-05,49.43,49.43,0,0.001621073961,0.001621073961
2020-11-06,49.6,49.6,0,0.003439206959,0.003439206959
2020-11-09,50.4,50.4,0,0.01612903226,0.01612903226
2020-11-10,49.88,49.88,0,-0.01031746032,-0.01031746032
2020-11-11,50.55,50.55,0,0.01343223737,0.01343223737
2020-11-12,50.75,50.75,0,0.003956478734,0.003956478734
2020-11-13,50.7,50.7,0,-0.0009852216749,-0.0009852216749
2020-11-16,52.3,52.3,0,0.0315581854,0.0315581854
2020-11-17,52.6,52.6,0,0.005736137667,0.005736137667
2020-11-18,53.1,53.1,0,0.009505703422,0.009505703422
2020-11-19,53.2,53.2,0,0.001883239171,0.001883239171
2020-11-20,52.9,52.9,0,-0.005639097744,-0.005639097744
2020-11-23,53.5,53.5,0,0.01134215501,0.01134215501
2020-11-24,53.4,53.4,0,-0.001869158879,-0.001869158879
2020-11-25,52.9,52.9,0,-0.00936329588,-0.00936329588
2020-11-26,53.35,53.35,0,0.008506616257,0.008506616257
2020-11-27,52.8,52.8,0,-0.01030927835,-0.01030927835
2020-11-30,52.8,52.8,0,0,0
2020-12-01,52.9,52.9,0,0.001893939394,0.001893939394
2020-12-02,53.55,53.55,0,0.01228733459,0.01228733459
2020-12-03,53.7,53.7,0,0.002801120448,0.002801120448
2020-12-04,54.3,54.3,0,0.01117318436,0.01117318436
2020-12-07,54.8,54.8,0,0.009208103131,0.009208103131
2020-12-08,55.8,55.8,0,0.01824817518,0.01824817518
2020-12-09,55.8,55.8,0,0,0
2020-12-10,55.1,55.1,0,-0.01254480287,-0.01254480287
2020-12-11,54.65,54.65,0,-0.008166969147,-0.008166969147
2020-12-14,55,55,0,0.006404391583,0.006404391583
2020-12-15,54.1,54.1,0,-0.01636363636,-0.01636363636
2020-12-16,55.3,55.3,0,0.02218114603,0.02218114603
2020-12-17,55.1,55.1,0,-0.003616636528,-0.003616636528
2020-12-18,55.1,55.1,0,0,0
2020-12-21,55.5,55.5,0,0.007259528131,0.007259528131
2020-12-22,54.8,54.8,0,-0.01261261261,-0.01261261261
2020-12-23,54.8,54.8,0,0,0
2020-12-24,55.1,55.1,0,0.005474452555,0.005474452555
2020-12-25,55.3,55.3,0,0.003629764065,0.003629764065
2020-12-28,55.9,55.9,0,0.01084990958,0.01084990958
2020-12-29,55.9,55.9,0,0,0
2020-12-30,56.5,56.5,0,0.01073345259,0.01073345259
2020-12-31,56.9,56.9,0,0.007079646018,0.007079646018
2021-01-04,57.4,57.4,0,0.008787346221,0.008787346221
2021-01-05,58.05,58.05,0,0.01132404181,0.01132404181
2021-01-06,58.35,58.35,0,0.005167958656,0.005167958656
2021-01-07,59.95,59.95,0,0.02742073693,0.02742073693
2021-01-08,60.5,60.5,0,0.009174311927,0.009174311927
2021-01-11,60.7,60.7,0,0.003305785124,0.003305785124
2021-01-12,61.35,61.35,0,0.01070840198,0.01070840198
2021-01-13,62.9,62.9,0,0.02526487368,0.02526487368
2021-01-14,62.15,62.15,0,-0.01192368839,-0.01192368839
2021-01-15,62.45,62.45,0,0.004827031376,0.004827031376
2021-01-18,62.1,62.1,0,-0.005604483587,-0.005604483587
2021-01-19,63.95,63.95,0,0.02979066023,0.02979066023
2021-01-20,64,64,0,0.0007818608288,0.0007818608288
2021-01-21,65.95,65.95,0,0.03046875,0.03046875
2021-01-22,63.9,63.9,1.15,-0.01364670205,-0.01364670205
2021-01-25,63.2,63.2,0,-0.01095461659,-0.01095461659
2021-01-26,61.9,61.9,0,-0.02056962025,-0.02056962025
2021-01-27,62.3,62.3,0,0.006462035541,0.006462035541
2021-01-28,60.7,60.7,0,-0.02568218299,-0.02568218299
2021-01-29,59.95,59.95,0,-0.01235584843,-0.01235584843
2021-02-01,60.8,60.8,0,0.01417848207,0.01417848207
2021-02-02,62.9,62.9,0,0.03453947368,0.03453947368
2021-02-03,62.55,62.55,0,-0.005564387917,-0.005564387917
2021-02-05,62.8,62.8,0,0.003996802558,0.003996802558
2021-02-17,65.05,65.05,0,0.03582802548,0.03582802548
2021-02-18,65.3,65.3,0,0.00384319754,0.00384319754
2021-02-19,64.5,64.5,0,-0.01225114855,-0.01225114855
2021-02-22,65,65,0,0.007751937984,0.007751937984
2021-02-23,64.5,64.5,0,-0.007692307692,-0.007692307692
2021-02-24,63.7,63.7,0,-0.01240310078,-0.01240310078
2021-02-25,64.2,64.2,0,0.007849293564,0.007849293564
2021-02-26,62.45,62.45,0,-0.02725856698,-0.02725856698
2021-03-02,62.3,62.3,0,-0.002401921537,-0.002401921537
2021-03-03,62.5,62.5,0,0.003210272873,0.003210272873
2021-03-04,62,62,0,-0.008,-0.008
2021-03-05,61.8,61.8,0,-0.003225806452,-0.003225806452
2021-03-08,61.6,61.6,0,-0.003236245955,-0.003236245955
2021-03-09,61.3,61.3,0,-0.00487012987,-0.00487012987
2021-03-10,61.55,61.55,0,0.004078303426,0.004078303426
2021-03-11,62.7,62.7,0,0.01868399675,0.01868399675
2021-03-12,63.25,63.25,0,0.008771929825,0.008771929825
2021-03-15,63,63,0,-0.00395256917,-0.00395256917
2021-03-16,63.55,63.55,0,0.00873015873,0.00873015873
2021-03-17,63,63,0,-0.008654602675,-0.008654602675
2021-03-18,63.35,63.35,0,0.005555555556,0.005555555556
2021-03-19,62.3,62.3,0,-0.01657458564,-0.01657458564
2021-03-22,62.55,62.55,0,0.004012841091,0.004012841091
2021-03-23,63,63,0,0.007194244604,0.007194244604
2021-03-24,61.75,61.75,0,-0.01984126984,-0.01984126984
2021-03-25,62.2,62.2,0,0.007287449393,0.007287449393
2021-03-26,63.05,63.05,0,0.01366559486,0.01366559486
2021-03-29,63.8,63.8,0,0.01189532117,0.01189532117
2021-03-30,63.9,63.9,0,0.001567398119,0.001567398119
2021-04-01,64.05,64.05,0,0.00234741784,0.00234741784
2021-04-06,64.8,64.8,0,0.01170960187,0.01170960187
2021-04-07,64.85,64.85,0,0.0007716049383,0.0007716049383
2021-04-08,65.1,65.1,0,0.003855050116,0.003855050116
2021-04-09,64.9,64.9,0,-0.003072196621,-0.003072196621
2021-04-12,64.85,64.85,0,-0.0007704160247,-0.0007704160247
2021-04-13,64.6,64.6,0,-0.003855050116,-0.003855050116
2021-04-14,64.9,64.9,0,0.004643962848,0.004643962848
2021-04-15,65.35,65.35,0,0.006933744222,0.006933744222
2021-04-16,65.65,65.65,0,0.004590665647,0.004590665647
2021-04-19,65.85,65.85,0,0.003046458492,0.003046458492
2021-04-20,65.8,65.8,0,-0.0007593014427,-0.0007593014427
2021-04-21,65.5,65.5,0,-0.004559270517,-0.004559270517
2021-04-22,65.2,65.2,0,-0.004580152672,-0.004580152672
2021-04-23,65.8,65.8,0,0.009202453988,0.009202453988
2021-04-26,67,67,0,0.01823708207,0.01823708207
2021-04-27,66.85,66.85,0,-0.00223880597,-0.00223880597
2021-04-28,66.65,66.65,0,-0.002991772625,-0.002991772625
2021-04-29,67.2,67.2,0,0.008252063016,0.008252063016
2021-05-03,65.3,65.3,0,-0.02827380952,-0.02827380952
2021-05-04,64.3,64.3,0,-0.01531393568,-0.01531393568
2021-05-05,64.8,64.8,0,0.007776049767,0.007776049767
2021-05-06,64.25,64.25,0,-0.008487654321,-0.008487654321
2021-05-07,65.85,65.85,0,0.02490272374,0.02490272374
2021-05-10,65.1,65.1,0,-0.01138952164,-0.01138952164
2021-05-11,62.85,62.85,0,-0.03456221198,-0.03456221198
2021-05-12,60.2,60.2,0,-0.04216388226,-0.04216388226
2021-05-13,60.15,60.15,0,-0.0008305647841,-0.0008305647841
2021-05-14,60.4,60.4,0,0.004156275977,0.004156275977
2021-05-17,58.8,58.8,0,-0.02649006623,-0.02649006623
2021-05-18,62,62,0,0.05442176871,0.05442176871
2021-05-19,61.65,61.65,0,-0.00564516129,-0.00564516129
2021-05-20,61.7,61.7,0,0.0008110300081,0.0008110300081
2021-05-21,62.25,62.25,0,0.008914100486,0.008914100486
2021-05-24,62.35,62.35,0,0.001606425703,0.001606425703
2021-05-25,63.4,63.4,0,0.016840417,0.016840417
2021-05-26,63.7,63.7,0,0.004731861199,0.004731861199
2021-05-27,62.75,62.75,0,-0.01491365777,-0.01491365777
2021-05-28,64.1,64.1,0,0.02151394422,0.02151394422
2021-05-31,64.8,64.8,0,0.01092043682,0.01092043682
2021-06-01,65.2,65.2,0,0.006172839506,0.006172839506
2021-06-02,65,65,0,-0.003067484663,-0.003067484663
2021-06-03,65.25,65.25,0,0.003846153846,0.003846153846
2021-06-07,64.85,64.85,0,-0.006130268199,-0.006130268199
2021-06-08,64.85,64.85,0,0,0
2021-06-09,64.2,64.2,0,-0.0100231303,-0.0100231303
2021-06-10,64.95,64.95,0,0.01168224299,0.01168224299
2021-06-11,65.2,65.2,0,0.003849114704,0.003849114704
2021-06-15,65.9,65.9,0,0.01073619632,0.01073619632
2021-06-16,65.8,65.8,0,-0.001517450683,-0.001517450683
2021-06-17,65.4,65.4,0,-0.006079027356,-0.006079027356
2021-06-18,65.6,65.6,0,0.003058103976,0.003058103976
2021-06-21,64.3,64.3,0,-0.01981707317,-0.01981707317
2021-06-22,64.15,64.15,0,-0.00233281493,-0.00233281493
2021-06-23,65.35,65.35,0,0.01870615744,0.01870615744
2021-06-24,65.2,65.2,0,-0.002295332823,-0.002295332823
2021-06-25,65.5,65.5,0,0.004601226994,0.004601226994
2021-06-28,65.45,65.45,0,-0.0007633587786,-0.0007633587786
2021-06-29,66,66,0,0.008403361345,0.008403361345
2021-06-30,66.3,66.3,0,0.004545454545,0.004545454545
2021-07-02,65.75,65.75,0,-0.008295625943,-0.008295625943
2021-07-05,66.65,66.65,0,0.01368821293,0.01368821293
2021-07-06,66.8,66.8,0,0.002250562641,0.002250562641
2021-07-07,66.45,66.45,0,-0.005239520958,-0.005239520958
2021-07-08,66.45,66.45,0,0,0
2021-07-09,65.5,65.5,0,-0.01429646351,-0.01429646351
2021-07-12,66.6,66.6,0,0.01679389313,0.01679389313
2021-07-13,67.2,67.2,0,0.009009009009,0.009009009009
2021-07-14,67.2,67.2,0,0,0
2021-07-15,67.6,67.6,0,0.005952380952,0.005952380952
2021-07-16,66.85,66.85,0,-0.01109467456,-0.01109467456
2021-07-19,66.2,66.2,0,-0.009723261032,-0.009723261032
2021-07-20,65.7,65.7,0,-0.007552870091,-0.007552870091
2021-07-21,65.3,65.3,0.19,-0.003196347032,-0.003196347032
2021-07-22,65.7,65.7,0,0.006125574273,0.006125574273
2021-07-23,65.6,65.6,0,-0.001522070015,-0.001522070015
2021-07-26,65.4,65.4,0,-0.003048780488,-0.003048780488
2021-07-27,65,65,0,-0.006116207951,-0.006116207951
2021-07-28,64.05,64.05,0,-0.01461538462,-0.01461538462
2021-07-29,65.2,65.2,0,0.01795472287,0.01795472287
2021-07-30,64.95,64.95,0,-0.003834355828,-0.003834355828
2021-08-02,65.9,65.9,0,0.01462663587,0.01462663587
2021-08-03,65.9,65.9,0,0,0
2021-08-04,66.45,66.45,0,0.008345978756,0.008345978756
2021-08-05,66.65,66.65,0,0.003009781791,0.003009781791
2021-08-06,66.5,66.5,0,-0.002250562641,-0.002250562641
2021-08-09,65.8,65.8,0,-0.01052631579,-0.01052631579
2021-08-10,65.65,65.65,0,-0.002279635258,-0.002279635258
2021-08-11,65.2,65.2,0,-0.006854531607,-0.006854531607
2021-08-12,65.05,65.05,0,-0.002300613497,-0.002300613497
2021-08-13,64.75,64.75,0,-0.004611837048,-0.004611837048
2021-08-16,65.05,65.05,0,0.004633204633,0.004633204633
2021-08-17,64.2,64.2,0,-0.01306687164,-0.01306687164
2021-08-18,64,64,0,-0.003115264798,-0.003115264798
2021-08-19,63.35,63.35,0,-0.01015625,-0.01015625
2021-08-20,62.6,62.6,0,-0.01183898974,-0.01183898974
2021-08-23,63.8,63.8,0,0.01916932907,0.01916932907
2021-08-24,64.15,64.15,0,0.005485893417,0.005485893417
2021-08-25,64.75,64.75,0,0.009353078722,0.009353078722
2021-08-26,65.3,65.3,0,0.008494208494,0.008494208494
2021-08-27,65.65,65.65,0,0.005359877489,0.005359877489
2021-08-30,66.15,66.15,0,0.00761614623,0.00761614623
2021-08-31,66.8,66.8,0,0.009826152683,0.009826152683
2021-09-01,67,67,0,0.002994011976,0.002994011976
2021-09-02,66.75,66.75,0,-0.003731343284,-0.003731343284
2021-09-03,67.7,67.7,0,0.01423220974,0.01423220974
2021-09-06,67.95,67.95,0,0.003692762186,0.003692762186
2021-09-07,67.7,67.7,0,-0.003679175865,-0.003679175865
2021-09-08,66.45,66.45,0,-0.01846381093,-0.01846381093
2021-09-09,67,67,0,0.008276899925,0.008276899925
2021-09-10,67.7,67.7,0,0.01044776119,0.01044776119
2021-09-13,67.35,67.35,0,-0.005169867061,-0.005169867061
2021-09-14,67.45,67.45,0,0.001484780995,0.001484780995
2021-09-15,67.05,67.05,0,-0.005930318755,-0.005930318755
2021-09-16,66.75,66.75,0,-0.004474272931,-0.004474272931
2021-09-22,65.2,65.2,0,-0.02322097378,-0.02322097378
2021-09-23,65.85,65.85,0,0.009969325153,0.009969325153
2021-09-24,65.9,65.9,0,0.0007593014427,0.0007593014427
2021-09-27,66.3,66.3,0,0.006069802731,0.006069802731
2021-09-28,66.3,66.3,0,0,0
2021-09-29,64.6,64.6,0,-0.02564102564,-0.02564102564
2021-09-30,65.4,65.4,0,0.01238390093,0.01238390093
2021-10-01,63.7,63.7,0,-0.02599388379,-0.02599388379
2021-10-04,63.35,63.35,0,-0.005494505495,-0.005494505495
2021-10-06,63.05,63.05,0,-0.004735595896,-0.004735595896
2021-10-07,64.25,64.25,0,0.01903251388,0.01903251388
2021-10-08,64,64,0,-0.003891050584,-0.003891050584
2021-10-12,62.95,62.95,0,-0.01640625,-0.01640625
2021-10-13,63,63,0,0.0007942811755,0.0007942811755
2021-10-15,64.5,64.5,0,0.02380952381,0.02380952381
2021-10-18,64.75,64.75,0,0.003875968992,0.003875968992
2021-10-19,65.15,65.15,0,0.006177606178,0.006177606178
2021-10-20,65.15,65.15,0,0,0
2021-10-21,65.45,65.45,0,0.00460475825,0.00460475825
2021-10-22,65.1,65.1,0,-0.005347593583,-0.005347593583
2021-10-25,64.75,64.75,0,-0.005376344086,-0.005376344086
2021-10-26,65.5,65.5,0,0.01158301158,0.01158301158
2021-10-27,65.5,65.5,0,0,0
2021-10-28,65.55,65.55,0,0.0007633587786,0.0007633587786
2021-10-29,65.15,65.15,0,-0.006102212052,-0.006102212052
2021-11-01,65.35,65.35,0,0.003069838833,0.003069838833
2021-11-02,65.5,65.5,0,0.002295332823,0.002295332823
2021-11-03,65.65,65.65,0,0.002290076336,0.002290076336
2021-11-04,65.25,65.25,0,-0.006092916984,-0.006092916984
2021-11-05,66,66,0,0.01149425287,0.01149425287
2021-11-08,66.65,66.65,0,0.009848484848,0.009848484848
2021-11-09,67.4,67.4,0,0.0112528132,0.0112528132
2021-11-10,67.4,67.4,0,0,0
2021-11-11,66.8,66.8,0,-0.008902077151,-0.008902077151
2021-11-12,67.05,67.05,0,0.00374251497,0.00374251497
2021-11-15,67.55,67.55,0,0.007457121551,0.007457121551
2021-11-16,67.7,67.7,0,0.00222057735,0.00222057735
2021-11-17,67.7,67.7,0,0,0
2021-11-18,68.1,68.1,0,0.005908419498,0.005908419498
2021-11-19,68.55,68.55,0,0.006607929515,0.006607929515
2021-11-22,68.35,68.35,0,-0.00291757841,-0.00291757841
2021-11-23,67.8,67.8,0,-0.008046817849,-0.008046817849
2021-11-25,67.55,67.55,0,-0.003687315634,-0.003687315634
2021-11-26,66.3,66.3,0,-0.01850481125,-0.01850481125
2021-11-29,66.55,66.55,0,0.003770739065,0.003770739065
2021-11-30,66.4,66.4,0,-0.002253944403,-0.002253944403
2021-12-01,67.1,67.1,0,0.01054216867,0.01054216867
2021-12-02,68.05,68.05,0,0.01415797317,0.01415797317
2021-12-03,68.15,68.15,0,0.001469507715,0.001469507715
2021-12-06,67.9,67.9,0,-0.003668378577,-0.003668378577
2021-12-07,67.9,67.9,0,0,0
2021-12-08,68.5,68.5,0,0.0088365243,0.0088365243
2021-12-09,68.15,68.15,0,-0.005109489051,-0.005109489051
2021-12-10,67.85,67.85,0,-0.004402054292,-0.004402054292
2021-12-13,68.4,68.4,0,0.008106116433,0.008106116433
2021-12-14,67.4,67.4,0,-0.01461988304,-0.01461988304
2021-12-15,67.5,67.5,0,0.001483679525,0.001483679525
2021-12-16,68.05,68.05,0,0.008148148148,0.008148148148
2021-12-17,68.2,68.2,0,0.002204261572,0.002204261572
2021-12-20,67.6,67.6,0,-0.008797653959,-0.008797653959
2021-12-21,68,68,0,0.005917159763,0.005917159763
2021-12-22,68.2,68.2,0,0.002941176471,0.002941176471
2021-12-23,68.25,68.25,0,0.0007331378299,0.0007331378299
2021-12-24,68.6,68.6,0,0.005128205128,0.005128205128
2021-12-27,69.15,69.15,0,0.008017492711,0.008017492711
2021-12-28,69.45,69.45,0,0.004338394794,0.004338394794
2021-12-29,69.8,69.8,0,0.005039596832,0.005039596832
2021-12-30,70.1,70.1,0,0.004297994269,0.004297994269
2022-01-03,70,70,0,-0.001426533524,-0.001426533524
2022-01-04,71.35,71.35,0,0.01928571429,0.01928571429
2022-01-05,71.3,71.3,0,-0.0007007708479,-0.0007007708479
2022-01-06,70.6,70.6,0,-0.009817671809,-0.009817671809
2022-01-07,70,70,0,-0.008498583569,-0.008498583569
2022-01-10,70.4,70.4,0,0.005714285714,0.005714285714
2022-01-11,70.5,70.5,0,0.001420454545,0.001420454545
2022-01-12,71.1,71.1,0,0.008510638298,0.008510638298
2022-01-13,71.5,71.5,0,0.005625879044,0.005625879044
2022-01-14,71.35,71.35,0,-0.002097902098,-0.002097902098
2022-01-17,72.35,72.35,0,0.01401541696,0.01401541696
2022-01-18,72,72,0,-0.004837595024,-0.004837595024
2022-01-19,70.6,70.6,0,-0.01944444444,-0.01944444444
2022-01-20,70.35,70.35,0,-0.003541076487,-0.003541076487
2022-01-21,68.05,68.05,1.4,-0.01279317697,-0.01279317697
2022-01-24,68.8,68.8,0,0.01102130786,0.01102130786
2022-01-25,67.3,67.3,0,-0.02180232558,-0.02180232558
2022-01-26,67.55,67.55,0,0.003714710253,0.003714710253
2022-02-07,67.85,67.85,0,0.0044411547,0.0044411547
2022-02-08,68.3,68.3,0,0.006632277082,0.006632277082
2022-02-09,68.15,68.15,0,-0.002196193265,-0.002196193265
2022-02-10,69.1,69.1,0,0.01393983859,0.01393983859
2022-02-11,69.25,69.25,0,0.002170767004,0.002170767004
2022-02-14,68.2,68.2,0,-0.01516245487,-0.01516245487
2022-02-15,68.25,68.25,0,0.0007331378299,0.0007331378299
2022-02-16,68.7,68.7,0,0.006593406593,0.006593406593
2022-02-17,69.1,69.1,0,0.005822416303,0.005822416303
2022-02-18,68.9,68.9,0,-0.002894356006,-0.002894356006
2022-02-21,68.55,68.55,0,-0.005079825835,-0.005079825835
2022-02-22,67.6,67.6,0,-0.01385849745,-0.01385849745
2022-02-23,68.2,68.2,0,0.008875739645,0.008875739645
2022-02-24,66.3,66.3,0,-0.02785923754,-0.02785923754
2022-02-25,66.25,66.25,0,-0.000754147813,-0.000754147813
2022-03-01,67.4,67.4,0,0.01735849057,0.01735849057
2022-03-02,66.85,66.85,0,-0.008160237389,-0.008160237389
2022-03-03,66.95,66.95,0,0.001495886313,0.001495886313
2022-03-04,66.2,66.2,0,-0.01120238984,-0.01120238984
2022-03-07,64.1,64.1,0,-0.03172205438,-0.03172205438
2022-03-08,62.9,62.9,0,-0.01872074883,-0.01872074883
2022-03-09,63.45,63.45,0,0.008744038156,0.008744038156
2022-03-10,65.15,65.15,0,0.0267927502,0.0267927502
2022-03-11,64.3,64.3,0,-0.01304681504,-0.01304681504
2022-03-14,64.15,64.15,0,-0.00233281493,-0.00233281493
2022-03-15,62.9,62.9,0,-0.01948558067,-0.01948558067
2022-03-16,62.9,62.9,0,0,0
2022-03-17,65.05,65.05,0,0.03418124006,0.03418124006
2022-03-18,65,65,0,-0.0007686395081,-0.0007686395081
2022-03-21,65.5,65.5,0,0.007692307692,0.007692307692
2022-03-22,65.55,65.55,0,0.0007633587786,0.0007633587786
2022-03-23,66.05,66.05,0,0.007627765065,0.007627765065
2022-03-24,66.05,66.05,0,0,0
2022-03-25,66.05,66.05,0,0,0
2022-03-28,65.35,65.35,0,-0.01059803179,-0.01059803179
2022-03-29,65.4,65.4,0,0.0007651109411,0.0007651109411
2022-03-30,66.25,66.25,0,0.0129969419,0.0129969419
2022-03-31,66.3,66.3,0,0.0007547169811,0.0007547169811
2022-04-01,65.65,65.65,0,-0.009803921569,-0.009803921569
2022-04-06,65.2,65.2,0,-0.006854531607,-0.006854531607
2022-04-07,64.3,64.3,0,-0.01380368098,-0.01380368098
2022-04-08,64.15,64.15,0,-0.00233281493,-0.00233281493
2022-04-11,63.35,63.35,0,-0.01247077163,-0.01247077163
2022-04-12,63.25,63.25,0,-0.001578531965,-0.001578531965
2022-04-13,64.4,64.4,0,0.01818181818,0.01818181818
2022-04-14,64.35,64.35,0,-0.0007763975155,-0.0007763975155
2022-04-15,63.3,63.3,0,-0.01631701632,-0.01631701632
2022-04-18,62.95,62.95,0,-0.005529225908,-0.005529225908
2022-04-19,63.25,63.25,0,0.004765687053,0.004765687053
2022-04-20,63.25,63.25,0,0,0
2022-04-21,63.4,63.4,0,0.002371541502,0.002371541502
2022-04-22,62.9,62.9,0,-0.007886435331,-0.007886435331
2022-04-25,61.65,61.65,0,-0.01987281399,-0.01987281399
2022-04-26,61.85,61.85,0,0.003244120032,0.003244120032
2022-04-27,60.35,60.35,0,-0.02425222312,-0.02425222312
2022-04-28,60.7,60.7,0,0.0057995029,0.0057995029
2022-04-29,61.45,61.45,0,0.01235584843,0.01235584843
2022-05-03,60.9,60.9,0,-0.008950366151,-0.008950366151
2022-05-04,61.25,61.25,0,0.005747126437,0.005747126437
2022-05-05,61.8,61.8,0,0.008979591837,0.008979591837
2022-05-06,60.75,60.75,0,-0.01699029126,-0.01699029126
2022-05-09,59.75,59.75,0,-0.01646090535,-0.01646090535
2022-05-10,59.25,59.25,0,-0.008368200837,-0.008368200837
2022-05-11,59.8,59.8,0,0.009282700422,0.009282700422
2022-05-12,58.65,58.65,0,-0.01923076923,-0.01923076923
2022-05-13,58.65,58.65,0,0,0
2022-05-16,59.05,59.05,0,0.006820119352,0.006820119352
2022-05-17,59.75,59.75,0,0.01185436071,0.01185436071
2022-05-18,60.35,60.35,0,0.010041841,0.010041841
2022-05-19,59.4,59.4,0,-0.01574150787,-0.01574150787
2022-05-20,60.1,60.1,0,0.01178451178,0.01178451178
2022-05-23,59.95,59.95,0,-0.002495840266,-0.002495840266
2022-05-24,59.5,59.5,0,-0.007506255213,-0.007506255213
2022-05-25,59.85,59.85,0,0.005882352941,0.005882352941
2022-05-26,59,59,0,-0.0142021721,-0.0142021721
2022-05-27,60.1,60.1,0,0.0186440678,0.0186440678
2022-05-30,61.3,61.3,0,0.01996672213,0.01996672213
2022-05-31,61.95,61.95,0,0.01060358891,0.01060358891
2022-06-01,62.3,62.3,0,0.005649717514,0.005649717514
2022-06-02,61.75,61.75,0,-0.008828250401,-0.008828250401
2022-06-06,62,62,0,0.004048582996,0.004048582996
2022-06-07,61.3,61.3,0,-0.01129032258,-0.01129032258
2022-06-08,62.05,62.05,0,0.01223491028,0.01223491028
2022-06-09,61.75,61.75,0,-0.004834810637,-0.004834810637
2022-06-10,61.15,61.15,0,-0.00971659919,-0.00971659919
2022-06-13,59.6,59.6,0,-0.02534750613,-0.02534750613
2022-06-14,59.45,59.45,0,-0.002516778523,-0.002516778523
2022-06-15,59.1,59.1,0,-0.005887300252,-0.005887300252
2022-06-16,59,59,0,-0.001692047377,-0.001692047377
2022-06-17,58.15,58.15,0,-0.01440677966,-0.01440677966
2022-06-20,57.45,57.45,0,-0.01203783319,-0.01203783319
2022-06-21,58.6,58.6,0,0.02001740644,0.02001740644
2022-06-22,57.55,57.55,0,-0.01791808874,-0.01791808874
2022-06-23,56.8,56.8,0,-0.01303214596,-0.01303214596
2022-06-24,57.1,57.1,0,0.005281690141,0.005281690141
2022-06-27,58.5,58.5,0,0.02451838879,0.02451838879
2022-06-28,57.9,57.9,0,-0.01025641026,-0.01025641026
2022-06-29,57.6,57.6,0,-0.00518134715,-0.00518134715
2022-06-30,56.2,56.2,0,-0.02430555556,-0.02430555556
2022-07-01,54.05,54.05,0,-0.03825622776,-0.03825622776
2022-07-04,53.5,53.5,0,-0.01017576318,-0.01017576318
2022-07-05,53.95,53.95,0,0.008411214953,0.008411214953
2022-07-06,52.75,52.75,0,-0.02224281742,-0.02224281742
2022-07-07,53.9,53.9,0,0.02180094787,0.02180094787
2022-07-08,54.45,54.45,0,0.01020408163,0.01020408163
2022-07-11,54.3,54.3,0,-0.002754820937,-0.002754820937
2022-07-12,52.85,52.85,0,-0.02670349908,-0.02670349908
2022-07-13,54.45,54.45,0,0.0302743614,0.0302743614
2022-07-14,54.8,54.8,0,0.006427915519,0.006427915519
2022-07-15,56.15,56.15,0,0.0246350365,0.0246350365
2022-07-18,55.15,55.15,0.83,-0.00302760463,-0.00302760463
2022-07-19,55.4,55.4,0,0.004533091568,0.004533091568
2022-07-20,55.75,55.75,0,0.006317689531,0.006317689531
2022-07-21,56,56,0,0.004484304933,0.004484304933
2022-07-22,56.45,56.45,0,0.008035714286,0.008035714286
2022-07-25,56.7,56.7,0,0.004428697963,0.004428697963
2022-07-26,56.05,56.05,0,-0.0114638448,-0.0114638448
2022-07-27,56.2,56.2,0,0.00267618198,0.00267618198
2022-07-28,56.6,56.6,0,0.007117437722,0.007117437722
2022-07-29,56.9,56.9,0,0.005300353357,0.005300353357
2022-08-01,56.6,56.6,0,-0.005272407733,-0.005272407733
2022-08-02,55.95,55.95,0,-0.01148409894,-0.01148409894
2022-08-03,56,56,0,0.0008936550492,0.0008936550492
2022-08-04,55.7,55.7,0,-0.005357142857,-0.005357142857
2022-08-05,57.3,57.3,0,0.02872531418,0.02872531418
2022-08-08,57.25,57.25,0,-0.000872600349,-0.000872600349
2022-08-09,57.4,57.4,0,0.002620087336,0.002620087336
2022-08-10,56.85,56.85,0,-0.009581881533,-0.009581881533
2022-08-11,57.85,57.85,0,0.01759014952,0.01759014952
2022-08-12,58.15,58.15,0,0.005185825411,0.005185825411
2022-08-15,58.8,58.8,0,0.01117798796,0.01117798796
2022-08-16,58.9,58.9,0,0.001700680272,0.001700680272
2022-08-17,58.95,58.95,0,0.0008488964346,0.0008488964346
2022-08-18,58.65,58.65,0,-0.005089058524,-0.005089058524
2022-08-19,58.8,58.8,0,0.002557544757,0.002557544757
2022-08-22,58.1,58.1,0,-0.0119047619,-0.0119047619
2022-08-23,57.45,57.45,0,-0.01118760757,-0.01118760757
2022-08-24,57.3,57.3,0,-0.002610966057,-0.002610966057
2022-08-25,57.75,57.75,0,0.007853403141,0.007853403141
2022-08-26,58.2,58.2,0,0.007792207792,0.007792207792
2022-08-29,56.9,56.9,0,-0.02233676976,-0.02233676976
2022-08-30,57,57,0,0.001757469244,0.001757469244
2022-08-31,57.05,57.05,0,0.0008771929825,0.0008771929825
2022-09-01,56.35,56.35,0,-0.01226993865,-0.01226993865
2022-09-02,55.5,55.5,0,-0.01508429459,-0.01508429459
2022-09-05,56,56,0,0.009009009009,0.009009009009
2022-09-06,55.95,55.95,0,-0.0008928571429,-0.0008928571429
2022-09-07,54.75,54.75,0,-0.02144772118,-0.02144772118
2022-09-08,55,55,0,0.004566210046,0.004566210046
2022-09-12,56.25,56.25,0,0.02272727273,0.02272727273
2022-09-13,56.55,56.55,0,0.005333333333,0.005333333333
2022-09-14,55.5,55.5,0,-0.01856763926,-0.01856763926
2022-09-15,55.75,55.75,0,0.004504504505,0.004504504505
2022-09-16,55.05,55.05,0,-0.01255605381,-0.01255605381
2022-09-19,54.95,54.95,0,-0.001816530427,-0.001816530427
2022-09-20,55.35,55.35,0,0.007279344859,0.007279344859
2022-09-21,54.85,54.85,0,-0.009033423668,-0.009033423668
2022-09-22,54.25,54.25,0,-0.01093892434,-0.01093892434
2022-09-23,53.7,53.7,0,-0.01013824885,-0.01013824885
2022-09-26,52.65,52.65,0,-0.01955307263,-0.01955307263
2022-09-27,52.45,52.45,0,-0.003798670465,-0.003798670465
2022-09-28,51.35,51.35,0,-0.02097235462,-0.02097235462
2022-09-29,51.4,51.4,0,0.0009737098345,0.0009737098345
2022-09-30,50.6,50.6,0,-0.01556420233,-0.01556420233
2022-10-03,50.05,50.05,0,-0.01086956522,-0.01086956522
2022-10-04,51,51,0,0.01898101898,0.01898101898
2022-10-05,52.4,52.4,0,0.02745098039,0.02745098039
2022-10-06,52.7,52.7,0,0.00572519084,0.00572519084
2022-10-07,52,52,0,-0.01328273245,-0.01328273245
2022-10-11,49.61,49.61,0,-0.04596153846,-0.04596153846
2022-10-12,49.3,49.3,0,-0.006248740173,-0.006248740173
2022-10-13,49,49,0,-0.006085192698,-0.006085192698
2022-10-14,50.25,50.25,0,0.02551020408,0.02551020408
2022-10-17,48.64,48.64,0,-0.032039801,-0.032039801
2022-10-18,49,49,0,0.007401315789,0.007401315789
2022-10-19,48.78,48.78,0,-0.004489795918,-0.004489795918
2022-10-20,47.8,47.8,0,-0.0200902009,-0.0200902009
2022-10-21,47.91,47.91,0,0.00230125523,0.00230125523
2022-10-24,48.12,48.12,0,0.004383218535,0.004383218535
2022-10-25,47.2,47.2,0,-0.01911886949,-0.01911886949
2022-10-26,47.49,47.49,0,0.006144067797,0.006144067797
2022-10-27,48.09,48.09,0,0.01263423879,0.01263423879
2022-10-28,47.58,47.58,0,-0.01060511541,-0.01060511541
2022-10-31,48.24,48.24,0,0.01387137453,0.01387137453
2022-11-01,48.5,48.5,0,0.005389718076,0.005389718076
2022-11-02,48.4,48.4,0,-0.00206185567,-0.00206185567
2022-11-03,48.1,48.1,0,-0.006198347107,-0.006198347107
2022-11-04,48.02,48.02,0,-0.001663201663,-0.001663201663
2022-11-07,48.78,48.78,0,0.01582673886,0.01582673886
2022-11-08,49.63,49.63,0,0.01742517425,0.01742517425
2022-11-09,50.85,50.85,0,0.02458190611,0.02458190611
2022-11-10,50.4,50.4,0,-0.008849557522,-0.008849557522
2022-11-11,52.65,52.65,0,0.04464285714,0.04464285714
2022-11-14,53.6,53.6,0,0.01804368471,0.01804368471
2022-11-15,55.5,55.5,0,0.03544776119,0.03544776119
2022-11-16,55.6,55.6,0,0.001801801802,0.001801801802
2022-11-17,55,55,0,-0.01079136691,-0.01079136691
2022-11-18,55,55,0,0,0
2022-11-21,55.2,55.2,0,0.003636363636,0.003636363636
2022-11-22,55.35,55.35,0,0.002717391304,0.002717391304
2022-11-23,55.65,55.65,0,0.005420054201,0.005420054201
2022-11-24,56.2,56.2,0,0.009883198562,0.009883198562
2022-11-25,56.45,56.45,0,0.004448398577,0.004448398577
2022-11-28,55.45,55.45,0,-0.01771479185,-0.01771479185
2022-11-29,55.75,55.75,0,0.005410279531,0.005410279531
2022-11-30,56.2,56.2,0,0.008071748879,0.008071748879
2022-12-01,56.9,56.9,0,0.01245551601,0.01245551601
2022-12-02,56.6,56.6,0,-0.005272407733,-0.005272407733
2022-12-05,56.9,56.9,0,0.005300353357,0.005300353357
2022-12-06,56.25,56.25,0,-0.01142355009,-0.01142355009
2022-12-07,55.5,55.5,0,-0.01333333333,-0.01333333333
2022-12-08,55.1,55.1,0,-0.007207207207,-0.007207207207
2022-12-09,55.7,55.7,0,0.0108892922,0.0108892922
2022-12-12,55.2,55.2,0,-0.008976660682,-0.008976660682
2022-12-13,55.05,55.05,0,-0.002717391304,-0.002717391304
2022-12-14,55.7,55.7,0,0.01180744777,0.01180744777
2022-12-15,55.9,55.9,0,0.003590664273,0.003590664273
2022-12-16,55,55,0,-0.01610017889,-0.01610017889
2022-12-19,54.55,54.55,0,-0.008181818182,-0.008181818182
2022-12-20,53.7,53.7,0,-0.01558203483,-0.01558203483
2022-12-21,53.85,53.85,0,0.002793296089,0.002793296089
2022-12-22,54.55,54.55,0,0.01299907149,0.01299907149
2022-12-23,53.9,53.9,0,-0.01191567369,-0.01191567369
2022-12-26,53.85,53.85,0,-0.0009276437848,-0.0009276437848
2022-12-27,54.15,54.15,0,0.005571030641,0.005571030641
2022-12-28,53.3,53.3,0,-0.01569713758,-0.01569713758
2022-12-29,52.85,52.85,0,-0.008442776735,-0.008442776735
2022-12-30,53.2,53.2,0,0.006622516556,0.006622516556
2023-01-03,53.25,53.25,0,0.0009398496241,0.0009398496241
2023-01-04,53.45,53.45,0,0.003755868545,0.003755868545
2023-01-05,53.9,53.9,0,0.008419083255,0.008419083255
2023-01-06,54.3,54.3,0,0.007421150278,0.007421150278
2023-01-09,55.4,55.4,0,0.02025782689,0.02025782689
2023-01-10,56.25,56.25,0,0.01534296029,0.01534296029
2023-01-11,56.1,56.1,0,-0.002666666667,-0.002666666667
2023-01-12,56.15,56.15,0,0.0008912655971,0.0008912655971
2023-01-13,56.8,56.8,0,0.01157613535,0.01157613535
2023-01-16,57,57,0,0.003521126761,0.003521126761
2023-01-17,57,57,0,0,0
2023-01-30,57.8,57.8,1.23,0.03561403509,0.03561403509
2023-01-31,56.8,56.8,0,-0.01730103806,-0.01730103806
2023-02-01,57.2,57.2,0,0.007042253521,0.007042253521
2023-02-02,58.2,58.2,0,0.01748251748,0.01748251748
2023-02-03,57.85,57.85,0,-0.006013745704,-0.006013745704
2023-02-06,57.75,57.75,0,-0.00172860847,-0.00172860847
2023-02-07,57.6,57.6,0,-0.002597402597,-0.002597402597
2023-02-08,58.35,58.35,0,0.01302083333,0.01302083333
2023-02-09,58.45,58.45,0,0.001713796058,0.001713796058
2023-02-10,58.45,58.45,0,0,0
2023-02-13,58.25,58.25,0,-0.003421727973,-0.003421727973
2023-02-14,58.75,58.75,0,0.008583690987,0.008583690987
2023-02-15,57.65,57.65,0,-0.01872340426,-0.01872340426
2023-02-16,58.15,58.15,0,0.008673026886,0.008673026886
2023-02-17,57.45,57.45,0,-0.01203783319,-0.01203783319
2023-02-20,57.7,57.7,0,0.004351610096,0.004351610096
2023-02-21,57.65,57.65,0,-0.0008665511265,-0.0008665511265
2023-02-22,56.75,56.75,0,-0.0156114484,-0.0156114484
2023-02-23,57.9,57.9,0,0.02026431718,0.02026431718
2023-02-24,57.65,57.65,0,-0.004317789292,-0.004317789292
2023-03-01,57.8,57.8,0,0.002601908066,0.002601908066
2023-03-02,57.85,57.85,0,0.0008650519031,0.0008650519031
2023-03-03,57.75,57.75,0,-0.00172860847,-0.00172860847
2023-03-06,58.45,58.45,0,0.01212121212,0.01212121212
2023-03-07,58.45,58.45,0,0,0
2023-03-08,58.25,58.25,0,-0.003421727973,-0.003421727973
2023-03-09,58.5,58.5,0,0.004291845494,0.004291845494
2023-03-10,57.25,57.25,0,-0.02136752137,-0.02136752137
2023-03-13,57.05,57.05,0,-0.003493449782,-0.003493449782
2023-03-14,56.8,56.8,0,-0.004382120947,-0.004382120947
2023-03-15,56.45,56.45,0,-0.006161971831,-0.006161971831
2023-03-16,56.25,56.25,0,-0.00354295837,-0.00354295837
2023-03-17,57.25,57.25,0,0.01777777778,0.01777777778
2023-03-20,56.9,56.9,0,-0.006113537118,-0.006113537118
2023-03-21,57.05,57.05,0,0.002636203866,0.002636203866
2023-03-22,58.3,58.3,0,0.02191060473,0.02191060473
2023-03-23,58.75,58.75,0,0.007718696398,0.007718696398
2023-03-24,58.9,58.9,0,0.002553191489,0.002553191489
2023-03-27,58.75,58.75,0,-0.002546689304,-0.002546689304
2023-03-28,58.2,58.2,0,-0.009361702128,-0.009361702128
2023-03-29,58.35,58.35,0,0.002577319588,0.002577319588
2023-03-30,58.8,58.8,0,0.007712082262,0.007712082262
2023-03-31,58.75,58.75,0,-0.0008503401361,-0.0008503401361
2023-04-06,58.45,58.45,0,-0.005106382979,-0.005106382979
2023-04-07,58.5,58.5,0,0.0008554319932,0.0008554319932
2023-04-10,58.6,58.6,0,0.001709401709,0.001709401709
2023-04-11,58.55,58.55,0,-0.0008532423208,-0.0008532423208
2023-04-12,58.4,58.4,0,-0.002561912895,-0.002561912895
2023-04-13,57.95,57.95,0,-0.007705479452,-0.007705479452
2023-04-14,58.25,58.25,0,0.005176876618,0.005176876618
2023-04-17,58.2,58.2,0,-0.0008583690987,-0.0008583690987
2023-04-18,58.1,58.1,0,-0.001718213058,-0.001718213058
2023-04-19,57.6,57.6,0,-0.008605851979,-0.008605851979
2023-04-20,57.7,57.7,0,0.001736111111,0.001736111111
2023-04-21,57.45,57.45,0,-0.004332755633,-0.004332755633
2023-04-24,57.3,57.3,0,-0.002610966057,-0.002610966057
2023-04-25,56,56,0,-0.02268760908,-0.02268760908
2023-04-26,56.15,56.15,0,0.002678571429,0.002678571429
2023-04-27,56.3,56.3,0,0.00267141585,0.00267141585
2023-04-28,56.8,56.8,0,0.008880994671,0.008880994671
2023-05-02,56.8,56.8,0,0,0
2023-05-03,56.75,56.75,0,-0.0008802816901,-0.0008802816901
2023-05-04,56.75,56.75,0,0,0
2023-05-05,56.95,56.95,0,0.003524229075,0.003524229075
2023-05-08,57.3,57.3,0,0.006145741879,0.006145741879
2023-05-09,57.45,57.45,0,0.002617801047,0.002617801047
2023-05-10,57,57,0,-0.007832898172,-0.007832898172
2023-05-11,56.85,56.85,0,-0.002631578947,-0.002631578947
2023-05-12,56.3,56.3,0,-0.009674582234,-0.009674582234
2023-05-15,56.4,56.4,0,0.001776198934,0.001776198934
2023-05-16,57.35,57.35,0,0.01684397163,0.01684397163
2023-05-17,58.25,58.25,0,0.01569311247,0.01569311247
2023-05-18,59.15,59.15,0,0.01545064378,0.01545064378
2023-05-19,59.25,59.25,0,0.001690617075,0.001690617075
2023-05-22,59,59,0,-0.004219409283,-0.004219409283
2023-05-23,59.1,59.1,0,0.001694915254,0.001694915254
2023-05-24,58.7,58.7,0,-0.006768189509,-0.006768189509
2023-05-25,59.55,59.55,0,0.01448040886,0.01448040886
2023-05-26,60.95,60.95,0,0.02350965575,0.02350965575
2023-05-29,61,61,0,0.0008203445447,0.0008203445447
2023-05-30,61.15,61.15,0,0.002459016393,0.002459016393
2023-05-31,60.5,60.5,0,-0.01062959935,-0.01062959935
2023-06-01,60.45,60.45,0,-0.000826446281,-0.000826446281
2023-06-02,61.3,61.3,0,0.01406120761,0.01406120761
2023-06-05,61,61,0,-0.004893964111,-0.004893964111
2023-06-06,61.3,61.3,0,0.004918032787,0.004918032787
2023-06-07,61.8,61.8,0,0.008156606852,0.008156606852
2023-06-08,61.15,61.15,0,-0.01051779935,-0.01051779935
2023-06-09,61.85,61.85,0,0.01144726083,0.01144726083
2023-06-12,62.25,62.25,0,0.006467259499,0.006467259499
2023-06-13,63.5,63.5,0,0.02008032129,0.02008032129
2023-06-14,63.5,63.5,0,0,0
2023-06-15,63.85,63.85,0,0.005511811024,0.005511811024
2023-06-16,63.55,63.55,0,-0.004698512138,-0.004698512138
2023-06-19,63.4,63.4,0,-0.002360346184,-0.002360346184
2023-06-20,63.45,63.45,0,0.0007886435331,0.0007886435331
2023-06-21,63.1,63.1,0,-0.005516154452,-0.005516154452
2023-06-26,62.9,62.9,0,-0.003169572108,-0.003169572108
2023-06-27,62.5,62.5,0,-0.006359300477,-0.006359300477
2023-06-28,62.35,62.35,0,-0.0024,-0.0024
2023-06-29,62.6,62.6,0,0.004009623095,0.004009623095
2023-06-30,62.55,62.55,0,-0.0007987220447,-0.0007987220447
2023-07-03,63.1,63.1,0,0.008792965627,0.008792965627
2023-07-04,63.7,63.7,0,0.009508716323,0.009508716323
2023-07-05,63.45,63.45,0,-0.003924646782,-0.003924646782
2023-07-06,62.25,62.25,0,-0.01891252955,-0.01891252955
2023-07-07,62.15,62.15,0,-0.001606425703,-0.001606425703
2023-07-10,62.15,62.15,0,0,0
2023-07-11,62.85,62.85,0,0.01126307321,0.01126307321
2023-07-12,63.1,63.1,0,0.003977724741,0.003977724741
2023-07-13,63.9,63.9,0,0.01267828843,0.01267828843
2023-07-14,64.55,64.55,0,0.01017214397,0.01017214397
2023-07-17,64.55,64.55,0,0,0
2023-07-18,63.75,63.75,0.9,0.001549186677,0.001549186677
2023-07-19,63.3,63.3,0,-0.007058823529,-0.007058823529
2023-07-20,63.3,63.3,0,0,0
2023-07-21,62.55,62.55,0,-0.01184834123,-0.01184834123
2023-07-24,62.6,62.6,0,0.0007993605116,0.0007993605116
2023-07-25,63.6,63.6,0,0.01597444089,0.01597444089
2023-07-26,63.4,63.4,0,-0.003144654088,-0.003144654088
2023-07-27,63.55,63.55,0,0.002365930599,0.002365930599
2023-07-28,63.6,63.6,0,0.0007867820614,0.0007867820614
2023-07-31,63.05,63.05,0,-0.008647798742,-0.008647798742
2023-08-01,63.45,63.45,0,0.006344171293,0.006344171293
2023-08-02,62.35,62.35,0,-0.01733648542,-0.01733648542
2023-08-04,62.1,62.1,0,-0.004009623095,-0.004009623095
2023-08-07,62.7,62.7,0,0.009661835749,0.009661835749
2023-08-08,62.15,62.15,0,-0.008771929825,-0.008771929825
2023-08-09,62.05,62.05,0,-0.001609010459,-0.001609010459
2023-08-10,61.1,61.1,0,-0.01531023368,-0.01531023368
2023-08-11,61.45,61.45,0,0.005728314239,0.005728314239
2023-08-14,60.45,60.45,0,-0.016273393,-0.016273393
2023-08-15,60.75,60.75,0,0.004962779156,0.004962779156
2023-08-16,60.4,60.4,0,-0.005761316872,-0.005761316872
2023-08-17,60.6,60.6,0,0.003311258278,0.003311258278
2023-08-18,60.2,60.2,0,-0.006600660066,-0.006600660066
2023-08-21,60.1,60.1,0,-0.001661129568,-0.001661129568
2023-08-22,60.55,60.55,0,0.007487520799,0.007487520799
2023-08-23,61,61,0,0.007431874484,0.007431874484
2023-08-24,61.85,61.85,0,0.01393442623,0.01393442623
2023-08-25,60.9,60.9,0,-0.01535974131,-0.01535974131
2023-08-28,61,61,0,0.001642036125,0.001642036125
2023-08-29,61.05,61.05,0,0.0008196721311,0.0008196721311
2023-08-30,61.55,61.55,0,0.00819000819,0.00819000819
2023-08-31,61,61,0,-0.008935824533,-0.008935824533
2023-09-01,61.25,61.25,0,0.004098360656,0.004098360656
2023-09-04,61.4,61.4,0,0.002448979592,0.002448979592
2023-09-05,61.35,61.35,0,-0.0008143322476,-0.0008143322476
2023-09-06,61.4,61.4,0,0.000814995925,0.000814995925
2023-09-07,60.8,60.8,0,-0.009771986971,-0.009771986971
2023-09-08,60.65,60.65,0,-0.002467105263,-0.002467105263
2023-09-11,60.2,60.2,0,-0.007419620775,-0.007419620775
2023-09-12,60.65,60.65,0,0.007475083056,0.007475083056
2023-09-13,60.65,60.65,0,0,0
2023-09-15,61.85,61.85,0,0.0197856554,0.0197856554
2023-09-18,60.85,60.85,0,-0.01616814875,-0.01616814875
2023-09-19,61.05,61.05,0,0.003286770748,0.003286770748
2023-09-20,60.8,60.8,0,-0.004095004095,-0.004095004095
2023-09-21,59.75,59.75,0,-0.01726973684,-0.01726973684
2023-09-22,59.4,59.4,0,-0.005857740586,-0.005857740586
2023-09-25,60.15,60.15,0,0.01262626263,0.01262626263
2023-09-26,59.55,59.55,0,-0.009975062344,-0.009975062344
2023-09-27,59.35,59.35,0,-0.00335852225,-0.00335852225
2023-09-28,59.65,59.65,0,0.005054759899,0.005054759899
2023-10-02,60.5,60.5,0,0.01424979044,0.01424979044
2023-10-03,60.35,60.35,0,-0.002479338843,-0.002479338843
2023-10-05,60.15,60.15,0,-0.003314001657,-0.003314001657
2023-10-06,60.35,60.35,0,0.003325020781,0.003325020781
2023-10-11,61,61,0,0.01077050539,0.01077050539
2023-10-12,61.7,61.7,0,0.01147540984,0.01147540984
2023-10-13,61.65,61.65,0,-0.0008103727715,-0.0008103727715
2023-10-16,61.2,61.2,0,-0.007299270073,-0.007299270073
2023-10-17,61.5,61.5,0,0.004901960784,0.004901960784
2023-10-18,60.2,60.2,0,-0.02113821138,-0.02113821138
2023-10-19,60.7,60.7,0,0.008305647841,0.008305647841
2023-10-20,60.75,60.75,0,0.000823723229,0.000823723229
2023-10-23,60.05,60.05,0,-0.01152263374,-0.01152263374
2023-10-24,59.8,59.8,0,-0.004163197336,-0.004163197336
2023-10-25,60.3,60.3,0,0.008361204013,0.008361204013
2023-10-26,59.15,59.15,0,-0.01907131012,-0.01907131012
2023-10-27,59.35,59.35,0,0.00338123415,0.00338123415
2023-10-30,59.25,59.25,0,-0.001684919966,-0.001684919966
2023-10-31,59,59,0,-0.004219409283,-0.004219409283
2023-11-01,59.1,59.1,0,0.001694915254,0.001694915254
2023-11-02,59.75,59.75,0,0.01099830795,0.01099830795
2023-11-03,60.6,60.6,0,0.01422594142,0.01422594142
2023-11-06,61.5,61.5,0,0.01485148515,0.01485148515
2023-11-07,61.35,61.35,0,-0.00243902439,-0.00243902439
2023-11-08,61.6,61.6,0,0.004074979625,0.004074979625
2023-11-09,61.65,61.65,0,0.0008116883117,0.0008116883117
2023-11-10,61.5,61.5,0,-0.002433090024,-0.002433090024
2023-11-13,62.1,62.1,0,0.009756097561,0.009756097561
2023-11-14,62.65,62.65,0,0.00885668277,0.00885668277
2023-11-15,63.25,63.25,0,0.009577015164,0.009577015164
2023-11-16,63.3,63.3,0,0.000790513834,0.000790513834
2023-11-17,63.4,63.4,0,0.001579778831,0.001579778831
2023-11-20,63.3,63.3,0,-0.001577287066,-0.001577287066
2023-11-21,64.05,64.05,0,0.01184834123,0.01184834123
2023-11-22,63.65,63.65,0,-0.006245120999,-0.006245120999
2023-11-23,63.65,63.65,0,0,0
2023-11-24,63.65,63.65,0,0,0
2023-11-27,63.3,63.3,0,-0.005498821681,-0.005498821681
2023-11-28,63.55,63.55,0,0.003949447077,0.003949447077
2023-11-29,63.9,63.9,0,0.00550747443,0.00550747443
2023-11-30,63.85,63.85,0,-0.0007824726135,-0.0007824726135
2023-12-01,63.9,63.9,0,0.0007830853563,0.0007830853563
2023-12-04,63.9,63.9,0,0,0
2023-12-05,63.35,63.35,0,-0.008607198748,-0.008607198748
2023-12-06,63.65,63.65,0,0.004735595896,0.004735595896
2023-12-07,63.3,63.3,0,-0.005498821681,-0.005498821681
2023-12-08,63.7,63.7,0,0.006319115324,0.006319115324
2023-12-11,63.8,63.8,0,0.001569858713,0.001569858713
2023-12-12,64,64,0,0.003134796238,0.003134796238
2023-12-13,64.15,64.15,0,0.00234375,0.00234375
2023-12-14,64.55,64.55,0,0.006235385814,0.006235385814
2023-12-15,65.1,65.1,0,0.008520526723,0.008520526723
2023-12-18,65.1,65.1,0,0,0
2023-12-19,64.75,64.75,0,-0.005376344086,-0.005376344086
2023-12-20,65.15,65.15,0,0.006177606178,0.006177606178
2023-12-21,64.75,64.75,0,-0.006139677667,-0.006139677667
2023-12-22,64.75,64.75,0,0,0
2023-12-25,65.05,65.05,0,0.004633204633,0.004633204633
2023-12-26,65.35,65.35,0,0.004611837048,0.004611837048
2023-12-27,65.95,65.95,0,0.009181331293,0.009181331293
2023-12-28,66,66,0,0.0007581501137,0.0007581501137
2023-12-29,66.2,66.2,0,0.00303030303,0.00303030303
2024-01-02,65.9,65.9,0,-0.004531722054,-0.004531722054
2024-01-03,64.75,64.75,0,-0.01745068285,-0.01745068285
2024-01-04,64.75,64.75,0,0,0
2024-01-05,64.65,64.65,0,-0.001544401544,-0.001544401544
2024-01-08,65.05,65.05,0,0.00618716164,0.00618716164
2024-01-09,65.2,65.2,0,0.002305918524,0.002305918524
2024-01-10,64.8,64.8,0,-0.006134969325,-0.006134969325
2024-01-11,65.15,65.15,0,0.005401234568,0.005401234568
2024-01-12,65,65,0,-0.002302379125,-0.002302379125
2024-01-15,65.1,65.1,0,0.001538461538,0.001538461538
2024-01-16,64.5,64.5,0,-0.009216589862,-0.009216589862
2024-01-17,62.05,62.05,1.8,-0.01007751938,-0.01007751938
2024-01-18,62.2,62.2,0,0.002417405318,0.002417405318
2024-01-19,64,64,0,0.02893890675,0.02893890675
2024-01-22,64.7,64.7,0,0.0109375,0.0109375
2024-01-23,64.8,64.8,0,0.001545595054,0.001545595054
2024-01-24,64.75,64.75,0,-0.0007716049383,-0.0007716049383
2024-01-25,65.5,65.5,0,0.01158301158,0.01158301158
2024-01-26,65.55,65.55,0,0.0007633587786,0.0007633587786
2024-01-29,65.7,65.7,0,0.002288329519,0.002288329519
2024-01-30,65.8,65.8,0,0.001522070015,0.001522070015
2024-01-31,65,65,0,-0.01215805471,-0.01215805471
2024-02-01,64.75,64.75,0,-0.003846153846,-0.003846153846
2024-02-02,65.4,65.4,0,0.01003861004,0.01003861004
2024-02-05,65.65,65.65,0,0.003822629969,0.003822629969
2024-02-15,68.4,68.4,0,0.04188880427,0.04188880427
2024-02-16,68.1,68.1,0,-0.004385964912,-0.004385964912
2024-02-19,68,68,0,-0.001468428781,-0.001468428781
2024-02-20,68.2,68.2,0,0.002941176471,0.002941176471
2024-02-21,68.05,68.05,0,-0.00219941349,-0.00219941349
2024-02-22,68.5,68.5,0,0.006612784717,0.006612784717
2024-02-23,69.3,69.3,0,0.01167883212,0.01167883212
2024-02-26,69.3,69.3,0,0,0
2024-02-27,69,69,0,-0.004329004329,-0.004329004329
2024-02-29,68.8,68.8,0,-0.002898550725,-0.002898550725
2024-03-01,68.9,68.9,0,0.001453488372,0.001453488372
2024-03-04,70.75,70.75,0,0.02685050798,0.02685050798
2024-03-05,71.35,71.35,0,0.008480565371,0.008480565371
2024-03-06,71.6,71.6,0,0.00350385424,0.00350385424
2024-03-07,72.85,72.85,0,0.01745810056,0.01745810056
2024-03-08,74,74,0,0.01578586136,0.01578586136
2024-03-11,72.95,72.95,0,-0.01418918919,-0.01418918919
2024-03-12,73.8,73.8,0,0.01165181631,0.01165181631
2024-03-13,74.15,74.15,0,0.004742547425,0.004742547425
2024-03-14,74,74,0,-0.0020229265,-0.0020229265
2024-03-15,73.55,73.55,0,-0.006081081081,-0.006081081081
2024-03-18,73.55,73.55,0,0,0
2024-03-19,73.6,73.6,0,0.0006798096533,0.0006798096533
2024-03-20,73.1,73.1,0,-0.006793478261,-0.006793478261
2024-03-21,74.75,74.75,0,0.02257181943,0.02257181943
2024-03-22,74.9,74.9,0,0.002006688963,0.002006688963
2024-03-25,75.1,75.1,0,0.002670226969,0.002670226969
2024-03-26,75,75,0,-0.001331557923,-0.001331557923
2024-03-27,75.05,75.05,0,0.0006666666667,0.0006666666667
2024-03-28,74.9,74.9,0,-0.001998667555,-0.001998667555
2024-03-29,75.2,75.2,0,0.004005340454,0.004005340454
2024-04-01,75.05,75.05,0,-0.001994680851,-0.001994680851
2024-04-02,75.75,75.75,0,0.009327115256,0.009327115256
2024-04-03,75.45,75.45,0,-0.00396039604,-0.00396039604
2024-04-08,75.95,75.95,0,0.006626905235,0.006626905235
2024-04-09,77.5,77.5,0,0.02040816327,0.02040816327
2024-04-10,77.6,77.6,0,0.001290322581,0.001290322581
2024-04-11,77.05,77.05,0,-0.007087628866,-0.007087628866
2024-04-12,77.15,77.15,0,0.001297858533,0.001297858533
2024-04-15,76.1,76.1,0,-0.01360985094,-0.01360985094
2024-04-16,73.85,73.85,0,-0.02956636005,-0.02956636005
2024-04-17,75,75,0,0.01557210562,0.01557210562
2024-04-18,75.35,75.35,0,0.004666666667,0.004666666667
2024-04-19,71.5,71.5,0,-0.05109489051,-0.05109489051
2024-04-22,71.4,71.4,0,-0.001398601399,-0.001398601399
2024-04-23,72.25,72.25,0,0.0119047619,0.0119047619
2024-04-24,74.15,74.15,0,0.02629757785,0.02629757785
2024-04-25,73,73,0,-0.01550910317,-0.01550910317
2024-04-26,74.2,74.2,0,0.01643835616,0.01643835616
2024-04-29,75.15,75.15,0,0.0128032345,0.0128032345
2024-04-30,75.7,75.7,0,0.007318695941,0.007318695941
2024-05-02,74.3,74.3,0,-0.01849405548,-0.01849405548
2024-05-03,74.45,74.45,0,0.00201884253,0.00201884253
2024-05-06,75.55,75.55,0,0.01477501679,0.01477501679
2024-05-07,76,76,0,0.005956320318,0.005956320318
2024-05-08,76.35,76.35,0,0.004605263158,0.004605263158
2024-05-09,76.45,76.45,0,0.001309757695,0.001309757695
2024-05-10,76.7,76.7,0,0.003270111184,0.003270111184
2024-05-13,77.5,77.5,0,0.01043024772,0.01043024772
2024-05-14,78,78,0,0.006451612903,0.006451612903
2024-05-15,79.45,79.45,0,0.01858974359,0.01858974359
2024-05-16,79.8,79.8,0,0.004405286344,0.004405286344
2024-05-17,79.35,79.35,0,-0.005639097744,-0.005639097744
2024-05-20,79,79,0,-0.004410838059,-0.004410838059
2024-05-21,79.2,79.2,0,0.00253164557,0.00253164557
2024-05-22,80.5,80.5,0,0.01641414141,0.01641414141
2024-05-23,81.3,81.3,0,0.009937888199,0.009937888199
2024-05-24,81.3,81.3,0,0,0
2024-05-27,82,82,0,0.008610086101,0.008610086101
2024-05-28,82.2,82.2,0,0.00243902439,0.00243902439
2024-05-29,81.3,81.3,0,-0.01094890511,-0.01094890511
2024-05-30,79.9,79.9,0,-0.0172201722,-0.0172201722
2024-05-31,79.55,79.55,0,-0.004380475594,-0.004380475594
2024-06-03,80.5,80.5,0,0.01194217473,0.01194217473
2024-06-04,79.7,79.7,0,-0.009937888199,-0.009937888199
2024-06-05,80.1,80.1,0,0.005018820577,0.005018820577
2024-06-06,82.6,82.6,0,0.03121098627,0.03121098627
2024-06-07,82,82,0,-0.007263922518,-0.007263922518
2024-06-11,82.45,82.45,0,0.005487804878,0.005487804878
2024-06-12,83.4,83.4,0,0.01152213463,0.01152213463
2024-06-13,84.65,84.65,0,0.01498800959,0.01498800959
2024-06-14,85.2,85.2,0,0.006497341996,0.006497341996
2024-06-17,85.1,85.1,0,-0.00117370892,-0.00117370892
2024-06-18,86.7,86.7,0,0.01880141011,0.01880141011
2024-06-19,88.4,88.4,0,0.01960784314,0.01960784314
2024-06-20,89.2,89.2,0,0.009049773756,0.009049773756
2024-06-21,89.15,89.15,0,-0.0005605381166,-0.0005605381166
2024-06-24,87.25,87.25,0,-0.02131239484,-0.02131239484
2024-06-25,86.95,86.95,0,-0.003438395415,-0.003438395415
2024-06-26,87.7,87.7,0,0.008625646924,0.008625646924
2024-06-27,87.85,87.85,0,0.001710376283,0.001710376283
2024-06-28,88.6,88.6,0,0.008537279454,0.008537279454
2024-07-01,88.45,88.45,0,-0.001693002257,-0.001693002257
2024-07-02,87.85,87.85,0,-0.006783493499,-0.006783493499
2024-07-03,88.75,88.75,0,0.01024473534,0.01024473534
2024-07-04,90.4,90.4,0,0.0185915493,0.0185915493
2024-07-05,90.5,90.5,0,0.00110619469,0.00110619469
2024-07-08,93.2,93.2,0,0.02983425414,0.02983425414
2024-07-09,93.05,93.05,0,-0.00160944206,-0.00160944206
2024-07-10,93.6,93.6,0,0.005910800645,0.005910800645
2024-07-11,95.5,95.5,0,0.0202991453,0.0202991453
2024-07-12,92.8,92.8,0,-0.02827225131,-0.02827225131
2024-07-15,92.95,92.95,0,0.00161637931,0.00161637931
2024-07-16,92.55,92.55,0.9,0.005379236148,0.005379236148
2024-07-17,91.4,91.4,0,-0.01242571583,-0.01242571583
2024-07-18,89.55,89.55,0,-0.02024070022,-0.02024070022
2024-07-19,87.8,87.8,0,-0.01954215522,-0.01954215522
2024-07-22,85.3,85.3,0,-0.0284738041,-0.0284738041
2024-07-23,87.5,87.5,0,0.02579132474,0.02579132474
2024-07-26,84.15,84.15,0,-0.03828571429,-0.03828571429
2024-07-29,85.3,85.3,0,0.01366607249,0.01366607249
2024-07-30,85.5,85.5,0,0.002344665885,0.002344665885
2024-07-31,85.35,85.35,0,-0.001754385965,-0.001754385965
2024-08-01,86.9,86.9,0,0.01816051552,0.01816051552
2024-08-02,82.95,82.95,0,-0.04545454545,-0.04545454545
2024-08-05,75.8,75.8,0,-0.08619650392,-0.08619650392
2024-08-06,79.1,79.1,0,0.04353562005,0.04353562005
2024-08-07,81.6,81.6,0,0.03160556258,0.03160556258
2024-08-08,81.05,81.05,0,-0.006740196078,-0.006740196078
2024-08-09,83,83,0,0.0240592227,0.0240592227
2024-08-12,83.9,83.9,0,0.01084337349,0.01084337349
2024-08-13,84.35,84.35,0,0.00536352801,0.00536352801
2024-08-14,84.95,84.95,0,0.007113218731,0.007113218731
2024-08-15,84.35,84.35,0,-0.007062978222,-0.007062978222
2024-08-16,86.4,86.4,0,0.02430349733,0.02430349733
2024-08-19,86.45,86.45,0,0.0005787037037,0.0005787037037
2024-08-20,86.4,86.4,0,-0.0005783689994,-0.0005783689994
2024-08-21,85.45,85.45,0,-0.01099537037,-0.01099537037
2024-08-22,85.35,85.35,0,-0.001170275015,-0.001170275015
2024-08-23,85.3,85.3,0,-0.0005858230814,-0.0005858230814
2024-08-26,85.8,85.8,0,0.005861664713,0.005861664713
2024-08-27,85.3,85.3,0,-0.005827505828,-0.005827505828
2024-08-28,86.3,86.3,0,0.01172332943,0.01172332943
2024-08-29,85.85,85.85,0,-0.005214368482,-0.005214368482
2024-08-30,85.95,85.95,0,0.001164822365,0.001164822365
2024-09-02,85.4,85.4,0,-0.006399069226,-0.006399069226
2024-09-03,85.3,85.3,0,-0.001170960187,-0.001170960187
2024-09-04,81.5,81.5,0,-0.04454865182,-0.04454865182
2024-09-05,82.4,82.4,0,0.01104294479,0.01104294479
2024-09-06,82.95,82.95,0,0.006674757282,0.006674757282
2024-09-09,81.45,81.45,0,-0.01808318264,-0.01808318264
2024-09-10,81.6,81.6,0,0.001841620626,0.001841620626
2024-09-11,81.4,81.4,0,-0.002450980392,-0.002450980392
2024-09-12,84,84,0,0.03194103194,0.03194103194
2024-09-13,84.35,84.35,0,0.004166666667,0.004166666667
2024-09-16,84.5,84.5,0,0.001778304683,0.001778304683
2024-09-18,84.15,84.15,0,-0.004142011834,-0.004142011834
2024-09-19,85.05,85.05,0,0.01069518717,0.01069518717
2024-09-20,86.45,86.45,0,0.01646090535,0.01646090535
2024-09-23,86.6,86.6,0,0.001735106998,0.001735106998
2024-09-24,87,87,0,0.004618937644,0.004618937644
2024-09-25,88.5,88.5,0,0.01724137931,0.01724137931
2024-09-26,89.4,89.4,0,0.01016949153,0.01016949153
2024-09-27,88.95,88.95,0,-0.005033557047,-0.005033557047
2024-09-30,86.35,86.35,0,-0.02922990444,-0.02922990444
2024-10-01,87.2,87.2,0,0.009843659525,0.009843659525
2024-10-04,87.2,87.2,0,0,0
2024-10-07,88.85,88.85,0,0.01892201835,0.01892201835
2024-10-08,88.6,88.6,0,-0.002813731007,-0.002813731007
2024-10-09,89.5,89.5,0,0.01015801354,0.01015801354
2024-10-11,90.95,90.95,0,0.01620111732,0.01620111732
2024-10-14,90.85,90.85,0,-0.001099505223,-0.001099505223
2024-10-15,92.4,92.4,0,0.01706108971,0.01706108971
2024-10-16,90.7,90.7,0,-0.0183982684,-0.0183982684
2024-10-17,91.4,91.4,0,0.007717750827,0.007717750827
2024-10-18,93.15,93.15,0,0.01914660832,0.01914660832
2024-10-21,93.8,93.8,0,0.006977992485,0.006977992485
2024-10-22,92.8,92.8,0,-0.01066098081,-0.01066098081
2024-10-23,92.65,92.65,0,-0.00161637931,-0.00161637931
2024-10-24,92.1,92.1,0,-0.005936319482,-0.005936319482
2024-10-25,92.45,92.45,0,0.003800217155,0.003800217155
2024-10-28,91.95,91.95,0,-0.005408328826,-0.005408328826
2024-10-29,90.35,90.35,0,-0.01740076128,-0.01740076128
2024-10-30,90.2,90.2,0,-0.001660210293,-0.001660210293
2024-11-01,90,90,0,-0.0022172949,-0.0022172949
2024-11-04,90.9,90.9,0,0.01,0.01
2024-11-05,91.4,91.4,0,0.005500550055,0.005500550055
2024-11-06,92.65,92.65,0,0.0136761488,0.0136761488
2024-11-07,92.85,92.85,0,0.00215866163,0.00215866163
2024-11-08,93.8,93.8,0,0.01023155627,0.01023155627
2024-11-11,93.25,93.25,0,-0.005863539446,-0.005863539446
2024-11-12,91.2,91.2,0,-0.02198391421,-0.02198391421
2024-11-13,91.45,91.45,0,0.00274122807,0.00274122807
2024-11-14,90.35,90.35,0,-0.01202843084,-0.01202843084
2024-11-15,90.4,90.4,0,0.0005534034311,0.0005534034311
2024-11-18,89.65,89.65,0,-0.008296460177,-0.008296460177
2024-11-19,90.8,90.8,0,0.01282766313,0.01282766313
2024-11-20,90.4,90.4,0,-0.004405286344,-0.004405286344
2024-11-21,89.25,89.25,0,-0.01272123894,-0.01272123894
2024-11-22,90.8,90.8,0,0.01736694678,0.01736694678
2024-11-25,91,91,0,0.002202643172,0.002202643172
2024-11-26,89.6,89.6,0,-0.01538461538,-0.01538461538
2024-11-27,88.45,88.45,0,-0.01283482143,-0.01283482143
2024-11-28,87.7,87.7,0,-0.008479366874,-0.008479366874
2024-11-29,88.05,88.05,0,0.003990877993,0.003990877993
2024-12-02,90.2,90.2,0,0.02441794435,0.02441794435
2024-12-03,91.65,91.65,0,0.01607538803,0.01607538803
2024-12-04,91.65,91.65,0,0,0
2024-12-05,92.65,92.65,0,0.01091107474,0.01091107474
2024-12-06,91.95,91.95,0,-0.007555315704,-0.007555315704
2024-12-09,92.45,92.45,0,0.005437737901,0.005437737901
2024-12-10,91.7,91.7,0,-0.00811249324,-0.00811249324
2024-12-11,90.75,90.75,0,-0.01035986914,-0.01035986914
2024-12-12,92.05,92.05,0,0.01432506887,0.01432506887
2024-12-13,91.95,91.95,0,-0.001086366105,-0.001086366105
2024-12-16,92.3,92.3,0,0.003806416531,0.003806416531
2024-12-17,92.55,92.55,0,0.002708559047,0.002708559047
2024-12-18,92.65,92.65,0,0.001080497029,0.001080497029
2024-12-19,91.45,91.45,0,-0.01295196978,-0.01295196978
2024-12-20,90.45,90.45,0,-0.01093493712,-0.01093493712
2024-12-23,92.25,92.25,0,0.01990049751,0.01990049751
2024-12-24,92.4,92.4,0,0.00162601626,0.00162601626
2024-12-25,92.7,92.7,0,0.003246753247,0.003246753247
2024-12-26,92.9,92.9,0,0.002157497303,0.002157497303
2024-12-27,93.3,93.3,0,0.004305705059,0.004305705059
2024-12-30,93,93,0,-0.003215434084,-0.003215434084
2024-12-31,92,92,0,-0.01075268817,-0.01075268817
2025-01-02,90.8,90.8,0,-0.01304347826,-0.01304347826
2025-01-03,92.1,92.1,0,0.01431718062,0.01431718062
2025-01-06,94.7,94.7,0,0.02823018458,0.02823018458
2025-01-07,95.85,95.85,0,0.0121436114,0.0121436114
2025-01-08,94.1,94.1,0,-0.01825769431,-0.01825769431
2025-01-09,93,93,0,-0.01168969182,-0.01168969182
2025-01-10,93,93,0,0,0
2025-01-13,90.85,90.85,0,-0.02311827957,-0.02311827957
2025-01-14,91.55,91.55,0,0.007705008255,0.007705008255
2025-01-15,90.65,90.65,0,-0.00983069361,-0.00983069361
2025-01-16,93.1,93.1,0,0.02702702703,0.02702702703
2025-01-17,91,91,1.9,-0.002148227712,-0.002148227712
2025-01-20,91.9,91.9,0,0.00989010989,0.00989010989
2025-01-21,92.1,92.1,0,0.002176278564,0.002176278564
2025-01-22,93.45,93.45,0,0.01465798046,0.01465798046
2025-02-03,89,89,0,-0.04761904762,-0.04761904762
2025-02-04,89.8,89.8,0,0.008988764045,0.008988764045
2025-02-05,91.7,91.7,0,0.02115812918,0.02115812918
2025-02-06,91.8,91.8,0,0.001090512541,0.001090512541
2025-02-07,91.95,91.95,0,0.001633986928,0.001633986928
2025-02-10,91.3,91.3,0,-0.007069059271,-0.007069059271
2025-02-11,91.4,91.4,0,0.001095290252,0.001095290252
2025-02-12,91.65,91.65,0,0.002735229759,0.002735229759
2025-02-13,91.05,91.05,0,-0.006546644845,-0.006546644845
2025-02-14,90.15,90.15,0,-0.009884678748,-0.009884678748
2025-02-17,91.55,91.55,0,0.01552967277,0.01552967277
2025-02-18,91.8,91.8,0,0.002730748225,0.002730748225
2025-02-19,92.15,92.15,0,0.003812636166,0.003812636166
2025-02-20,91.5,91.5,0,-0.007053716766,-0.007053716766
2025-02-21,91.9,91.9,0,0.004371584699,0.004371584699
2025-02-24,91.1,91.1,0,-0.008705114255,-0.008705114255
2025-02-25,90.5,90.5,0,-0.006586169045,-0.006586169045
2025-02-26,90.5,90.5,0,0,0
2025-02-27,89.75,89.75,0,-0.008287292818,-0.008287292818
2025-03-03,87.65,87.65,0,-0.02339832869,-0.02339832869
2025-03-04,87.35,87.35,0,-0.003422703936,-0.003422703936
2025-03-05,88.35,88.35,0,0.01144819691,0.01144819691
2025-03-06,87.8,87.8,0,-0.006225240521,-0.006225240521
2025-03-07,87.1,87.1,0,-0.007972665148,-0.007972665148
2025-03-10,86.5,86.5,0,-0.006888633754,-0.006888633754
2025-03-11,84.75,84.75,0,-0.02023121387,-0.02023121387
2025-03-12,85.4,85.4,0,0.007669616519,0.007669616519
2025-03-13,84.75,84.75,0,-0.007611241218,-0.007611241218
2025-03-14,84.45,84.45,0,-0.003539823009,-0.003539823009
2025-03-17,85.2,85.2,0,0.008880994671,0.008880994671
2025-03-18,85.25,85.25,0,0.0005868544601,0.0005868544601
2025-03-19,84.25,84.25,0,-0.01173020528,-0.01173020528
2025-03-20,86,86,0,0.02077151335,0.02077151335
2025-03-21,85.85,85.85,0,-0.001744186047,-0.001744186047
2025-03-24,85.35,85.35,0,-0.005824111823,-0.005824111823
2025-03-25,85.95,85.95,0,0.007029876977,0.007029876977
2025-03-26,85.95,85.95,0,0,0
2025-03-27,84.5,84.5,0,-0.01687027341,-0.01687027341
2025-03-28,83.25,83.25,0,-0.01479289941,-0.01479289941
2025-03-31,80.5,80.5,0,-0.03303303303,-0.03303303303
2025-04-01,82,82,0,0.01863354037,0.01863354037
2025-04-02,82.25,82.25,0,0.003048780488,0.003048780488
2025-04-07,74.05,74.05,0,-0.09969604863,-0.09969604863
2025-04-08,72.25,72.25,0,-0.02430790007,-0.02430790007
2025-04-09,67.85,67.85,0,-0.06089965398,-0.06089965398
2025-04-10,74.6,74.6,0,0.09948415623,0.09948415623
2025-04-11,75.8,75.8,0,0.01608579088,0.01608579088
2025-04-14,76.4,76.4,0,0.007915567282,0.007915567282
2025-04-15,77.05,77.05,0,0.008507853403,0.008507853403
2025-04-16,75.5,75.5,0,-0.02011680727,-0.02011680727
2025-04-17,75,75,0,-0.006622516556,-0.006622516556
2025-04-18,75.1,75.1,0,0.001333333333,0.001333333333
2025-04-21,74.05,74.05,0,-0.01398135819,-0.01398135819
2025-04-22,72.85,72.85,0,-0.01620526671,-0.01620526671
2025-04-23,75.95,75.95,0,0.04255319149,0.04255319149
2025-04-24,75.2,75.2,0,-0.009874917709,-0.009874917709
2025-04-25,77.6,77.6,0,0.03191489362,0.03191489362
2025-04-28,77.8,77.8,0,0.002577319588,0.002577319588
2025-04-29,78,78,0,0.002570694087,0.002570694087
2025-04-30,78.6,78.6,0,0.007692307692,0.007692307692
2025-05-02,80.6,80.6,0,0.02544529262,0.02544529262
2025-05-05,80.3,80.3,0,-0.003722084367,-0.003722084367
2025-05-06,79.55,79.55,0,-0.009339975093,-0.009339975093
2025-05-07,79.1,79.1,0,-0.00565681961,-0.00565681961
2025-05-08,80.2,80.2,0,0.01390644753,0.01390644753
2025-05-09,81.3,81.3,0,0.01371571072,0.01371571072
2025-05-12,81.55,81.55,0,0.00307503075,0.00307503075
2025-05-13,83,83,0,0.01778050276,0.01778050276
2025-05-14,84.7,84.7,0,0.02048192771,0.02048192771
2025-05-15,84.7,84.7,0,0,0
2025-05-16,84.55,84.55,0,-0.001770956316,-0.001770956316
2025-05-19,84.1,84.1,0,-0.0053222945,-0.0053222945
2025-05-20,83.85,83.85,0,-0.002972651605,-0.002972651605
2025-05-21,84.4,84.4,0,0.006559332141,0.006559332141
2025-05-22,84.1,84.1,0,-0.00355450237,-0.00355450237
2025-05-23,83.8,83.8,0,-0.003567181926,-0.003567181926
2025-05-26,83.8,83.8,0,0,0
2025-05-27,82.75,82.75,0,-0.01252983294,-0.01252983294
2025-05-28,83.45,83.45,0,0.008459214502,0.008459214502
2025-05-29,83.5,83.5,0,0.0005991611744,0.0005991611744
2025-06-02,81.65,81.65,0,-0.02215568862,-0.02215568862
2025-06-03,82.3,82.3,0,0.007960808328,0.007960808328
2025-06-04,84.15,84.15,0,0.02247873633,0.02247873633
2025-06-05,84.65,84.65,0,0.005941770648,0.005941770648
2025-06-06,84.05,84.05,0,-0.007088009451,-0.007088009451
2025-06-09,85.05,85.05,0,0.01189767995,0.01189767995
2025-06-10,87.1,87.1,0,0.02410346855,0.02410346855
2025-06-11,88.2,88.2,0,0.01262916188,0.01262916188
2025-06-12,87.85,87.85,0,-0.003968253968,-0.003968253968
2025-06-13,86.65,86.65,0,-0.01365964713,-0.01365964713
2025-06-16,86.6,86.6,0,-0.000577034045,-0.000577034045
2025-06-17,86.85,86.85,0,0.002886836028,0.002886836028
2025-06-18,87.55,87.55,0,0.008059873345,0.008059873345
2025-06-19,87.15,87.15,0,-0.004568817818,-0.004568817818
2025-06-20,86.9,86.9,0,-0.002868617326,-0.002868617326
2025-06-23,85.9,85.9,0,-0.01150747986,-0.01150747986
2025-06-24,87.5,87.5,0,0.01862630966,0.01862630966
2025-06-25,88.6,88.6,0,0.01257142857,0.01257142857
2025-06-26,89.3,89.3,0,0.007900677201,0.007900677201
2025-06-27,89.05,89.05,0,-0.002799552072,-0.002799552072
2025-06-30,89.4,89.4,0,0.003930376193,0.003930376193
2025-07-01,89.4,89.4,0,0,0
2025-07-02,89.7,89.7,0,0.003355704698,0.003355704698
2025-07-03,90.75,90.75,0,0.01170568562,0.01170568562
2025-07-04,90.35,90.35,0,-0.004407713499,-0.004407713499
2025-07-07,89.75,89.75,0,-0.006640841173,-0.006640841173
2025-07-08,88.75,88.75,0,-0.01114206128,-0.01114206128
2025-07-09,89.7,89.7,0,0.01070422535,0.01070422535
2025-07-10,90.85,90.85,0,0.01282051282,0.01282051282
2025-07-11,91.2,91.2,0,0.003852504128,0.003852504128
2025-07-14,89.9,89.9,0,-0.01425438596,-0.01425438596
2025-07-15,91.4,91.4,0,0.01668520578,0.01668520578
2025-07-16,92.4,92.4,0,0.01094091904,0.01094091904
2025-07-17,93,93,0,0.006493506494,0.006493506494
2025-07-18,94.1,94.1,0,0.01182795699,0.01182795699
2025-07-21,93.45,93.45,0.55,-0.001062699256,-0.001062699256
2025-07-22,92.7,92.7,0,-0.008025682183,-0.008025682183
2025-07-23,92.8,92.8,0,0.001078748652,0.001078748652
2025-07-24,93.4,93.4,0,0.006465517241,0.006465517241
2025-07-25,93.55,93.55,0,0.001605995717,0.001605995717
2025-07-28,93.6,93.6,0,0.0005344735436,0.0005344735436
2025-07-29,92.75,92.75,0,-0.009081196581,-0.009081196581
2025-07-30,93.5,93.5,0,0.008086253369,0.008086253369
2025-07-31,94.3,94.3,0,0.008556149733,0.008556149733
2025-08-01,93.75,93.75,0,-0.005832449629,-0.005832449629
2025-08-04,93.05,93.05,0,-0.007466666667,-0.007466666667
2025-08-05,94.45,94.45,0,0.01504567437,0.01504567437
2025-08-06,93.95,93.95,0,-0.005293806247,-0.005293806247
2025-08-07,96.15,96.15,0,0.02341671102,0.02341671102
2025-08-08,96.6,96.6,0,0.004680187207,0.004680187207
2025-08-11,96.7,96.7,0,0.001035196687,0.001035196687
2025-08-12,96.75,96.75,0,0.0005170630817,0.0005170630817
2025-08-13,97.35,97.35,0,0.006201550388,0.006201550388
2025-08-14,97.6,97.6,0,0.002568053416,0.002568053416
2025-08-15,97.75,97.75,0,0.001536885246,0.001536885246
2025-08-18,97.5,97.5,0,-0.002557544757,-0.002557544757
2025-08-19,97.45,97.45,0,-0.0005128205128,-0.0005128205128
2025-08-20,94.7,94.7,0,-0.02821959979,-0.02821959979
2025-08-21,95.2,95.2,0,0.005279831045,0.005279831045
2025-08-22,94.9,94.9,0,-0.003151260504,-0.003151260504
2025-08-25,97.05,97.05,0,0.02265542677,0.02265542677
2025-08-26,97,97,0,-0.0005151983514,-0.0005151983514
2025-08-27,97.3,97.3,0,0.003092783505,0.003092783505
2025-08-28,97.35,97.35,0,0.0005138746146,0.0005138746146
2025-08-29,96.85,96.85,0,-0.005136106831,-0.005136106831
2025-09-01,94.95,94.95,0,-0.01961796593,-0.01961796593
2025-09-02,95.8,95.8,0,0.008952080042,0.008952080042
2025-09-03,95.75,95.75,0,-0.0005219206681,-0.0005219206681
2025-09-04,96.6,96.6,0,0.008877284595,0.008877284595
2025-09-05,97.2,97.2,0,0.006211180124,0.006211180124
2025-09-08,98,98,0,0.008230452675,0.008230452675
2025-09-09,99.1,99.1,0,0.0112244898,0.0112244898
2025-09-10,100.85,100.85,0,0.01765893037,0.01765893037
2025-09-11,102,102,0,0.01140307387,0.01140307387
2025-09-12,102.15,102.15,0,0.001470588235,0.001470588235
2025-09-15,102.35,102.35,0,0.001957905042,0.001957905042
2025-09-16,103.7,103.7,0,0.0131900342,0.0131900342
2025-09-17,103.5,103.5,0,-0.001928640309,-0.001928640309
2025-09-18,104.05,104.05,0,0.005314009662,0.005314009662
2025-09-19,104.05,104.05,0,0,0
2025-09-22,104.45,104.45,0,0.003844305622,0.003844305622
2025-09-23,105.55,105.55,0,0.01053135472,0.01053135472
2025-09-24,106,106,0,0.004263382283,0.004263382283
2025-09-25,106,106,0,0,0
2025-09-26,104.15,104.15,0,-0.01745283019,-0.01745283019
2025-09-30,105.5,105.5,0,0.01296207393,0.01296207393
2025-10-01,106.25,106.25,0,0.007109004739,0.007109004739
2025-10-02,107.6,107.6,0,0.01270588235,0.01270588235
2025-10-03,109.15,109.15,0,0.01440520446,0.01440520446
2025-10-07,112.25,112.25,0,0.02840128264,0.02840128264
2025-10-08,111.2,111.2,0,-0.009354120267,-0.009354120267
2025-10-09,111.95,111.95,0,0.006744604317,0.006744604317
2025-10-13,110.2,110.2,0,-0.01563197856,-0.01563197856
2025-10-14,110.1,110.1,0,-0.0009074410163,-0.0009074410163
2025-10-15,111.65,111.65,0,0.01407811081,0.01407811081
2025-10-16,114,114,0,0.0210479176,0.0210479176
2025-10-17,112.3,112.3,0,-0.0149122807,-0.0149122807
2025-10-20,114.25,114.25,0,0.01736420303,0.01736420303
2025-10-21,114.95,114.95,0,0.006126914661,0.006126914661
2025-10-22,113.8,113.8,0,-0.01000434972,-0.01000434972
2025-10-23,113.05,113.05,0,-0.006590509666,-0.006590509666
2025-10-27,115.45,115.45,0,0.02122954445,0.02122954445
2025-10-28,114.95,114.95,0,-0.004330879168,-0.004330879168
2025-10-29,116.75,116.75,0,0.01565898217,0.01565898217
2025-10-30,116.1,116.1,0,-0.00556745182,-0.00556745182
2025-10-31,117,117,0,0.007751937984,0.007751937984
2025-11-03,116,116,0,-0.008547008547,-0.008547008547
2025-11-04,115.75,115.75,0,-0.002155172414,-0.002155172414
2025-11-05,113.95,113.95,0,-0.01555075594,-0.01555075594
2025-11-06,115,115,0,0.009214567793,0.009214567793
2025-11-07,113.4,113.4,0,-0.01391304348,-0.01391304348
2025-11-10,114.15,114.15,0,0.006613756614,0.006613756614
2025-11-11,114.3,114.3,0,0.001314060447,0.001314060447
2025-11-12,114.9,114.9,0,0.005249343832,0.005249343832
2025-11-13,113.6,113.6,0,-0.01131418625,-0.01131418625
2025-11-14,112.05,112.05,0,-0.0136443662,-0.0136443662
2025-11-17,111.9,111.9,0,-0.001338688086,-0.001338688086
2025-11-18,109.6,109.6,0,-0.02055406613,-0.02055406613
2025-11-19,109.05,109.05,0,-0.005018248175,-0.005018248175
2025-11-20,112.3,112.3,0,0.02980284273,0.02980284273
2025-11-21,108.15,108.15,0,-0.03695458593,-0.03695458593
2025-11-24,108.5,108.5,0,0.003236245955,0.003236245955
2025-11-25,109.65,109.65,0,0.01059907834,0.01059907834
2025-11-26,111.05,111.05,0,0.01276789786,0.01276789786
2025-11-27,111.95,111.95,0,0.008104457452,0.008104457452
2025-11-28,113.5,113.5,0,0.01384546673,0.01384546673
2025-12-01,112,112,0,-0.01321585903,-0.01321585903
2025-12-02,111.7,111.7,0,-0.002678571429,-0.002678571429
2025-12-03,113.15,113.15,0,0.01298119964,0.01298119964
2025-12-04,113.05,113.05,0,-0.0008837825895,-0.0008837825895
2025-12-05,113.85,113.85,0,0.007076514816,0.007076514816
2025-12-08,115.35,115.35,0,0.01317523057,0.01317523057
2025-12-09,115.55,115.55,0,0.001733853489,0.001733853489
2025-12-10,116,116,0,0.003894418001,0.003894418001
2025-12-11,115.5,115.5,0,-0.004310344828,-0.004310344828
2025-12-12,115.5,115.5,0,0,0
2025-12-15,114.15,114.15,0,-0.01168831169,-0.01168831169
2025-12-16,113.05,113.05,0,-0.009636443276,-0.009636443276
2025-12-17,113.3,113.3,0,0.00221141088,0.00221141088
2025-12-18,112.15,112.15,0,-0.01015004413,-0.01015004413
2025-12-19,113.6,113.6,0,0.0129291128,0.0129291128
2025-12-22,114.75,114.75,0,0.01012323944,0.01012323944
2025-12-23,115.8,115.8,0,0.009150326797,0.009150326797
2025-12-24,116.55,116.55,0,0.006476683938,0.006476683938
2025-12-26,116.6,116.6,0,0.000429000429,0.000429000429
2025-12-29,118,118,0,0.01200686106,0.01200686106
2025-12-30,118.2,118.2,0,0.001694915254,0.001694915254
2025-12-31,119.6,119.6,0,0.01184433164,0.01184433164
2026-01-02,121.45,121.45,0,0.01546822742,0.01546822742
2026-01-05,126.4,126.4,0,0.04075751338,0.04075751338
2026-01-06,126.8,126.8,0,0.003164556962,0.003164556962
2026-01-07,125.9,125.9,0,-0.007097791798,-0.007097791798
2026-01-08,126.6,126.6,0,0.005559968229,0.005559968229
2026-01-09,126,126,0,-0.004739336493,-0.004739336493
2026-01-12,126.65,126.65,0,0.005158730159,0.005158730159
2026-01-13,127.1,127.1,0,0.003553099092,0.003553099092
2026-01-14,127.6,127.6,0,0.003933910307,0.003933910307
2026-01-15,127.35,127.35,0,-0.001959247649,-0.001959247649
2026-01-16,130.65,130.65,0,0.02591283863,0.02591283863
2026-01-19,131.25,131.25,0,0.004592422503,0.004592422503
2026-01-20,131.75,131.75,0,0.00380952381,0.00380952381
2026-01-21,129.75,129.75,0,-0.01518026565,-0.01518026565
2026-01-22,130.05,130.05,1.8,0.0161849711,0.0161849711
2026-01-23,131.2,131.2,0,0.008842752787,0.008842752787
2026-01-26,131.3,131.3,0,0.000762195122,0.000762195122
2026-01-27,131.8,131.8,0,0.003808073115,0.003808073115
2026-01-28,134.05,134.05,0,0.01707132018,0.01707132018
2026-01-29,133.2,133.2,0,-0.006340917568,-0.006340917568
2026-01-30,132.35,132.35,0,-0.006381381381,-0.006381381381
2026-02-02,129.05,129.05,0,-0.02493388742,-0.02493388742
2026-02-03,132,132,0,0.02285935684,0.02285935684
2026-02-04,132.5,132.5,0,0.003787878788,0.003787878788
2026-02-05,130.5,130.5,0,-0.01509433962,-0.01509433962
2026-02-06,130.2,130.2,0,-0.002298850575,-0.002298850575
2026-02-09,134.5,134.5,0,0.03302611367,0.03302611367
2026-02-10,136.4,136.4,0,0.01412639405,0.01412639405
2026-02-11,139.35,139.35,0,0.02162756598,0.02162756598
2026-02-23,140.2,140.2,0,0.006099748834,0.006099748834
2026-02-24,143.85,143.85,0,0.0260342368,0.0260342368
2026-02-25,146.7,146.7,0,0.01981230448,0.01981230448
2026-02-26,146.3,146.3,0,-0.002726653033,-0.002726653033
2026-03-02,146.1,146.1,0,-0.001367053999,-0.001367053999
2026-03-03,142.55,142.55,0,-0.02429842574,-0.02429842574
2026-03-04,136.35,136.35,0,-0.04349351105,-0.04349351105
2026-03-05,139.2,139.2,0,0.02090209021,0.02090209021
2026-03-06,138.15,138.15,0,-0.007543103448,-0.007543103448
2026-03-09,131.5,131.5,0,-0.04813608397,-0.04813608397
2026-03-10,135.05,135.05,0,0.02699619772,0.02699619772
2026-03-11,141.4,141.4,0,0.04701962236,0.04701962236
2026-03-12,139.4,139.4,0,-0.01414427157,-0.01414427157
2026-03-13,138.1,138.1,0,-0.009325681492,-0.009325681492
2026-03-16,137.35,137.35,0,-0.005430847212,-0.005430847212
2026-03-17,139.35,139.35,0,0.01456133964,0.01456133964
2026-03-18,141.8,141.8,0,0.01758162899,0.01758162899
2026-03-19,138.85,138.85,0,-0.02080394922,-0.02080394922
2026-03-20,137.9,137.9,0,-0.006841915736,-0.006841915736
2026-03-23,134.35,134.35,0,-0.02574329224,-0.02574329224
2026-03-24,135.2,135.2,0,0.006326758467,0.006326758467
2026-03-25,138.15,138.15,0,0.02181952663,0.02181952663
2026-03-26,138.95,138.95,0,0.005790807094,0.005790807094
2026-03-27,136.1,136.1,0,-0.02051097517,-0.02051097517
2026-03-30,133.75,133.75,0,-0.01726671565,-0.01726671565
2026-03-31,131.25,131.25,0,-0.01869158879,-0.01869158879
2026-04-01,137.05,137.05,0,0.04419047619,0.04419047619
2026-04-02,135,135,0,-0.01495804451,-0.01495804451
2026-04-07,137.05,137.05,0,0.01518518519,0.01518518519
2026-04-08,144.25,144.25,0,0.05253557096,0.05253557096
2026-04-09,144.5,144.5,0,0.001733102253,0.001733102253
2026-04-10,147.35,147.35,0,0.01972318339,0.01972318339
2026-04-13,147.15,147.15,0,-0.001357312521,-0.001357312521
2026-04-14,151.3,151.3,0,0.02820251444,0.02820251444
2026-04-15,154,154,0,0.01784534038,0.01784534038
2026-04-16,154.4,154.4,0,0.002597402597,0.002597402597
2026-04-17,153.7,153.7,0,-0.004533678756,-0.004533678756
2026-04-20,155.15,155.15,0,0.009433962264,0.009433962264
2026-04-21,157.2,157.2,0,0.01321301966,0.01321301966
2026-04-22,157.8,157.8,0,0.003816793893,0.003816793893
2026-04-23,157.9,157.9,0,0.0006337135615,0.0006337135615
2026-04-24,163.8,163.8,0,0.03736542115,0.03736542115
2026-04-27,170.65,170.65,0,0.04181929182,0.04181929182
2026-04-28,168.3,168.3,0,-0.01377087606,-0.01377087606
2026-04-29,166,166,0,-0.01366607249,-0.01366607249
2026-04-30,164.95,164.95,0,-0.006325301205,-0.006325301205
2026-05-04,172.7,172.7,0,0.04698393453,0.04698393453
2026-05-05,173.1,173.1,0,0.002316155182,0.002316155182
2026-05-06,173.85,173.85,0,0.004332755633,0.004332755633
2026-05-07,178.25,178.25,0,0.02530917458,0.02530917458
2026-05-08,177.15,177.15,0,-0.006171107994,-0.006171107994
2026-05-11,176.75,176.75,0,-0.002257973469,-0.002257973469
2026-05-12,177.45,177.45,0,0.00396039604,0.00396039604
2026-05-13,174.15,174.15,0,-0.01859678783,-0.01859678783
2026-05-14,175.15,175.15,0,0.005742176285,0.005742176285
2026-05-15,173.1,173.1,0,-0.0117042535,-0.0117042535
2026-05-18,172.3,172.3,0,-0.004621606008,-0.004621606008
2026-05-19,168.7,168.7,0,-0.0208937899,-0.0208937899
2026-05-20,168.75,168.75,0,0.0002963841138,0.0002963841138
2026-05-21,175.35,175.35,0,0.03911111111,0.03911111111
2026-05-22,177.25,177.25,0,0.01083547191,0.01083547191
2026-05-25,183.65,183.65,0,0.03610719323,0.03610719323
2026-05-26,182.75,182.75,0,-0.004900626191,-0.004900626191
2026-05-27,186.45,186.45,0,0.02024623803,0.02024623803
2026-05-28,182.75,182.75,0,-0.01984446232,-0.01984446232
2026-05-29,190.05,190.05,0,0.03994528044,0.03994528044
2026-06-01,192.05,192.05,0,0.01052354644,0.01052354644
2026-06-02,191.9,191.9,0,-0.0007810466024,-0.0007810466024
2026-06-03,195,195,0,0.016154247,0.016154247
2026-06-04,192.6,192.6,0,-0.01230769231,-0.01230769231
2026-06-05,188.5,188.5,0,-0.02128764278,-0.02128764278
2026-06-08,183.35,183.35,0,-0.02732095491,-0.02732095491
2026-06-09,188.15,188.15,0,0.02617943823,0.02617943823
2026-06-10,183.5,183.5,0,-0.02471432368,-0.02471432368
2026-06-11,181.05,181.05,0,-0.01335149864,-0.01335149864
2026-06-12,186.35,186.35,0,0.0292736813,0.0292736813
2026-06-15,190.1,190.1,0,0.02012342367,0.02012342367
2026-06-16,191.9,191.9,0,0.009468700684,0.009468700684
2026-06-17,191.25,191.25,0,-0.003387180823,-0.003387180823
2026-06-18,194,194,0,0.01437908497,0.01437908497
2026-06-22,201.75,201.75,0,0.03994845361,0.03994845361
2026-06-23,201.4,201.4,0,-0.001734820322,-0.001734820322
2026-06-24,194.4,194.4,0,-0.03475670308,-0.03475670308
2026-06-25,195.3,195.3,0,0.00462962963,0.00462962963
2026-06-26,188.95,188.95,0,-0.0325140809,-0.0325140809
2026-06-29,189.85,189.85,0,0.004763164858,0.004763164858
2026-06-30,196.4,196.4,0,0.03450092178,0.03450092178
2026-07-01,199.15,199.15,0,0.01400203666,0.01400203666
2026-07-02,198.6,198.6,0,-0.002761737384,-0.002761737384
2026-07-03,197.95,197.95,0,-0.003272910373,-0.003272910373
2026-07-06,196.65,196.65,0,-0.006567314979,-0.006567314979
2026-07-07,193.4,193.4,0,-0.01652682431,-0.01652682431
2026-07-08,193.1,193.1,0,-0.001551189245,-0.001551189245
2026-07-09,193.2,193.2,0,0.0005178663905,0.0005178663905
2026-07-13,193.15,193.15,0,-0.0002587991718,-0.0002587991718
2026-07-14,187.95,187.95,0,-0.02692208128,-0.02692208128
2026-07-15,192.75,192.75,0,0.0255387071,0.0255387071
2026-07-16,193.15,193.15,0,0.002075226978,0.002075226978
2026-07-17,180.75,180.75,0,-0.06419880922,-0.06419880922
2026-07-20,181,181,0,0.001383125864,0.001383125864
2026-07-21,185.95,185.95,1.25,0.03425414365,0.03425414365
2026-07-22,190,190,0,0.0217800484,0.0217800484
2026-07-23,187.95,187.95,0,-0.01078947368,-0.01078947368
2026-07-24,183.85,183.85,0,-0.02181431232,-0.02181431232
2026-07-27,183.8,183.8,0,-0.0002719608376,-0.0002719608376
2026-07-28,177,177,0,-0.03699673558,-0.03699673558
2026-07-29,168.8,168.8,0,-0.04632768362,-0.04632768362
2026-07-30,170.15,170.15,0,0.007997630332,0.007997630332
2026-07-31,184.75,184.75,0,0.0858066412,0.0858066412
2026-08-03,185.65,185.65,0,0.004871447903,0.004871447903
2026-08-04,182.6,182.6,0,-0.0164287638,-0.0164287638
2026-08-05,187.9,187.9,0,0.02902519168,0.02902519168
2026-08-06,187.65,187.65,0,-0.001330494944,-0.001330494944
2026-08-07,186.35,186.35,0,-0.0069277911,-0.0069277911
2026-08-10,188.1,188.1,0,0.009390931044,0.009390931044
2026-08-11,189.65,189.65,0,0.008240297714,0.008240297714
2026-08-12,190.75,190.75,0,0.005800158186,0.005800158186
2026-08-13,193.55,193.55,0,0.01467889908,0.01467889908
2026-08-14,193.55,193.55,0,0,0
2026-08-17,193.15,193.15,0,-0.002066649445,-0.002066649445
2026-08-18,190.8,190.8,0,-0.01216670981,-0.01216670981
2026-08-19,188.1,188.1,0,-0.0141509434,-0.0141509434
2026-08-20,188.7,188.7,0,0.003189792663,0.003189792663
2026-08-21,190.3,190.3,0,0.008479067303,0.008479067303
2026-08-24,189.95,189.95,0,-0.001839201261,-0.001839201261
2026-08-25,188.55,188.55,0,-0.007370360621,-0.007370360621
2026-08-26,193.2,193.2,0,0.0246618934,0.0246618934
2026-08-27,193.5,193.5,0,0.001552795031,0.001552795031
2026-08-28,195.3,195.3,0,0.009302325581,0.009302325581
2026-08-31,192.4,192.4,0,-0.01484895033,-0.01484895033
2026-09-01,197.5,197.5,0,0.02650727651,0.02650727651
2026-09-02,194.8,194.8,0,-0.01367088608,-0.01367088608
2026-09-03,193.75,193.75,0,-0.005390143737,-0.005390143737
2026-09-04,195.8,195.8,0,0.01058064516,0.01058064516
2026-09-07,199.1,199.1,0,0.01685393258,0.01685393258
2026-09-08,200.45,200.45,0,0.006780512305,0.006780512305
2026-09-09,199.9,199.9,0,-0.002743826391,-0.002743826391
2026-09-10,199.4,199.4,0,-0.002501250625,-0.002501250625
2026-09-11,196.25,196.25,0,-0.01579739218,-0.01579739218
2026-09-14,194.6,194.6,0,-0.008407643312,-0.008407643312
2026-09-15,192.95,192.95,0,-0.008478931141,-0.008478931141
2026-09-16,194.65,194.65,0,0.008810572687,0.008810572687
2026-09-17,195.8,195.8,0,0.005908040072,0.005908040072
2026-09-18,198.5,198.5,0,0.01378958121,0.01378958121
2026-09-21,201.6,201.6,0,0.01561712846,0.01561712846
2026-09-22,203.95,203.95,0,0.01165674603,0.01165674603
2026-09-23,203.45,203.45,0,-0.00245158127,-0.00245158127
2026-09-24,203.2,203.2,0,-0.001228803146,-0.001228803146
2026-09-29,202.05,202.05,0,-0.005659448819,-0.005659448819
2026-09-30,203.2,203.2,0,0.00569166048,0.00569166048
2026-10-01,203.3,203.3,0,0.0004921259843,0.0004921259843
2026-10-02,204.85,204.85,0,0.007624200689,0.007624200689
