date,close_raw,close_split_adj,div,total_ret,total_ret_fixed
2011-09-28,35.68,35.68,0,0,0
2011-09-29,35.9,35.9,0,0.006165919283,0.006165919283
2011-09-30,35.98,35.98,0,0.002228412256,0.002228412256
2011-10-03,34.88,34.88,0,-0.0305725403,-0.0305725403
2011-10-04,35.3,35.3,0,0.0120412844,0.0120412844
2011-10-05,34.99,34.99,0,-0.008781869688,-0.008781869688
2011-10-06,35.68,35.68,0,0.01971991998,0.01971991998
2011-10-07,36.04,36.04,0,0.0100896861,0.0100896861
2011-10-11,37,37,0,0.02663706992,0.02663706992
2011-10-12,36.97,36.97,0,-0.0008108108108,-0.0008108108108
2011-10-13,37.08,37.08,0,0.002975385448,0.002975385448
2011-10-14,36.82,36.82,0,-0.007011866235,-0.007011866235
2011-10-17,37.3,37.3,0,0.01303639326,0.01303639326
2011-10-18,36.77,36.77,0,-0.01420911528,-0.01420911528
2011-10-19,36.58,36.58,0,-0.005167255915,-0.005167255915
2011-10-20,36.12,36.12,0,-0.01257517769,-0.01257517769
2011-10-21,36.18,36.18,0,0.001661129568,0.001661129568
2011-10-24,37.42,37.42,0,0.03427307905,0.03427307905
2011-10-25,37.48,37.48,0,0.001603420631,0.001603420631
2011-10-26,37.72,37.72,0,0.006403415155,0.006403415155
2011-10-27,37.91,37.91,0,0.005037115589,0.005037115589
2011-10-28,38.17,38.17,0,0.006858348721,0.006858348721
2011-10-31,37.83,37.83,0,-0.008907518994,-0.008907518994
2011-11-01,38.14,38.14,0,0.008194554586,0.008194554586
2011-11-02,38.11,38.11,0,-0.0007865757735,-0.0007865757735
2011-11-03,37.32,37.32,0,-0.02072946733,-0.02072946733
2011-11-04,38.1,38.1,0,0.02090032154,0.02090032154
2011-11-07,38.17,38.17,0,0.001837270341,0.001837270341
2011-11-08,37.98,37.98,0,-0.004977731203,-0.004977731203
2011-11-09,37.93,37.93,0,-0.001316482359,-0.001316482359
2011-11-10,36.64,36.64,0,-0.03401001846,-0.03401001846
2011-11-11,36.75,36.75,0,0.003002183406,0.003002183406
2011-11-14,37.66,37.66,0,0.02476190476,0.02476190476
2011-11-15,37.44,37.44,0,-0.005841741901,-0.005841741901
2011-11-16,36.83,36.83,0,-0.01629273504,-0.01629273504
2011-11-17,36.88,36.88,0,0.001357588922,0.001357588922
2011-11-18,36.51,36.51,0,-0.01003253796,-0.01003253796
2011-11-21,35.29,35.29,0,-0.0334155026,-0.0334155026
2011-11-22,35.1,35.1,0,-0.005383961462,-0.005383961462
2011-11-23,34.06,34.06,0,-0.02962962963,-0.02962962963
2011-11-24,34.25,34.25,0,0.005578391075,0.005578391075
2011-11-25,33.97,33.97,0,-0.008175182482,-0.008175182482
2011-11-28,34.57,34.57,0,0.01766264351,0.01766264351
2011-11-29,34.99,34.99,0,0.01214926237,0.01214926237
2011-11-30,34.38,34.38,0,-0.01743355244,-0.01743355244
2011-12-01,36.08,36.08,0,0.04944735311,0.04944735311
2011-12-02,35.86,35.86,0,-0.006097560976,-0.006097560976
2011-12-05,35.73,35.73,0,-0.003625209147,-0.003625209147
2011-12-06,34.87,34.87,0,-0.02406940946,-0.02406940946
2011-12-07,35.21,35.21,0,0.009750501864,0.009750501864
2011-12-08,34.89,34.89,0,-0.00908832718,-0.00908832718
2011-12-09,34.52,34.52,0,-0.01060475781,-0.01060475781
2011-12-12,34.77,34.77,0,0.007242178447,0.007242178447
2011-12-13,34.54,34.54,0,-0.0066148979,-0.0066148979
2011-12-14,34.62,34.62,0,0.002316155182,0.002316155182
2011-12-15,33.92,33.92,0,-0.02021952629,-0.02021952629
2011-12-16,33.97,33.97,0,0.001474056604,0.001474056604
2011-12-19,33.19,33.19,0,-0.02296143656,-0.02296143656
2011-12-20,33.36,33.36,0,0.005122024706,0.005122024706
2011-12-21,34.78,34.78,0,0.04256594724,0.04256594724
2011-12-22,34.84,34.84,0,0.001725129385,0.001725129385
2011-12-23,35.56,35.56,0,0.02066590126,0.02066590126
2011-12-26,35.53,35.53,0,-0.0008436445444,-0.0008436445444
2011-12-27,35.45,35.45,0,-0.002251618351,-0.002251618351
2011-12-28,35.35,35.35,0,-0.002820874471,-0.002820874471
2011-12-29,35.37,35.37,0,0.0005657708628,0.0005657708628
2011-12-30,35.38,35.38,0,0.0002827254736,0.0002827254736
2012-01-02,34.88,34.88,0,-0.01413227812,-0.01413227812
2012-01-03,35.31,35.31,0,0.01232798165,0.01232798165
2012-01-04,35.38,35.38,0,0.001982441235,0.001982441235
2012-01-05,35.53,35.53,0,0.004239683437,0.004239683437
2012-01-06,35.45,35.45,0,-0.002251618351,-0.002251618351
2012-01-09,35.31,35.31,0,-0.00394922426,-0.00394922426
2012-01-10,35.88,35.88,0,0.01614273577,0.01614273577
2012-01-11,35.93,35.93,0,0.001393534002,0.001393534002
2012-01-12,35.95,35.95,0,0.000556637907,0.000556637907
2012-01-13,35.88,35.88,0,-0.001947148818,-0.001947148818
2012-01-16,35.58,35.58,0,-0.008361204013,-0.008361204013
2012-01-17,36.09,36.09,0,0.01433389545,0.01433389545
2012-01-18,36.14,36.14,0,0.001385425326,0.001385425326
2012-01-30,37.07,37.07,0,0.02573325955,0.02573325955
2012-01-31,37.28,37.28,0,0.005664958187,0.005664958187
2012-02-01,37.68,37.68,0,0.01072961373,0.01072961373
2012-02-02,38.1,38.1,0,0.01114649682,0.01114649682
2012-02-03,38.17,38.17,0,0.001837270341,0.001837270341
2012-02-04,38.7,38.7,0,0.0138852502,0.0138852502
2012-02-06,38.37,38.37,0,-0.008527131783,-0.008527131783
2012-02-07,38.48,38.48,0,0.002866823039,0.002866823039
2012-02-08,39.27,39.27,0,0.02053014553,0.02053014553
2012-02-09,39.31,39.31,0,0.001018589254,0.001018589254
2012-02-10,39.27,39.27,0,-0.001017552786,-0.001017552786
2012-02-13,39.56,39.56,0,0.007384772091,0.007384772091
2012-02-14,39.21,39.21,0,-0.008847320526,-0.008847320526
2012-02-15,39.92,39.92,0,0.01810762561,0.01810762561
2012-02-16,39.26,39.26,0,-0.01653306613,-0.01653306613
2012-02-17,39.51,39.51,0,0.006367804381,0.006367804381
2012-02-20,39.71,39.71,0,0.005062009618,0.005062009618
2012-02-21,39.5,39.5,0,-0.005288340468,-0.005288340468
2012-02-22,39.93,39.93,0,0.01088607595,0.01088607595
2012-02-23,39.64,39.64,0,-0.007262709742,-0.007262709742
2012-02-24,39.58,39.58,0,-0.001513622603,-0.001513622603
2012-02-29,40.38,40.38,0,0.0202122284,0.0202122284
2012-03-01,40.75,40.75,0,0.009162951956,0.009162951956
2012-03-02,40.61,40.61,0,-0.003435582822,-0.003435582822
2012-03-03,40.49,40.49,0,-0.002954937208,-0.002954937208
2012-03-05,39.94,39.94,0,-0.01358360089,-0.01358360089
2012-03-06,39.33,39.33,0,-0.01527290936,-0.01527290936
2012-03-07,39.3,39.3,0,-0.0007627765065,-0.0007627765065
2012-03-08,39.82,39.82,0,0.01323155216,0.01323155216
2012-03-09,39.86,39.86,0,0.001004520342,0.001004520342
2012-03-12,39.52,39.52,0,-0.008529854491,-0.008529854491
2012-03-13,40,40,0,0.01214574899,0.01214574899
2012-03-14,40.68,40.68,0,0.017,0.017
2012-03-15,40.48,40.48,0,-0.004916420846,-0.004916420846
2012-03-16,40.36,40.36,0,-0.002964426877,-0.002964426877
2012-03-19,39.9,39.9,0,-0.01139742319,-0.01139742319
2012-03-20,39.74,39.74,0,-0.004010025063,-0.004010025063
2012-03-21,39.67,39.67,0,-0.001761449421,-0.001761449421
2012-03-22,40.26,40.26,0,0.01487269977,0.01487269977
2012-03-23,40.16,40.16,0,-0.002483854943,-0.002483854943
2012-03-26,39.62,39.62,0,-0.01344621514,-0.01344621514
2012-03-27,39.82,39.82,0,0.005047955578,0.005047955578
2012-03-28,40.15,40.15,0,0.008287292818,0.008287292818
2012-03-29,39.09,39.09,0,-0.02640099626,-0.02640099626
2012-03-30,39.07,39.07,0,-0.0005116398056,-0.0005116398056
2012-04-02,39.22,39.22,0,0.003839262862,0.003839262862
2012-04-03,38.59,38.59,0,-0.01606323304,-0.01606323304
2012-04-05,38.15,38.15,0,-0.0114019176,-0.0114019176
2012-04-06,38.17,38.17,0,0.0005242463958,0.0005242463958
2012-04-09,37.82,37.82,0,-0.009169504847,-0.009169504847
2012-04-10,37.93,37.93,0,0.002908514014,0.002908514014
2012-04-11,38.04,38.04,0,0.002900079093,0.002900079093
2012-04-12,38.05,38.05,0,0.0002628811777,0.0002628811777
2012-04-13,38.45,38.45,0,0.01051248357,0.01051248357
2012-04-16,38.41,38.41,0,-0.001040312094,-0.001040312094
2012-04-17,37.89,37.89,0,-0.01353814111,-0.01353814111
2012-04-18,38.05,38.05,0,0.004222750066,0.004222750066
2012-04-19,37.83,37.83,0,-0.005781865966,-0.005781865966
2012-04-20,37.5,37.5,0,-0.008723235527,-0.008723235527
2012-04-23,37.2,37.2,0,-0.008,-0.008
2012-04-24,37.18,37.18,0,-0.0005376344086,-0.0005376344086
2012-04-26,37.49,37.49,0,0.00833781603,0.00833781603
2012-04-27,37.24,37.24,0,-0.006668444919,-0.006668444919
2012-04-30,37,37,0,-0.006444683136,-0.006444683136
2012-05-02,38.09,38.09,0,0.02945945946,0.02945945946
2012-05-03,38.14,38.14,0,0.001312680494,0.001312680494
2012-05-04,38.14,38.14,0,0,0
2012-05-07,37.37,37.37,0,-0.02018877819,-0.02018877819
2012-05-08,37.41,37.41,0,0.001070377308,0.001070377308
2012-05-09,37.09,37.09,0,-0.008553862604,-0.008553862604
2012-05-10,37.08,37.08,0,-0.0002696144513,-0.0002696144513
2012-05-11,36.71,36.71,0,-0.009978425027,-0.009978425027
2012-05-14,36.57,36.57,0,-0.003813674748,-0.003813674748
2012-05-15,36.73,36.73,0,0.004375170905,0.004375170905
2012-05-16,36.6,36.6,0,-0.003539341138,-0.003539341138
2012-05-17,36.34,36.34,0,-0.007103825137,-0.007103825137
2012-05-18,35.52,35.52,0,-0.02256466703,-0.02256466703
2012-05-21,35.86,35.86,0,0.009572072072,0.009572072072
2012-05-22,36.05,36.05,0,0.005298382599,0.005298382599
2012-05-23,35.45,35.45,0,-0.01664355062,-0.01664355062
2012-05-24,35.29,35.29,0,-0.004513399154,-0.004513399154
2012-05-25,35.26,35.26,0,-0.0008500991782,-0.0008500991782
2012-05-28,35.46,35.46,0,0.005672149745,0.005672149745
2012-05-29,36.45,36.45,0,0.02791878173,0.02791878173
2012-05-30,36.04,36.04,0,-0.01124828532,-0.01124828532
2012-05-31,35.88,35.88,0,-0.004439511654,-0.004439511654
2012-06-01,35.34,35.34,0,-0.01505016722,-0.01505016722
2012-06-04,34.2,34.2,0,-0.03225806452,-0.03225806452
2012-06-05,34.74,34.74,0,0.01578947368,0.01578947368
2012-06-06,35.06,35.06,0,0.009211283823,0.009211283823
2012-06-07,35.08,35.08,0,0.000570450656,0.000570450656
2012-06-08,34.66,34.66,0,-0.01197263398,-0.01197263398
2012-06-11,35.23,35.23,0,0.01644547028,0.01644547028
2012-06-12,34.98,34.98,0,-0.007096224808,-0.007096224808
2012-06-13,34.98,34.98,0,0,0
2012-06-14,35.2,35.2,0,0.006289308176,0.006289308176
2012-06-15,35.56,35.56,0,0.01022727273,0.01022727273
2012-06-18,36.2,36.2,0,0.01799775028,0.01799775028
2012-06-19,36.1,36.1,0,-0.002762430939,-0.002762430939
2012-06-20,36.35,36.35,0,0.006925207756,0.006925207756
2012-06-21,36.14,36.14,0,-0.005777166437,-0.005777166437
2012-06-22,35.59,35.59,0,-0.01521859436,-0.01521859436
2012-06-25,35.25,35.25,0,-0.009553245294,-0.009553245294
2012-06-26,35.18,35.18,0,-0.001985815603,-0.001985815603
2012-06-27,35.5,35.5,0,0.009096077317,0.009096077317
2012-06-28,35.58,35.58,0,0.002253521127,0.002253521127
2012-06-29,35.71,35.71,0,0.003653738055,0.003653738055
2012-07-02,36.35,36.35,0,0.01792215066,0.01792215066
2012-07-03,36.77,36.77,0,0.01155433287,0.01155433287
2012-07-05,37.06,37.06,0,0.007886864292,0.007886864292
2012-07-06,36.86,36.86,0,-0.005396654074,-0.005396654074
2012-07-09,36.73,36.73,0,-0.003526858383,-0.003526858383
2012-07-10,36.46,36.46,0,-0.007350939287,-0.007350939287
2012-07-11,36.52,36.52,0,0.001645639057,0.001645639057
2012-07-12,36.02,36.02,0,-0.01369112815,-0.01369112815
2012-07-13,36.04,36.04,0,0.000555247085,0.000555247085
2012-07-16,35.88,35.88,0,-0.004439511654,-0.004439511654
2012-07-17,36.24,36.24,0,0.01003344482,0.01003344482
2012-07-18,35.66,35.66,0,-0.01600441501,-0.01600441501
2012-07-19,35.92,35.92,0,0.007291082445,0.007291082445
2012-07-20,36.15,36.15,0,0.00640311804,0.00640311804
2012-07-23,35.35,35.35,0,-0.02213001383,-0.02213001383
2012-07-24,35.41,35.41,0,0.001697312588,0.001697312588
2012-07-25,35.36,35.36,0,-0.0014120305,-0.0014120305
2012-07-26,35.52,35.52,0,0.004524886878,0.004524886878
2012-07-27,36.22,36.22,0,0.01970720721,0.01970720721
2012-07-30,36.5,36.5,0,0.007730535616,0.007730535616
2012-07-31,37.02,37.02,0,0.01424657534,0.01424657534
2012-08-01,37.1,37.1,0,0.002160994057,0.002160994057
2012-08-03,36.84,36.84,0,-0.007008086253,-0.007008086253
2012-08-06,37.37,37.37,0,0.01438653637,0.01438653637
2012-08-07,37.35,37.35,0,-0.000535188654,-0.000535188654
2012-08-08,37.63,37.63,0,0.00749665328,0.00749665328
2012-08-09,38.41,38.41,0,0.02072814244,0.02072814244
2012-08-10,38.41,38.41,0,0,0
2012-08-13,38.43,38.43,0,0.000520697735,0.000520697735
2012-08-14,38.63,38.63,0,0.005204267499,0.005204267499
2012-08-15,38.54,38.54,0,-0.002329795496,-0.002329795496
2012-08-16,38.74,38.74,0,0.005189413596,0.005189413596
2012-08-17,38.69,38.69,0,-0.001290655653,-0.001290655653
2012-08-20,38.42,38.42,0,-0.006978547428,-0.006978547428
2012-08-21,38.85,38.85,0,0.01119208745,0.01119208745
2012-08-22,38.75,38.75,0,-0.002574002574,-0.002574002574
2012-08-23,38.79,38.79,0,0.001032258065,0.001032258065
2012-08-24,38.63,38.63,0,-0.004124774426,-0.004124774426
2012-08-27,38.58,38.58,0,-0.001294330831,-0.001294330831
2012-08-28,38.11,38.11,0,-0.01218247797,-0.01218247797
2012-08-29,38.27,38.27,0,0.00419837313,0.00419837313
2012-08-30,37.99,37.99,0,-0.007316435851,-0.007316435851
2012-08-31,38.1,38.1,0,0.002895498815,0.002895498815
2012-09-03,38.41,38.41,0,0.00813648294,0.00813648294
2012-09-04,38.4,38.4,0,-0.0002603488675,-0.0002603488675
2012-09-05,37.91,37.91,0,-0.01276041667,-0.01276041667
2012-09-06,37.71,37.71,0,-0.005275652862,-0.005275652862
2012-09-07,38.27,38.27,0,0.01485017237,0.01485017237
2012-09-10,38.46,38.46,0,0.004964724327,0.004964724327
2012-09-11,38.46,38.46,0,0,0
2012-09-12,39.02,39.02,0,0.01456058242,0.01456058242
2012-09-13,39.13,39.13,0,0.002819067145,0.002819067145
2012-09-14,39.94,39.94,0,0.02070023,0.02070023
2012-09-17,40,40,0,0.00150225338,0.00150225338
2012-09-18,39.97,39.97,0,-0.00075,-0.00075
2012-09-19,40.19,40.19,0,0.005504128096,0.005504128096
2012-09-20,39.96,39.96,0,-0.005722816621,-0.005722816621
2012-09-21,40.08,40.08,0,0.003003003003,0.003003003003
2012-09-24,40.11,40.11,0,0.000748502994,0.000748502994
2012-09-25,40,40,0,-0.00274245824,-0.00274245824
2012-09-26,39.67,39.67,0,-0.00825,-0.00825
2012-09-27,39.79,39.79,0,0.003024955886,0.003024955886
2012-09-28,39.8,39.8,0,0.000251319427,0.000251319427
2012-10-01,39.65,39.65,0,-0.003768844221,-0.003768844221
2012-10-02,39.88,39.88,0,0.00580075662,0.00580075662
2012-10-03,39.72,39.72,0,-0.004012036108,-0.004012036108
2012-10-04,39.7,39.7,0,-0.0005035246727,-0.0005035246727
2012-10-05,39.73,39.73,0,0.0007556675063,0.0007556675063
2012-10-08,39.33,39.33,0,-0.01006795872,-0.01006795872
2012-10-09,39.22,39.22,0,-0.00279684719,-0.00279684719
2012-10-11,38.47,38.47,0,-0.01912289648,-0.01912289648
2012-10-12,38.32,38.32,0,-0.003899142189,-0.003899142189
2012-10-15,38.27,38.27,0,-0.00130480167,-0.00130480167
2012-10-16,38.4,38.4,0,0.003396916645,0.003396916645
2012-10-17,38.4,38.4,0,0,0
2012-10-18,38.43,38.43,0,0.00078125,0.00078125
2012-10-19,38.17,38.17,0,-0.006765547749,-0.006765547749
2012-10-22,37.94,37.94,0,-0.006025674614,-0.006025674614
2012-10-23,37.73,37.73,0,-0.005535055351,-0.005535055351
2012-10-24,37.66,37.66,0,-0.00185528757,-0.00185528757
2012-10-25,37.47,37.47,0,-0.005045140733,-0.005045140733
2012-10-26,35.51,35.51,1.21,-0.02001601281,-0.02001601281
2012-10-29,35.47,35.47,0,-0.001126443255,-0.001126443255
2012-10-30,35.89,35.89,0,0.01184099239,0.01184099239
2012-10-31,35.7,35.7,0,-0.005293953748,-0.005293953748
2012-11-01,35.8,35.8,0,0.002801120448,0.002801120448
2012-11-02,35.98,35.98,0,0.005027932961,0.005027932961
2012-11-05,35.85,35.85,0,-0.003613118399,-0.003613118399
2012-11-06,36.24,36.24,0,0.01087866109,0.01087866109
2012-11-07,36.38,36.38,0,0.003863134658,0.003863134658
2012-11-08,36.05,36.05,0,-0.009070918087,-0.009070918087
2012-11-09,36.4,36.4,0,0.009708737864,0.009708737864
2012-11-12,36.27,36.27,0,-0.003571428571,-0.003571428571
2012-11-13,35.5,35.5,0,-0.02122966639,-0.02122966639
2012-11-14,35.66,35.66,0,0.004507042254,0.004507042254
2012-11-15,35.61,35.61,0,-0.001402131239,-0.001402131239
2012-11-16,35.52,35.52,0,-0.002527379949,-0.002527379949
2012-11-19,35.6,35.6,0,0.002252252252,0.002252252252
2012-11-20,35.62,35.62,0,0.0005617977528,0.0005617977528
2012-11-21,35.3,35.3,0,-0.008983717013,-0.008983717013
2012-11-22,35.43,35.43,0,0.003682719547,0.003682719547
2012-11-23,36.57,36.57,0,0.03217612193,0.03217612193
2012-11-26,36.98,36.98,0,0.01121137544,0.01121137544
2012-11-27,37.08,37.08,0,0.002704164413,0.002704164413
2012-11-28,37.11,37.11,0,0.0008090614887,0.0008090614887
2012-11-29,37.57,37.57,0,0.01239558071,0.01239558071
2012-11-30,37.91,37.91,0,0.009049773756,0.009049773756
2012-12-03,37.96,37.96,0,0.001318913216,0.001318913216
2012-12-04,37.98,37.98,0,0.0005268703899,0.0005268703899
2012-12-05,38.23,38.23,0,0.006582411796,0.006582411796
2012-12-06,38.17,38.17,0,-0.001569448077,-0.001569448077
2012-12-07,38.27,38.27,0,0.002619858528,0.002619858528
2012-12-10,38.1,38.1,0,-0.004442121766,-0.004442121766
2012-12-11,38.13,38.13,0,0.0007874015748,0.0007874015748
2012-12-12,38.47,38.47,0,0.008916863362,0.008916863362
2012-12-13,38.82,38.82,0,0.00909799844,0.00909799844
2012-12-14,38.57,38.57,0,-0.006439979392,-0.006439979392
2012-12-17,38.14,38.14,0,-0.01114856106,-0.01114856106
2012-12-18,38.21,38.21,0,0.001835343471,0.001835343471
2012-12-19,38.34,38.34,0,0.00340225072,0.00340225072
2012-12-20,37.85,37.85,0,-0.01278038602,-0.01278038602
2012-12-21,37.52,37.52,0,-0.008718626156,-0.008718626156
2012-12-22,37.67,37.67,0,0.003997867804,0.003997867804
2012-12-24,37.6,37.6,0,-0.001858242633,-0.001858242633
2012-12-25,38.26,38.26,0,0.01755319149,0.01755319149
2012-12-26,38.2,38.2,0,-0.001568217459,-0.001568217459
2012-12-27,38.13,38.13,0,-0.001832460733,-0.001832460733
2012-12-28,38.39,38.39,0,0.006818777865,0.006818777865
2013-01-02,38.82,38.82,0,0.01120083355,0.01120083355
2013-01-03,39.06,39.06,0,0.006182380216,0.006182380216
2013-01-04,38.82,38.82,0,-0.006144393241,-0.006144393241
2013-01-07,38.65,38.65,0,-0.004379185987,-0.004379185987
2013-01-08,38.4,38.4,0,-0.006468305304,-0.006468305304
2013-01-09,38.67,38.67,0,0.00703125,0.00703125
2013-01-10,39.05,39.05,0,0.009826739074,0.009826739074
2013-01-11,38.98,38.98,0,-0.001792573624,-0.001792573624
2013-01-14,38.99,38.99,0,0.0002565418163,0.0002565418163
2013-01-15,38.58,38.58,0,-0.0105155168,-0.0105155168
2013-01-16,38.3,38.3,0,-0.007257646449,-0.007257646449
2013-01-17,37.9,37.9,0,-0.01044386423,-0.01044386423
2013-01-18,38.42,38.42,0,0.01372031662,0.01372031662
2013-01-21,38.46,38.46,0,0.001041124414,0.001041124414
2013-01-22,38.65,38.65,0,0.004940197608,0.004940197608
2013-01-23,38.57,38.57,0,-0.002069857697,-0.002069857697
2013-01-24,38.26,38.26,0,-0.008037334716,-0.008037334716
2013-01-25,38.18,38.18,0,-0.002090956613,-0.002090956613
2013-01-28,38.46,38.46,0,0.007333682556,0.007333682556
2013-01-29,38.96,38.96,0,0.01300052002,0.01300052002
2013-01-30,39.08,39.08,0,0.003080082136,0.003080082136
2013-01-31,39.12,39.12,0,0.001023541453,0.001023541453
2013-02-01,39.27,39.27,0,0.003834355828,0.003834355828
2013-02-04,39.56,39.56,0,0.007384772091,0.007384772091
2013-02-05,39.5,39.5,0,-0.001516683519,-0.001516683519
2013-02-06,39.49,39.49,0,-0.000253164557,-0.000253164557
2013-02-18,39.68,39.68,0,0.004811344644,0.004811344644
2013-02-19,39.73,39.73,0,0.001260080645,0.001260080645
2013-02-20,39.99,39.99,0,0.006544173169,0.006544173169
2013-02-21,39.77,39.77,0,-0.005501375344,-0.005501375344
2013-02-22,39.65,39.65,0,-0.003017349761,-0.003017349761
2013-02-23,39.88,39.88,0,0.00580075662,0.00580075662
2013-02-25,39.7,39.7,0,-0.004513540622,-0.004513540622
2013-02-26,39.33,39.33,0,-0.009319899244,-0.009319899244
2013-02-27,39.38,39.38,0,0.001271294177,0.001271294177
2013-03-01,39.58,39.58,0,0.005078720163,0.005078720163
2013-03-04,39.16,39.16,0,-0.01061141991,-0.01061141991
2013-03-05,39.48,39.48,0,0.008171603677,0.008171603677
2013-03-06,39.63,39.63,0,0.003799392097,0.003799392097
2013-03-07,39.68,39.68,0,0.001261670452,0.001261670452
2013-03-08,39.92,39.92,0,0.006048387097,0.006048387097
2013-03-11,40.15,40.15,0,0.005761523046,0.005761523046
2013-03-12,39.9,39.9,0,-0.006226650062,-0.006226650062
2013-03-13,39.89,39.89,0,-0.0002506265664,-0.0002506265664
2013-03-14,39.71,39.71,0,-0.004512409125,-0.004512409125
2013-03-15,39.54,39.54,0,-0.004281037522,-0.004281037522
2013-03-18,38.88,38.88,0,-0.01669195751,-0.01669195751
2013-03-19,39.05,39.05,0,0.004372427984,0.004372427984
2013-03-20,38.81,38.81,0,-0.006145966709,-0.006145966709
2013-03-21,38.89,38.89,0,0.002061324401,0.002061324401
2013-03-22,38.84,38.84,0,-0.001285677552,-0.001285677552
2013-03-25,39.1,39.1,0,0.006694129763,0.006694129763
2013-03-26,39.1,39.1,0,0,0
2013-03-27,39.21,39.21,0,0.002813299233,0.002813299233
2013-03-28,39.08,39.08,0,-0.003315480745,-0.003315480745
2013-03-29,39.49,39.49,0,0.0104912999,0.0104912999
2013-04-01,39.49,39.49,0,0,0
2013-04-02,39.4,39.4,0,-0.002279057989,-0.002279057989
2013-04-03,39.56,39.56,0,0.004060913706,0.004060913706
2013-04-08,38.65,38.65,0,-0.02300303337,-0.02300303337
2013-04-09,38.49,38.49,0,-0.004139715395,-0.004139715395
2013-04-10,38.53,38.53,0,0.001039230969,0.001039230969
2013-04-11,39.01,39.01,0,0.01245782507,0.01245782507
2013-04-12,38.88,38.88,0,-0.003332478852,-0.003332478852
2013-04-15,38.66,38.66,0,-0.005658436214,-0.005658436214
2013-04-16,38.82,38.82,0,0.004138644594,0.004138644594
2013-04-17,38.77,38.77,0,-0.001287995878,-0.001287995878
2013-04-18,38.67,38.67,0,-0.002579313903,-0.002579313903
2013-04-19,39.58,39.58,0,0.0235324541,0.0235324541
2013-04-22,39.68,39.68,0,0.00252652855,0.00252652855
2013-04-23,39.49,39.49,0,-0.004788306452,-0.004788306452
2013-04-24,39.86,39.86,0,0.009369460623,0.009369460623
2013-04-25,39.92,39.92,0,0.00150526844,0.00150526844
2013-04-26,39.97,39.97,0,0.00125250501,0.00125250501
2013-04-29,40,40,0,0.0007505629222,0.0007505629222
2013-04-30,40.38,40.38,0,0.0095,0.0095
2013-05-02,40.51,40.51,0,0.003219415552,0.003219415552
2013-05-03,40.57,40.57,0,0.001481115774,0.001481115774
2013-05-06,40.73,40.73,0,0.003943800838,0.003943800838
2013-05-07,40.8,40.8,0,0.001718634913,0.001718634913
2013-05-08,41.28,41.28,0,0.01176470588,0.01176470588
2013-05-09,41.47,41.47,0,0.004602713178,0.004602713178
2013-05-10,41.39,41.39,0,-0.001929105377,-0.001929105377
2013-05-13,41.19,41.19,0,-0.004832085045,-0.004832085045
2013-05-14,41.29,41.29,0,0.002427773731,0.002427773731
2013-05-15,41.44,41.44,0,0.003632840882,0.003632840882
2013-05-16,42,42,0,0.01351351351,0.01351351351
2013-05-17,41.95,41.95,0,-0.00119047619,-0.00119047619
2013-05-20,41.84,41.84,0,-0.002622169249,-0.002622169249
2013-05-21,41.85,41.85,0,0.0002390057361,0.0002390057361
2013-05-22,41.92,41.92,0,0.001672640382,0.001672640382
2013-05-23,40.99,40.99,0,-0.0221851145,-0.0221851145
2013-05-24,40.87,40.87,0,-0.002927543303,-0.002927543303
2013-05-27,41.18,41.18,0,0.007585025691,0.007585025691
2013-05-28,41.17,41.17,0,-0.0002428363283,-0.0002428363283
2013-05-29,41.48,41.48,0,0.007529754676,0.007529754676
2013-05-30,41.05,41.05,0,-0.01036644166,-0.01036644166
2013-05-31,41.04,41.04,0,-0.0002436053593,-0.0002436053593
2013-06-03,40.82,40.82,0,-0.005360623782,-0.005360623782
2013-06-04,40.65,40.65,0,-0.004164625184,-0.004164625184
2013-06-05,40.61,40.61,0,-0.0009840098401,-0.0009840098401
2013-06-06,40.23,40.23,0,-0.009357301157,-0.009357301157
2013-06-07,40.21,40.21,0,-0.0004971414367,-0.0004971414367
2013-06-10,40.54,40.54,0,0.008206913703,0.008206913703
2013-06-11,40.43,40.43,0,-0.002713369512,-0.002713369512
2013-06-13,39.59,39.59,0,-0.020776651,-0.020776651
2013-06-14,39.46,39.46,0,-0.003283657489,-0.003283657489
2013-06-17,39.71,39.71,0,0.00633552965,0.00633552965
2013-06-18,39.84,39.84,0,0.003273734576,0.003273734576
2013-06-19,39.95,39.95,0,0.002761044177,0.002761044177
2013-06-20,39.17,39.17,0,-0.01952440551,-0.01952440551
2013-06-21,38.78,38.78,0,-0.009956599438,-0.009956599438
2013-06-24,38.61,38.61,0,-0.00438370294,-0.00438370294
2013-06-25,38.36,38.36,0,-0.006475006475,-0.006475006475
2013-06-26,38.7,38.7,0,0.008863399374,0.008863399374
2013-06-27,39.06,39.06,0,0.009302325581,0.009302325581
2013-06-28,39.99,39.99,0,0.02380952381,0.02380952381
2013-07-01,39.97,39.97,0,-0.0005001250313,-0.0005001250313
2013-07-02,39.92,39.92,0,-0.001250938204,-0.001250938204
2013-07-03,39.5,39.5,0,-0.01052104208,-0.01052104208
2013-07-04,39.48,39.48,0,-0.0005063291139,-0.0005063291139
2013-07-05,40.23,40.23,0,0.01899696049,0.01899696049
2013-07-08,39.55,39.55,0,-0.01690280885,-0.01690280885
2013-07-09,40.04,40.04,0,0.01238938053,0.01238938053
2013-07-10,40.14,40.14,0,0.002497502498,0.002497502498
2013-07-11,41.17,41.17,0,0.02566018934,0.02566018934
2013-07-12,41.28,41.28,0,0.002671848433,0.002671848433
2013-07-15,41.57,41.57,0,0.007025193798,0.007025193798
2013-07-16,41.6,41.6,0,0.0007216742843,0.0007216742843
2013-07-17,41.79,41.79,0,0.004567307692,0.004567307692
2013-07-18,41.51,41.51,0,-0.006700167504,-0.006700167504
2013-07-19,40.82,40.82,0,-0.0166225006,-0.0166225006
2013-07-22,41.09,41.09,0,0.006614404704,0.006614404704
2013-07-23,41.63,41.63,0,0.01314188367,0.01314188367
2013-07-24,41.61,41.61,0,-0.000480422772,-0.000480422772
2013-07-25,41.57,41.57,0,-0.000961307378,-0.000961307378
2013-07-26,41.43,41.43,0,-0.003367813327,-0.003367813327
2013-07-29,41.13,41.13,0,-0.007241129616,-0.007241129616
2013-07-30,41.56,41.56,0,0.01045465597,0.01045465597
2013-07-31,41.28,41.28,0,-0.006737247353,-0.006737247353
2013-08-01,41.13,41.13,0,-0.00363372093,-0.00363372093
2013-08-02,41.27,41.27,0,0.003403841478,0.003403841478
2013-08-05,41.43,41.43,0,0.003876908166,0.003876908166
2013-08-06,40.86,40.86,0,-0.01375814627,-0.01375814627
2013-08-07,40.31,40.31,0,-0.01346059716,-0.01346059716
2013-08-08,40.26,40.26,0,-0.001240387001,-0.001240387001
2013-08-09,40.01,40.01,0,-0.006209637357,-0.006209637357
2013-08-12,40.3,40.3,0,0.007248187953,0.007248187953
2013-08-13,40.71,40.71,0,0.01017369727,0.01017369727
2013-08-14,40.53,40.53,0,-0.004421518055,-0.004421518055
2013-08-15,40.27,40.27,0,-0.006415001234,-0.006415001234
2013-08-16,40.44,40.44,0,0.004221504842,0.004221504842
2013-08-19,40.31,40.31,0,-0.003214638971,-0.003214638971
2013-08-20,39.99,39.99,0,-0.007938476805,-0.007938476805
2013-08-22,39.83,39.83,0,-0.00400100025,-0.00400100025
2013-08-23,40.2,40.2,0,0.009289480291,0.009289480291
2013-08-26,40.29,40.29,0,0.00223880597,0.00223880597
2013-08-27,39.97,39.97,0,-0.007942417473,-0.007942417473
2013-08-28,40,40,0,0.0007505629222,0.0007505629222
2013-08-29,40.47,40.47,0,0.01175,0.01175
2013-08-30,41.06,41.06,0,0.01457870027,0.01457870027
2013-09-02,41.08,41.08,0,0.0004870920604,0.0004870920604
2013-09-03,41.37,41.37,0,0.0070593963,0.0070593963
2013-09-04,41.33,41.33,0,-0.0009668842156,-0.0009668842156
2013-09-05,41.74,41.74,0,0.009920154851,0.009920154851
2013-09-06,41.7,41.7,0,-0.0009583133685,-0.0009583133685
2013-09-09,41.89,41.89,0,0.004556354916,0.004556354916
2013-09-10,42.09,42.09,0,0.004774409167,0.004774409167
2013-09-11,41.96,41.96,0,-0.003088619625,-0.003088619625
2013-09-12,42.08,42.08,0,0.00285986654,0.00285986654
2013-09-13,41.78,41.78,0,-0.007129277567,-0.007129277567
2013-09-14,41.76,41.76,0,-0.0004786979416,-0.0004786979416
2013-09-16,42.24,42.24,0,0.01149425287,0.01149425287
2013-09-17,42.17,42.17,0,-0.00165719697,-0.00165719697
2013-09-18,42.03,42.03,0,-0.00331989566,-0.00331989566
2013-09-23,42.41,42.41,0,0.009041161075,0.009041161075
2013-09-24,42.43,42.43,0,0.0004715868899,0.0004715868899
2013-09-25,42.34,42.34,0,-0.002121140702,-0.002121140702
2013-09-26,41.89,41.89,0,-0.01062824752,-0.01062824752
2013-09-27,42.07,42.07,0,0.00429696825,0.00429696825
2013-09-30,41.81,41.81,0,-0.006180175897,-0.006180175897
2013-10-01,41.84,41.84,0,0.000717531691,0.000717531691
2013-10-02,41.98,41.98,0,0.003346080306,0.003346080306
2013-10-03,42.75,42.75,0,0.01834206765,0.01834206765
2013-10-04,42.83,42.83,0,0.001871345029,0.001871345029
2013-10-07,42.59,42.59,0,-0.005603548914,-0.005603548914
2013-10-08,42.83,42.83,0,0.005635125616,0.005635125616
2013-10-09,42.67,42.67,0,-0.003735699276,-0.003735699276
2013-10-11,42.81,42.81,0,0.003280993672,0.003280993672
2013-10-14,42.43,42.43,0,-0.00887643074,-0.00887643074
2013-10-15,42.81,42.81,0,0.00895592741,0.00895592741
2013-10-16,42.68,42.68,0,-0.003036673674,-0.003036673674
2013-10-17,42.87,42.87,0,0.004451733833,0.004451733833
2013-10-18,43.15,43.15,0,0.006531373921,0.006531373921
2013-10-21,43.05,43.05,0,-0.002317497103,-0.002317497103
2013-10-22,43.03,43.03,0,-0.0004645760743,-0.0004645760743
2013-10-23,42.92,42.92,0,-0.002556356031,-0.002556356031
2013-10-24,42.96,42.96,0,0.0009319664492,0.0009319664492
2013-10-25,41.7,41.7,0.9,-0.008379888268,-0.008379888268
2013-10-28,41.96,41.96,0,0.00623501199,0.00623501199
2013-10-29,42.1,42.1,0,0.003336510963,0.003336510963
2013-10-30,42.29,42.29,0,0.004513064133,0.004513064133
2013-10-31,42.21,42.21,0,-0.001891700166,-0.001891700166
2013-11-01,41.93,41.93,0,-0.006633499171,-0.006633499171
2013-11-04,41.8,41.8,0,-0.003100405438,-0.003100405438
2013-11-05,41.35,41.35,0,-0.01076555024,-0.01076555024
2013-11-06,43.8,43.8,0,0.0592503023,0.0592503023
2013-11-07,41.4,41.4,0,-0.05479452055,-0.05479452055
2013-11-08,41.15,41.15,0,-0.006038647343,-0.006038647343
2013-11-11,40.96,40.96,0,-0.004617253949,-0.004617253949
2013-11-12,41.09,41.09,0,0.003173828125,0.003173828125
2013-11-13,40.57,40.57,0,-0.01265514724,-0.01265514724
2013-11-14,40.73,40.73,0,0.003943800838,0.003943800838
2013-11-15,40.93,40.93,0,0.004910385465,0.004910385465
2013-11-18,41,41,0,0.00171023699,0.00171023699
2013-11-19,41.37,41.37,0,0.009024390244,0.009024390244
2013-11-20,41.13,41.13,0,-0.005801305294,-0.005801305294
2013-11-21,40.53,40.53,0,-0.01458789205,-0.01458789205
2013-11-22,40.63,40.63,0,0.002467308167,0.002467308167
2013-11-25,41.01,41.01,0,0.009352695053,0.009352695053
2013-11-26,41.34,41.34,0,0.008046817849,0.008046817849
2013-11-27,41.53,41.53,0,0.004596032898,0.004596032898
2013-11-28,41.86,41.86,0,0.007946063087,0.007946063087
2013-11-29,42.06,42.06,0,0.004777830865,0.004777830865
2013-12-02,42.1,42.1,0,0.000951022349,0.000951022349
2013-12-03,42.06,42.06,0,-0.0009501187648,-0.0009501187648
2013-12-04,42.13,42.13,0,0.001664289111,0.001664289111
2013-12-05,41.9,41.9,0,-0.005459292666,-0.005459292666
2013-12-06,41.91,41.91,0,0.0002386634845,0.0002386634845
2013-12-09,42.23,42.23,0,0.00763540921,0.00763540921
2013-12-10,42.25,42.25,0,0.000473596969,0.000473596969
2013-12-11,42.15,42.15,0,-0.002366863905,-0.002366863905
2013-12-12,41.85,41.85,0,-0.007117437722,-0.007117437722
2013-12-13,41.87,41.87,0,0.0004778972521,0.0004778972521
2013-12-16,41.61,41.61,0,-0.00620969668,-0.00620969668
2013-12-17,41.79,41.79,0,0.004325883201,0.004325883201
2013-12-18,41.72,41.72,0,-0.001675041876,-0.001675041876
2013-12-19,41.98,41.98,0,0.006232023011,0.006232023011
2013-12-20,42.01,42.01,0,0.0007146260124,0.0007146260124
2013-12-23,42.25,42.25,0,0.005712925494,0.005712925494
2013-12-24,42.27,42.27,0,0.0004733727811,0.0004733727811
2013-12-25,42.31,42.31,0,0.0009462976106,0.0009462976106
2013-12-26,42.4,42.4,0,0.002127156701,0.002127156701
2013-12-27,42.62,42.62,0,0.005188679245,0.005188679245
2013-12-30,43.03,43.03,0,0.009619896762,0.009619896762
2013-12-31,42.96,42.96,0,-0.00162677202,-0.00162677202
2014-01-02,42.97,42.97,0,0.0002327746741,0.0002327746741
2014-01-03,42.64,42.64,0,-0.007679776588,-0.007679776588
2014-01-06,42.43,42.43,0,-0.004924953096,-0.004924953096
2014-01-07,42.53,42.53,0,0.002356823003,0.002356823003
2014-01-08,42.7,42.7,0,0.003997178462,0.003997178462
2014-01-09,42.5,42.5,0,-0.004683840749,-0.004683840749
2014-01-10,42.53,42.53,0,0.0007058823529,0.0007058823529
2014-01-13,42.72,42.72,0,0.004467434752,0.004467434752
2014-01-14,42.74,42.74,0,0.000468164794,0.000468164794
2014-01-15,42.91,42.91,0,0.003977538606,0.003977538606
2014-01-16,42.95,42.95,0,0.0009321836402,0.0009321836402
2014-01-17,42.86,42.86,0,-0.002095459837,-0.002095459837
2014-01-20,42.98,42.98,0,0.002799813346,0.002799813346
2014-01-21,42.92,42.92,0,-0.001395998139,-0.001395998139
2014-01-22,43,43,0,0.001863932898,0.001863932898
2014-01-23,42.85,42.85,0,-0.003488372093,-0.003488372093
2014-01-24,42.81,42.81,0,-0.0009334889148,-0.0009334889148
2014-01-27,42.26,42.26,0,-0.01284746555,-0.01284746555
2014-02-05,41.16,41.16,0,-0.02602934217,-0.02602934217
2014-02-06,41.35,41.35,0,0.004616132167,0.004616132167
2014-02-07,41.68,41.68,0,0.007980652963,0.007980652963
2014-02-10,41.78,41.78,0,0.002399232246,0.002399232246
2014-02-11,41.94,41.94,0,0.003829583533,0.003829583533
2014-02-12,42.35,42.35,0,0.009775870291,0.009775870291
2014-02-13,42.14,42.14,0,-0.004958677686,-0.004958677686
2014-02-14,42.34,42.34,0,0.00474608448,0.00474608448
2014-02-17,42.38,42.38,0,0.0009447331129,0.0009447331129
2014-02-18,42.56,42.56,0,0.004247286456,0.004247286456
2014-02-19,42.58,42.58,0,0.000469924812,0.000469924812
2014-02-20,42.37,42.37,0,-0.004931892907,-0.004931892907
2014-02-21,42.71,42.71,0,0.008024545669,0.008024545669
2014-02-24,42.53,42.53,0,-0.004214469679,-0.004214469679
2014-02-25,42.59,42.59,0,0.001410768869,0.001410768869
2014-02-26,42.73,42.73,0,0.00328715661,0.00328715661
2014-02-27,42.9,42.9,0,0.003978469459,0.003978469459
2014-03-03,42.68,42.68,0,-0.005128205128,-0.005128205128
2014-03-04,42.5,42.5,0,-0.004217432052,-0.004217432052
2014-03-05,42.84,42.84,0,0.008,0.008
2014-03-06,43.36,43.36,0,0.01213818861,0.01213818861
2014-03-07,43.26,43.26,0,-0.002306273063,-0.002306273063
2014-03-10,43,43,0,-0.006010171059,-0.006010171059
2014-03-11,43.17,43.17,0,0.003953488372,0.003953488372
2014-03-12,43.06,43.06,0,-0.002548065786,-0.002548065786
2014-03-13,43.39,43.39,0,0.007663725035,0.007663725035
2014-03-14,43.08,43.08,0,-0.007144503342,-0.007144503342
2014-03-17,43.1,43.1,0,0.0004642525534,0.0004642525534
2014-03-18,43.28,43.28,0,0.004176334107,0.004176334107
2014-03-19,43.06,43.06,0,-0.005083179298,-0.005083179298
2014-03-20,42.6,42.6,0,-0.01068276823,-0.01068276823
2014-03-21,42.47,42.47,0,-0.003051643192,-0.003051643192
2014-03-24,42.62,42.62,0,0.003531904874,0.003531904874
2014-03-25,42.98,42.98,0,0.00844673862,0.00844673862
2014-03-26,43.26,43.26,0,0.00651465798,0.00651465798
2014-03-27,43.47,43.47,0,0.004854368932,0.004854368932
2014-03-28,43.47,43.47,0,0,0
2014-03-31,43.76,43.76,0,0.006671267541,0.006671267541
2014-04-01,43.87,43.87,0,0.002513711152,0.002513711152
2014-04-02,44.07,44.07,0,0.004558924094,0.004558924094
2014-04-03,43.95,43.95,0,-0.002722940776,-0.002722940776
2014-04-07,43.9,43.9,0,-0.001137656428,-0.001137656428
2014-04-08,44.02,44.02,0,0.002733485194,0.002733485194
2014-04-09,44.18,44.18,0,0.003634711495,0.003634711495
2014-04-10,44.29,44.29,0,0.002489814396,0.002489814396
2014-04-11,44.1,44.1,0,-0.004289907428,-0.004289907428
2014-04-14,43.84,43.84,0,-0.00589569161,-0.00589569161
2014-04-15,44.12,44.12,0,0.006386861314,0.006386861314
2014-04-16,44.22,44.22,0,0.002266545784,0.002266545784
2014-04-17,44.22,44.22,0,0,0
2014-04-18,44.34,44.34,0,0.002713704206,0.002713704206
2014-04-21,44.28,44.28,0,-0.001353179973,-0.001353179973
2014-04-22,44.38,44.38,0,0.002258355917,0.002258355917
2014-04-23,44.3,44.3,0,-0.00180261379,-0.00180261379
2014-04-24,44.26,44.26,0,-0.0009029345372,-0.0009029345372
2014-04-25,43.48,43.48,0,-0.01762313601,-0.01762313601
2014-04-28,43.64,43.64,0,0.003679852806,0.003679852806
2014-04-29,43.88,43.88,0,0.005499541705,0.005499541705
2014-04-30,43.55,43.55,0,-0.007520510483,-0.007520510483
2014-05-02,43.83,43.83,0,0.006429391504,0.006429391504
2014-05-05,43.8,43.8,0,-0.0006844626968,-0.0006844626968
2014-05-06,44.09,44.09,0,0.006621004566,0.006621004566
2014-05-07,43.97,43.97,0,-0.002721705602,-0.002721705602
2014-05-08,44.16,44.16,0,0.004321128042,0.004321128042
2014-05-09,43.9,43.9,0,-0.005887681159,-0.005887681159
2014-05-12,43.56,43.56,0,-0.007744874715,-0.007744874715
2014-05-13,43.7,43.7,0,0.003213957759,0.003213957759
2014-05-14,43.85,43.85,0,0.003432494279,0.003432494279
2014-05-15,43.97,43.97,0,0.002736602052,0.002736602052
2014-05-16,43.87,43.87,0,-0.002274277917,-0.002274277917
2014-05-19,43.98,43.98,0,0.002507408252,0.002507408252
2014-05-20,44.03,44.03,0,0.0011368804,0.0011368804
2014-05-21,43.82,43.82,0,-0.004769475358,-0.004769475358
2014-05-22,44.28,44.28,0,0.01049748973,0.01049748973
2014-05-23,44.48,44.48,0,0.004516711834,0.004516711834
2014-05-26,44.69,44.69,0,0.004721223022,0.004721223022
2014-05-27,44.72,44.72,0,0.0006712911166,0.0006712911166
2014-05-28,45.1,45.1,0,0.008497316637,0.008497316637
2014-05-29,45.1,45.1,0,0,0
2014-05-30,44.9,44.9,0,-0.0044345898,-0.0044345898
2014-06-03,44.96,44.96,0,0.001336302895,0.001336302895
2014-06-04,45.07,45.07,0,0.002446619217,0.002446619217
2014-06-05,44.94,44.94,0,-0.002884402041,-0.002884402041
2014-06-06,45.05,45.05,0,0.002447708055,0.002447708055
2014-06-09,45.25,45.25,0,0.004439511654,0.004439511654
2014-06-10,45.5,45.5,0,0.005524861878,0.005524861878
2014-06-11,45.57,45.57,0,0.001538461538,0.001538461538
2014-06-12,45.46,45.46,0,-0.002413868773,-0.002413868773
2014-06-13,45.4,45.4,0,-0.001319841619,-0.001319841619
2014-06-16,45.48,45.48,0,0.001762114537,0.001762114537
2014-06-17,45.61,45.61,0,0.002858399296,0.002858399296
2014-06-18,45.93,45.93,0,0.007016005262,0.007016005262
2014-06-19,46,46,0,0.00152405835,0.00152405835
2014-06-20,45.87,45.87,0,-0.002826086957,-0.002826086957
2014-06-23,45.7,45.7,0,-0.003706126008,-0.003706126008
2014-06-24,45.76,45.76,0,0.001312910284,0.001312910284
2014-06-25,45.69,45.69,0,-0.00152972028,-0.00152972028
2014-06-26,46.1,46.1,0,0.008973517181,0.008973517181
2014-06-27,46.07,46.07,0,-0.0006507592191,-0.0006507592191
2014-06-30,46.55,46.55,0,0.01041892772,0.01041892772
2014-07-01,46.87,46.87,0,0.006874328679,0.006874328679
2014-07-02,46.91,46.91,0,0.0008534243653,0.0008534243653
2014-07-03,47.3,47.3,0,0.008313792368,0.008313792368
2014-07-04,47.33,47.33,0,0.0006342494715,0.0006342494715
2014-07-07,47.32,47.32,0,-0.0002112824847,-0.0002112824847
2014-07-08,47.33,47.33,0,0.0002113271344,0.0002113271344
2014-07-09,47.2,47.2,0,-0.002746672301,-0.002746672301
2014-07-10,47.56,47.56,0,0.007627118644,0.007627118644
2014-07-11,47.27,47.27,0,-0.006097560976,-0.006097560976
2014-07-14,47.63,47.63,0,0.00761582399,0.00761582399
2014-07-15,47.9,47.9,0,0.0056686962,0.0056686962
2014-07-16,47.48,47.48,0,-0.008768267223,-0.008768267223
2014-07-17,47.05,47.05,0,-0.009056444819,-0.009056444819
2014-07-18,47.09,47.09,0,0.0008501594049,0.0008501594049
2014-07-21,47.33,47.33,0,0.005096623487,0.005096623487
2014-07-22,47.57,47.57,0,0.005070779632,0.005070779632
2014-07-24,47.71,47.71,0,0.002943031322,0.002943031322
2014-07-25,47.29,47.29,0,-0.008803185915,-0.008803185915
2014-07-28,47.39,47.39,0,0.002114611969,0.002114611969
2014-07-29,47.32,47.32,0,-0.001477104874,-0.001477104874
2014-07-30,47.55,47.55,0,0.004860524091,0.004860524091
2014-07-31,46.95,46.95,0,-0.01261829653,-0.01261829653
2014-08-01,46.8,46.8,0,-0.003194888179,-0.003194888179
2014-08-04,46.95,46.95,0,0.003205128205,0.003205128205
2014-08-05,46.16,46.16,0,-0.01682641108,-0.01682641108
2014-08-06,46.19,46.19,0,0.0006499133449,0.0006499133449
2014-08-07,46.01,46.01,0,-0.003896947391,-0.003896947391
2014-08-08,45.82,45.82,0,-0.004129537057,-0.004129537057
2014-08-11,46.38,46.38,0,0.01222173723,0.01222173723
2014-08-12,46.34,46.34,0,-0.0008624407072,-0.0008624407072
2014-08-13,46.6,46.6,0,0.005610703496,0.005610703496
2014-08-14,46.64,46.64,0,0.0008583690987,0.0008583690987
2014-08-15,46.61,46.61,0,-0.0006432246998,-0.0006432246998
2014-08-18,46.44,46.44,0,-0.00364728599,-0.00364728599
2014-08-19,46.83,46.83,0,0.008397932817,0.008397932817
2014-08-20,47.09,47.09,0,0.005551996583,0.005551996583
2014-08-21,46.86,46.86,0,-0.004884264175,-0.004884264175
2014-08-22,47.6,47.6,0,0.01579172002,0.01579172002
2014-08-25,47.59,47.59,0,-0.0002100840336,-0.0002100840336
2014-08-26,47.65,47.65,0,0.001260769069,0.001260769069
2014-08-27,48.02,48.02,0,0.007764952781,0.007764952781
2014-08-28,48.16,48.16,0,0.002915451895,0.002915451895
2014-09-01,48.38,48.38,0,0.004568106312,0.004568106312
2014-09-02,47.7,47.7,0,-0.01405539479,-0.01405539479
2014-09-03,47.96,47.96,0,0.005450733753,0.005450733753
2014-09-04,47.73,47.73,0,-0.004795663053,-0.004795663053
2014-09-05,47.85,47.85,0,0.002514142049,0.002514142049
2014-09-09,47.92,47.92,0,0.001462904911,0.001462904911
2014-09-10,47.38,47.38,0,-0.0112687813,-0.0112687813
2014-09-11,47.43,47.43,0,0.001055297594,0.001055297594
2014-09-12,46.99,46.99,0,-0.009276829011,-0.009276829011
2014-09-15,46.95,46.95,0,-0.0008512449457,-0.0008512449457
2014-09-16,46.51,46.51,0,-0.009371671991,-0.009371671991
2014-09-17,46.72,46.72,0,0.004515158031,0.004515158031
2014-09-18,46.88,46.88,0,0.003424657534,0.003424657534
2014-09-19,47,47,0,0.002559726962,0.002559726962
2014-09-22,46.41,46.41,0,-0.01255319149,-0.01255319149
2014-09-23,46.2,46.2,0,-0.004524886878,-0.004524886878
2014-09-24,46.15,46.15,0,-0.001082251082,-0.001082251082
2014-09-25,45.69,45.69,0,-0.009967497291,-0.009967497291
2014-09-26,45.57,45.57,0,-0.002626395272,-0.002626395272
2014-09-29,45.51,45.51,0,-0.001316655695,-0.001316655695
2014-09-30,45.51,45.51,0,0,0
2014-10-01,45.77,45.77,0,0.005713030103,0.005713030103
2014-10-02,45.38,45.38,0,-0.008520865196,-0.008520865196
2014-10-03,46.15,46.15,0,0.01696782724,0.01696782724
2014-10-06,46.01,46.01,0,-0.003033586132,-0.003033586132
2014-10-07,45.76,45.76,0,-0.005433601391,-0.005433601391
2014-10-08,45.42,45.42,0,-0.00743006993,-0.00743006993
2014-10-09,45.39,45.39,0,-0.0006605019815,-0.0006605019815
2014-10-13,44.36,44.36,0,-0.02269222296,-0.02269222296
2014-10-14,44.5,44.5,0,0.003155996393,0.003155996393
2014-10-15,43.94,43.94,0,-0.01258426966,-0.01258426966
2014-10-16,43.95,43.95,0,0.0002275830678,0.0002275830678
2014-10-17,43.35,43.35,0,-0.01365187713,-0.01365187713
2014-10-20,43.95,43.95,0,0.01384083045,0.01384083045
2014-10-21,43.85,43.85,0,-0.002275312856,-0.002275312856
2014-10-22,44.37,44.37,0,0.01185860889,0.01185860889
2014-10-23,44.18,44.18,0,-0.004282172639,-0.004282172639
2014-10-24,43.1,43.1,0.72,-0.008148483477,-0.008148483477
2014-10-27,43.17,43.17,0,0.00162412993,0.00162412993
2014-10-28,43.92,43.92,0,0.01737317582,0.01737317582
2014-10-29,44.35,44.35,0,0.009790528233,0.009790528233
2014-10-30,44.42,44.42,0,0.001578354002,0.001578354002
2014-10-31,44.5,44.5,0,0.001800990545,0.001800990545
2014-11-03,44.98,44.98,0,0.01078651685,0.01078651685
2014-11-04,45.07,45.07,0,0.002000889284,0.002000889284
2014-11-05,44.97,44.97,0,-0.002218770801,-0.002218770801
2014-11-06,44.56,44.56,0,-0.009117189237,-0.009117189237
2014-11-10,45.29,45.29,0,0.01638240575,0.01638240575
2014-11-11,45.2,45.2,0,-0.001987193641,-0.001987193641
2014-11-12,44.7,44.7,0,-0.0110619469,-0.0110619469
2014-11-13,44.84,44.84,0,0.003131991051,0.003131991051
2014-11-14,44.88,44.88,0,0.0008920606601,0.0008920606601
2014-11-17,44.55,44.55,0,-0.007352941176,-0.007352941176
2014-11-18,44.42,44.42,0,-0.002918069585,-0.002918069585
2014-11-19,44.92,44.92,0,0.0112561909,0.0112561909
2014-11-20,45.32,45.32,0,0.008904719501,0.008904719501
2014-11-21,45.42,45.42,0,0.002206531333,0.002206531333
2014-11-24,45.63,45.63,0,0.004623513871,0.004623513871
2014-11-25,45.51,45.51,0,-0.002629848784,-0.002629848784
2014-11-26,45.53,45.53,0,0.0004394638541,0.0004394638541
2014-11-27,45.76,45.76,0,0.00505161432,0.00505161432
2014-11-28,45.83,45.83,0,0.00152972028,0.00152972028
2014-12-01,45.6,45.6,0,-0.005018546803,-0.005018546803
2014-12-02,45.05,45.05,0,-0.01206140351,-0.01206140351
2014-12-03,45.79,45.79,0,0.01642619312,0.01642619312
2014-12-04,46.1,46.1,0,0.006770037126,0.006770037126
2014-12-08,45.76,45.76,0,-0.00737527115,-0.00737527115
2014-12-09,45.54,45.54,0,-0.004807692308,-0.004807692308
2014-12-10,45.1,45.1,0,-0.009661835749,-0.009661835749
2014-12-11,45,45,0,-0.0022172949,-0.0022172949
2014-12-12,45,45,0,0,0
2014-12-15,44.82,44.82,0,-0.004,-0.004
2014-12-16,44.77,44.77,0,-0.001115573405,-0.001115573405
2014-12-17,44.16,44.16,0,-0.01362519544,-0.01362519544
2014-12-18,44.34,44.34,0,0.004076086957,0.004076086957
2014-12-19,44.9,44.9,0,0.01262967975,0.01262967975
2014-12-22,45.16,45.16,0,0.00579064588,0.00579064588
2014-12-23,45.29,45.29,0,0.002878653676,0.002878653676
2014-12-24,45.67,45.67,0,0.008390373151,0.008390373151
2014-12-25,45.6,45.6,0,-0.001532734837,-0.001532734837
2014-12-26,45.85,45.85,0,0.00548245614,0.00548245614
2014-12-27,45.9,45.9,0,0.001090512541,0.001090512541
2014-12-29,46.3,46.3,0,0.00871459695,0.00871459695
2014-12-30,46.3,46.3,0,0,0
2014-12-31,46.07,46.07,0,-0.004967602592,-0.004967602592
2015-01-05,46.1,46.1,0,0.0006511829824,0.0006511829824
2015-01-06,45.16,45.16,0,-0.02039045553,-0.02039045553
2015-01-07,45.27,45.27,0,0.00243578388,0.00243578388
2015-01-08,45.96,45.96,0,0.01524188204,0.01524188204
2015-01-09,46.05,46.05,0,0.001958224543,0.001958224543
2015-01-12,45.78,45.78,0,-0.005863192182,-0.005863192182
2015-01-13,45.95,45.95,0,0.00371341197,0.00371341197
2015-01-14,45.73,45.73,0,-0.00478781284,-0.00478781284
2015-01-15,45.76,45.76,0,0.0006560244916,0.0006560244916
2015-01-16,45.5,45.5,0,-0.005681818182,-0.005681818182
2015-01-19,45.69,45.69,0,0.004175824176,0.004175824176
2015-01-20,45.91,45.91,0,0.004815058,0.004815058
2015-01-21,46.29,46.29,0,0.008277063821,0.008277063821
2015-01-22,46.51,46.51,0,0.00475264636,0.00475264636
2015-01-23,47.23,47.23,0,0.01548054182,0.01548054182
2015-01-26,47.23,47.23,0,0,0
2015-01-27,47.4,47.4,0,0.003599407156,0.003599407156
2015-01-28,47.38,47.38,0,-0.0004219409283,-0.0004219409283
2015-01-29,47.03,47.03,0,-0.007387083157,-0.007387083157
2015-01-30,46.79,46.79,0,-0.005103125664,-0.005103125664
2015-02-02,46.85,46.85,0,0.001282325283,0.001282325283
2015-02-03,47.09,47.09,0,0.005122732124,0.005122732124
2015-02-04,47.45,47.45,0,0.00764493523,0.00764493523
2015-02-05,47.46,47.46,0,0.000210748156,0.000210748156
2015-02-06,47.2,47.2,0,-0.005478297514,-0.005478297514
2015-02-10,46.8,46.8,0,-0.008474576271,-0.008474576271
2015-02-11,47.28,47.28,0,0.01025641026,0.01025641026
2015-02-12,47.41,47.41,0,0.002749576988,0.002749576988
2015-02-13,47.48,47.48,0,0.001476481755,0.001476481755
2015-02-24,48,48,0,0.01095197978,0.01095197978
2015-02-25,48.24,48.24,0,0.005,0.005
2015-02-26,48.01,48.01,0,-0.004767827529,-0.004767827529
2015-03-02,48,48,0,-0.0002082899396,-0.0002082899396
2015-03-03,47.75,47.75,0,-0.005208333333,-0.005208333333
2015-03-04,47.94,47.94,0,0.003979057592,0.003979057592
2015-03-05,47.84,47.84,0,-0.002085940759,-0.002085940759
2015-03-06,48.09,48.09,0,0.005225752508,0.005225752508
2015-03-09,47.64,47.64,0,-0.009357454772,-0.009357454772
2015-03-11,47.49,47.49,0,-0.00314861461,-0.00314861461
2015-03-12,47.77,47.77,0,0.005895978101,0.005895978101
2015-03-13,47.9,47.9,0,0.002721373247,0.002721373247
2015-03-16,47.49,47.49,0,-0.008559498956,-0.008559498956
2015-03-17,47.72,47.72,0,0.004843124868,0.004843124868
2015-03-18,48,48,0,0.005867560771,0.005867560771
2015-03-19,48.4,48.4,0,0.008333333333,0.008333333333
2015-03-20,48.53,48.53,0,0.002685950413,0.002685950413
2015-03-23,48.64,48.64,0,0.002266639192,0.002266639192
2015-03-24,48.4,48.4,0,-0.004934210526,-0.004934210526
2015-03-25,48.04,48.04,0,-0.007438016529,-0.007438016529
2015-03-26,47.86,47.86,0,-0.003746877602,-0.003746877602
2015-03-27,47.4,47.4,0,-0.009611366486,-0.009611366486
2015-03-30,47.43,47.43,0,0.0006329113924,0.0006329113924
2015-03-31,47.5,47.5,0,0.001475859161,0.001475859161
2015-04-01,47.47,47.47,0,-0.0006315789474,-0.0006315789474
2015-04-02,47.93,47.93,0,0.009690330735,0.009690330735
2015-04-07,48.02,48.02,0,0.001877738368,0.001877738368
2015-04-09,47.71,47.71,0,-0.006455643482,-0.006455643482
2015-04-10,47.94,47.94,0,0.004820792287,0.004820792287
2015-04-14,48.11,48.11,0,0.003546099291,0.003546099291
2015-04-15,47.4,47.4,0,-0.0147578466,-0.0147578466
2015-04-16,47.89,47.89,0,0.01033755274,0.01033755274
2015-04-17,47.68,47.68,0,-0.004385049071,-0.004385049071
2015-04-20,47.46,47.46,0,-0.00461409396,-0.00461409396
2015-04-21,47.49,47.49,0,0.0006321112516,0.0006321112516
2015-04-22,47.92,47.92,0,0.009054537797,0.009054537797
2015-04-23,48.9,48.9,0,0.02045075125,0.02045075125
2015-04-24,49.38,49.38,0,0.00981595092,0.00981595092
2015-04-27,49.74,49.74,0,0.007290400972,0.007290400972
2015-04-28,49.64,49.64,0,-0.002010454363,-0.002010454363
2015-04-29,49.31,49.31,0,-0.006647864625,-0.006647864625
2015-04-30,49.13,49.13,0,-0.003650375177,-0.003650375177
2015-05-04,49.09,49.09,0,-0.000814166497,-0.000814166497
2015-05-05,49.07,49.07,0,-0.0004074149521,-0.0004074149521
2015-05-06,48.83,48.83,0,-0.004890972081,-0.004890972081
2015-05-07,48.62,48.62,0,-0.004300634856,-0.004300634856
2015-05-08,48.4,48.4,0,-0.004524886878,-0.004524886878
2015-05-11,48.34,48.34,0,-0.001239669421,-0.001239669421
2015-05-13,48.51,48.51,0,0.003516756309,0.003516756309
2015-05-14,47.93,47.93,0,-0.01195629767,-0.01195629767
2015-05-15,47.78,47.78,0,-0.003129563947,-0.003129563947
2015-05-18,48.09,48.09,0,0.006488070322,0.006488070322
2015-05-19,48.6,48.6,0,0.01060511541,0.01060511541
2015-05-20,48.39,48.39,0,-0.004320987654,-0.004320987654
2015-05-21,47.91,47.91,0,-0.009919404836,-0.009919404836
2015-05-22,48.2,48.2,0,0.006053016072,0.006053016072
2015-05-25,48.22,48.22,0,0.0004149377593,0.0004149377593
2015-05-26,48.49,48.49,0,0.005599336375,0.005599336375
2015-05-27,48.46,48.46,0,-0.0006186842648,-0.0006186842648
2015-05-28,48.5,48.5,0,0.0008254230293,0.0008254230293
2015-05-29,48.48,48.48,0,-0.000412371134,-0.000412371134
2015-06-01,48.08,48.08,0,-0.008250825083,-0.008250825083
2015-06-02,48.11,48.11,0,0.0006239600666,0.0006239600666
2015-06-03,47.7,47.7,0,-0.00852213677,-0.00852213677
2015-06-04,46.78,46.78,0,-0.01928721174,-0.01928721174
2015-06-05,46.64,46.64,0,-0.002992731937,-0.002992731937
2015-06-08,47.04,47.04,0,0.008576329331,0.008576329331
2015-06-09,46.37,46.37,0,-0.01424319728,-0.01424319728
2015-06-10,46.68,46.68,0,0.006685356912,0.006685356912
2015-06-11,46.39,46.39,0,-0.006212510711,-0.006212510711
2015-06-12,46.46,46.46,0,0.001508945894,0.001508945894
2015-06-15,46.27,46.27,0,-0.004089539389,-0.004089539389
2015-06-16,46.02,46.02,0,-0.005403068943,-0.005403068943
2015-06-17,46.11,46.11,0,0.001955671447,0.001955671447
2015-06-22,46.77,46.77,0,0.01431359792,0.01431359792
2015-06-23,47.05,47.05,0,0.005986743639,0.005986743639
2015-06-24,46.9,46.9,0,-0.003188097768,-0.003188097768
2015-06-25,47.3,47.3,0,0.008528784648,0.008528784648
2015-06-26,47.31,47.31,0,0.0002114164905,0.0002114164905
2015-06-29,46.53,46.53,0,-0.01648700063,-0.01648700063
2015-06-30,46.74,46.74,0,0.004513217279,0.004513217279
2015-07-01,47.29,47.29,0,0.01176722294,0.01176722294
2015-07-02,47.39,47.39,0,0.002114611969,0.002114611969
2015-07-03,47.21,47.21,0,-0.003798269677,-0.003798269677
2015-07-06,46.8,46.8,0,-0.00868460072,-0.00868460072
2015-07-07,46.8,46.8,0,0,0
2015-07-08,45.47,45.47,0,-0.02841880342,-0.02841880342
2015-07-09,45.15,45.15,0,-0.007037607214,-0.007037607214
2015-07-13,45.66,45.66,0,0.01129568106,0.01129568106
2015-07-14,45.9,45.9,0,0.005256241787,0.005256241787
2015-07-15,45.98,45.98,0,0.00174291939,0.00174291939
2015-07-16,46,46,0,0.0004349717268,0.0004349717268
2015-07-17,46.07,46.07,0,0.00152173913,0.00152173913
2015-07-20,45.77,45.77,0,-0.006511829824,-0.006511829824
2015-07-21,45.77,45.77,0,0,0
2015-07-22,45.51,45.51,0,-0.005680576797,-0.005680576797
2015-07-23,45,45,0,-0.01120632828,-0.01120632828
2015-07-24,44.72,44.72,0,-0.006222222222,-0.006222222222
2015-07-27,44.03,44.03,0,-0.0154293381,-0.0154293381
2015-07-28,44.25,44.25,0,0.004996593232,0.004996593232
2015-07-29,43.98,43.98,0,-0.006101694915,-0.006101694915
2015-07-30,44.37,44.37,0,0.008867667121,0.008867667121
2015-07-31,44.17,44.17,0,-0.004507550146,-0.004507550146
2015-08-03,43.76,43.76,0,-0.009282318316,-0.009282318316
2015-08-04,43.54,43.54,0,-0.005027422303,-0.005027422303
2015-08-05,43.97,43.97,0,0.009875976114,0.009875976114
2015-08-06,43.3,43.3,0,-0.01523766204,-0.01523766204
2015-08-07,43.4,43.4,0,0.002309468822,0.002309468822
2015-08-10,43.68,43.68,0,0.006451612903,0.006451612903
2015-08-11,43.49,43.49,0,-0.00434981685,-0.00434981685
2015-08-12,42.73,42.73,0,-0.01747528167,-0.01747528167
2015-08-13,42.87,42.87,0,0.003276386614,0.003276386614
2015-08-14,42.94,42.94,0,0.00163284348,0.00163284348
2015-08-17,42.51,42.51,0,-0.01001397299,-0.01001397299
2015-08-18,42.21,42.21,0,-0.00705716302,-0.00705716302
2015-08-19,41.4,41.4,0,-0.01918976546,-0.01918976546
2015-08-20,41.38,41.38,0,-0.0004830917874,-0.0004830917874
2015-08-21,40.44,40.44,0,-0.02271628806,-0.02271628806
2015-08-24,38.47,38.47,0,-0.04871414441,-0.04871414441
2015-08-25,39.77,39.77,0,0.03379256564,0.03379256564
2015-08-26,40.05,40.05,0,0.007040482776,0.007040482776
2015-08-27,40.5,40.5,0,0.01123595506,0.01123595506
2015-08-28,41.52,41.52,0,0.02518518519,0.02518518519
2015-08-31,42.3,42.3,0,0.01878612717,0.01878612717
2015-09-01,41.51,41.51,0,-0.01867612293,-0.01867612293
2015-09-02,41.62,41.62,0,0.002649963864,0.002649963864
2015-09-03,41.89,41.89,0,0.006487265738,0.006487265738
2015-09-04,41.6,41.6,0,-0.006922893292,-0.006922893292
2015-09-07,41.52,41.52,0,-0.001923076923,-0.001923076923
2015-09-09,43,43,0,0.03564547206,0.03564547206
2015-09-10,42.9,42.9,0,-0.002325581395,-0.002325581395
2015-09-11,43.08,43.08,0,0.004195804196,0.004195804196
2015-09-14,43.13,43.13,0,0.001160631383,0.001160631383
2015-09-15,42.83,42.83,0,-0.006955715279,-0.006955715279
2015-09-16,43.02,43.02,0,0.00443614289,0.00443614289
2015-09-17,43.77,43.77,0,0.01743375174,0.01743375174
2015-09-21,43.24,43.24,0,-0.01210875029,-0.01210875029
2015-09-22,43.15,43.15,0,-0.002081406105,-0.002081406105
2015-09-23,42.45,42.45,0,-0.01622247972,-0.01622247972
2015-09-24,42.2,42.2,0,-0.005889281508,-0.005889281508
2015-09-25,42.18,42.18,0,-0.0004739336493,-0.0004739336493
2015-10-01,43,43,0,0.01944049312,0.01944049312
2015-10-02,43.05,43.05,0,0.001162790698,0.001162790698
2015-10-05,43.26,43.26,0,0.00487804878,0.00487804878
2015-10-06,43.55,43.55,0,0.006703652335,0.006703652335
2015-10-07,44,44,0,0.01033295063,0.01033295063
2015-10-08,44,44,0,0,0
2015-10-12,44.38,44.38,0,0.008636363636,0.008636363636
2015-10-14,44.09,44.09,0,-0.006534474989,-0.006534474989
2015-10-15,44.57,44.57,0,0.01088682241,0.01088682241
2015-10-16,44.41,44.41,0,-0.003589858649,-0.003589858649
2015-10-19,44.71,44.71,0,0.006755235307,0.006755235307
2015-10-20,44.78,44.78,0,0.00156564527,0.00156564527
2015-10-21,44.58,44.58,0,-0.004466279589,-0.004466279589
2015-10-22,44.59,44.59,0,0.0002243158367,0.0002243158367
2015-10-23,44.9,44.9,0,0.006952231442,0.006952231442
2015-10-26,45.29,45.29,0,0.00868596882,0.00868596882
2015-10-27,43.28,43.28,1.55,-0.0101567675,-0.0101567675
2015-10-28,43.21,43.21,0,-0.001617375231,-0.001617375231
2015-10-29,42.95,42.95,0,-0.006017125665,-0.006017125665
2015-10-30,42.76,42.76,0,-0.004423748545,-0.004423748545
2015-11-02,42.92,42.92,0,0.00374181478,0.00374181478
2015-11-03,43.44,43.44,0,0.01211556384,0.01211556384
2015-11-04,44.15,44.15,0,0.01634438306,0.01634438306
2015-11-05,44.15,44.15,0,0,0
2015-11-06,43.48,43.48,0,-0.01517553794,-0.01517553794
2015-11-09,43.09,43.09,0,-0.008969641214,-0.008969641214
2015-11-10,42.56,42.56,0,-0.01229983755,-0.01229983755
2015-11-11,42.09,42.09,0,-0.01104323308,-0.01104323308
2015-11-12,42,42,0,-0.002138275125,-0.002138275125
2015-11-13,41.67,41.67,0,-0.007857142857,-0.007857142857
2015-11-16,41.27,41.27,0,-0.009599232061,-0.009599232061
2015-11-17,42.09,42.09,0,0.01986915435,0.01986915435
2015-11-18,41.67,41.67,0,-0.009978617249,-0.009978617249
2015-11-19,41.99,41.99,0,0.007679385649,0.007679385649
2015-11-20,42.11,42.11,0,0.002857823291,0.002857823291
2015-11-24,41.97,41.97,0,-0.00332462598,-0.00332462598
2015-11-25,41.71,41.71,0,-0.00619490112,-0.00619490112
2015-11-26,42.26,42.26,0,0.01318628626,0.01318628626
2015-11-27,42.05,42.05,0,-0.00496923805,-0.00496923805
2015-11-30,41.17,41.17,0,-0.0209274673,-0.0209274673
2015-12-01,41.95,41.95,0,0.01894583435,0.01894583435
2015-12-02,42.15,42.15,0,0.004767580453,0.004767580453
2015-12-03,42.11,42.11,0,-0.0009489916963,-0.0009489916963
2015-12-04,41.67,41.67,0,-0.01044882451,-0.01044882451
2015-12-07,42.36,42.36,0,0.01655867531,0.01655867531
2015-12-08,41.57,41.57,0,-0.0186496695,-0.0186496695
2015-12-09,41.19,41.19,0,-0.009141207602,-0.009141207602
2015-12-10,40.85,40.85,0,-0.008254430687,-0.008254430687
2015-12-11,40.48,40.48,0,-0.00905752754,-0.00905752754
2015-12-14,39.98,39.98,0,-0.01235177866,-0.01235177866
2015-12-15,40.2,40.2,0,0.005502751376,0.005502751376
2015-12-16,40.59,40.59,0,0.009701492537,0.009701492537
2015-12-17,41.08,41.08,0,0.0120719389,0.0120719389
2015-12-18,41.16,41.16,0,0.001947419669,0.001947419669
2015-12-21,40.92,40.92,0,-0.00583090379,-0.00583090379
2015-12-22,41.17,41.17,0,0.006109481916,0.006109481916
2015-12-23,41.47,41.47,0,0.007286859364,0.007286859364
2015-12-24,41.41,41.41,0,-0.001446829033,-0.001446829033
2015-12-28,41.6,41.6,0,0.004588263704,0.004588263704
2015-12-29,41.18,41.18,0,-0.01009615385,-0.01009615385
2016-01-04,40.4,40.4,0,-0.01894123361,-0.01894123361
2016-01-05,40.1,40.1,0,-0.007425742574,-0.007425742574
2016-01-06,39.69,39.69,0,-0.0102244389,-0.0102244389
2016-01-07,38.73,38.73,0,-0.02418745276,-0.02418745276
2016-01-08,39.21,39.21,0,0.01239349342,0.01239349342
2016-01-11,38.63,38.63,0,-0.01479214486,-0.01479214486
2016-01-12,38.54,38.54,0,-0.002329795496,-0.002329795496
2016-01-13,38.82,38.82,0,0.007265179035,0.007265179035
2016-01-15,38.35,38.35,0,-0.01210716126,-0.01210716126
2016-01-18,38.26,38.26,0,-0.002346805737,-0.002346805737
2016-01-19,38.82,38.82,0,0.01463669629,0.01463669629
2016-01-20,38.27,38.27,0,-0.01416795466,-0.01416795466
2016-01-21,38.13,38.13,0,-0.003658217925,-0.003658217925
2016-01-22,38.46,38.46,0,0.008654602675,0.008654602675
2016-01-25,39.03,39.03,0,0.01482059282,0.01482059282
2016-01-26,38.81,38.81,0,-0.005636689726,-0.005636689726
2016-01-28,39.3,39.3,0,0.01262561196,0.01262561196
2016-01-29,39.83,39.83,0,0.01348600509,0.01348600509
2016-02-01,40.27,40.27,0,0.01104694954,0.01104694954
2016-02-02,40,40,0,-0.006704742985,-0.006704742985
2016-02-03,39.91,39.91,0,-0.00225,-0.00225
2016-02-15,39.92,39.92,0,0.0002505637685,0.0002505637685
2016-02-16,40.5,40.5,0,0.01452905812,0.01452905812
2016-02-18,41.05,41.05,0,0.01358024691,0.01358024691
2016-02-22,41.1,41.1,0,0.001218026797,0.001218026797
2016-02-24,40.99,40.99,0,-0.002676399027,-0.002676399027
2016-02-25,41.34,41.34,0,0.008538667968,0.008538667968
2016-02-26,41.5,41.5,0,0.003870343493,0.003870343493
2016-03-01,41.81,41.81,0,0.007469879518,0.007469879518
2016-03-02,42.22,42.22,0,0.009806266443,0.009806266443
2016-03-03,42.5,42.5,0,0.006631927996,0.006631927996
2016-03-04,42.59,42.59,0,0.002117647059,0.002117647059
2016-03-08,42.55,42.55,0,-0.0009391876027,-0.0009391876027
2016-03-09,42.34,42.34,0,-0.004935370153,-0.004935370153
2016-03-11,43,43,0,0.01558809636,0.01558809636
2016-03-14,43.05,43.05,0,0.001162790698,0.001162790698
2016-03-15,43.07,43.07,0,0.0004645760743,0.0004645760743
2016-03-16,42.75,42.75,0,-0.007429765498,-0.007429765498
2016-03-17,43.05,43.05,0,0.00701754386,0.00701754386
2016-03-18,43.35,43.35,0,0.006968641115,0.006968641115
2016-03-21,43.28,43.28,0,-0.001614763552,-0.001614763552
2016-03-24,43.03,43.03,0,-0.005776340111,-0.005776340111
2016-03-28,43,43,0,-0.0006971880084,-0.0006971880084
2016-03-30,43.23,43.23,0,0.005348837209,0.005348837209
2016-03-31,43.13,43.13,0,-0.00231320842,-0.00231320842
2016-04-01,42.82,42.82,0,-0.007187572455,-0.007187572455
2016-04-06,41.93,41.93,0,-0.02078468006,-0.02078468006
2016-04-07,42.04,42.04,0,0.002623419986,0.002623419986
2016-04-08,41.95,41.95,0,-0.002140818268,-0.002140818268
2016-04-11,42.2,42.2,0,0.005959475566,0.005959475566
2016-04-12,42.39,42.39,0,0.004502369668,0.004502369668
2016-04-13,42.65,42.65,0,0.006133522057,0.006133522057
2016-04-14,42.8,42.8,0,0.003516998828,0.003516998828
2016-04-18,42.8,42.8,0,0,0
2016-04-19,42.7,42.7,0,-0.002336448598,-0.002336448598
2016-04-22,42.1,42.1,0,-0.01405152225,-0.01405152225
2016-04-26,42.4,42.4,0,0.007125890736,0.007125890736
2016-04-27,42.36,42.36,0,-0.0009433962264,-0.0009433962264
2016-04-28,41.97,41.97,0,-0.009206798867,-0.009206798867
2016-04-29,41.51,41.51,0,-0.01096020967,-0.01096020967
2016-05-03,41,41,0,-0.0122861961,-0.0122861961
2016-05-04,40.6,40.6,0,-0.009756097561,-0.009756097561
2016-05-05,40.5,40.5,0,-0.002463054187,-0.002463054187
2016-05-06,40.09,40.09,0,-0.01012345679,-0.01012345679
2016-05-13,39.7,39.7,0,-0.009728111749,-0.009728111749
2016-05-16,40,40,0,0.007556675063,0.007556675063
2016-05-19,40.28,40.28,0,0.007,0.007
2016-05-20,40.22,40.22,0,-0.001489572989,-0.001489572989
2016-05-23,41.25,41.25,0,0.02560914968,0.02560914968
2016-05-24,41.1,41.1,0,-0.003636363636,-0.003636363636
2016-05-26,41.39,41.39,0,0.007055961071,0.007055961071
2016-05-27,41.81,41.81,0,0.01014737859,0.01014737859
2016-05-30,42.25,42.25,0,0.01052379813,0.01052379813
2016-06-01,42.42,42.42,0,0.004023668639,0.004023668639
2016-06-02,42.34,42.34,0,-0.001885902876,-0.001885902876
2016-06-03,42.33,42.33,0,-0.0002361832782,-0.0002361832782
2016-06-04,42.38,42.38,0,0.00118119537,0.00118119537
2016-06-07,42.73,42.73,0,0.008258612553,0.008258612553
2016-06-08,43,43,0,0.006318745612,0.006318745612
2016-06-14,42.46,42.46,0,-0.01255813953,-0.01255813953
2016-06-22,43.02,43.02,0,0.01318888366,0.01318888366
2016-06-23,42.79,42.79,0,-0.005346350535,-0.005346350535
2016-06-24,42.96,42.96,0,0.003972890862,0.003972890862
2016-06-27,42.04,42.04,0,-0.02141527002,-0.02141527002
2016-06-30,43.08,43.08,0,0.02473834443,0.02473834443
2016-07-01,43.53,43.53,0,0.01044568245,0.01044568245
2016-07-04,43.67,43.67,0,0.003216172754,0.003216172754
2016-07-05,43.5,43.5,0,-0.003892832608,-0.003892832608
2016-07-06,42.88,42.88,0,-0.01425287356,-0.01425287356
2016-07-07,43.39,43.39,0,0.01189365672,0.01189365672
2016-07-11,44.06,44.06,0,0.01544134593,0.01544134593
2016-07-12,44.23,44.23,0,0.003858374943,0.003858374943
2016-07-13,44.31,44.31,0,0.001808727108,0.001808727108
2016-07-14,44.5,44.5,0,0.004287971113,0.004287971113
2016-07-15,44.82,44.82,0,0.007191011236,0.007191011236
2016-07-18,45.12,45.12,0,0.006693440428,0.006693440428
2016-07-19,45.3,45.3,0,0.003989361702,0.003989361702
2016-07-20,45.4,45.4,0,0.002207505519,0.002207505519
2016-07-21,45.64,45.64,0,0.005286343612,0.005286343612
2016-07-25,45.08,45.08,0,-0.01226993865,-0.01226993865
2016-07-26,45.34,45.34,0,0.005767524401,0.005767524401
2016-07-28,45.65,45.65,0,0.006837229819,0.006837229819
2016-07-29,45.56,45.56,0,-0.001971522453,-0.001971522453
2016-08-01,45.78,45.78,0,0.004828797191,0.004828797191
2016-08-02,45.7,45.7,0,-0.001747487986,-0.001747487986
2016-08-03,45.45,45.45,0,-0.005470459519,-0.005470459519
2016-08-04,45.8,45.8,0,0.007700770077,0.007700770077
2016-08-05,45.97,45.97,0,0.003711790393,0.003711790393
2016-08-08,46.24,46.24,0,0.005873395693,0.005873395693
2016-08-09,46.29,46.29,0,0.001081314879,0.001081314879
2016-08-11,46.57,46.57,0,0.00604882264,0.00604882264
2016-08-12,46.8,46.8,0,0.004938801804,0.004938801804
2016-08-15,46.78,46.78,0,-0.0004273504274,-0.0004273504274
2016-08-16,46.68,46.68,0,-0.002137665669,-0.002137665669
2016-08-17,46.4,46.4,0,-0.005998286204,-0.005998286204
2016-08-18,46.32,46.32,0,-0.001724137931,-0.001724137931
2016-08-19,46.02,46.02,0,-0.006476683938,-0.006476683938
2016-08-23,46.25,46.25,0,0.004997827032,0.004997827032
2016-08-26,46.7,46.7,0,0.00972972973,0.00972972973
2016-09-06,46.74,46.74,0,0.0008565310493,0.0008565310493
2016-09-07,47.23,47.23,0,0.01048352589,0.01048352589
2016-09-08,47.28,47.28,0,0.001058649164,0.001058649164
2016-09-10,46.25,46.25,0,-0.02178510998,-0.02178510998
2016-09-13,45.98,45.98,0,-0.005837837838,-0.005837837838
2016-09-19,46.75,46.75,0,0.01674641148,0.01674641148
2016-09-20,46.75,46.75,0,0,0
2016-09-21,46.95,46.95,0,0.004278074866,0.004278074866
2016-09-22,47.56,47.56,0,0.01299254526,0.01299254526
2016-09-30,47,47,0,-0.0117746005,-0.0117746005
2016-10-03,47.23,47.23,0,0.004893617021,0.004893617021
2016-10-04,47.33,47.33,0,0.002117298327,0.002117298327
2016-10-11,47.65,47.65,0,0.00676103951,0.00676103951
2016-10-12,47.65,47.65,0,0,0
2016-10-13,47.5,47.5,0,-0.00314795383,-0.00314795383
2016-10-14,46.96,46.96,0,-0.01136842105,-0.01136842105
2016-10-17,46.88,46.88,0,-0.001703577513,-0.001703577513
2016-10-24,47.65,47.65,0,0.01642491468,0.01642491468
2016-10-25,48.04,48.04,0,0.008184679958,0.008184679958
2016-10-26,48.31,48.31,0,0.005620316403,0.005620316403
2016-10-27,46.92,46.92,1.58,0.00393293314,0.00393293314
2016-10-28,46.38,46.38,0,-0.01150895141,-0.01150895141
2016-10-31,46.42,46.42,0,0.0008624407072,0.0008624407072
2016-11-01,46.16,46.16,0,-0.005601034037,-0.005601034037
2016-11-02,45.93,45.93,0,-0.004982668977,-0.004982668977
2016-11-09,44.57,44.57,0,-0.02961027651,-0.02961027651
2016-11-10,45.66,45.66,0,0.02445591205,0.02445591205
2016-11-14,44.63,44.63,0,-0.02255803767,-0.02255803767
2016-11-15,44.57,44.57,0,-0.001344387184,-0.001344387184
2016-11-16,44.74,44.74,0,0.003814224815,0.003814224815
2016-11-17,44.66,44.66,0,-0.001788109075,-0.001788109075
2016-11-28,45.38,45.38,0,0.01612180923,0.01612180923
2016-12-01,45.79,45.79,0,0.0090348171,0.0090348171
2016-12-06,45.74,45.74,0,-0.001091941472,-0.001091941472
2016-12-08,46.2,46.2,0,0.01005684303,0.01005684303
2016-12-12,46.17,46.17,0,-0.0006493506494,-0.0006493506494
2016-12-14,46.5,46.5,0,0.007147498376,0.007147498376
2016-12-23,45.31,45.31,0,-0.02559139785,-0.02559139785
2016-12-28,45.3,45.3,0,-0.0002207018318,-0.0002207018318
2016-12-29,45.72,45.72,0,0.009271523179,0.009271523179
2017-01-05,45.99,45.99,0,0.005905511811,0.005905511811
2017-01-06,46.2,46.2,0,0.004566210046,0.004566210046
2017-01-12,46.52,46.52,0,0.006926406926,0.006926406926
2017-01-13,46.5,46.5,0,-0.0004299226139,-0.0004299226139
2017-01-18,45.78,45.78,0,-0.01548387097,-0.01548387097
2017-01-19,45.67,45.67,0,-0.002402795981,-0.002402795981
2017-01-20,45.74,45.74,0,0.001532734837,0.001532734837
2017-01-23,46.15,46.15,0,0.008963707914,0.008963707914
2017-01-24,46.69,46.69,0,0.01170097508,0.01170097508
2017-02-06,46.66,46.66,0,-0.0006425358749,-0.0006425358749
2017-02-10,47.95,47.95,0,0.02764680669,0.02764680669
2017-02-13,47.68,47.68,0,-0.005630865485,-0.005630865485
2017-02-14,47.81,47.81,0,0.002726510067,0.002726510067
2017-02-17,48.03,48.03,0,0.004601547793,0.004601547793
2017-02-18,48.1,48.1,0,0.001457422444,0.001457422444
2017-03-02,47.77,47.77,0,-0.006860706861,-0.006860706861
2017-03-06,47.77,47.77,0,0,0
2017-03-07,48.33,48.33,0,0.0117228386,0.0117228386
2017-03-08,48.54,48.54,0,0.00434512725,0.00434512725
2017-03-13,48.17,48.17,0,-0.007622579316,-0.007622579316
2017-03-20,49.16,49.16,0,0.02055221092,0.02055221092
2017-03-21,49.36,49.36,0,0.004068348251,0.004068348251
2017-03-22,49.12,49.12,0,-0.004862236629,-0.004862236629
2017-03-23,49.2,49.2,0,0.001628664495,0.001628664495
2017-03-27,49.19,49.19,0,-0.0002032520325,-0.0002032520325
2017-03-30,48.96,48.96,0,-0.004675747103,-0.004675747103
2017-04-05,49.28,49.28,0,0.006535947712,0.006535947712
2017-04-06,49.2,49.2,0,-0.001623376623,-0.001623376623
2017-04-10,49.11,49.11,0,-0.001829268293,-0.001829268293
2017-04-11,49.08,49.08,0,-0.0006108735492,-0.0006108735492
2017-04-17,48.15,48.15,0,-0.01894865526,-0.01894865526
2017-04-18,48.33,48.33,0,0.003738317757,0.003738317757
2017-04-20,47.92,47.92,0,-0.008483343679,-0.008483343679
2017-05-02,49.37,49.37,0,0.03025876461,0.03025876461
2017-05-04,49.47,49.47,0,0.002025521572,0.002025521572
2017-05-05,49.3,49.3,0,-0.003436426117,-0.003436426117
2017-05-08,49.22,49.22,0,-0.001622718053,-0.001622718053
2017-05-09,49.32,49.32,0,0.002031694433,0.002031694433
2017-05-10,49.5,49.5,0,0.003649635036,0.003649635036
2017-05-11,49.59,49.59,0,0.001818181818,0.001818181818
2017-05-12,49.69,49.69,0,0.002016535592,0.002016535592
2017-05-15,49.84,49.84,0,0.003018716039,0.003018716039
2017-05-16,49.85,49.85,0,0.0002006420546,0.0002006420546
2017-05-17,49.55,49.55,0,-0.006018054162,-0.006018054162
2017-05-22,49.6,49.6,0,0.001009081736,0.001009081736
2017-05-25,50.15,50.15,0,0.01108870968,0.01108870968
2017-05-26,50.2,50.2,0,0.0009970089731,0.0009970089731
2017-05-31,49.84,49.84,0,-0.007171314741,-0.007171314741
2017-06-01,50.05,50.05,0,0.004213483146,0.004213483146
2017-06-03,50.3,50.3,0,0.004995004995,0.004995004995
2017-06-05,50.5,50.5,0,0.003976143141,0.003976143141
2017-06-06,50.7,50.7,0,0.00396039604,0.00396039604
2017-06-07,50.55,50.55,0,-0.002958579882,-0.002958579882
2017-06-08,50.7,50.7,0,0.00296735905,0.00296735905
2017-06-09,50.9,50.9,0,0.003944773176,0.003944773176
2017-06-12,50.4,50.4,0,-0.009823182711,-0.009823182711
2017-06-14,50.3,50.3,0,-0.001984126984,-0.001984126984
2017-06-15,50.15,50.15,0,-0.002982107356,-0.002982107356
2017-06-16,50.1,50.1,0,-0.0009970089731,-0.0009970089731
2017-06-19,50.85,50.85,0,0.01497005988,0.01497005988
2017-06-20,51.2,51.2,0,0.006882989184,0.006882989184
2017-06-21,51.4,51.4,0,0.00390625,0.00390625
2017-06-22,51.55,51.55,0,0.002918287938,0.002918287938
2017-06-23,51.55,51.55,0,0,0
2017-06-26,52.45,52.45,0,0.01745877789,0.01745877789
2017-06-27,52.6,52.6,0,0.00285986654,0.00285986654
2017-06-28,52.4,52.4,0,-0.003802281369,-0.003802281369
2017-06-29,52.5,52.5,0,0.001908396947,0.001908396947
2017-06-30,51.9,51.9,0,-0.01142857143,-0.01142857143
2017-07-03,52.2,52.2,0,0.005780346821,0.005780346821
2017-07-05,52.1,52.1,0,-0.001915708812,-0.001915708812
2017-07-11,52.45,52.45,0,0.006717850288,0.006717850288
2017-07-13,53,53,0,0.01048617731,0.01048617731
2017-07-17,53.1,53.1,0,0.001886792453,0.001886792453
2017-07-18,53.1,53.1,0,0,0
2017-07-20,53.3,53.3,0,0.003766478343,0.003766478343
2017-07-21,53.3,53.3,0,0,0
2017-07-24,53.05,53.05,0,-0.00469043152,-0.00469043152
2017-07-27,53.6,53.6,0,0.01036757776,0.01036757776
2017-08-01,53.5,53.5,0,-0.001865671642,-0.001865671642
2017-08-02,53.7,53.7,0,0.003738317757,0.003738317757
2017-08-03,53.45,53.45,0,-0.004655493482,-0.004655493482
2017-08-07,53.95,53.95,0,0.00935453695,0.00935453695
2017-08-10,53.25,53.25,0,-0.01297497683,-0.01297497683
2017-08-11,53,53,0,-0.004694835681,-0.004694835681
2017-08-15,53.1,53.1,0,0.001886792453,0.001886792453
2017-08-16,52.95,52.95,0,-0.002824858757,-0.002824858757
2017-08-17,53.1,53.1,0,0.00283286119,0.00283286119
2017-08-18,53,53,0,-0.001883239171,-0.001883239171
2017-08-21,53.2,53.2,0,0.003773584906,0.003773584906
2017-08-22,53.45,53.45,0,0.00469924812,0.00469924812
2017-08-23,53.6,53.6,0,0.002806361085,0.002806361085
2017-08-24,53.9,53.9,0,0.005597014925,0.005597014925
2017-08-25,54,54,0,0.00185528757,0.00185528757
2017-08-28,54.3,54.3,0,0.005555555556,0.005555555556
2017-08-31,54.65,54.65,0,0.006445672192,0.006445672192
2017-09-01,54.6,54.6,0,-0.0009149130833,-0.0009149130833
2017-09-04,54.5,54.5,0,-0.001831501832,-0.001831501832
2017-09-11,54.5,54.5,0,0,0
2017-09-12,54.7,54.7,0,0.003669724771,0.003669724771
2017-09-15,54.25,54.25,0,-0.008226691042,-0.008226691042
2017-09-18,54.6,54.6,0,0.006451612903,0.006451612903
2017-09-19,54.7,54.7,0,0.001831501832,0.001831501832
2017-09-20,53.9,53.9,0,-0.01462522852,-0.01462522852
2017-09-21,54.6,54.6,0,0.01298701299,0.01298701299
2017-09-22,53.7,53.7,0,-0.01648351648,-0.01648351648
2017-09-26,52.95,52.95,0,-0.01396648045,-0.01396648045
2017-09-27,53.15,53.15,0,0.003777148253,0.003777148253
2017-09-30,53.45,53.45,0,0.005644402634,0.005644402634
2017-10-02,53.9,53.9,0,0.008419083255,0.008419083255
2017-10-11,54.65,54.65,0,0.01391465677,0.01391465677
2017-10-17,55.4,55.4,0,0.01372369625,0.01372369625
2017-10-19,55.3,55.3,0,-0.001805054152,-0.001805054152
2017-10-23,55.45,55.45,0,0.002712477396,0.002712477396
2017-10-26,55.35,55.35,0,-0.00180342651,-0.00180342651
2017-10-27,55.3,55.3,0,-0.0009033423668,-0.0009033423668
2017-10-30,55.45,55.45,0,0.002712477396,0.002712477396
2017-10-31,53.8,53.8,1.7,0.0009017132552,0.0009017132552
2017-11-01,54,54,0,0.003717472119,0.003717472119
2017-11-02,53.95,53.95,0,-0.0009259259259,-0.0009259259259
2017-11-09,53.75,53.75,0,-0.003707136237,-0.003707136237
2017-11-13,53.4,53.4,0,-0.006511627907,-0.006511627907
2017-11-15,52.9,52.9,0,-0.00936329588,-0.00936329588
2017-11-16,53.2,53.2,0,0.005671077505,0.005671077505
2017-11-17,53.3,53.3,0,0.001879699248,0.001879699248
2017-11-21,53.65,53.65,0,0.006566604128,0.006566604128
2017-11-23,54,54,0,0.006523765144,0.006523765144
2017-11-27,53.7,53.7,0,-0.005555555556,-0.005555555556
2017-11-28,53.2,53.2,0,-0.009310986965,-0.009310986965
2017-12-01,53.2,53.2,0,0,0
2017-12-06,51.9,51.9,0,-0.02443609023,-0.02443609023
2017-12-11,52.25,52.25,0,0.006743737958,0.006743737958
2017-12-12,51.85,51.85,0,-0.007655502392,-0.007655502392
2017-12-13,51.9,51.9,0,0.0009643201543,0.0009643201543
2017-12-14,52.3,52.3,0,0.007707129094,0.007707129094
2017-12-15,52.3,52.3,0,0,0
2017-12-21,52.35,52.35,0,0.0009560229446,0.0009560229446
2017-12-25,52.25,52.25,0,-0.001910219675,-0.001910219675
2017-12-26,51.85,51.85,0,-0.007655502392,-0.007655502392
2017-12-27,52,52,0,0.002892960463,0.002892960463
2017-12-28,52.5,52.5,0,0.009615384615,0.009615384615
2017-12-29,52.95,52.95,0,0.008571428571,0.008571428571
2018-01-02,53.2,53.2,0,0.004721435316,0.004721435316
2018-01-03,53.4,53.4,0,0.003759398496,0.003759398496
2018-01-04,53.6,53.6,0,0.003745318352,0.003745318352
2018-01-05,54,54,0,0.007462686567,0.007462686567
2018-01-08,54,54,0,0,0
2018-01-09,54,54,0,0,0
2018-01-10,53.95,53.95,0,-0.0009259259259,-0.0009259259259
2018-01-11,53.65,53.65,0,-0.005560704356,-0.005560704356
2018-01-15,54.15,54.15,0,0.009319664492,0.009319664492
2018-01-17,54.5,54.5,0,0.006463527239,0.006463527239
2018-01-18,55,55,0,0.009174311927,0.009174311927
2018-01-19,55.3,55.3,0,0.005454545455,0.005454545455
2018-01-22,55.6,55.6,0,0.005424954792,0.005424954792
2018-01-23,55.7,55.7,0,0.001798561151,0.001798561151
2018-01-24,55.4,55.4,0,-0.005385996409,-0.005385996409
2018-01-26,55.55,55.55,0,0.002707581227,0.002707581227
2018-01-31,55.3,55.3,0,-0.004500450045,-0.004500450045
2018-02-01,55.6,55.6,0,0.005424954792,0.005424954792
2018-02-02,55.25,55.25,0,-0.006294964029,-0.006294964029
2018-02-05,54.4,54.4,0,-0.01538461538,-0.01538461538
2018-02-06,52.2,52.2,0,-0.04044117647,-0.04044117647
2018-02-07,52.7,52.7,0,0.009578544061,0.009578544061
2018-02-08,52.1,52.1,0,-0.01138519924,-0.01138519924
2018-02-09,50.9,50.9,0,-0.02303262956,-0.02303262956
2018-02-12,52.1,52.1,0,0.02357563851,0.02357563851
2018-02-21,53.1,53.1,0,0.01919385797,0.01919385797
2018-02-22,53.05,53.05,0,-0.0009416195857,-0.0009416195857
2018-02-26,53.95,53.95,0,0.01696512724,0.01696512724
2018-02-27,54.25,54.25,0,0.005560704356,0.005560704356
2018-03-01,53.7,53.7,0,-0.01013824885,-0.01013824885
2018-03-02,53.3,53.3,0,-0.007448789572,-0.007448789572
2018-03-06,53.6,53.6,0,0.005628517824,0.005628517824
2018-03-08,53.7,53.7,0,0.001865671642,0.001865671642
2018-03-09,54,54,0,0.005586592179,0.005586592179
2018-03-12,54.7,54.7,0,0.01296296296,0.01296296296
2018-03-13,54.9,54.9,0,0.00365630713,0.00365630713
2018-03-14,54.95,54.95,0,0.0009107468124,0.0009107468124
2018-03-19,54.6,54.6,0,-0.006369426752,-0.006369426752
2018-03-20,54.5,54.5,0,-0.001831501832,-0.001831501832
2018-03-21,54.9,54.9,0,0.007339449541,0.007339449541
2018-03-28,54.05,54.05,0,-0.01548269581,-0.01548269581
2018-03-31,54.05,54.05,0,0,0
2018-04-02,54.2,54.2,0,0.002775208141,0.002775208141
2018-04-09,54,54,0,-0.0036900369,-0.0036900369
2018-04-11,54.5,54.5,0,0.009259259259,0.009259259259
2018-04-18,53.85,53.85,0,-0.0119266055,-0.0119266055
2018-04-23,53.3,53.3,0,-0.01021355617,-0.01021355617
2018-04-24,52.5,52.5,0,-0.01500938086,-0.01500938086
2018-04-26,52.1,52.1,0,-0.007619047619,-0.007619047619
2018-04-30,52.55,52.55,0,0.008637236084,0.008637236084
2018-05-02,52.75,52.75,0,0.003805899144,0.003805899144
2018-05-03,52.4,52.4,0,-0.00663507109,-0.00663507109
2018-05-04,52.2,52.2,0,-0.003816793893,-0.003816793893
2018-05-07,52.65,52.65,0,0.008620689655,0.008620689655
2018-05-08,53.05,53.05,0,0.007597340931,0.007597340931
2018-05-09,53.25,53.25,0,0.003770028275,0.003770028275
2018-05-10,53.45,53.45,0,0.003755868545,0.003755868545
2018-05-11,53.95,53.95,0,0.00935453695,0.00935453695
2018-05-14,54.2,54.2,0,0.004633920297,0.004633920297
2018-05-15,54.25,54.25,0,0.0009225092251,0.0009225092251
2018-05-16,53.9,53.9,0,-0.006451612903,-0.006451612903
2018-05-17,54.05,54.05,0,0.002782931354,0.002782931354
2018-05-18,53.7,53.7,0,-0.006475485661,-0.006475485661
2018-05-21,54.5,54.5,0,0.01489757914,0.01489757914
2018-05-22,54.55,54.55,0,0.0009174311927,0.0009174311927
2018-05-23,54.25,54.25,0,-0.005499541705,-0.005499541705
2018-05-24,54.4,54.4,0,0.002764976959,0.002764976959
2018-05-25,54.55,54.55,0,0.002757352941,0.002757352941
2018-05-28,54.8,54.8,0,0.004582951421,0.004582951421
2018-05-29,54.55,54.55,0,-0.004562043796,-0.004562043796
2018-05-30,53.75,53.75,0,-0.01466544455,-0.01466544455
2018-05-31,54,54,0,0.004651162791,0.004651162791
2018-06-01,54.45,54.45,0,0.008333333333,0.008333333333
2018-06-04,55,55,0,0.0101010101,0.0101010101
2018-06-05,55.2,55.2,0,0.003636363636,0.003636363636
2018-06-06,55.8,55.8,0,0.01086956522,0.01086956522
2018-06-07,55.85,55.85,0,0.0008960573477,0.0008960573477
2018-06-11,55.7,55.7,0,-0.002685765443,-0.002685765443
2018-06-12,55.45,55.45,0,-0.004488330341,-0.004488330341
2018-06-13,55.5,55.5,0,0.0009017132552,0.0009017132552
2018-06-14,55,55,0,-0.009009009009,-0.009009009009
2018-06-15,55.05,55.05,0,0.0009090909091,0.0009090909091
2018-06-19,54.6,54.6,0,-0.008174386921,-0.008174386921
2018-06-20,54.05,54.05,0,-0.01007326007,-0.01007326007
2018-06-21,54.55,54.55,0,0.009250693802,0.009250693802
2018-06-22,54,54,0,-0.01008249313,-0.01008249313
2018-06-26,53.9,53.9,0,-0.001851851852,-0.001851851852
2018-06-27,53.55,53.55,0,-0.006493506494,-0.006493506494
2018-06-28,53.45,53.45,0,-0.001867413632,-0.001867413632
2018-06-29,54.15,54.15,0,0.01309635173,0.01309635173
2018-07-02,54.4,54.4,0,0.004616805171,0.004616805171
2018-07-03,53.85,53.85,0,-0.01011029412,-0.01011029412
2018-07-04,54,54,0,0.00278551532,0.00278551532
2018-07-05,53.55,53.55,0,-0.008333333333,-0.008333333333
2018-07-06,53.6,53.6,0,0.0009337068161,0.0009337068161
2018-07-09,54,54,0,0.007462686567,0.007462686567
2018-07-10,54.55,54.55,0,0.01018518519,0.01018518519
2018-07-11,54.3,54.3,0,-0.004582951421,-0.004582951421
2018-07-12,54.6,54.6,0,0.005524861878,0.005524861878
2018-07-13,55.2,55.2,0,0.01098901099,0.01098901099
2018-07-16,55.1,55.1,0,-0.001811594203,-0.001811594203
2018-07-17,54.75,54.75,0,-0.006352087114,-0.006352087114
2018-07-18,55.05,55.05,0,0.005479452055,0.005479452055
2018-07-19,55.35,55.35,0,0.005449591281,0.005449591281
2018-07-20,55.55,55.55,0,0.003613369467,0.003613369467
2018-07-23,55.75,55.75,0,0.003600360036,0.003600360036
2018-07-24,56,56,0,0.004484304933,0.004484304933
2018-07-25,56,56,0,0,0
2018-07-26,56.1,56.1,0,0.001785714286,0.001785714286
2018-07-27,56.45,56.45,0,0.00623885918,0.00623885918
2018-07-30,56.3,56.3,0,-0.002657218778,-0.002657218778
2018-07-31,56.65,56.65,0,0.00621669627,0.00621669627
2018-08-01,56.7,56.7,0,0.0008826125331,0.0008826125331
2018-08-02,56.2,56.2,0,-0.008818342152,-0.008818342152
2018-08-03,56.4,56.4,0,0.003558718861,0.003558718861
2018-08-06,56.65,56.65,0,0.004432624113,0.004432624113
2018-08-07,56.35,56.35,0,-0.005295675199,-0.005295675199
2018-08-08,56.95,56.95,0,0.01064773736,0.01064773736
2018-08-09,56.7,56.7,0,-0.004389815628,-0.004389815628
2018-08-10,56.45,56.45,0,-0.004409171076,-0.004409171076
2018-08-13,55.25,55.25,0,-0.02125775022,-0.02125775022
2018-08-14,55.5,55.5,0,0.004524886878,0.004524886878
2018-08-15,55.15,55.15,0,-0.006306306306,-0.006306306306
2018-08-16,55.2,55.2,0,0.0009066183137,0.0009066183137
2018-08-17,55.1,55.1,0,-0.001811594203,-0.001811594203
2018-08-20,55,55,0,-0.001814882033,-0.001814882033
2018-08-21,55.5,55.5,0,0.009090909091,0.009090909091
2018-08-22,55.45,55.45,0,-0.0009009009009,-0.0009009009009
2018-08-23,55.75,55.75,0,0.005410279531,0.005410279531
2018-08-24,55.7,55.7,0,-0.0008968609865,-0.0008968609865
2018-08-27,56.35,56.35,0,0.01166965889,0.01166965889
2018-08-28,56.7,56.7,0,0.006211180124,0.006211180124
2018-08-29,56.95,56.95,0,0.004409171076,0.004409171076
2018-08-30,57.3,57.3,0,0.006145741879,0.006145741879
2018-08-31,56.9,56.9,0,-0.006980802792,-0.006980802792
2018-09-03,56.75,56.75,0,-0.002636203866,-0.002636203866
2018-09-06,56.4,56.4,0,-0.006167400881,-0.006167400881
2018-09-07,56.1,56.1,0,-0.005319148936,-0.005319148936
2018-09-10,55.25,55.25,0,-0.01515151515,-0.01515151515
2018-09-11,55.3,55.3,0,0.0009049773756,0.0009049773756
2018-09-14,55.65,55.65,0,0.006329113924,0.006329113924
2018-09-18,55.75,55.75,0,0.001796945193,0.001796945193
2018-09-20,56,56,0,0.004484304933,0.004484304933
2018-09-21,56.5,56.5,0,0.008928571429,0.008928571429
2018-09-25,56.75,56.75,0,0.004424778761,0.004424778761
2018-09-26,56.65,56.65,0,-0.001762114537,-0.001762114537
2018-09-27,56.85,56.85,0,0.003530450132,0.003530450132
2018-10-01,56.9,56.9,0,0.0008795074758,0.0008795074758
2018-10-04,55.25,55.25,0,-0.02899824253,-0.02899824253
2018-10-05,54.8,54.8,0,-0.00814479638,-0.00814479638
2018-10-08,54,54,0,-0.01459854015,-0.01459854015
2018-10-09,54,54,0,0,0
2018-10-11,50.9,50.9,0,-0.05740740741,-0.05740740741
2018-10-12,51.35,51.35,0,0.00884086444,0.00884086444
2018-10-15,51.35,51.35,0,0,0
2018-10-16,51.05,51.05,0,-0.005842259007,-0.005842259007
2018-10-17,52.1,52.1,0,0.02056807052,0.02056807052
2018-10-19,51.3,51.3,0,-0.01535508637,-0.01535508637
2018-10-22,51.65,51.65,0,0.006822612086,0.006822612086
2018-10-23,50.8,50.8,0,-0.01645692159,-0.01645692159
2018-10-24,50.65,50.65,0,-0.002952755906,-0.002952755906
2018-10-25,49.37,49.37,0,-0.02527147088,-0.02527147088
2018-10-26,49.12,49.12,0,-0.00506380393,-0.00506380393
2018-10-29,48.98,48.98,0,-0.002850162866,-0.002850162866
2018-10-30,47.2,47.2,1.94,0.003266639445,0.003266639445
2018-10-31,48.73,48.73,0,0.03241525424,0.03241525424
2018-11-01,49.02,49.02,0,0.00595115945,0.00595115945
2018-11-02,49.2,49.2,0,0.003671970624,0.003671970624
2018-11-05,48.9,48.9,0,-0.006097560976,-0.006097560976
2018-11-06,48.82,48.82,0,-0.00163599182,-0.00163599182
2018-11-07,49.18,49.18,0,0.007374027038,0.007374027038
2018-11-08,49.45,49.45,0,0.0054900366,0.0054900366
2018-11-12,49.11,49.11,0,-0.006875631951,-0.006875631951
2018-11-13,48.64,48.64,0,-0.00957035227,-0.00957035227
2018-11-14,48.64,48.64,0,0,0
2018-11-15,48.78,48.78,0,0.002878289474,0.002878289474
2018-11-20,48.35,48.35,0,-0.008815088151,-0.008815088151
2018-11-21,48.34,48.34,0,-0.0002068252327,-0.0002068252327
2018-11-22,48.6,48.6,0,0.005378568473,0.005378568473
2018-11-23,48.21,48.21,0,-0.008024691358,-0.008024691358
2018-11-26,48.54,48.54,0,0.006845052894,0.006845052894
2018-11-27,48.33,48.33,0,-0.004326328801,-0.004326328801
2018-11-29,49.55,49.55,0,0.02524312022,0.02524312022
2018-11-30,49.19,49.19,0,-0.007265388496,-0.007265388496
2018-12-03,50.1,50.1,0,0.01849969506,0.01849969506
2018-12-04,50.05,50.05,0,-0.000998003992,-0.000998003992
2018-12-06,48.31,48.31,0,-0.03476523477,-0.03476523477
2018-12-07,48.5,48.5,0,0.00393293314,0.00393293314
2018-12-11,48.12,48.12,0,-0.007835051546,-0.007835051546
2018-12-12,48.38,48.38,0,0.00540315877,0.00540315877
2018-12-17,48.58,48.58,0,0.004133939644,0.004133939644
2018-12-18,48.33,48.33,0,-0.005146150679,-0.005146150679
2018-12-21,47.75,47.75,0,-0.01200082764,-0.01200082764
2018-12-26,46.96,46.96,0,-0.01654450262,-0.01654450262
2018-12-28,47.68,47.68,0,0.01533219761,0.01533219761
2019-01-02,47.67,47.67,0,-0.0002097315436,-0.0002097315436
2019-01-04,46.51,46.51,0,-0.02433396266,-0.02433396266
2019-01-07,47.57,47.57,0,0.02279079768,0.02279079768
2019-01-08,47.45,47.45,0,-0.002522598276,-0.002522598276
2019-01-11,48.41,48.41,0,0.02023182297,0.02023182297
2019-01-16,48.55,48.55,0,0.00289196447,0.00289196447
2019-01-17,48.3,48.3,0,-0.005149330587,-0.005149330587
2019-01-18,48.8,48.8,0,0.01035196687,0.01035196687
2019-01-21,49.27,49.27,0,0.009631147541,0.009631147541
2019-01-24,48.9,48.9,0,-0.007509640755,-0.007509640755
2019-01-25,49.46,49.46,0,0.01145194274,0.01145194274
2019-01-28,49.81,49.81,0,0.007076425394,0.007076425394
2019-01-29,49.16,49.16,0,-0.01304958844,-0.01304958844
2019-01-30,49.32,49.32,0,0.0032546786,0.0032546786
2019-02-11,49.64,49.64,0,0.006488240065,0.006488240065
2019-02-12,49.92,49.92,0,0.005640612409,0.005640612409
2019-02-13,49.95,49.95,0,0.0006009615385,0.0006009615385
2019-02-18,50.35,50.35,0,0.008008008008,0.008008008008
2019-02-19,50.25,50.25,0,-0.001986097319,-0.001986097319
2019-02-20,50.95,50.95,0,0.01393034826,0.01393034826
2019-02-22,51,51,0,0.0009813542689,0.0009813542689
2019-02-26,51.6,51.6,0,0.01176470588,0.01176470588
2019-02-27,51.4,51.4,0,-0.003875968992,-0.003875968992
2019-03-04,51.35,51.35,0,-0.0009727626459,-0.0009727626459
2019-03-05,51.2,51.2,0,-0.002921129503,-0.002921129503
2019-03-06,51.4,51.4,0,0.00390625,0.00390625
2019-03-07,51.3,51.3,0,-0.001945525292,-0.001945525292
2019-03-08,50.75,50.75,0,-0.01072124756,-0.01072124756
2019-03-11,50.65,50.65,0,-0.00197044335,-0.00197044335
2019-03-12,51.4,51.4,0,0.01480750247,0.01480750247
2019-03-13,51.2,51.2,0,-0.003891050584,-0.003891050584
2019-03-14,51.3,51.3,0,0.001953125,0.001953125
2019-03-18,52,52,0,0.01364522417,0.01364522417
2019-03-19,51.9,51.9,0,-0.001923076923,-0.001923076923
2019-03-20,52.05,52.05,0,0.00289017341,0.00289017341
2019-03-26,52.4,52.4,0,0.006724303554,0.006724303554
2019-03-27,52.2,52.2,0,-0.003816793893,-0.003816793893
2019-03-28,52.2,52.2,0,0,0
2019-03-29,52.4,52.4,0,0.003831417625,0.003831417625
2019-04-01,53,53,0,0.01145038168,0.01145038168
2019-04-02,53,53,0,0,0
2019-04-08,53.65,53.65,0,0.01226415094,0.01226415094
2019-04-09,53.4,53.4,0,-0.004659832246,-0.004659832246
2019-04-10,54,54,0,0.01123595506,0.01123595506
2019-04-11,53.55,53.55,0,-0.008333333333,-0.008333333333
2019-04-12,53.6,53.6,0,0.0009337068161,0.0009337068161
2019-04-15,53.8,53.8,0,0.003731343284,0.003731343284
2019-04-16,54.3,54.3,0,0.009293680297,0.009293680297
2019-04-17,54.4,54.4,0,0.001841620626,0.001841620626
2019-04-18,54.3,54.3,0,-0.001838235294,-0.001838235294
2019-04-22,54.65,54.65,0,0.006445672192,0.006445672192
2019-04-23,54.6,54.6,0,-0.0009149130833,-0.0009149130833
2019-04-25,54.6,54.6,0,0,0
2019-04-26,54.45,54.45,0,-0.002747252747,-0.002747252747
2019-04-29,54.2,54.2,0,-0.004591368228,-0.004591368228
2019-05-02,54.5,54.5,0,0.005535055351,0.005535055351
2019-05-03,54.75,54.75,0,0.004587155963,0.004587155963
2019-05-06,54.15,54.15,0,-0.01095890411,-0.01095890411
2019-05-07,54.45,54.45,0,0.005540166205,0.005540166205
2019-05-08,54.35,54.35,0,-0.001836547291,-0.001836547291
2019-05-09,53.45,53.45,0,-0.01655933763,-0.01655933763
2019-05-10,53.05,53.05,0,-0.00748362956,-0.00748362956
2019-05-13,53.05,53.05,0,0,0
2019-05-15,52.55,52.55,0,-0.009425070688,-0.009425070688
2019-05-16,52,52,0,-0.01046622265,-0.01046622265
2019-05-20,51.5,51.5,0,-0.009615384615,-0.009615384615
2019-05-21,51.8,51.8,0,0.005825242718,0.005825242718
2019-05-22,51.85,51.85,0,0.0009652509653,0.0009652509653
2019-05-23,51.15,51.15,0,-0.01350048216,-0.01350048216
2019-05-24,51.15,51.15,0,0,0
2019-05-27,51.25,51.25,0,0.001955034213,0.001955034213
2019-05-28,51.1,51.1,0,-0.002926829268,-0.002926829268
2019-05-29,51,51,0,-0.001956947162,-0.001956947162
2019-05-30,51.45,51.45,0,0.008823529412,0.008823529412
2019-05-31,51.85,51.85,0,0.007774538387,0.007774538387
2019-06-03,51.7,51.7,0,-0.002892960463,-0.002892960463
2019-06-04,51.65,51.65,0,-0.0009671179884,-0.0009671179884
2019-06-06,51.55,51.55,0,-0.001936108422,-0.001936108422
2019-06-10,52.05,52.05,0,0.009699321048,0.009699321048
2019-06-12,52.5,52.5,0,0.008645533141,0.008645533141
2019-06-13,52.2,52.2,0,-0.005714285714,-0.005714285714
2019-06-14,52.15,52.15,0,-0.0009578544061,-0.0009578544061
2019-06-17,52.2,52.2,0,0.0009587727709,0.0009587727709
2019-06-18,52.2,52.2,0,0,0
2019-06-19,53.35,53.35,0,0.02203065134,0.02203065134
2019-06-20,53.55,53.55,0,0.003748828491,0.003748828491
2019-06-21,53.5,53.5,0,-0.0009337068161,-0.0009337068161
2019-06-24,53.75,53.75,0,0.004672897196,0.004672897196
2019-06-25,53.45,53.45,0,-0.005581395349,-0.005581395349
2019-06-26,53.3,53.3,0,-0.002806361085,-0.002806361085
2019-06-27,53.85,53.85,0,0.01031894934,0.01031894934
2019-06-28,53.8,53.8,0,-0.0009285051068,-0.0009285051068
2019-07-01,54.5,54.5,0,0.01301115242,0.01301115242
2019-07-02,54.3,54.3,0,-0.003669724771,-0.003669724771
2019-07-05,54,54,0,-0.005524861878,-0.005524861878
2019-07-08,54.05,54.05,0,0.0009259259259,0.0009259259259
2019-07-09,54,54,0,-0.0009250693802,-0.0009250693802
2019-07-11,54.55,54.55,0,0.01018518519,0.01018518519
2019-07-12,54.7,54.7,0,0.002749770852,0.002749770852
2019-07-15,54.95,54.95,0,0.004570383912,0.004570383912
2019-07-16,55.15,55.15,0,0.003639672429,0.003639672429
2019-07-17,54.65,54.65,0,-0.009066183137,-0.009066183137
2019-07-18,54.6,54.6,0,-0.0009149130833,-0.0009149130833
2019-07-19,55.05,55.05,0,0.008241758242,0.008241758242
2019-07-22,55.35,55.35,0,0.005449591281,0.005449591281
2019-07-24,55.5,55.5,0,0.0027100271,0.0027100271
2019-07-25,55.45,55.45,0,-0.0009009009009,-0.0009009009009
2019-07-26,55.45,55.45,0,0,0
2019-07-29,55.4,55.4,0,-0.0009017132552,-0.0009017132552
2019-07-30,55.15,55.15,0,-0.004512635379,-0.004512635379
2019-07-31,55.05,55.05,0,-0.001813236627,-0.001813236627
2019-08-01,54.8,54.8,0,-0.004541326067,-0.004541326067
2019-08-02,53.8,53.8,0,-0.01824817518,-0.01824817518
2019-08-05,53.3,53.3,0,-0.009293680297,-0.009293680297
2019-08-06,53.15,53.15,0,-0.002814258912,-0.002814258912
2019-08-07,53.1,53.1,0,-0.0009407337723,-0.0009407337723
2019-08-08,53.45,53.45,0,0.0065913371,0.0065913371
2019-08-12,53.65,53.65,0,0.00374181478,0.00374181478
2019-08-13,53.2,53.2,0,-0.008387698043,-0.008387698043
2019-08-15,52.9,52.9,0,-0.005639097744,-0.005639097744
2019-08-16,53.4,53.4,0,0.009451795841,0.009451795841
2019-08-19,53.45,53.45,0,0.000936329588,0.000936329588
2019-08-20,53.9,53.9,0,0.008419083255,0.008419083255
2019-08-21,53.9,53.9,0,0,0
2019-08-22,54.1,54.1,0,0.003710575139,0.003710575139
2019-08-23,53.8,53.8,0,-0.005545286506,-0.005545286506
2019-08-26,53.1,53.1,0,-0.01301115242,-0.01301115242
2019-08-27,53.15,53.15,0,0.0009416195857,0.0009416195857
2019-08-28,53.45,53.45,0,0.005644402634,0.005644402634
2019-08-29,53.35,53.35,0,-0.00187090739,-0.00187090739
2019-08-30,54.4,54.4,0,0.01968134958,0.01968134958
2019-09-02,54.5,54.5,0,0.001838235294,0.001838235294
2019-09-03,54.15,54.15,0,-0.006422018349,-0.006422018349
2019-09-04,54.45,54.45,0,0.005540166205,0.005540166205
2019-09-05,54.95,54.95,0,0.009182736455,0.009182736455
2019-09-06,55.35,55.35,0,0.007279344859,0.007279344859
2019-09-09,55.35,55.35,0,0,0
2019-09-10,55.15,55.15,0,-0.003613369467,-0.003613369467
2019-09-11,55.3,55.3,0,0.002719854941,0.002719854941
2019-09-12,55.55,55.55,0,0.00452079566,0.00452079566
2019-09-16,56.05,56.05,0,0.00900090009,0.00900090009
2019-09-17,55.85,55.85,0,-0.00356824264,-0.00356824264
2019-09-18,56.15,56.15,0,0.005371530886,0.005371530886
2019-09-19,56.1,56.1,0,-0.0008904719501,-0.0008904719501
2019-09-20,56.15,56.15,0,0.0008912655971,0.0008912655971
2019-09-23,56.15,56.15,0,0,0
2019-09-24,56.1,56.1,0,-0.0008904719501,-0.0008904719501
2019-09-25,55.65,55.65,0,-0.008021390374,-0.008021390374
2019-09-26,55.9,55.9,0,0.004492362983,0.004492362983
2019-09-27,55.7,55.7,0,-0.003577817531,-0.003577817531
2019-10-01,56.2,56.2,0,0.008976660682,0.008976660682
2019-10-02,56.3,56.3,0,0.001779359431,0.001779359431
2019-10-03,55.95,55.95,0,-0.00621669627,-0.00621669627
2019-10-04,56.1,56.1,0,0.002680965147,0.002680965147
2019-10-07,56.35,56.35,0,0.004456327986,0.004456327986
2019-10-08,56.65,56.65,0,0.005323868678,0.005323868678
2019-10-09,56.35,56.35,0,-0.005295675199,-0.005295675199
2019-10-14,57,57,0,0.0115350488,0.0115350488
2019-10-15,57.2,57.2,0,0.00350877193,0.00350877193
2019-10-16,57.5,57.5,0,0.005244755245,0.005244755245
2019-10-17,57.25,57.25,0,-0.004347826087,-0.004347826087
2019-10-18,57.5,57.5,0,0.004366812227,0.004366812227
2019-10-21,57.55,57.55,0,0.0008695652174,0.0008695652174
2019-10-22,57.75,57.75,0,0.003475238923,0.003475238923
2019-10-23,57.85,57.85,0,0.001731601732,0.001731601732
2019-10-24,57.9,57.9,0,0.0008643042351,0.0008643042351
2019-10-25,58.15,58.15,0,0.004317789292,0.004317789292
2019-10-28,58.25,58.25,0,0.001719690456,0.001719690456
2019-10-29,56.6,56.6,1.52,-0.002231759657,-0.002231759657
2019-10-30,56.7,56.7,0,0.001766784452,0.001766784452
2019-10-31,57,57,0,0.005291005291,0.005291005291
2019-11-01,56.7,56.7,0,-0.005263157895,-0.005263157895
2019-11-04,57.7,57.7,0,0.0176366843,0.0176366843
2019-11-05,58,58,0,0.005199306759,0.005199306759
2019-11-06,58.3,58.3,0,0.005172413793,0.005172413793
2019-11-07,57.85,57.85,0,-0.007718696398,-0.007718696398
2019-11-08,57.85,57.85,0,0,0
2019-11-11,57.35,57.35,0,-0.008643042351,-0.008643042351
2019-11-12,57.3,57.3,0,-0.0008718395815,-0.0008718395815
2019-11-13,57.1,57.1,0,-0.003490401396,-0.003490401396
2019-11-14,57.1,57.1,0,0,0
2019-11-15,57.5,57.5,0,0.00700525394,0.00700525394
2019-11-18,57.8,57.8,0,0.005217391304,0.005217391304
2019-11-19,58,58,0,0.003460207612,0.003460207612
2019-11-20,57.9,57.9,0,-0.001724137931,-0.001724137931
2019-11-21,57.2,57.2,0,-0.01208981002,-0.01208981002
2019-11-22,57.65,57.65,0,0.007867132867,0.007867132867
2019-11-25,57.8,57.8,0,0.002601908066,0.002601908066
2019-11-26,57.85,57.85,0,0.0008650519031,0.0008650519031
2019-11-27,57.9,57.9,0,0.0008643042351,0.0008643042351
2019-11-28,57.9,57.9,0,0,0
2019-11-29,57.6,57.6,0,-0.00518134715,-0.00518134715
2019-12-02,57.2,57.2,0,-0.006944444444,-0.006944444444
2019-12-03,57.35,57.35,0,0.002622377622,0.002622377622
2019-12-04,57.25,57.25,0,-0.001743679163,-0.001743679163
2019-12-05,57.8,57.8,0,0.0096069869,0.0096069869
2019-12-06,57.9,57.9,0,0.001730103806,0.001730103806
2019-12-09,58.05,58.05,0,0.002590673575,0.002590673575
2019-12-10,57.95,57.95,0,-0.001722652885,-0.001722652885
2019-12-11,58,58,0,0.0008628127696,0.0008628127696
2019-12-12,58.95,58.95,0,0.01637931034,0.01637931034
2019-12-13,59.2,59.2,0,0.004240882103,0.004240882103
2019-12-16,59.4,59.4,0,0.003378378378,0.003378378378
2019-12-17,59.95,59.95,0,0.009259259259,0.009259259259
2019-12-18,60,60,0,0.000834028357,0.000834028357
2019-12-19,59.9,59.9,0,-0.001666666667,-0.001666666667
2019-12-20,59.8,59.8,0,-0.001669449082,-0.001669449082
2019-12-23,59.75,59.75,0,-0.0008361204013,-0.0008361204013
2019-12-24,59.75,59.75,0,0,0
2019-12-25,59.65,59.65,0,-0.001673640167,-0.001673640167
2019-12-26,59.85,59.85,0,0.003352891869,0.003352891869
2019-12-27,60.05,60.05,0,0.003341687552,0.003341687552
2019-12-30,60.1,60.1,0,0.0008326394671,0.0008326394671
2019-12-31,59.95,59.95,0,-0.002495840266,-0.002495840266
2020-01-02,60.05,60.05,0,0.001668056714,0.001668056714
2020-01-03,60,60,0,-0.0008326394671,-0.0008326394671
2020-01-06,59.6,59.6,0,-0.006666666667,-0.006666666667
2020-01-07,59.2,59.2,0,-0.006711409396,-0.006711409396
2020-01-08,58.8,58.8,0,-0.006756756757,-0.006756756757
2020-01-09,59.55,59.55,0,0.01275510204,0.01275510204
2020-01-10,59.65,59.65,0,0.001679261125,0.001679261125
2020-01-13,60.1,60.1,0,0.007544006706,0.007544006706
2020-01-14,60.5,60.5,0,0.006655574043,0.006655574043
2020-01-15,60.4,60.4,0,-0.001652892562,-0.001652892562
2020-01-16,60.2,60.2,0,-0.003311258278,-0.003311258278
2020-01-17,60.05,60.05,0,-0.002491694352,-0.002491694352
2020-01-20,60.35,60.35,0,0.004995836803,0.004995836803
2020-01-30,56.95,56.95,0,-0.05633802817,-0.05633802817
2020-01-31,57.2,57.2,0,0.004389815628,0.004389815628
2020-02-03,56.35,56.35,0,-0.01486013986,-0.01486013986
2020-02-04,57.5,57.5,0,0.02040816327,0.02040816327
2020-02-05,57.55,57.55,0,0.0008695652174,0.0008695652174
2020-02-06,58.5,58.5,0,0.01650738488,0.01650738488
2020-02-07,58.1,58.1,0,-0.006837606838,-0.006837606838
2020-02-10,57.75,57.75,0,-0.006024096386,-0.006024096386
2020-02-11,58,58,0,0.004329004329,0.004329004329
2020-02-12,58.5,58.5,0,0.008620689655,0.008620689655
2020-02-13,58.9,58.9,0,0.006837606838,0.006837606838
2020-02-14,58.9,58.9,0,0,0
2020-02-17,58.7,58.7,0,-0.003395585739,-0.003395585739
2020-02-18,58.1,58.1,0,-0.01022146508,-0.01022146508
2020-02-24,57.7,57.7,0,-0.006884681583,-0.006884681583
2020-02-25,57.5,57.5,0,-0.003466204506,-0.003466204506
2020-02-26,57.05,57.05,0,-0.007826086957,-0.007826086957
2020-02-27,56.3,56.3,0,-0.01314636284,-0.01314636284
2020-03-02,55.6,55.6,0,-0.01243339254,-0.01243339254
2020-03-03,56.4,56.4,0,0.01438848921,0.01438848921
2020-03-04,56.45,56.45,0,0.0008865248227,0.0008865248227
2020-03-06,56.35,56.35,0,-0.001771479185,-0.001771479185
2020-03-09,55.3,55.3,0,-0.01863354037,-0.01863354037
2020-03-10,54.75,54.75,0,-0.009945750452,-0.009945750452
2020-03-11,54.65,54.65,0,-0.001826484018,-0.001826484018
2020-03-12,52,52,0,-0.04849039341,-0.04849039341
2020-03-13,50.15,50.15,0,-0.03557692308,-0.03557692308
2020-03-16,48.4,48.4,0,-0.03489531406,-0.03489531406
2020-03-17,47.25,47.25,0,-0.02376033058,-0.02376033058
2020-03-18,46.63,46.63,0,-0.01312169312,-0.01312169312
2020-03-19,43.12,43.12,0,-0.07527342912,-0.07527342912
2020-03-20,45.68,45.68,0,0.05936920223,0.05936920223
2020-03-23,44.35,44.35,0,-0.02911558669,-0.02911558669
2020-03-24,46.05,46.05,0,0.03833145434,0.03833145434
2020-03-25,47.8,47.8,0,0.03800217155,0.03800217155
2020-03-26,48.44,48.44,0,0.01338912134,0.01338912134
2020-03-27,47.87,47.87,0,-0.0117671346,-0.0117671346
2020-03-30,47.67,47.67,0,-0.004177982035,-0.004177982035
2020-03-31,48,48,0,0.006922592826,0.006922592826
2020-04-01,47.99,47.99,0,-0.0002083333333,-0.0002083333333
2020-04-06,48.47,48.47,0,0.01000208377,0.01000208377
2020-04-07,49.41,49.41,0,0.01939343924,0.01939343924
2020-04-08,50.2,50.2,0,0.01598866626,0.01598866626
2020-04-09,49.92,49.92,0,-0.005577689243,-0.005577689243
2020-04-10,50.45,50.45,0,0.01061698718,0.01061698718
2020-04-13,50.55,50.55,0,0.001982160555,0.001982160555
2020-04-14,51.3,51.3,0,0.01483679525,0.01483679525
2020-04-15,51.65,51.65,0,0.006822612086,0.006822612086
2020-04-16,51.75,51.75,0,0.001936108422,0.001936108422
2020-04-17,52.6,52.6,0,0.01642512077,0.01642512077
2020-04-20,52.15,52.15,0,-0.00855513308,-0.00855513308
2020-04-21,51.2,51.2,0,-0.01821668265,-0.01821668265
2020-04-22,50.3,50.3,0,-0.017578125,-0.017578125
2020-04-23,51.8,51.8,0,0.02982107356,0.02982107356
2020-04-24,51.4,51.4,0,-0.007722007722,-0.007722007722
2020-04-27,52.65,52.65,0,0.02431906615,0.02431906615
2020-04-28,52.6,52.6,0,-0.0009496676163,-0.0009496676163
2020-04-29,53.3,53.3,0,0.01330798479,0.01330798479
2020-04-30,54.75,54.75,0,0.02720450281,0.02720450281
2020-05-04,53.25,53.25,0,-0.02739726027,-0.02739726027
2020-05-05,53.65,53.65,0,0.007511737089,0.007511737089
2020-05-06,53.6,53.6,0,-0.0009319664492,-0.0009319664492
2020-05-07,54.05,54.05,0,0.008395522388,0.008395522388
2020-05-08,54.4,54.4,0,0.006475485661,0.006475485661
2020-05-11,55,55,0,0.01102941176,0.01102941176
2020-05-12,54.15,54.15,0,-0.01545454545,-0.01545454545
2020-05-13,54.3,54.3,0,0.002770083102,0.002770083102
2020-05-14,53.75,53.75,0,-0.01012891344,-0.01012891344
2020-05-15,53.85,53.85,0,0.001860465116,0.001860465116
2020-05-18,53.55,53.55,0,-0.005571030641,-0.005571030641
2020-05-19,54,54,0,0.008403361345,0.008403361345
2020-05-20,54.25,54.25,0,0.00462962963,0.00462962963
2020-05-21,54.75,54.75,0,0.009216589862,0.009216589862
2020-05-22,54.05,54.05,0,-0.01278538813,-0.01278538813
2020-05-25,53.95,53.95,0,-0.00185013876,-0.00185013876
2020-05-26,54.95,54.95,0,0.01853568119,0.01853568119
2020-05-27,54.95,54.95,0,0,0
2020-05-28,54.65,54.65,0,-0.005459508644,-0.005459508644
2020-05-29,54.6,54.6,0,-0.0009149130833,-0.0009149130833
2020-06-01,55.3,55.3,0,0.01282051282,0.01282051282
2020-06-02,55.55,55.55,0,0.00452079566,0.00452079566
2020-06-03,56.4,56.4,0,0.01530153015,0.01530153015
2020-06-04,56.85,56.85,0,0.007978723404,0.007978723404
2020-06-05,57.2,57.2,0,0.006156552331,0.006156552331
2020-06-08,58,58,0,0.01398601399,0.01398601399
2020-06-09,58,58,0,0,0
2020-06-10,58.45,58.45,0,0.00775862069,0.00775862069
2020-06-11,57.55,57.55,0,-0.01539777588,-0.01539777588
2020-06-12,56.9,56.9,0,-0.0112945265,-0.0112945265
2020-06-15,57,57,0,0.001757469244,0.001757469244
2020-06-16,57.5,57.5,0,0.008771929825,0.008771929825
2020-06-17,57.55,57.55,0,0.0008695652174,0.0008695652174
2020-06-18,57.9,57.9,0,0.006081668115,0.006081668115
2020-06-19,58,58,0,0.001727115717,0.001727115717
2020-06-22,57.9,57.9,0,-0.001724137931,-0.001724137931
2020-06-23,58.3,58.3,0,0.006908462867,0.006908462867
2020-06-24,58.3,58.3,0,0,0
2020-06-29,57.7,57.7,0,-0.0102915952,-0.0102915952
2020-06-30,57.9,57.9,0,0.003466204506,0.003466204506
2020-07-01,58.75,58.75,0,0.01468048359,0.01468048359
2020-07-02,59.15,59.15,0,0.006808510638,0.006808510638
2020-07-03,59.7,59.7,0,0.009298393914,0.009298393914
2020-07-06,60.75,60.75,0,0.0175879397,0.0175879397
2020-07-07,60.8,60.8,0,0.0008230452675,0.0008230452675
2020-07-08,60.9,60.9,0,0.001644736842,0.001644736842
2020-07-09,61.25,61.25,0,0.005747126437,0.005747126437
2020-07-10,60.7,60.7,0,-0.008979591837,-0.008979591837
2020-07-13,61.3,61.3,0,0.009884678748,0.009884678748
2020-07-14,61.25,61.25,0,-0.0008156606852,-0.0008156606852
2020-07-15,61.7,61.7,0,0.007346938776,0.007346938776
2020-07-16,61.35,61.35,0,-0.0056726094,-0.0056726094
2020-07-17,61.45,61.45,0,0.00162999185,0.00162999185
2020-07-20,61.15,61.15,0,-0.004882017901,-0.004882017901
2020-07-21,62.35,62.35,0,0.01962387572,0.01962387572
2020-07-22,62.65,62.65,0,0.004811547715,0.004811547715
2020-07-23,62.55,62.55,0,-0.001596169194,-0.001596169194
2020-07-24,62.35,62.35,0,-0.003197442046,-0.003197442046
2020-07-27,63.35,63.35,0,0.01603849238,0.01603849238
2020-07-28,63.5,63.5,0,0.002367797948,0.002367797948
2020-07-30,63.45,63.45,0,-0.0007874015748,-0.0007874015748
2020-08-03,63.2,63.2,0,-0.003940110323,-0.003940110323
2020-08-04,63.65,63.65,0,0.007120253165,0.007120253165
2020-08-05,64.35,64.35,0,0.01099764336,0.01099764336
2020-08-06,65.3,65.3,0,0.01476301476,0.01476301476
2020-08-07,64.75,64.75,0,-0.008422664625,-0.008422664625
2020-08-10,65.05,65.05,0,0.004633204633,0.004633204633
2020-08-11,65.25,65.25,0,0.003074558032,0.003074558032
2020-08-12,63.85,63.85,0,-0.0214559387,-0.0214559387
2020-08-13,64.35,64.35,0,0.007830853563,0.007830853563
2020-08-14,64.7,64.7,0,0.005439005439,0.005439005439
2020-08-17,65.65,65.65,0,0.01468315301,0.01468315301
2020-08-18,65.3,65.3,0,-0.005331302361,-0.005331302361
2020-08-20,62.55,62.55,0,-0.04211332312,-0.04211332312
2020-08-21,63.7,63.7,0,0.01838529177,0.01838529177
2020-08-24,63.85,63.85,0,0.002354788069,0.002354788069
2020-08-25,64.55,64.55,0,0.01096319499,0.01096319499
2020-08-26,64.6,64.6,0,0.0007745933385,0.0007745933385
2020-08-27,64.4,64.4,0,-0.003095975232,-0.003095975232
2020-08-28,64.25,64.25,0,-0.002329192547,-0.002329192547
2020-08-31,63.9,63.9,0,-0.005447470817,-0.005447470817
2020-09-01,64,64,0,0.001564945227,0.001564945227
2020-09-02,63.85,63.85,0,-0.00234375,-0.00234375
2020-09-03,64.45,64.45,0,0.009397024276,0.009397024276
2020-09-04,63.7,63.7,0,-0.01163692785,-0.01163692785
2020-09-07,63.8,63.8,0,0.001569858713,0.001569858713
2020-09-08,63.9,63.9,0,0.001567398119,0.001567398119
2020-09-09,63.45,63.45,0,-0.007042253521,-0.007042253521
2020-09-10,63.95,63.95,0,0.007880220646,0.007880220646
2020-09-11,63.7,63.7,0,-0.003909304144,-0.003909304144
2020-09-14,64.4,64.4,0,0.01098901099,0.01098901099
2020-09-15,64.7,64.7,0,0.004658385093,0.004658385093
2020-09-16,65.3,65.3,0,0.009273570325,0.009273570325
2020-09-17,64.95,64.95,0,-0.005359877489,-0.005359877489
2020-09-18,65.1,65.1,0,0.002309468822,0.002309468822
2020-09-21,64.6,64.6,0,-0.007680491551,-0.007680491551
2020-09-22,63.95,63.95,0,-0.0100619195,-0.0100619195
2020-09-23,63.5,63.5,0,-0.007036747459,-0.007036747459
2020-09-24,62.05,62.05,0,-0.02283464567,-0.02283464567
2020-09-25,61.8,61.8,0,-0.004029008864,-0.004029008864
2020-09-28,63,63,0,0.01941747573,0.01941747573
2020-09-29,62.95,62.95,0,-0.0007936507937,-0.0007936507937
2020-09-30,63.05,63.05,0,0.001588562351,0.001588562351
2020-10-05,63.65,63.65,0,0.009516256939,0.009516256939
2020-10-06,64.1,64.1,0,0.00706991359,0.00706991359
2020-10-07,63.6,63.6,0,-0.007800312012,-0.007800312012
2020-10-08,64.65,64.65,0,0.01650943396,0.01650943396
2020-10-13,65,65,0,0.005413766435,0.005413766435
2020-10-16,64.2,64.2,0,-0.01230769231,-0.01230769231
2020-10-19,64.75,64.75,0,0.008566978193,0.008566978193
2020-10-20,64.9,64.9,0,0.002316602317,0.002316602317
2020-10-22,64.6,64.6,0,-0.004622496148,-0.004622496148
2020-10-23,63.45,63.45,0.76,-0.006037151703,-0.006037151703
2020-10-26,63.6,63.6,0,0.002364066194,0.002364066194
2020-10-27,63.05,63.05,0,-0.008647798742,-0.008647798742
2020-10-29,62.2,62.2,0,-0.013481364,-0.013481364
2020-10-30,61.75,61.75,0,-0.007234726688,-0.007234726688
2020-11-03,62.5,62.5,0,0.01214574899,0.01214574899
2020-11-04,63.25,63.25,0,0.012,0.012
2020-11-05,63.9,63.9,0,0.01027667984,0.01027667984
2020-11-06,64.55,64.55,0,0.01017214397,0.01017214397
2020-11-09,65.15,65.15,0,0.009295120062,0.009295120062
2020-11-10,64.8,64.8,0,-0.005372217959,-0.005372217959
2020-11-11,65.7,65.7,0,0.01388888889,0.01388888889
2020-11-16,67.5,67.5,0,0.02739726027,0.02739726027
2020-11-17,67.8,67.8,0,0.004444444444,0.004444444444
2020-11-18,67.8,67.8,0,0,0
2020-11-19,68.4,68.4,0,0.008849557522,0.008849557522
2020-11-23,68.95,68.95,0,0.008040935673,0.008040935673
2020-11-26,69,69,0,0.0007251631617,0.0007251631617
2020-11-27,68.65,68.65,0,-0.005072463768,-0.005072463768
2020-11-30,69.6,69.6,0,0.01383831027,0.01383831027
2020-12-01,68.2,68.2,0,-0.02011494253,-0.02011494253
2020-12-02,69.15,69.15,0,0.01392961877,0.01392961877
2020-12-03,69.7,69.7,0,0.007953723789,0.007953723789
2020-12-07,71.1,71.1,0,0.02008608321,0.02008608321
2020-12-08,71.6,71.6,0,0.007032348805,0.007032348805
2020-12-09,71.7,71.7,0,0.001396648045,0.001396648045
2020-12-10,71.05,71.05,0,-0.009065550907,-0.009065550907
2020-12-16,71.3,71.3,0,0.003518648839,0.003518648839
2020-12-17,71.25,71.25,0,-0.0007012622721,-0.0007012622721
2020-12-21,71.55,71.55,0,0.004210526316,0.004210526316
2020-12-24,70.95,70.95,0,-0.008385744235,-0.008385744235
2020-12-28,72.4,72.4,0,0.02043692741,0.02043692741
2020-12-29,72.6,72.6,0,0.002762430939,0.002762430939
2020-12-30,72.4,72.4,0,-0.002754820937,-0.002754820937
2020-12-31,73.3,73.3,0,0.01243093923,0.01243093923
2021-01-04,73.85,73.85,0,0.007503410641,0.007503410641
2021-01-05,74.4,74.4,0,0.007447528775,0.007447528775
2021-01-06,75.05,75.05,0,0.00873655914,0.00873655914
2021-01-07,76.25,76.25,0,0.01598934044,0.01598934044
2021-01-08,76.85,76.85,0,0.007868852459,0.007868852459
2021-01-11,77.5,77.5,0,0.008458035133,0.008458035133
2021-01-12,77.5,77.5,0,0,0
2021-01-13,79,79,0,0.01935483871,0.01935483871
2021-01-14,78.45,78.45,0,-0.006962025316,-0.006962025316
2021-01-15,78.25,78.25,0,-0.002549394519,-0.002549394519
2021-01-18,78.15,78.15,0,-0.001277955272,-0.001277955272
2021-01-19,78.9,78.9,0,0.009596928983,0.009596928983
2021-01-20,79.1,79.1,0,0.002534854246,0.002534854246
2021-01-21,80.1,80.1,0,0.01264222503,0.01264222503
2021-01-22,80.3,80.3,0,0.002496878901,0.002496878901
2021-01-25,79.6,79.6,0,-0.008717310087,-0.008717310087
2021-01-26,78.4,78.4,0,-0.01507537688,-0.01507537688
2021-01-27,78.4,78.4,0,0,0
2021-01-28,77.35,77.35,0,-0.01339285714,-0.01339285714
2021-01-29,77.7,77.7,0,0.004524886878,0.004524886878
2021-02-01,75.85,75.85,0,-0.02380952381,-0.02380952381
2021-02-02,78.3,78.3,0,0.03230059328,0.03230059328
2021-02-04,78.4,78.4,0,0.001277139208,0.001277139208
2021-02-05,79,79,0,0.007653061224,0.007653061224
2021-02-17,82.05,82.05,0,0.03860759494,0.03860759494
2021-02-18,81.55,81.55,0,-0.006093845216,-0.006093845216
2021-02-19,81.65,81.65,0,0.00122624157,0.00122624157
2021-02-22,82.45,82.45,0,0.009797917942,0.009797917942
2021-02-23,81.45,81.45,0,-0.01212856277,-0.01212856277
2021-02-24,81.5,81.5,0,0.0006138735421,0.0006138735421
2021-02-25,82,82,0,0.006134969325,0.006134969325
2021-02-26,80.65,80.65,0,-0.01646341463,-0.01646341463
2021-03-02,80,80,0,-0.008059516429,-0.008059516429
2021-03-03,79.85,79.85,0,-0.001875,-0.001875
2021-03-04,79.8,79.8,0,-0.0006261740764,-0.0006261740764
2021-03-05,79,79,0,-0.01002506266,-0.01002506266
2021-03-08,80,80,0,0.01265822785,0.01265822785
2021-03-10,79,79,0,-0.0125,-0.0125
2021-03-11,80.3,80.3,0,0.0164556962,0.0164556962
2021-03-12,80.65,80.65,0,0.004358655044,0.004358655044
2021-03-15,80.55,80.55,0,-0.001239925604,-0.001239925604
2021-03-16,81.4,81.4,0,0.01055245189,0.01055245189
2021-03-18,81,81,0,-0.004914004914,-0.004914004914
2021-03-19,80.7,80.7,0,-0.003703703704,-0.003703703704
2021-03-22,80.4,80.4,0,-0.003717472119,-0.003717472119
2021-03-23,81.1,81.1,0,0.008706467662,0.008706467662
2021-03-25,80,80,0,-0.01356350185,-0.01356350185
2021-03-26,81.5,81.5,0,0.01875,0.01875
2021-03-29,81.85,81.85,0,0.004294478528,0.004294478528
2021-03-30,82.2,82.2,0,0.004276114844,0.004276114844
2021-03-31,82.65,82.65,0,0.005474452555,0.005474452555
2021-04-06,84.1,84.1,0,0.01754385965,0.01754385965
2021-04-07,84.2,84.2,0,0.001189060642,0.001189060642
2021-04-08,83.6,83.6,0,-0.007125890736,-0.007125890736
2021-04-09,83.8,83.8,0,0.002392344498,0.002392344498
2021-04-12,84.25,84.25,0,0.005369928401,0.005369928401
2021-04-13,85,85,0,0.008902077151,0.008902077151
2021-04-14,84.7,84.7,0,-0.003529411765,-0.003529411765
2021-04-15,85.05,85.05,0,0.004132231405,0.004132231405
2021-04-16,85.85,85.85,0,0.009406231628,0.009406231628
2021-04-19,86.25,86.25,0,0.004659289458,0.004659289458
2021-04-20,86.8,86.8,0,0.006376811594,0.006376811594
2021-04-21,86.65,86.65,0,-0.001728110599,-0.001728110599
2021-04-22,87.6,87.6,0,0.01096364686,0.01096364686
2021-04-26,88.7,88.7,0,0.01255707763,0.01255707763
2021-04-27,88.7,88.7,0,0,0
2021-04-28,89.2,89.2,0,0.005636978579,0.005636978579
2021-04-29,89.2,89.2,0,0,0
2021-05-03,88.05,88.05,0,-0.01289237668,-0.01289237668
2021-05-04,85.45,85.45,0,-0.02952867689,-0.02952867689
2021-05-05,86,86,0,0.00643651258,0.00643651258
2021-05-06,85.5,85.5,0,-0.005813953488,-0.005813953488
2021-05-07,87.15,87.15,0,0.01929824561,0.01929824561
2021-05-10,87.6,87.6,0,0.005163511188,0.005163511188
2021-05-11,83.85,83.85,0,-0.04280821918,-0.04280821918
2021-05-12,81.1,81.1,0,-0.0327966607,-0.0327966607
2021-05-13,81,81,0,-0.001233045623,-0.001233045623
2021-05-14,80.2,80.2,0,-0.00987654321,-0.00987654321
2021-05-17,78.15,78.15,0,-0.02556109726,-0.02556109726
2021-05-18,81.8,81.8,0,0.04670505438,0.04670505438
2021-05-19,81.5,81.5,0,-0.003667481663,-0.003667481663
2021-05-20,81.3,81.3,0,-0.00245398773,-0.00245398773
2021-05-21,82.85,82.85,0,0.01906519065,0.01906519065
2021-05-24,83.2,83.2,0,0.004224502112,0.004224502112
2021-05-25,84.4,84.4,0,0.01442307692,0.01442307692
2021-05-26,84.7,84.7,0,0.00355450237,0.00355450237
2021-05-27,84.2,84.2,0,-0.005903187721,-0.005903187721
2021-05-28,85.95,85.95,0,0.02078384798,0.02078384798
2021-05-31,86.95,86.95,0,0.01163467132,0.01163467132
2021-06-01,87.75,87.75,0,0.009200690052,0.009200690052
2021-06-02,87.95,87.95,0,0.002279202279,0.002279202279
2021-06-03,88.4,88.4,0,0.005116543491,0.005116543491
2021-06-04,87.8,87.8,0,-0.006787330317,-0.006787330317
2021-06-07,87.55,87.55,0,-0.00284738041,-0.00284738041
2021-06-08,87.55,87.55,0,0,0
2021-06-09,86.9,86.9,0,-0.007424328955,-0.007424328955
2021-06-10,87.8,87.8,0,0.01035673188,0.01035673188
2021-06-11,88.2,88.2,0,0.004555808656,0.004555808656
2021-06-15,89,89,0,0.009070294785,0.009070294785
2021-06-16,89.2,89.2,0,0.002247191011,0.002247191011
2021-06-17,89.4,89.4,0,0.002242152466,0.002242152466
2021-06-18,89.7,89.7,0,0.003355704698,0.003355704698
2021-06-21,88.6,88.6,0,-0.01226309922,-0.01226309922
2021-06-22,88.7,88.7,0,0.001128668172,0.001128668172
2021-06-23,89.65,89.65,0,0.0107102593,0.0107102593
2021-06-24,89.95,89.95,0,0.003346346905,0.003346346905
2021-06-25,90.5,90.5,0,0.00611450806,0.00611450806
2021-06-28,91.1,91.1,0,0.006629834254,0.006629834254
2021-06-29,91.45,91.45,0,0.003841931943,0.003841931943
2021-06-30,92.6,92.6,0,0.01257517769,0.01257517769
2021-07-01,92.3,92.3,0,-0.003239740821,-0.003239740821
2021-07-02,92.4,92.4,0,0.001083423619,0.001083423619
2021-07-05,93.7,93.7,0,0.01406926407,0.01406926407
2021-07-06,94.1,94.1,0,0.004268943436,0.004268943436
2021-07-07,93.15,93.15,0,-0.01009564293,-0.01009564293
2021-07-08,93.7,93.7,0,0.00590445518,0.00590445518
2021-07-09,92.8,92.8,0,-0.009605122732,-0.009605122732
2021-07-12,93.6,93.6,0,0.008620689655,0.008620689655
2021-07-13,93.5,93.5,0,-0.001068376068,-0.001068376068
2021-07-14,93.4,93.4,0,-0.001069518717,-0.001069518717
2021-07-15,94.4,94.4,0,0.01070663812,0.01070663812
2021-07-16,94.1,94.1,0,-0.003177966102,-0.003177966102
2021-07-19,93.45,93.45,0,-0.006907545165,-0.006907545165
2021-07-20,92.1,92.1,0,-0.01444622793,-0.01444622793
2021-07-21,91.8,91.8,0,-0.00325732899,-0.00325732899
2021-07-22,92.3,92.3,0,0.005446623094,0.005446623094
2021-07-23,92.5,92.5,0,0.002166847237,0.002166847237
2021-07-26,91.85,91.85,0,-0.007027027027,-0.007027027027
2021-07-27,91.05,91.05,0,-0.008709853021,-0.008709853021
2021-07-28,90.5,90.5,0,-0.006040637013,-0.006040637013
2021-07-29,92,92,0,0.01657458564,0.01657458564
2021-07-30,91.4,91.4,0,-0.00652173913,-0.00652173913
2021-08-02,91.95,91.95,0,0.00601750547,0.00601750547
2021-08-03,92.7,92.7,0,0.008156606852,0.008156606852
2021-08-04,93.1,93.1,0,0.004314994606,0.004314994606
2021-08-05,93.15,93.15,0,0.000537056928,0.000537056928
2021-08-06,92.9,92.9,0,-0.002683843264,-0.002683843264
2021-08-09,92.4,92.4,0,-0.005382131324,-0.005382131324
2021-08-10,91.7,91.7,0,-0.007575757576,-0.007575757576
2021-08-11,91.05,91.05,0,-0.007088331516,-0.007088331516
2021-08-12,91.05,91.05,0,0,0
2021-08-13,90.1,90.1,0,-0.01043382757,-0.01043382757
2021-08-16,89.45,89.45,0,-0.007214206437,-0.007214206437
2021-08-17,88.5,88.5,0,-0.01062045836,-0.01062045836
2021-08-18,89.4,89.4,0,0.01016949153,0.01016949153
2021-08-19,87.3,87.3,0,-0.02348993289,-0.02348993289
2021-08-20,87.15,87.15,0,-0.001718213058,-0.001718213058
2021-08-23,88.95,88.95,0,0.02065404475,0.02065404475
2021-08-24,89.25,89.25,0,0.003372681282,0.003372681282
2021-08-25,90.3,90.3,0,0.01176470588,0.01176470588
2021-08-26,90.45,90.45,0,0.001661129568,0.001661129568
2021-08-27,91,91,0,0.006080707573,0.006080707573
2021-08-30,91.9,91.9,0,0.00989010989,0.00989010989
2021-08-31,92.35,92.35,0,0.004896626768,0.004896626768
2021-09-01,92.6,92.6,0,0.002707092583,0.002707092583
2021-09-02,91.8,91.8,0,-0.008639308855,-0.008639308855
2021-09-03,92.8,92.8,0,0.01089324619,0.01089324619
2021-09-06,92.65,92.65,0,-0.00161637931,-0.00161637931
2021-09-07,92.35,92.35,0,-0.003237992445,-0.003237992445
2021-09-08,90.85,90.85,0,-0.0162425555,-0.0162425555
2021-09-09,91.45,91.45,0,0.00660429279,0.00660429279
2021-09-10,92.45,92.45,0,0.01093493712,0.01093493712
2021-09-13,92.4,92.4,0,-0.0005408328826,-0.0005408328826
2021-09-14,92.4,92.4,0,0,0
2021-09-15,92.15,92.15,0,-0.002705627706,-0.002705627706
2021-09-16,91.85,91.85,0,-0.003255561584,-0.003255561584
2021-09-17,92.45,92.45,0,0.006532389766,0.006532389766
2021-09-22,90,90,0,-0.02650081125,-0.02650081125
2021-09-23,90.9,90.9,0,0.01,0.01
2021-09-24,91.55,91.55,0,0.007150715072,0.007150715072
2021-09-27,91.8,91.8,0,0.002730748225,0.002730748225
2021-09-28,91.15,91.15,0,-0.007080610022,-0.007080610022
2021-09-29,89.35,89.35,0,-0.01974766868,-0.01974766868
2021-09-30,90.25,90.25,0,0.01007274762,0.01007274762
2021-10-01,87.9,87.9,0,-0.02603878116,-0.02603878116
2021-10-04,87.3,87.3,0,-0.006825938567,-0.006825938567
2021-10-05,87.7,87.7,0,0.004581901489,0.004581901489
2021-10-06,87.35,87.35,0,-0.003990877993,-0.003990877993
2021-10-07,88.9,88.9,0,0.01774470521,0.01774470521
2021-10-08,88.8,88.8,0,-0.001124859393,-0.001124859393
2021-10-12,88.05,88.05,0,-0.008445945946,-0.008445945946
2021-10-13,87.35,87.35,0,-0.007950028393,-0.007950028393
2021-10-14,87.55,87.55,0,0.002289639382,0.002289639382
2021-10-15,89.3,89.3,0,0.01998857796,0.01998857796
2021-10-18,91.15,91.15,0,0.02071668533,0.02071668533
2021-10-19,84.75,84.75,5.3,-0.01206801975,-0.01206801975
2021-10-20,84.8,84.8,0,0.0005899705015,0.0005899705015
2021-10-21,84.75,84.75,0,-0.0005896226415,-0.0005896226415
2021-10-22,84.55,84.55,0,-0.002359882006,-0.002359882006
2021-10-25,84.8,84.8,0,0.002956830278,0.002956830278
2021-10-26,84.85,84.85,0,0.0005896226415,0.0005896226415
2021-10-27,85.25,85.25,0,0.004714201532,0.004714201532
2021-10-28,85.15,85.15,0,-0.001173020528,-0.001173020528
2021-10-29,85.15,85.15,0,0,0
2021-11-01,85.8,85.8,0,0.007633587786,0.007633587786
2021-11-02,85.4,85.4,0,-0.004662004662,-0.004662004662
2021-11-03,85.7,85.7,0,0.003512880562,0.003512880562
2021-11-04,85.55,85.55,0,-0.001750291715,-0.001750291715
2021-11-05,86.5,86.5,0,0.01110461718,0.01110461718
2021-11-08,87.3,87.3,0,0.009248554913,0.009248554913
2021-11-09,88.3,88.3,0,0.01145475372,0.01145475372
2021-11-10,88.3,88.3,0,0,0
2021-11-11,87.75,87.75,0,-0.006228765572,-0.006228765572
2021-11-12,88,88,0,0.002849002849,0.002849002849
2021-11-15,88.75,88.75,0,0.008522727273,0.008522727273
2021-11-16,88.75,88.75,0,0,0
2021-11-17,89.25,89.25,0,0.005633802817,0.005633802817
2021-11-18,89.7,89.7,0,0.005042016807,0.005042016807
2021-11-19,89.5,89.5,0,-0.002229654404,-0.002229654404
2021-11-22,89.35,89.35,0,-0.001675977654,-0.001675977654
2021-11-23,88.7,88.7,0,-0.007274762171,-0.007274762171
2021-11-24,88.5,88.5,0,-0.002254791432,-0.002254791432
2021-11-25,88.75,88.75,0,0.002824858757,0.002824858757
2021-11-26,87.05,87.05,0,-0.01915492958,-0.01915492958
2021-11-29,87.25,87.25,0,0.002297530155,0.002297530155
2021-11-30,87.5,87.5,0,0.002865329513,0.002865329513
2021-12-01,88.05,88.05,0,0.006285714286,0.006285714286
2021-12-02,88.5,88.5,0,0.005110732538,0.005110732538
2021-12-03,89,89,0,0.005649717514,0.005649717514
2021-12-06,88.95,88.95,0,-0.0005617977528,-0.0005617977528
2021-12-07,89.1,89.1,0,0.001686340641,0.001686340641
2021-12-08,89.65,89.65,0,0.006172839506,0.006172839506
2021-12-09,89.65,89.65,0,0,0
2021-12-10,89.5,89.5,0,-0.001673173452,-0.001673173452
2021-12-13,89.25,89.25,0,-0.002793296089,-0.002793296089
2021-12-14,88.2,88.2,0,-0.01176470588,-0.01176470588
2021-12-15,88.45,88.45,0,0.00283446712,0.00283446712
2021-12-16,89.45,89.45,0,0.0113058225,0.0113058225
2021-12-17,89.1,89.1,0,-0.003912800447,-0.003912800447
2021-12-20,88.85,88.85,0,-0.002805836139,-0.002805836139
2021-12-21,89.55,89.55,0,0.00787844682,0.00787844682
2021-12-22,89.65,89.65,0,0.001116694584,0.001116694584
2021-12-23,90.3,90.3,0,0.007250418293,0.007250418293
2021-12-24,90.05,90.05,0,-0.00276854928,-0.00276854928
2021-12-27,90.65,90.65,0,0.006662965019,0.006662965019
2021-12-28,90.95,90.95,0,0.003309431881,0.003309431881
2021-12-29,91.35,91.35,0,0.004398020891,0.004398020891
2021-12-30,91.3,91.3,0,-0.0005473453749,-0.0005473453749
2022-01-03,91.3,91.3,0,0,0
2022-01-04,92.25,92.25,0,0.01040525739,0.01040525739
2022-01-05,91.95,91.95,0,-0.00325203252,-0.00325203252
2022-01-06,91.4,91.4,0,-0.005981511691,-0.005981511691
2022-01-07,90.9,90.9,0,-0.005470459519,-0.005470459519
2022-01-10,91.1,91.1,0,0.002200220022,0.002200220022
2022-01-11,91.3,91.3,0,0.002195389682,0.002195389682
2022-01-12,91.6,91.6,0,0.003285870756,0.003285870756
2022-01-13,92,92,0,0.004366812227,0.004366812227
2022-01-14,91.85,91.85,0,-0.001630434783,-0.001630434783
2022-01-17,92.55,92.55,0,0.007621121394,0.007621121394
2022-01-18,92,92,0,-0.005942733657,-0.005942733657
2022-01-19,91.05,91.05,0,-0.01032608696,-0.01032608696
2022-01-20,91.4,91.4,0,0.003844041735,0.003844041735
2022-01-21,89.3,89.3,0,-0.02297592998,-0.02297592998
2022-01-24,89.85,89.85,0,0.006159014558,0.006159014558
2022-01-25,88.2,88.2,0,-0.0183639399,-0.0183639399
2022-01-26,88.3,88.3,0,0.001133786848,0.001133786848
2022-02-07,89.2,89.2,0,0.01019252548,0.01019252548
2022-02-08,90.1,90.1,0,0.0100896861,0.0100896861
2022-02-09,90.6,90.6,0,0.005549389567,0.005549389567
2022-02-10,91.2,91.2,0,0.006622516556,0.006622516556
2022-02-11,91.3,91.3,0,0.001096491228,0.001096491228
2022-02-14,89.85,89.85,0,-0.01588170865,-0.01588170865
2022-02-15,89.6,89.6,0,-0.002782415136,-0.002782415136
2022-02-16,90.95,90.95,0,0.01506696429,0.01506696429
2022-02-17,91.25,91.25,0,0.003298515668,0.003298515668
2022-02-18,91.4,91.4,0,0.001643835616,0.001643835616
2022-02-21,91.4,91.4,0,0,0
2022-02-22,89.8,89.8,0,-0.01750547046,-0.01750547046
2022-02-23,90.7,90.7,0,0.01002227171,0.01002227171
2022-02-24,88.05,88.05,0,-0.02921719956,-0.02921719956
2022-02-25,88.65,88.65,0,0.006814310051,0.006814310051
2022-03-01,90.05,90.05,0,0.01579244219,0.01579244219
2022-03-02,90,90,0,-0.000555247085,-0.000555247085
2022-03-03,90.45,90.45,0,0.005,0.005
2022-03-04,89.6,89.6,0,-0.009397457159,-0.009397457159
2022-03-07,86.7,86.7,0,-0.03236607143,-0.03236607143
2022-03-08,84.75,84.75,0,-0.02249134948,-0.02249134948
2022-03-09,86.1,86.1,0,0.01592920354,0.01592920354
2022-03-10,87.95,87.95,0,0.02148664344,0.02148664344
2022-03-11,87.1,87.1,0,-0.009664582149,-0.009664582149
2022-03-14,87.6,87.6,0,0.005740528129,0.005740528129
2022-03-15,85.85,85.85,0,-0.01997716895,-0.01997716895
2022-03-16,85.65,85.65,0,-0.002329644729,-0.002329644729
2022-03-17,87.5,87.5,0,0.02159953298,0.02159953298
2022-03-18,87.65,87.65,0,0.001714285714,0.001714285714
2022-03-21,88.3,88.3,0,0.007415858528,0.007415858528
2022-03-22,88.2,88.2,0,-0.001132502831,-0.001132502831
2022-03-23,89,89,0,0.009070294785,0.009070294785
2022-03-24,88.8,88.8,0,-0.002247191011,-0.002247191011
2022-03-25,88.4,88.4,0,-0.004504504505,-0.004504504505
2022-03-28,87.75,87.75,0,-0.007352941176,-0.007352941176
2022-03-29,87.85,87.85,0,0.00113960114,0.00113960114
2022-03-30,88.95,88.95,0,0.0125213432,0.0125213432
2022-03-31,88.7,88.7,0,-0.002810567735,-0.002810567735
2022-04-01,88.4,88.4,0,-0.003382187148,-0.003382187148
2022-04-06,87.9,87.9,0,-0.005656108597,-0.005656108597
2022-04-07,86.2,86.2,0,-0.01934015927,-0.01934015927
2022-04-08,87,87,0,0.009280742459,0.009280742459
2022-04-11,85.9,85.9,0,-0.01264367816,-0.01264367816
2022-04-12,85.8,85.8,0,-0.001164144354,-0.001164144354
2022-04-13,87.1,87.1,0,0.01515151515,0.01515151515
2022-04-14,87,87,0,-0.001148105626,-0.001148105626
2022-04-15,85.95,85.95,0,-0.01206896552,-0.01206896552
2022-04-18,85,85,0,-0.01105293775,-0.01105293775
2022-04-19,85.9,85.9,0,0.01058823529,0.01058823529
2022-04-20,86.4,86.4,0,0.005820721769,0.005820721769
2022-04-21,86.5,86.5,0,0.001157407407,0.001157407407
2022-04-22,86.2,86.2,0,-0.003468208092,-0.003468208092
2022-04-25,83.95,83.95,0,-0.02610208817,-0.02610208817
2022-04-26,84,84,0,0.0005955926147,0.0005955926147
2022-04-27,82.45,82.45,0,-0.01845238095,-0.01845238095
2022-04-28,82.6,82.6,0,0.001819284415,0.001819284415
2022-04-29,84,84,0,0.01694915254,0.01694915254
2022-05-03,83.65,83.65,0,-0.004166666667,-0.004166666667
2022-05-04,84.1,84.1,0,0.005379557681,0.005379557681
2022-05-05,84.85,84.85,0,0.008917954816,0.008917954816
2022-05-06,83.45,83.45,0,-0.01649970536,-0.01649970536
2022-05-09,81.75,81.75,0,-0.02037147993,-0.02037147993
2022-05-10,81.75,81.75,0,0,0
2022-05-11,81.7,81.7,0,-0.0006116207951,-0.0006116207951
2022-05-12,79.5,79.5,0,-0.02692778458,-0.02692778458
2022-05-13,80.45,80.45,0,0.01194968553,0.01194968553
2022-05-16,80.5,80.5,0,0.0006215040398,0.0006215040398
2022-05-17,80.9,80.9,0,0.004968944099,0.004968944099
2022-05-18,82,82,0,0.01359703337,0.01359703337
2022-05-19,80.5,80.5,0,-0.01829268293,-0.01829268293
2022-05-20,81.15,81.15,0,0.008074534161,0.008074534161
2022-05-23,80.95,80.95,0,-0.002464571781,-0.002464571781
2022-05-24,80.3,80.3,0,-0.008029647931,-0.008029647931
2022-05-25,81.15,81.15,0,0.01058530511,0.01058530511
2022-05-26,80.45,80.45,0,-0.008626001232,-0.008626001232
2022-05-27,81.45,81.45,0,0.0124300808,0.0124300808
2022-05-30,82.95,82.95,0,0.01841620626,0.01841620626
2022-05-31,84.15,84.15,0,0.01446654611,0.01446654611
2022-06-01,83.7,83.7,0,-0.005347593583,-0.005347593583
2022-06-02,82.8,82.8,0,-0.01075268817,-0.01075268817
2022-06-06,83.3,83.3,0,0.006038647343,0.006038647343
2022-06-07,82.9,82.9,0,-0.004801920768,-0.004801920768
2022-06-08,83.65,83.65,0,0.009047044632,0.009047044632
2022-06-09,83.3,83.3,0,-0.004184100418,-0.004184100418
2022-06-10,82.85,82.85,0,-0.005402160864,-0.005402160864
2022-06-13,80.65,80.65,0,-0.02655401328,-0.02655401328
2022-06-14,80.55,80.55,0,-0.001239925604,-0.001239925604
2022-06-15,80.35,80.35,0,-0.002482929857,-0.002482929857
2022-06-16,79.5,79.5,0,-0.01057871811,-0.01057871811
2022-06-17,78.6,78.6,0,-0.01132075472,-0.01132075472
2022-06-20,77.3,77.3,0,-0.0165394402,-0.0165394402
2022-06-21,79.05,79.05,0,0.02263906856,0.02263906856
2022-06-22,77.3,77.3,0,-0.02213788741,-0.02213788741
2022-06-23,76.5,76.5,0,-0.01034928849,-0.01034928849
2022-06-24,77.05,77.05,0,0.007189542484,0.007189542484
2022-06-27,78.75,78.75,0,0.02206359507,0.02206359507
2022-06-28,77.7,77.7,0,-0.01333333333,-0.01333333333
2022-06-29,76.9,76.9,0,-0.0102960103,-0.0102960103
2022-06-30,74.95,74.95,0,-0.02535760728,-0.02535760728
2022-07-01,72.3,72.3,0,-0.0353569046,-0.0353569046
2022-07-04,72.3,72.3,0,0,0
2022-07-05,73,73,0,0.009681881051,0.009681881051
2022-07-06,71.2,71.2,0,-0.02465753425,-0.02465753425
2022-07-07,73,73,0,0.02528089888,0.02528089888
2022-07-08,73.75,73.75,0,0.0102739726,0.0102739726
2022-07-11,73.2,73.2,0,-0.007457627119,-0.007457627119
2022-07-12,71.3,71.3,0,-0.02595628415,-0.02595628415
2022-07-13,73.2,73.2,0,0.02664796634,0.02664796634
2022-07-14,73.65,73.65,0,0.006147540984,0.006147540984
2022-07-15,74.4,74.4,0,0.01018329939,0.01018329939
2022-07-18,74.95,74.95,0,0.007392473118,0.007392473118
2022-07-19,75.05,75.05,0,0.001334222815,0.001334222815
2022-07-20,74.95,74.95,0,-0.001332445037,-0.001332445037
2022-07-21,76.55,76.55,0,0.02134756504,0.02134756504
2022-07-22,76.5,76.5,0,-0.0006531678641,-0.0006531678641
2022-07-25,76.7,76.7,0,0.002614379085,0.002614379085
2022-07-26,75.9,75.9,0,-0.01043024772,-0.01043024772
2022-07-27,76.5,76.5,0,0.00790513834,0.00790513834
2022-07-28,76.65,76.65,0,0.001960784314,0.001960784314
2022-07-29,76.85,76.85,0,0.002609262883,0.002609262883
2022-08-01,76.9,76.9,0,0.0006506180872,0.0006506180872
2022-08-02,75.6,75.6,0,-0.01690507152,-0.01690507152
2022-08-03,75.95,75.95,0,0.00462962963,0.00462962963
2022-08-04,75.9,75.9,0,-0.0006583278473,-0.0006583278473
2022-08-05,77.35,77.35,0,0.01910408432,0.01910408432
2022-08-08,77.3,77.3,0,-0.0006464124111,-0.0006464124111
2022-08-09,77.4,77.4,0,0.001293661061,0.001293661061
2022-08-10,76.85,76.85,0,-0.007105943152,-0.007105943152
2022-08-11,78.15,78.15,0,0.01691607027,0.01691607027
2022-08-12,78.8,78.8,0,0.008317338452,0.008317338452
2022-08-15,79.5,79.5,0,0.008883248731,0.008883248731
2022-08-16,79.55,79.55,0,0.0006289308176,0.0006289308176
2022-08-17,79.55,79.55,0,0,0
2022-08-18,79.35,79.35,0,-0.002514142049,-0.002514142049
2022-08-19,79.6,79.6,0,0.003150598614,0.003150598614
2022-08-22,78.85,78.85,0,-0.009422110553,-0.009422110553
2022-08-23,78,78,0,-0.01077996195,-0.01077996195
2022-08-24,78,78,0,0,0
2022-08-25,78.5,78.5,0,0.00641025641,0.00641025641
2022-08-26,79.1,79.1,0,0.007643312102,0.007643312102
2022-08-29,77.2,77.2,0,-0.02402022756,-0.02402022756
2022-08-30,77.4,77.4,0,0.002590673575,0.002590673575
2022-08-31,77.9,77.9,0,0.00645994832,0.00645994832
2022-09-01,76.45,76.45,0,-0.01861360719,-0.01861360719
2022-09-02,75.95,75.95,0,-0.006540222368,-0.006540222368
2022-09-05,75.95,75.95,0,0,0
2022-09-06,75.7,75.7,0,-0.003291639236,-0.003291639236
2022-09-07,74.5,74.5,0,-0.01585204756,-0.01585204756
2022-09-08,75.25,75.25,0,0.01006711409,0.01006711409
2022-09-12,76.65,76.65,0,0.01860465116,0.01860465116
2022-09-13,76.85,76.85,0,0.002609262883,0.002609262883
2022-09-14,75.8,75.8,0,-0.01366297983,-0.01366297983
2022-09-15,76.1,76.1,0,0.003957783641,0.003957783641
2022-09-16,75.35,75.35,0,-0.009855453351,-0.009855453351
2022-09-19,74.85,74.85,0,-0.006635700066,-0.006635700066
2022-09-20,75.25,75.25,0,0.005344021376,0.005344021376
2022-09-21,74.8,74.8,0,-0.005980066445,-0.005980066445
2022-09-22,73.95,73.95,0,-0.01136363636,-0.01136363636
2022-09-23,73.25,73.25,0,-0.009465855308,-0.009465855308
2022-09-26,71.6,71.6,0,-0.02252559727,-0.02252559727
2022-09-27,71.8,71.8,0,0.002793296089,0.002793296089
2022-09-28,70.25,70.25,0,-0.02158774373,-0.02158774373
2022-09-29,70.15,70.15,0,-0.001423487544,-0.001423487544
2022-09-30,69.75,69.75,0,-0.005702066999,-0.005702066999
2022-10-03,69.25,69.25,0,-0.007168458781,-0.007168458781
2022-10-04,70.65,70.65,0,0.0202166065,0.0202166065
2022-10-05,71.7,71.7,0,0.01486199575,0.01486199575
2022-10-06,71.85,71.85,0,0.002092050209,0.002092050209
2022-10-07,71.1,71.1,0,-0.01043841336,-0.01043841336
2022-10-11,68.3,68.3,0,-0.03938115331,-0.03938115331
2022-10-12,68,68,0,-0.00439238653,-0.00439238653
2022-10-13,66.7,66.7,0,-0.01911764706,-0.01911764706
2022-10-14,68.5,68.5,0,0.02698650675,0.02698650675
2022-10-17,67.45,67.45,0,-0.01532846715,-0.01532846715
2022-10-18,68.15,68.15,0,0.01037805782,0.01037805782
2022-10-19,65,65,2.677,-0.006940572267,-0.006940572267
2022-10-20,64.4,64.4,0,-0.009230769231,-0.009230769231
2022-10-21,64.35,64.35,0,-0.0007763975155,-0.0007763975155
2022-10-24,64.55,64.55,0,0.003108003108,0.003108003108
2022-10-25,63.4,63.4,0,-0.01781564679,-0.01781564679
2022-10-26,63.9,63.9,0,0.007886435331,0.007886435331
2022-10-27,64.75,64.75,0,0.01330203443,0.01330203443
2022-10-28,63.9,63.9,0,-0.01312741313,-0.01312741313
2022-10-31,64.85,64.85,0,0.01486697966,0.01486697966
2022-11-01,65.15,65.15,0,0.004626060139,0.004626060139
2022-11-02,65.5,65.5,0,0.005372217959,0.005372217959
2022-11-03,65,65,0,-0.007633587786,-0.007633587786
2022-11-04,65,65,0,0,0
2022-11-07,66.1,66.1,0,0.01692307692,0.01692307692
2022-11-08,66.6,66.6,0,0.00756429652,0.00756429652
2022-11-09,67.95,67.95,0,0.02027027027,0.02027027027
2022-11-10,67.5,67.5,0,-0.006622516556,-0.006622516556
2022-11-11,69.9,69.9,0,0.03555555556,0.03555555556
2022-11-14,70.65,70.65,0,0.01072961373,0.01072961373
2022-11-15,72.45,72.45,0,0.02547770701,0.02547770701
2022-11-16,72.3,72.3,0,-0.002070393375,-0.002070393375
2022-11-17,72.4,72.4,0,0.001383125864,0.001383125864
2022-11-18,72.3,72.3,0,-0.00138121547,-0.00138121547
2022-11-21,72.15,72.15,0,-0.002074688797,-0.002074688797
2022-11-22,72.5,72.5,0,0.004851004851,0.004851004851
2022-11-23,73,73,0,0.006896551724,0.006896551724
2022-11-24,73.9,73.9,0,0.01232876712,0.01232876712
2022-11-25,74.05,74.05,0,0.002029769959,0.002029769959
2022-11-28,73.1,73.1,0,-0.01282916948,-0.01282916948
2022-11-29,73.5,73.5,0,0.005471956224,0.005471956224
2022-11-30,74.2,74.2,0,0.009523809524,0.009523809524
2022-12-01,75.1,75.1,0,0.01212938005,0.01212938005
2022-12-02,74.75,74.75,0,-0.00466045273,-0.00466045273
2022-12-05,75.1,75.1,0,0.004682274247,0.004682274247
2022-12-06,73.85,73.85,0,-0.01664447403,-0.01664447403
2022-12-07,73.5,73.5,0,-0.004739336493,-0.004739336493
2022-12-08,72.9,72.9,0,-0.008163265306,-0.008163265306
2022-12-09,73.65,73.65,0,0.01028806584,0.01028806584
2022-12-12,73.2,73.2,0,-0.006109979633,-0.006109979633
2022-12-13,72.85,72.85,0,-0.004781420765,-0.004781420765
2022-12-14,73.7,73.7,0,0.01166781057,0.01166781057
2022-12-15,73.75,73.75,0,0.0006784260516,0.0006784260516
2022-12-16,72.65,72.65,0,-0.01491525424,-0.01491525424
2022-12-19,72.25,72.25,0,-0.005505849966,-0.005505849966
2022-12-20,70.9,70.9,0,-0.01868512111,-0.01868512111
2022-12-21,71.2,71.2,0,0.004231311707,0.004231311707
2022-12-22,72.1,72.1,0,0.01264044944,0.01264044944
2022-12-23,71.35,71.35,0,-0.01040221914,-0.01040221914
2022-12-26,71.5,71.5,0,0.002102312544,0.002102312544
2022-12-27,71.9,71.9,0,0.005594405594,0.005594405594
2022-12-28,70.8,70.8,0,-0.01529902643,-0.01529902643
2022-12-29,70.65,70.65,0,-0.002118644068,-0.002118644068
2022-12-30,71.2,71.2,0,0.007784854919,0.007784854919
2023-01-03,71.2,71.2,0,0,0
2023-01-04,71.3,71.3,0,0.001404494382,0.001404494382
2023-01-05,71.6,71.6,0,0.004207573633,0.004207573633
2023-01-06,72,72,0,0.005586592179,0.005586592179
2023-01-09,73.6,73.6,0,0.02222222222,0.02222222222
2023-01-10,73.95,73.95,0,0.004755434783,0.004755434783
2023-01-11,73.95,73.95,0,0,0
2023-01-12,73.75,73.75,0,-0.002704530088,-0.002704530088
2023-01-13,74.25,74.25,0,0.006779661017,0.006779661017
2023-01-16,74.7,74.7,0,0.006060606061,0.006060606061
2023-01-17,74.7,74.7,0,0,0
2023-01-30,76.75,76.75,0,0.02744310576,0.02744310576
2023-01-31,76.5,76.5,0,-0.00325732899,-0.00325732899
2023-02-01,76.75,76.75,0,0.003267973856,0.003267973856
2023-02-02,77.8,77.8,0,0.01368078176,0.01368078176
2023-02-03,78,78,0,0.002570694087,0.002570694087
2023-02-06,77.45,77.45,0,-0.007051282051,-0.007051282051
2023-02-07,77.35,77.35,0,-0.001291155584,-0.001291155584
2023-02-08,78.4,78.4,0,0.01357466063,0.01357466063
2023-02-09,78.25,78.25,0,-0.001913265306,-0.001913265306
2023-02-10,78.15,78.15,0,-0.001277955272,-0.001277955272
2023-02-13,77.85,77.85,0,-0.003838771593,-0.003838771593
2023-02-14,78.45,78.45,0,0.007707129094,0.007707129094
2023-02-15,77.35,77.35,0,-0.01402166985,-0.01402166985
2023-02-16,78.15,78.15,0,0.01034259858,0.01034259858
2023-02-17,77.55,77.55,0,-0.007677543186,-0.007677543186
2023-02-20,78,78,0,0.00580270793,0.00580270793
2023-02-21,78.1,78.1,0,0.001282051282,0.001282051282
2023-02-22,77.4,77.4,0,-0.008962868118,-0.008962868118
2023-02-23,78.35,78.35,0,0.01227390181,0.01227390181
2023-02-24,78.3,78.3,0,-0.0006381620932,-0.0006381620932
2023-03-01,78.35,78.35,0,0.0006385696041,0.0006385696041
2023-03-02,78.35,78.35,0,0,0
2023-03-03,78.45,78.45,0,0.001276324186,0.001276324186
2023-03-06,79.25,79.25,0,0.01019757808,0.01019757808
2023-03-07,79.5,79.5,0,0.003154574132,0.003154574132
2023-03-08,79.2,79.2,0,-0.003773584906,-0.003773584906
2023-03-09,79.2,79.2,0,0,0
2023-03-10,77.7,77.7,0,-0.01893939394,-0.01893939394
2023-03-13,77.95,77.95,0,0.003217503218,0.003217503218
2023-03-14,77.05,77.05,0,-0.01154586273,-0.01154586273
2023-03-15,77.35,77.35,0,0.0038935756,0.0038935756
2023-03-16,76.55,76.55,0,-0.01034259858,-0.01034259858
2023-03-17,77.5,77.5,0,0.01241018942,0.01241018942
2023-03-20,77.45,77.45,0,-0.0006451612903,-0.0006451612903
2023-03-21,77.7,77.7,0,0.003227888961,0.003227888961
2023-03-22,78.9,78.9,0,0.01544401544,0.01544401544
2023-03-23,79.3,79.3,0,0.005069708492,0.005069708492
2023-03-24,79.8,79.8,0,0.00630517024,0.00630517024
2023-03-27,79.5,79.5,0,-0.003759398496,-0.003759398496
2023-03-28,78.65,78.65,0,-0.0106918239,-0.0106918239
2023-03-29,78.85,78.85,0,0.002542911634,0.002542911634
2023-03-30,79.35,79.35,0,0.00634115409,0.00634115409
2023-03-31,79.75,79.75,0,0.005040957782,0.005040957782
2023-04-06,79.4,79.4,0,-0.004388714734,-0.004388714734
2023-04-07,79.6,79.6,0,0.002518891688,0.002518891688
2023-04-10,79.85,79.85,0,0.003140703518,0.003140703518
2023-04-11,80,80,0,0.001878522229,0.001878522229
2023-04-12,80.2,80.2,0,0.0025,0.0025
2023-04-13,79.6,79.6,0,-0.007481296758,-0.007481296758
2023-04-14,80.15,80.15,0,0.006909547739,0.006909547739
2023-04-17,80.05,80.05,0,-0.001247660636,-0.001247660636
2023-04-18,79.75,79.75,0,-0.003747657714,-0.003747657714
2023-04-19,79.3,79.3,0,-0.005642633229,-0.005642633229
2023-04-20,79.1,79.1,0,-0.002522068096,-0.002522068096
2023-04-21,78.45,78.45,0,-0.008217446271,-0.008217446271
2023-04-24,78.5,78.5,0,0.0006373486297,0.0006373486297
2023-04-25,77.35,77.35,0,-0.01464968153,-0.01464968153
2023-04-26,77.35,77.35,0,0,0
2023-04-27,77.35,77.35,0,0,0
2023-04-28,78.25,78.25,0,0.0116354234,0.0116354234
2023-05-02,78.7,78.7,0,0.005750798722,0.005750798722
2023-05-03,78.45,78.45,0,-0.003176620076,-0.003176620076
2023-05-04,78.7,78.7,0,0.003186743149,0.003186743149
2023-05-05,78.75,78.75,0,0.0006353240152,0.0006353240152
2023-05-08,79.15,79.15,0,0.005079365079,0.005079365079
2023-05-09,79.25,79.25,0,0.001263423879,0.001263423879
2023-05-10,78.9,78.9,0,-0.004416403785,-0.004416403785
2023-05-11,78.35,78.35,0,-0.006970849176,-0.006970849176
2023-05-12,78.4,78.4,0,0.0006381620932,0.0006381620932
2023-05-15,78.25,78.25,0,-0.001913265306,-0.001913265306
2023-05-16,79.2,79.2,0,0.01214057508,0.01214057508
2023-05-17,80.45,80.45,0,0.01578282828,0.01578282828
2023-05-18,81.55,81.55,0,0.01367308888,0.01367308888
2023-05-19,81.9,81.9,0,0.004291845494,0.004291845494
2023-05-22,81.95,81.95,0,0.0006105006105,0.0006105006105
2023-05-23,82,82,0,0.0006101281269,0.0006101281269
2023-05-24,81.8,81.8,0,-0.00243902439,-0.00243902439
2023-05-25,82.55,82.55,0,0.009168704156,0.009168704156
2023-05-26,83.6,83.6,0,0.0127195639,0.0127195639
2023-05-29,84.4,84.4,0,0.00956937799,0.00956937799
2023-05-30,84.35,84.35,0,-0.0005924170616,-0.0005924170616
2023-05-31,84.3,84.3,0,-0.0005927682276,-0.0005927682276
2023-06-01,83.85,83.85,0,-0.005338078292,-0.005338078292
2023-06-02,84.85,84.85,0,0.01192605844,0.01192605844
2023-06-05,85,85,0,0.001767825575,0.001767825575
2023-06-06,84.9,84.9,0,-0.001176470588,-0.001176470588
2023-06-07,85.85,85.85,0,0.01118963486,0.01118963486
2023-06-08,84.9,84.9,0,-0.01106581246,-0.01106581246
2023-06-09,85.8,85.8,0,0.01060070671,0.01060070671
2023-06-12,85.95,85.95,0,0.001748251748,0.001748251748
2023-06-13,87.4,87.4,0,0.01687027341,0.01687027341
2023-06-14,87.4,87.4,0,0,0
2023-06-15,87.8,87.8,0,0.004576659039,0.004576659039
2023-06-16,87.95,87.95,0,0.001708428246,0.001708428246
2023-06-19,87.9,87.9,0,-0.0005685048323,-0.0005685048323
2023-06-20,87.6,87.6,0,-0.003412969283,-0.003412969283
2023-06-21,87.6,87.6,0,0,0
2023-06-26,87.15,87.15,0,-0.005136986301,-0.005136986301
2023-06-27,86.35,86.35,0,-0.009179575445,-0.009179575445
2023-06-28,86.5,86.5,0,0.001737116387,0.001737116387
2023-06-29,86.7,86.7,0,0.002312138728,0.002312138728
2023-06-30,86.9,86.9,0,0.002306805075,0.002306805075
2023-07-03,87.6,87.6,0,0.008055235903,0.008055235903
2023-07-04,88.1,88.1,0,0.005707762557,0.005707762557
2023-07-05,87.65,87.65,0,-0.005107832009,-0.005107832009
2023-07-06,86.55,86.55,0,-0.01254991443,-0.01254991443
2023-07-07,86.1,86.1,0,-0.005199306759,-0.005199306759
2023-07-10,86.05,86.05,0,-0.0005807200929,-0.0005807200929
2023-07-11,87,87,0,0.01104009297,0.01104009297
2023-07-12,87.5,87.5,0,0.005747126437,0.005747126437
2023-07-13,88.45,88.45,0,0.01085714286,0.01085714286
2023-07-14,89.5,89.5,0,0.01187111362,0.01187111362
2023-07-17,89.5,89.5,0,0,0
2023-07-18,89.25,89.25,0,-0.002793296089,-0.002793296089
2023-07-19,88.8,88.8,0,-0.005042016807,-0.005042016807
2023-07-20,88.9,88.9,0,0.001126126126,0.001126126126
2023-07-21,88.45,88.45,0,-0.005061867267,-0.005061867267
2023-07-24,88.6,88.6,0,0.001695873375,0.001695873375
2023-07-25,89.35,89.35,0,0.008465011287,0.008465011287
2023-07-26,88.9,88.9,0,-0.005036373811,-0.005036373811
2023-07-27,89.6,89.6,0,0.007874015748,0.007874015748
2023-07-28,89.65,89.65,0,0.0005580357143,0.0005580357143
2023-07-31,89,89,0,-0.007250418293,-0.007250418293
2023-08-01,89.25,89.25,0,0.002808988764,0.002808988764
2023-08-02,87.7,87.7,0,-0.01736694678,-0.01736694678
2023-08-04,87.55,87.55,0,-0.001710376283,-0.001710376283
2023-08-07,88.5,88.5,0,0.01085094232,0.01085094232
2023-08-08,88,88,0,-0.005649717514,-0.005649717514
2023-08-09,87.9,87.9,0,-0.001136363636,-0.001136363636
2023-08-10,86.6,86.6,0,-0.01478953356,-0.01478953356
2023-08-11,86.75,86.75,0,0.001732101617,0.001732101617
2023-08-14,85.4,85.4,0,-0.01556195965,-0.01556195965
2023-08-15,86.05,86.05,0,0.007611241218,0.007611241218
2023-08-16,86,86,0,-0.0005810575247,-0.0005810575247
2023-08-17,86.2,86.2,0,0.002325581395,0.002325581395
2023-08-18,85.95,85.95,0,-0.002900232019,-0.002900232019
2023-08-21,85.85,85.85,0,-0.001163467132,-0.001163467132
2023-08-22,86.25,86.25,0,0.004659289458,0.004659289458
2023-08-23,86.85,86.85,0,0.006956521739,0.006956521739
2023-08-24,87.9,87.9,0,0.01208981002,0.01208981002
2023-08-25,86.5,86.5,0,-0.01592718999,-0.01592718999
2023-08-28,86.6,86.6,0,0.001156069364,0.001156069364
2023-08-29,87.1,87.1,0,0.005773672055,0.005773672055
2023-08-30,87.65,87.65,0,0.006314580941,0.006314580941
2023-08-31,87.35,87.35,0,-0.003422703936,-0.003422703936
2023-09-01,87.45,87.45,0,0.001144819691,0.001144819691
2023-09-04,87.8,87.8,0,0.004002287021,0.004002287021
2023-09-05,88.05,88.05,0,0.00284738041,0.00284738041
2023-09-06,87.85,87.85,0,-0.002271436684,-0.002271436684
2023-09-07,87.2,87.2,0,-0.007398975526,-0.007398975526
2023-09-11,86.1,86.1,0,-0.0126146789,-0.0126146789
2023-09-12,86.65,86.65,0,0.006387921022,0.006387921022
2023-09-13,86.7,86.7,0,0.000577034045,0.000577034045
2023-09-14,87.7,87.7,0,0.01153402537,0.01153402537
2023-09-15,88.2,88.2,0,0.005701254276,0.005701254276
2023-09-18,87.5,87.5,0,-0.007936507937,-0.007936507937
2023-09-19,87.65,87.65,0,0.001714285714,0.001714285714
2023-09-20,86.85,86.85,0,-0.009127210496,-0.009127210496
2023-09-21,85.4,85.4,0,-0.01669545193,-0.01669545193
2023-09-22,85.35,85.35,0,-0.0005854800937,-0.0005854800937
2023-09-25,86.1,86.1,0,0.008787346221,0.008787346221
2023-09-26,85.4,85.4,0,-0.008130081301,-0.008130081301
2023-09-27,85.2,85.2,0,-0.002341920375,-0.002341920375
2023-09-28,85.5,85.5,0,0.003521126761,0.003521126761
2023-10-02,86.7,86.7,0,0.01403508772,0.01403508772
2023-10-03,86.2,86.2,0,-0.005767012687,-0.005767012687
2023-10-04,85.2,85.2,0,-0.01160092807,-0.01160092807
2023-10-05,86.25,86.25,0,0.01232394366,0.01232394366
2023-10-06,86.6,86.6,0,0.004057971014,0.004057971014
2023-10-11,87.6,87.6,0,0.01154734411,0.01154734411
2023-10-12,88.25,88.25,0,0.007420091324,0.007420091324
2023-10-13,87.9,87.9,0,-0.003966005666,-0.003966005666
2023-10-16,87.45,87.45,0,-0.005119453925,-0.005119453925
2023-10-17,87.45,87.45,0,0,0
2023-10-18,86.4,86.4,0,-0.01200686106,-0.01200686106
2023-10-19,82.25,82.25,3.959,-0.002210648148,-0.002210648148
2023-10-20,82.2,82.2,0,-0.0006079027356,-0.0006079027356
2023-10-23,81.45,81.45,0,-0.009124087591,-0.009124087591
2023-10-24,81.4,81.4,0,-0.0006138735421,-0.0006138735421
2023-10-25,81.95,81.95,0,0.006756756757,0.006756756757
2023-10-26,80.35,80.35,0,-0.01952410006,-0.01952410006
2023-10-27,80.55,80.55,0,0.002489110143,0.002489110143
2023-10-30,80.55,80.55,0,0,0
2023-10-31,80.3,80.3,0,-0.003103662322,-0.003103662322
2023-11-01,80.4,80.4,0,0.001245330012,0.001245330012
2023-11-02,81.95,81.95,0,0.01927860697,0.01927860697
2023-11-03,82.5,82.5,0,0.006711409396,0.006711409396
2023-11-06,83.5,83.5,0,0.01212121212,0.01212121212
2023-11-07,83.2,83.2,0,-0.003592814371,-0.003592814371
2023-11-08,83.9,83.9,0,0.008413461538,0.008413461538
2023-11-09,83.7,83.7,0,-0.002383790226,-0.002383790226
2023-11-10,83.3,83.3,0,-0.004778972521,-0.004778972521
2023-11-13,84.2,84.2,0,0.01080432173,0.01080432173
2023-11-14,84.65,84.65,0,0.005344418052,0.005344418052
2023-11-15,85.55,85.55,0,0.01063201418,0.01063201418
2023-11-16,85.6,85.6,0,0.0005844535359,0.0005844535359
2023-11-17,86,86,0,0.004672897196,0.004672897196
2023-11-20,85.85,85.85,0,-0.001744186047,-0.001744186047
2023-11-21,87.05,87.05,0,0.01397786838,0.01397786838
2023-11-22,86.2,86.2,0,-0.009764503159,-0.009764503159
2023-11-23,86.15,86.15,0,-0.0005800464037,-0.0005800464037
2023-11-24,86.2,86.2,0,0.0005803830528,0.0005803830528
2023-11-27,85.65,85.65,0,-0.006380510441,-0.006380510441
2023-11-28,86.75,86.75,0,0.01284296556,0.01284296556
2023-11-29,87,87,0,0.00288184438,0.00288184438
2023-11-30,86.7,86.7,0,-0.003448275862,-0.003448275862
2023-12-01,86.8,86.8,0,0.001153402537,0.001153402537
2023-12-04,86.9,86.9,0,0.001152073733,0.001152073733
2023-12-05,86.25,86.25,0,-0.00747986191,-0.00747986191
2023-12-06,86.6,86.6,0,0.004057971014,0.004057971014
2023-12-07,86.3,86.3,0,-0.003464203233,-0.003464203233
2023-12-08,86.75,86.75,0,0.005214368482,0.005214368482
2023-12-11,86.8,86.8,0,0.0005763688761,0.0005763688761
2023-12-12,86.95,86.95,0,0.001728110599,0.001728110599
2023-12-13,87.05,87.05,0,0.001150086256,0.001150086256
2023-12-14,87.95,87.95,0,0.0103388857,0.0103388857
2023-12-15,88.35,88.35,0,0.004548038658,0.004548038658
2023-12-18,88.15,88.15,0,-0.002263723826,-0.002263723826
2023-12-19,87.65,87.65,0,-0.005672149745,-0.005672149745
2023-12-20,88.1,88.1,0,0.005134055904,0.005134055904
2023-12-21,87.65,87.65,0,-0.005107832009,-0.005107832009
2023-12-22,87.85,87.85,0,0.002281802624,0.002281802624
2023-12-25,88.15,88.15,0,0.003414911781,0.003414911781
2023-12-26,88.7,88.7,0,0.006239364719,0.006239364719
2023-12-27,89.35,89.35,0,0.007328072153,0.007328072153
2023-12-28,89.3,89.3,0,-0.0005595970901,-0.0005595970901
2023-12-29,89.4,89.4,0,0.001119820829,0.001119820829
2024-01-02,88.85,88.85,0,-0.00615212528,-0.00615212528
2024-01-03,87.75,87.75,0,-0.01238041643,-0.01238041643
2024-01-04,87.6,87.6,0,-0.001709401709,-0.001709401709
2024-01-05,87.75,87.75,0,0.001712328767,0.001712328767
2024-01-08,88,88,0,0.002849002849,0.002849002849
2024-01-09,87.75,87.75,0,-0.002840909091,-0.002840909091
2024-01-10,87.25,87.25,0,-0.005698005698,-0.005698005698
2024-01-11,87.55,87.55,0,0.003438395415,0.003438395415
2024-01-12,87.55,87.55,0,0,0
2024-01-15,87.95,87.95,0,0.004568817818,0.004568817818
2024-01-16,86.85,86.85,0,-0.01250710631,-0.01250710631
2024-01-17,86,86,0,-0.009786989062,-0.009786989062
2024-01-18,86.15,86.15,0,0.001744186047,0.001744186047
2024-01-19,88.15,88.15,0,0.02321532211,0.02321532211
2024-01-22,88.8,88.8,0,0.007373794668,0.007373794668
2024-01-23,89.15,89.15,0,0.003941441441,0.003941441441
2024-01-24,89.4,89.4,0,0.002804262479,0.002804262479
2024-01-25,89.8,89.8,0,0.004474272931,0.004474272931
2024-01-26,89.8,89.8,0,0,0
2024-01-29,90.3,90.3,0,0.005567928731,0.005567928731
2024-01-30,90.4,90.4,0,0.001107419712,0.001107419712
2024-01-31,89.4,89.4,0,-0.0110619469,-0.0110619469
2024-02-01,89.4,89.4,0,0,0
2024-02-02,90.3,90.3,0,0.01006711409,0.01006711409
2024-02-05,90.4,90.4,0,0.001107419712,0.001107419712
2024-02-15,92.85,92.85,0,0.02710176991,0.02710176991
2024-02-16,92.55,92.55,0,-0.003231017771,-0.003231017771
2024-02-19,92.6,92.6,0,0.0005402485143,0.0005402485143
2024-02-20,93.15,93.15,0,0.005939524838,0.005939524838
2024-02-21,92.9,92.9,0,-0.002683843264,-0.002683843264
2024-02-22,93.75,93.75,0,0.009149623251,0.009149623251
2024-02-23,94.3,94.3,0,0.005866666667,0.005866666667
2024-02-26,94.15,94.15,0,-0.001590668081,-0.001590668081
2024-02-27,93.75,93.75,0,-0.004248539565,-0.004248539565
2024-02-29,94.05,94.05,0,0.0032,0.0032
2024-03-01,94.15,94.15,0,0.001063264221,0.001063264221
2024-03-04,95.9,95.9,0,0.01858736059,0.01858736059
2024-03-05,96.55,96.55,0,0.006777893639,0.006777893639
2024-03-06,96.95,96.95,0,0.004142931124,0.004142931124
2024-03-07,98.2,98.2,0,0.01289324394,0.01289324394
2024-03-08,98.75,98.75,0,0.005600814664,0.005600814664
2024-03-11,98.2,98.2,0,-0.005569620253,-0.005569620253
2024-03-12,99.25,99.25,0,0.01069246436,0.01069246436
2024-03-13,99.3,99.3,0,0.0005037783375,0.0005037783375
2024-03-14,99.2,99.2,0,-0.001007049345,-0.001007049345
2024-03-15,98.55,98.55,0,-0.006552419355,-0.006552419355
2024-03-18,98.85,98.85,0,0.00304414003,0.00304414003
2024-03-19,99.4,99.4,0,0.005563985837,0.005563985837
2024-03-20,98.55,98.55,0,-0.008551307847,-0.008551307847
2024-03-21,100.9,100.9,0,0.02384576357,0.02384576357
2024-03-22,100.7,100.7,0,-0.001982160555,-0.001982160555
2024-03-25,101.05,101.05,0,0.003475670308,0.003475670308
2024-03-26,100.6,100.6,0,-0.00445324097,-0.00445324097
2024-03-27,100.9,100.9,0,0.002982107356,0.002982107356
2024-03-28,100.8,100.8,0,-0.0009910802775,-0.0009910802775
2024-03-29,101.25,101.25,0,0.004464285714,0.004464285714
2024-04-01,101.05,101.05,0,-0.001975308642,-0.001975308642
2024-04-02,102.05,102.05,0,0.009896091044,0.009896091044
2024-04-03,101.5,101.5,0,-0.005389514944,-0.005389514944
2024-04-08,102,102,0,0.004926108374,0.004926108374
2024-04-09,103.7,103.7,0,0.01666666667,0.01666666667
2024-04-10,103.6,103.6,0,-0.0009643201543,-0.0009643201543
2024-04-11,102.95,102.95,0,-0.006274131274,-0.006274131274
2024-04-12,103.15,103.15,0,0.001942690627,0.001942690627
2024-04-15,101.85,101.85,0,-0.01260300533,-0.01260300533
2024-04-16,98.85,98.85,0,-0.029455081,-0.029455081
2024-04-17,100.25,100.25,0,0.01416287304,0.01416287304
2024-04-18,100.6,100.6,0,0.00349127182,0.00349127182
2024-04-19,97.2,97.2,0,-0.0337972167,-0.0337972167
2024-04-22,96.85,96.85,0,-0.003600823045,-0.003600823045
2024-04-23,97.85,97.85,0,0.01032524522,0.01032524522
2024-04-24,100.2,100.2,0,0.02401635156,0.02401635156
2024-04-25,98.55,98.55,0,-0.01646706587,-0.01646706587
2024-04-26,100.15,100.15,0,0.0162354135,0.0162354135
2024-04-29,101.7,101.7,0,0.01547678482,0.01547678482
2024-04-30,101.75,101.75,0,0.0004916420846,0.0004916420846
2024-05-02,100.5,100.5,0,-0.01228501229,-0.01228501229
2024-05-03,101.15,101.15,0,0.006467661692,0.006467661692
2024-05-06,102.35,102.35,0,0.01186356896,0.01186356896
2024-05-07,102.65,102.65,0,0.00293111871,0.00293111871
2024-05-08,103.1,103.1,0,0.004383828544,0.004383828544
2024-05-09,103,103,0,-0.0009699321048,-0.0009699321048
2024-05-10,102.95,102.95,0,-0.0004854368932,-0.0004854368932
2024-05-13,103.85,103.85,0,0.008742107819,0.008742107819
2024-05-14,104.3,104.3,0,0.004333172845,0.004333172845
2024-05-15,105.85,105.85,0,0.01486097795,0.01486097795
2024-05-16,106.3,106.3,0,0.004251299008,0.004251299008
2024-05-17,105.85,105.85,0,-0.004233301976,-0.004233301976
2024-05-20,105.55,105.55,0,-0.002834199339,-0.002834199339
2024-05-21,105.2,105.2,0,-0.003315963998,-0.003315963998
2024-05-22,106.85,106.85,0,0.01568441065,0.01568441065
2024-05-23,107.45,107.45,0,0.00561534862,0.00561534862
2024-05-24,107.5,107.5,0,0.0004653327129,0.0004653327129
2024-05-27,108.35,108.35,0,0.007906976744,0.007906976744
2024-05-28,108.95,108.95,0,0.005537609599,0.005537609599
2024-05-29,108.05,108.05,0,-0.008260670032,-0.008260670032
2024-05-30,106.55,106.55,0,-0.01388246182,-0.01388246182
2024-05-31,105.9,105.9,0,-0.006100422337,-0.006100422337
2024-06-03,107.25,107.25,0,0.01274787535,0.01274787535
2024-06-04,106.1,106.1,0,-0.01072261072,-0.01072261072
2024-06-05,106.5,106.5,0,0.003770028275,0.003770028275
2024-06-06,108.85,108.85,0,0.0220657277,0.0220657277
2024-06-07,108.4,108.4,0,-0.004134129536,-0.004134129536
2024-06-11,108.6,108.6,0,0.00184501845,0.00184501845
2024-06-12,109.45,109.45,0,0.007826887661,0.007826887661
2024-06-13,110.9,110.9,0,0.01324805847,0.01324805847
2024-06-14,111.6,111.6,0,0.006311992786,0.006311992786
2024-06-17,111.7,111.7,0,0.0008960573477,0.0008960573477
2024-06-18,113.25,113.25,0,0.01387645479,0.01387645479
2024-06-19,115.45,115.45,0,0.01942604857,0.01942604857
2024-06-20,116.45,116.45,0,0.008661758337,0.008661758337
2024-06-21,116.2,116.2,0,-0.002146844139,-0.002146844139
2024-06-24,113.95,113.95,0,-0.01936316695,-0.01936316695
2024-06-25,113.6,113.6,0,-0.003071522598,-0.003071522598
2024-06-26,114.2,114.2,0,0.005281690141,0.005281690141
2024-06-27,114.1,114.1,0,-0.0008756567426,-0.0008756567426
2024-06-28,115,115,0,0.007887817704,0.007887817704
2024-07-01,115.15,115.15,0,0.001304347826,0.001304347826
2024-07-02,114.15,114.15,0,-0.008684324794,-0.008684324794
2024-07-03,115.5,115.5,0,0.01182654402,0.01182654402
2024-07-04,117.25,117.25,0,0.01515151515,0.01515151515
2024-07-05,117.4,117.4,0,0.001279317697,0.001279317697
2024-07-08,119.6,119.6,0,0.01873935264,0.01873935264
2024-07-09,119.15,119.15,0,-0.003762541806,-0.003762541806
2024-07-10,119.7,119.7,0,0.004616030214,0.004616030214
2024-07-11,121.6,121.6,0,0.01587301587,0.01587301587
2024-07-12,119.25,119.25,0,-0.01932565789,-0.01932565789
2024-07-15,119.25,119.25,0,0,0
2024-07-16,119.6,119.6,0,0.002935010482,0.002935010482
2024-07-17,118.15,118.15,0,-0.01212374582,-0.01212374582
2024-07-18,116.5,116.5,0,-0.01396529835,-0.01396529835
2024-07-19,115.15,115.15,0,-0.01158798283,-0.01158798283
2024-07-22,111.9,111.9,0,-0.02822405558,-0.02822405558
2024-07-23,114.55,114.55,0,0.0236818588,0.0236818588
2024-07-26,111.15,111.15,0,-0.02968136185,-0.02968136185
2024-07-29,112,112,0,0.007647323437,0.007647323437
2024-07-30,111.45,111.45,0,-0.004910714286,-0.004910714286
2024-07-31,111.55,111.55,0,0.0008972633468,0.0008972633468
2024-08-01,113.7,113.7,0,0.01927386822,0.01927386822
2024-08-02,108.8,108.8,0,-0.04309586631,-0.04309586631
2024-08-05,99.8,99.8,0,-0.08272058824,-0.08272058824
2024-08-06,104.75,104.75,0,0.0495991984,0.0495991984
2024-08-07,107.45,107.45,0,0.02577565632,0.02577565632
2024-08-08,105.95,105.95,0,-0.01395998139,-0.01395998139
2024-08-09,108.7,108.7,0,0.02595563945,0.02595563945
2024-08-12,110.3,110.3,0,0.01471941122,0.01471941122
2024-08-13,109.9,109.9,0,-0.003626473255,-0.003626473255
2024-08-14,111.3,111.3,0,0.0127388535,0.0127388535
2024-08-15,111.15,111.15,0,-0.001347708895,-0.001347708895
2024-08-16,112.85,112.85,0,0.01529464687,0.01529464687
2024-08-19,112.95,112.95,0,0.0008861320337,0.0008861320337
2024-08-20,112.95,112.95,0,0,0
2024-08-21,112.15,112.15,0,-0.007082779991,-0.007082779991
2024-08-22,111.55,111.55,0,-0.005349977708,-0.005349977708
2024-08-23,111.45,111.45,0,-0.000896458987,-0.000896458987
2024-08-26,112.55,112.55,0,0.009869896815,0.009869896815
2024-08-27,111.65,111.65,0,-0.007996446024,-0.007996446024
2024-08-28,112.65,112.65,0,0.008956560681,0.008956560681
2024-08-29,111.95,111.95,0,-0.006213936973,-0.006213936973
2024-08-30,112.3,112.3,0,0.003126395712,0.003126395712
2024-09-02,112,112,0,-0.00267141585,-0.00267141585
2024-09-03,111.5,111.5,0,-0.004464285714,-0.004464285714
2024-09-04,106.4,106.4,0,-0.04573991031,-0.04573991031
2024-09-05,107.4,107.4,0,0.009398496241,0.009398496241
2024-09-06,108.05,108.05,0,0.006052141527,0.006052141527
2024-09-09,106.45,106.45,0,-0.01480795928,-0.01480795928
2024-09-10,106.3,106.3,0,-0.001409112259,-0.001409112259
2024-09-11,106.4,106.4,0,0.0009407337723,0.0009407337723
2024-09-12,109.3,109.3,0,0.0272556391,0.0272556391
2024-09-13,109.7,109.7,0,0.003659652333,0.003659652333
2024-09-16,110.2,110.2,0,0.004557885141,0.004557885141
2024-09-18,109.45,109.45,0,-0.006805807623,-0.006805807623
2024-09-19,110.3,110.3,0,0.007766103243,0.007766103243
2024-09-20,111.75,111.75,0,0.01314596555,0.01314596555
2024-09-23,112.1,112.1,0,0.003131991051,0.003131991051
2024-09-24,112.35,112.35,0,0.00223015165,0.00223015165
2024-09-25,114.5,114.5,0,0.01913662661,0.01913662661
2024-09-26,115.35,115.35,0,0.007423580786,0.007423580786
2024-09-27,115.55,115.55,0,0.001733853489,0.001733853489
2024-09-30,112.9,112.9,0,-0.02293379489,-0.02293379489
2024-10-01,112.9,112.9,0,0,0
2024-10-04,112.3,112.3,0,-0.005314437555,-0.005314437555
2024-10-07,113.9,113.9,0,0.0142475512,0.0142475512
2024-10-08,113.6,113.6,0,-0.002633889377,-0.002633889377
2024-10-09,114.05,114.05,0,0.003961267606,0.003961267606
2024-10-11,115.6,115.6,0,0.01359053047,0.01359053047
2024-10-14,115.55,115.55,0,-0.0004325259516,-0.0004325259516
2024-10-15,117,117,0,0.01254868023,0.01254868023
2024-10-16,116.25,116.25,0,-0.00641025641,-0.00641025641
2024-10-17,116.25,116.25,0,0,0
2024-10-18,118.55,118.55,0,0.01978494624,0.01978494624
2024-10-21,118.75,118.75,0,0.001687051877,0.001687051877
2024-10-22,118.15,118.15,0,-0.005052631579,-0.005052631579
2024-10-23,117.55,117.55,0,-0.005078290309,-0.005078290309
2024-10-24,115.7,115.7,0.7,-0.009783071034,-0.009783071034
2024-10-25,116.65,116.65,0,0.008210890233,0.008210890233
2024-10-28,116.5,116.5,0,-0.001285897985,-0.001285897985
2024-10-29,114.3,114.3,0,-0.01888412017,-0.01888412017
2024-10-30,114.6,114.6,0,0.002624671916,0.002624671916
2024-11-01,113.6,113.6,0,-0.00872600349,-0.00872600349
2024-11-04,114.85,114.85,0,0.01100352113,0.01100352113
2024-11-05,115.6,115.6,0,0.006530256857,0.006530256857
2024-11-06,117.05,117.05,0,0.0125432526,0.0125432526
2024-11-07,117.45,117.45,0,0.003417343016,0.003417343016
2024-11-08,117.95,117.95,0,0.004257130694,0.004257130694
2024-11-11,117.35,117.35,0,-0.005086901229,-0.005086901229
2024-11-12,115.7,115.7,0,-0.01406050277,-0.01406050277
2024-11-13,115.35,115.35,0,-0.003025064823,-0.003025064823
2024-11-14,114.25,114.25,0,-0.009536194192,-0.009536194192
2024-11-15,114.35,114.35,0,0.000875273523,0.000875273523
2024-11-18,113.1,113.1,0,-0.01093135111,-0.01093135111
2024-11-19,114.8,114.8,0,0.01503094607,0.01503094607
2024-11-20,114.45,114.45,0,-0.003048780488,-0.003048780488
2024-11-21,113.25,113.25,0,-0.01048492792,-0.01048492792
2024-11-22,114.85,114.85,0,0.01412803532,0.01412803532
2024-11-25,115.35,115.35,0,0.004353504571,0.004353504571
2024-11-26,113.6,113.6,0,-0.01517121803,-0.01517121803
2024-11-27,112.3,112.3,0,-0.01144366197,-0.01144366197
2024-11-28,111.6,111.6,0,-0.006233303651,-0.006233303651
2024-11-29,111.65,111.65,0,0.0004480286738,0.0004480286738
2024-12-02,114,114,0,0.0210479176,0.0210479176
2024-12-03,115.55,115.55,0,0.01359649123,0.01359649123
2024-12-04,115.9,115.9,0,0.003028991778,0.003028991778
2024-12-05,116.55,116.55,0,0.005608283003,0.005608283003
2024-12-06,115.9,115.9,0,-0.005577005577,-0.005577005577
2024-12-09,116.25,116.25,0,0.003019844694,0.003019844694
2024-12-10,115.7,115.7,0,-0.004731182796,-0.004731182796
2024-12-11,114.6,114.6,0,-0.009507346586,-0.009507346586
2024-12-12,115.65,115.65,0,0.009162303665,0.009162303665
2024-12-13,115.5,115.5,0,-0.001297016861,-0.001297016861
2024-12-16,115.4,115.4,0,-0.0008658008658,-0.0008658008658
2024-12-18,116.05,116.05,0,0.005632582322,0.005632582322
2024-12-19,114.55,114.55,0,-0.01292546316,-0.01292546316
2024-12-20,113.45,113.45,0,-0.00960279354,-0.00960279354
2024-12-23,115.7,115.7,0,0.01983252534,0.01983252534
2024-12-24,115.75,115.75,0,0.0004321521175,0.0004321521175
2024-12-25,116.25,116.25,0,0.004319654428,0.004319654428
2024-12-26,116.55,116.55,0,0.002580645161,0.002580645161
2024-12-27,116.25,116.25,0,-0.002574002574,-0.002574002574
2024-12-30,115.9,115.9,0,-0.003010752688,-0.003010752688
2024-12-31,115.05,115.05,0,-0.007333908542,-0.007333908542
2025-01-02,114,114,0,-0.009126466754,-0.009126466754
2025-01-03,115.3,115.3,0,0.01140350877,0.01140350877
2025-01-06,117.9,117.9,0,0.0225498699,0.0225498699
2025-01-07,118.55,118.55,0,0.005513146735,0.005513146735
2025-01-08,117.45,117.45,0,-0.009278785323,-0.009278785323
2025-01-09,116.25,116.25,0,-0.01021711367,-0.01021711367
2025-01-10,115.25,115.25,0,-0.008602150538,-0.008602150538
2025-01-13,113.3,113.3,0,-0.0169197397,-0.0169197397
2025-01-14,114.1,114.1,0,0.007060900265,0.007060900265
2025-01-15,113.2,113.2,0,-0.007887817704,-0.007887817704
2025-01-16,115.85,115.85,0,0.02340989399,0.02340989399
2025-01-17,115.9,115.9,0,0.0004315925766,0.0004315925766
2025-01-20,116.75,116.75,0,0.007333908542,0.007333908542
2025-01-21,116.65,116.65,0,-0.0008565310493,-0.0008565310493
2025-01-22,118.05,118.05,0,0.01200171453,0.01200171453
2025-02-03,113.8,113.8,0,-0.0360016942,-0.0360016942
2025-02-04,114,114,0,0.001757469244,0.001757469244
2025-02-05,116.15,116.15,0,0.01885964912,0.01885964912
2025-02-06,115.9,115.9,0,-0.002152389152,-0.002152389152
2025-02-07,116.85,116.85,0,0.008196721311,0.008196721311
2025-02-10,116,116,0,-0.007274283269,-0.007274283269
2025-02-11,116.55,116.55,0,0.00474137931,0.00474137931
2025-02-12,116.45,116.45,0,-0.000858000858,-0.000858000858
2025-02-13,116.55,116.55,0,0.0008587376556,0.0008587376556
2025-02-14,115.65,115.65,0,-0.007722007722,-0.007722007722
2025-02-17,117.2,117.2,0,0.01340250757,0.01340250757
2025-02-18,117.65,117.65,0,0.003839590444,0.003839590444
2025-02-19,117.9,117.9,0,0.002124946876,0.002124946876
2025-02-20,117.5,117.5,0,-0.003392705683,-0.003392705683
2025-02-21,118.15,118.15,0,0.005531914894,0.005531914894
2025-02-24,117.4,117.4,0,-0.006347862886,-0.006347862886
2025-02-25,116.55,116.55,0,-0.007240204429,-0.007240204429
2025-02-26,116.6,116.6,0,0.000429000429,0.000429000429
2025-02-27,116,116,0,-0.005145797599,-0.005145797599
2025-03-03,113.75,113.75,0,-0.01939655172,-0.01939655172
2025-03-04,113.4,113.4,0,-0.003076923077,-0.003076923077
2025-03-05,114.7,114.7,0,0.0114638448,0.0114638448
2025-03-06,114,114,0,-0.006102877071,-0.006102877071
2025-03-07,112.95,112.95,0,-0.009210526316,-0.009210526316
2025-03-10,112.75,112.75,0,-0.001770694998,-0.001770694998
2025-03-11,111,111,0,-0.0155210643,-0.0155210643
2025-03-12,111.6,111.6,0,0.005405405405,0.005405405405
2025-03-13,110.55,110.55,0,-0.009408602151,-0.009408602151
2025-03-14,110.45,110.45,0,-0.0009045680687,-0.0009045680687
2025-03-17,111.4,111.4,0,0.008601177003,0.008601177003
2025-03-18,111.65,111.65,0,0.002244165171,0.002244165171
2025-03-19,110.75,110.75,0,-0.008060904613,-0.008060904613
2025-03-20,112.2,112.2,0,0.01309255079,0.01309255079
2025-03-21,111.85,111.85,0,-0.00311942959,-0.00311942959
2025-03-24,111.05,111.05,0,-0.007152436299,-0.007152436299
2025-03-25,111.8,111.8,0,0.006753714543,0.006753714543
2025-03-26,111.95,111.95,0,0.001341681574,0.001341681574
2025-03-27,110.35,110.35,0,-0.01429209469,-0.01429209469
2025-03-28,108.4,108.4,0,-0.01767104667,-0.01767104667
2025-03-31,105.25,105.25,0,-0.02905904059,-0.02905904059
2025-04-01,107,107,0,0.01662707838,0.01662707838
2025-04-02,107.5,107.5,0,0.004672897196,0.004672897196
2025-04-07,96.75,96.75,0,-0.1,-0.1
2025-04-08,92.85,92.85,0,-0.04031007752,-0.04031007752
2025-04-09,88.35,88.35,0,-0.04846526656,-0.04846526656
2025-04-10,97.15,97.15,0,0.09960384833,0.09960384833
2025-04-11,98.3,98.3,0,0.0118373649,0.0118373649
2025-04-14,98.9,98.9,0,0.006103763988,0.006103763988
2025-04-15,100.5,100.5,0,0.01617795753,0.01617795753
2025-04-16,98.85,98.85,0,-0.01641791045,-0.01641791045
2025-04-17,98.15,98.15,0,-0.00708143652,-0.00708143652
2025-04-18,98.25,98.25,0,0.001018848701,0.001018848701
2025-04-21,97.05,97.05,0,-0.01221374046,-0.01221374046
2025-04-22,95.75,95.75,0,-0.01339515714,-0.01339515714
2025-04-23,99.05,99.05,0,0.03446475196,0.03446475196
2025-04-24,98.55,98.55,0,-0.005047955578,-0.005047955578
2025-04-25,100.8,100.8,0,0.02283105023,0.02283105023
2025-04-28,101.2,101.2,0,0.003968253968,0.003968253968
2025-04-29,101.75,101.75,0,0.005434782609,0.005434782609
2025-04-30,102.15,102.15,0,0.003931203931,0.003931203931
2025-05-02,104.4,104.4,0,0.02202643172,0.02202643172
2025-05-05,104.1,104.1,0,-0.002873563218,-0.002873563218
2025-05-06,103.95,103.95,0,-0.00144092219,-0.00144092219
2025-05-07,103.6,103.6,0,-0.003367003367,-0.003367003367
2025-05-08,104.5,104.5,0,0.008687258687,0.008687258687
2025-05-09,105.4,105.4,0,0.008612440191,0.008612440191
2025-05-12,106.45,106.45,0,0.009962049336,0.009962049336
2025-05-13,107.7,107.7,0,0.01174260216,0.01174260216
2025-05-14,109.45,109.45,0,0.01624883937,0.01624883937
2025-05-15,109.85,109.85,0,0.00365463682,0.00365463682
2025-05-16,109.95,109.95,0,0.0009103322713,0.0009103322713
2025-05-19,108.1,108.1,0,-0.01682582992,-0.01682582992
2025-05-20,108.65,108.65,0,0.005087881591,0.005087881591
2025-05-21,109.8,109.8,0,0.01058444547,0.01058444547
2025-05-22,109.1,109.1,0,-0.006375227687,-0.006375227687
2025-05-23,108.75,108.75,0,-0.003208065995,-0.003208065995
2025-05-26,108.9,108.9,0,0.001379310345,0.001379310345
2025-05-27,107.7,107.7,0,-0.01101928375,-0.01101928375
2025-05-28,107.8,107.8,0,0.0009285051068,0.0009285051068
2025-05-29,107.85,107.85,0,0.0004638218924,0.0004638218924
2025-06-02,106,106,0,-0.01715345387,-0.01715345387
2025-06-03,106.45,106.45,0,0.004245283019,0.004245283019
2025-06-04,108.9,108.9,0,0.02301550023,0.02301550023
2025-06-05,109.25,109.25,0,0.003213957759,0.003213957759
2025-06-06,109.25,109.25,0,0,0
2025-06-09,110,110,0,0.006864988558,0.006864988558
2025-06-10,112.25,112.25,0,0.02045454545,0.02045454545
2025-06-11,113.15,113.15,0,0.008017817372,0.008017817372
2025-06-12,112.85,112.85,0,-0.002651347768,-0.002651347768
2025-06-13,111.85,111.85,0,-0.008861320337,-0.008861320337
2025-06-16,111.7,111.7,0,-0.001341081806,-0.001341081806
2025-06-17,112,112,0,0.002685765443,0.002685765443
2025-06-18,112.35,112.35,0,0.003125,0.003125
2025-06-19,111.75,111.75,0,-0.005340453939,-0.005340453939
2025-06-20,111.2,111.2,0,-0.004921700224,-0.004921700224
2025-06-23,110.15,110.15,0,-0.009442446043,-0.009442446043
2025-06-24,112.25,112.25,0,0.01906491148,0.01906491148
2025-06-25,113.55,113.55,0,0.01158129176,0.01158129176
2025-06-26,114,114,0,0.003963011889,0.003963011889
2025-06-27,113.6,113.6,0,-0.00350877193,-0.00350877193
2025-06-30,113.9,113.9,0,0.00264084507,0.00264084507
2025-07-01,114.6,114.6,0,0.006145741879,0.006145741879
2025-07-02,114.65,114.65,0,0.0004363001745,0.0004363001745
2025-07-03,116.15,116.15,0,0.01308329699,0.01308329699
2025-07-04,115.2,115.2,0,-0.008179078777,-0.008179078777
2025-07-07,114.5,114.5,0,-0.006076388889,-0.006076388889
2025-07-08,114.1,114.1,0,-0.003493449782,-0.003493449782
2025-07-09,114.8,114.8,0,0.006134969325,0.006134969325
2025-07-10,115.95,115.95,0,0.0100174216,0.0100174216
2025-07-11,116.15,116.15,0,0.001724881414,0.001724881414
2025-07-14,115.65,115.65,0,-0.004304778304,-0.004304778304
2025-07-15,116.55,116.55,0,0.007782101167,0.007782101167
2025-07-16,118.45,118.45,0,0.0163020163,0.0163020163
2025-07-17,118.25,118.25,0,-0.00168847615,-0.00168847615
2025-07-18,119.5,119.5,0,0.01057082452,0.01057082452
2025-07-21,119.15,119.15,0,-0.002928870293,-0.002928870293
2025-07-22,118.45,118.45,0,-0.005874947545,-0.005874947545
2025-07-23,119.15,119.15,0,0.005909666526,0.005909666526
2025-07-24,119.7,119.7,0,0.004616030214,0.004616030214
2025-07-25,119.95,119.95,0,0.00208855472,0.00208855472
2025-07-28,120.3,120.3,0,0.002917882451,0.002917882451
2025-07-29,119.2,119.2,0,-0.009143807149,-0.009143807149
2025-07-30,120.45,120.45,0,0.01048657718,0.01048657718
2025-07-31,121.2,121.2,0,0.006226650062,0.006226650062
2025-08-01,120.4,120.4,0,-0.006600660066,-0.006600660066
2025-08-04,119.9,119.9,0,-0.00415282392,-0.00415282392
2025-08-05,121.1,121.1,0,0.01000834028,0.01000834028
2025-08-06,120.45,120.45,0,-0.005367464905,-0.005367464905
2025-08-07,123,123,0,0.02117061021,0.02117061021
2025-08-08,123.15,123.15,0,0.001219512195,0.001219512195
2025-08-11,124.25,124.25,0,0.008932196508,0.008932196508
2025-08-12,124.05,124.05,0,-0.001609657948,-0.001609657948
2025-08-13,124.45,124.45,0,0.003224506247,0.003224506247
2025-08-14,124.5,124.5,0,0.0004017677782,0.0004017677782
2025-08-15,124.8,124.8,0,0.002409638554,0.002409638554
2025-08-18,125.25,125.25,0,0.003605769231,0.003605769231
2025-08-19,125.55,125.55,0,0.002395209581,0.002395209581
2025-08-20,121.45,121.45,0,-0.03265631223,-0.03265631223
2025-08-21,122.3,122.3,0,0.006998764924,0.006998764924
2025-08-22,122.25,122.25,0,-0.0004088307441,-0.0004088307441
2025-08-25,124.45,124.45,0,0.01799591002,0.01799591002
2025-08-26,124.3,124.3,0,-0.001205303335,-0.001205303335
2025-08-27,124.7,124.7,0,0.003218020917,0.003218020917
2025-08-28,124.4,124.4,0,-0.002405773857,-0.002405773857
2025-08-29,124.85,124.85,0,0.003617363344,0.003617363344
2025-09-01,122.6,122.6,0,-0.01802162595,-0.01802162595
2025-09-02,123.1,123.1,0,0.004078303426,0.004078303426
2025-09-03,122.7,122.7,0,-0.003249390739,-0.003249390739
2025-09-04,123.65,123.65,0,0.007742461288,0.007742461288
2025-09-05,124.35,124.35,0,0.005661140315,0.005661140315
2025-09-08,125.05,125.05,0,0.005629272216,0.005629272216
2025-09-09,126.1,126.1,0,0.008396641343,0.008396641343
2025-09-10,128.45,128.45,0,0.01863600317,0.01863600317
2025-09-11,128.95,128.95,0,0.0038925652,0.0038925652
2025-09-12,129.4,129.4,0,0.003489724699,0.003489724699
2025-09-15,129.65,129.65,0,0.001931993818,0.001931993818
2025-09-16,130.75,130.75,0,0.008484381026,0.008484381026
2025-09-17,130.15,130.15,0,-0.004588910134,-0.004588910134
2025-09-18,130.85,130.85,0,0.005378409527,0.005378409527
2025-09-19,131.05,131.05,0,0.001528467711,0.001528467711
2025-09-22,132.25,132.25,0,0.009156810378,0.009156810378
2025-09-23,133.75,133.75,0,0.01134215501,0.01134215501
2025-09-24,133.15,133.15,0,-0.004485981308,-0.004485981308
2025-09-25,133.5,133.5,0,0.002628614345,0.002628614345
2025-09-26,130.6,130.6,0,-0.02172284644,-0.02172284644
2025-09-30,132.4,132.4,0,0.01378254211,0.01378254211
2025-10-01,132.95,132.95,0,0.00415407855,0.00415407855
2025-10-03,136.2,136.2,0,0.02444528018,0.02444528018
2025-10-07,139.45,139.45,0,0.02386196769,0.02386196769
2025-10-08,138.35,138.35,0,-0.007888131947,-0.007888131947
2025-10-09,139.75,139.75,0,0.01011926274,0.01011926274
2025-10-13,137.2,137.2,0,-0.01824686941,-0.01824686941
2025-10-14,136.95,136.95,0,-0.001822157434,-0.001822157434
2025-10-15,138.6,138.6,0,0.01204819277,0.01204819277
2025-10-16,141.55,141.55,0,0.02128427128,0.02128427128
2025-10-17,140.4,140.4,0,-0.00812433769,-0.00812433769
2025-10-20,142.2,142.2,0,0.01282051282,0.01282051282
2025-10-21,142.3,142.3,0,0.0007032348805,0.0007032348805
2025-10-22,142.1,142.1,0,-0.001405481377,-0.001405481377
2025-10-23,138.35,138.35,3.259,-0.00345531316,-0.00345531316
2025-10-27,141.25,141.25,0,0.02096132996,0.02096132996
2025-10-28,140.3,140.3,0,-0.006725663717,-0.006725663717
2025-10-29,142,142,0,0.01211689237,0.01211689237
2025-10-30,142.2,142.2,0,0.001408450704,0.001408450704
2025-10-31,142.55,142.55,0,0.002461322082,0.002461322082
2025-11-03,141.75,141.75,0,-0.005612065942,-0.005612065942
2025-11-04,142.95,142.95,0,0.008465608466,0.008465608466
2025-11-05,139.3,139.3,0,-0.02553340329,-0.02553340329
2025-11-06,140.7,140.7,0,0.01005025126,0.01005025126
2025-11-07,138.5,138.5,0,-0.01563610519,-0.01563610519
2025-11-10,140.25,140.25,0,0.01263537906,0.01263537906
2025-11-11,141.15,141.15,0,0.006417112299,0.006417112299
2025-11-12,141.55,141.55,0,0.002833864683,0.002833864683
2025-11-13,141.35,141.35,0,-0.001412928294,-0.001412928294
2025-11-14,138.85,138.85,0,-0.01768659356,-0.01768659356
2025-11-17,139.7,139.7,0,0.00612171408,0.00612171408
2025-11-18,136.35,136.35,0,-0.02397995705,-0.02397995705
2025-11-19,134.6,134.6,0,-0.0128346168,-0.0128346168
2025-11-20,138.9,138.9,0,0.03194650817,0.03194650817
2025-11-21,134,134,0,-0.03527717783,-0.03527717783
2025-11-24,134.85,134.85,0,0.006343283582,0.006343283582
2025-11-25,136.1,136.1,0,0.009269558769,0.009269558769
2025-11-26,137.6,137.6,0,0.01102130786,0.01102130786
2025-11-27,139.55,139.55,0,0.01417151163,0.01417151163
2025-11-28,140.8,140.8,0,0.008957362952,0.008957362952
2025-12-01,139.35,139.35,0,-0.01029829545,-0.01029829545
2025-12-02,140.25,140.25,0,0.006458557589,0.006458557589
2025-12-03,141.25,141.25,0,0.007130124777,0.007130124777
2025-12-04,140.5,140.5,0,-0.005309734513,-0.005309734513
2025-12-05,141.6,141.6,0,0.007829181495,0.007829181495
2025-12-08,143.3,143.3,0,0.01200564972,0.01200564972
2025-12-09,143.15,143.15,0,-0.001046755059,-0.001046755059
2025-12-10,143.95,143.95,0,0.005588543486,0.005588543486
2025-12-11,142,142,0,-0.01354637027,-0.01354637027
2025-12-12,142.65,142.65,0,0.004577464789,0.004577464789
2025-12-15,141.45,141.45,0,-0.008412197687,-0.008412197687
2025-12-16,139.7,139.7,0,-0.01237186285,-0.01237186285
2025-12-17,139.7,139.7,0,0,0
2025-12-18,139.3,139.3,0,-0.002863278454,-0.002863278454
2025-12-19,140.95,140.95,0,0.01184493898,0.01184493898
2025-12-22,142.9,142.9,0,0.01383469315,0.01383469315
2025-12-23,143.75,143.75,0,0.005948215535,0.005948215535
2025-12-24,143.85,143.85,0,0.0006956521739,0.0006956521739
2025-12-26,144.75,144.75,0,0.006256517205,0.006256517205
2025-12-29,146.15,146.15,0,0.009671848014,0.009671848014
2025-12-30,146.15,146.15,0,0,0
2025-12-31,146.75,146.75,0,0.004105371194,0.004105371194
2026-01-02,148.75,148.75,0,0.0136286201,0.0136286201
2026-01-05,152.9,152.9,0,0.02789915966,0.02789915966
2026-01-06,154.1,154.1,0,0.007848266841,0.007848266841
2026-01-07,154.65,154.65,0,0.003569110967,0.003569110967
2026-01-08,154.95,154.95,0,0.00193986421,0.00193986421
2026-01-09,154.5,154.5,0,-0.002904162633,-0.002904162633
2026-01-12,155.35,155.35,0,0.005501618123,0.005501618123
2026-01-13,155.65,155.65,0,0.00193112327,0.00193112327
2026-01-14,156.25,156.25,0,0.003854802441,0.003854802441
2026-01-15,156.55,156.55,0,0.00192,0.00192
2026-01-16,160.15,160.15,0,0.02299584797,0.02299584797
2026-01-19,161.45,161.45,0,0.008117389947,0.008117389947
2026-01-20,161.15,161.15,0,-0.001858160421,-0.001858160421
2026-01-21,159.3,159.3,0,-0.01147998759,-0.01147998759
2026-01-22,161.95,161.95,0,0.01663527935,0.01663527935
2026-01-23,163.35,163.35,0,0.008644643408,0.008644643408
2026-01-26,163.8,163.8,0,0.002754820937,0.002754820937
2026-01-27,165.05,165.05,0,0.007631257631,0.007631257631
2026-01-28,166.6,166.6,0,0.009391093608,0.009391093608
2026-01-29,166.25,166.25,0,-0.002100840336,-0.002100840336
2026-01-30,164.3,164.3,0,-0.01172932331,-0.01172932331
2026-02-02,159.9,159.9,0,-0.02678027998,-0.02678027998
2026-02-03,163.4,163.4,0,0.02188868043,0.02188868043
2026-02-04,164.4,164.4,0,0.00611995104,0.00611995104
2026-02-05,161.8,161.8,0,-0.01581508516,-0.01581508516
2026-02-06,161.75,161.75,0,-0.0003090234858,-0.0003090234858
2026-02-09,166.15,166.15,0,0.02720247295,0.02720247295
2026-02-10,168,168,0,0.011134517,0.011134517
2026-02-11,171,171,0,0.01785714286,0.01785714286
2026-02-23,173.45,173.45,0,0.01432748538,0.01432748538
2026-02-24,177.7,177.7,0,0.02450273854,0.02450273854
2026-02-25,180.7,180.7,0,0.01688238604,0.01688238604
2026-02-26,181.65,181.65,0,0.005257332595,0.005257332595
2026-03-02,180.45,180.45,0,-0.006606110652,-0.006606110652
2026-03-03,175.5,175.5,0,-0.02743142145,-0.02743142145
2026-03-04,168,168,0,-0.04273504274,-0.04273504274
2026-03-05,172.25,172.25,0,0.02529761905,0.02529761905
2026-03-06,171.5,171.5,0,-0.00435413643,-0.00435413643
2026-03-09,163.4,163.4,0,-0.0472303207,-0.0472303207
2026-03-10,167.4,167.4,0,0.02447980416,0.02447980416
2026-03-11,174.6,174.6,0,0.04301075269,0.04301075269
2026-03-12,172,172,0,-0.01489117984,-0.01489117984
2026-03-13,170.6,170.6,0,-0.008139534884,-0.008139534884
2026-03-16,171.6,171.6,0,0.005861664713,0.005861664713
2026-03-17,173.15,173.15,0,0.009032634033,0.009032634033
2026-03-18,175.65,175.65,0,0.01443834825,0.01443834825
2026-03-19,172.25,172.25,0,-0.01935667521,-0.01935667521
2026-03-20,171.05,171.05,0,-0.006966618287,-0.006966618287
2026-03-23,166.9,166.9,0,-0.02426191172,-0.02426191172
2026-03-24,167.7,167.7,0,0.004793289395,0.004793289395
2026-03-25,171.2,171.2,0,0.02087060227,0.02087060227
2026-03-26,171.35,171.35,0,0.0008761682243,0.0008761682243
2026-03-27,168.2,168.2,0,-0.01838342574,-0.01838342574
2026-03-30,167,167,0,-0.007134363853,-0.007134363853
2026-03-31,162.7,162.7,0,-0.02574850299,-0.02574850299
2026-04-01,168.45,168.45,0,0.03534111862,0.03534111862
2026-04-02,166.05,166.05,0,-0.0142475512,-0.0142475512
2026-04-07,168.2,168.2,0,0.01294790726,0.01294790726
2026-04-08,175.7,175.7,0,0.04458977408,0.04458977408
2026-04-09,176.05,176.05,0,0.001992031873,0.001992031873
2026-04-10,178.3,178.3,0,0.0127804601,0.0127804601
2026-04-13,178.9,178.9,0,0.003365114975,0.003365114975
2026-04-14,182.75,182.75,0,0.02152040246,0.02152040246
2026-04-15,184.1,184.1,0,0.007387140903,0.007387140903
2026-04-16,186.6,186.6,0,0.01357957632,0.01357957632
2026-04-17,187,187,0,0.002143622722,0.002143622722
2026-04-20,187.95,187.95,0,0.005080213904,0.005080213904
2026-04-21,190.75,190.75,0,0.01489757914,0.01489757914
2026-04-22,191.95,191.95,0,0.00629095675,0.00629095675
2026-04-23,189.15,189.15,0,-0.01458713207,-0.01458713207
2026-04-24,193.4,193.4,0,0.02246893999,0.02246893999
2026-04-27,197.75,197.75,0,0.02249224405,0.02249224405
2026-04-28,197.55,197.55,0,-0.001011378003,-0.001011378003
2026-04-29,196.35,196.35,0,-0.006074411541,-0.006074411541
2026-04-30,196.5,196.5,0,0.0007639419404,0.0007639419404
2026-05-04,202.2,202.2,0,0.02900763359,0.02900763359
2026-05-05,202.85,202.85,0,0.003214638971,0.003214638971
2026-05-06,204.6,204.6,0,0.008627064333,0.008627064333
2026-05-07,208.5,208.5,0,0.01906158358,0.01906158358
2026-05-08,207.25,207.25,0,-0.005995203837,-0.005995203837
2026-05-11,209.5,209.5,0,0.01085645356,0.01085645356
2026-05-12,210.35,210.35,0,0.004057279236,0.004057279236
2026-05-13,206.1,206.1,0,-0.0202044212,-0.0202044212
2026-05-14,208.4,208.4,0,0.01115963125,0.01115963125
2026-05-15,205.15,205.15,0,-0.0155950096,-0.0155950096
2026-05-18,203.8,203.8,0,-0.006580550816,-0.006580550816
2026-05-19,201,201,0,-0.01373895976,-0.01373895976
2026-05-20,200.5,200.5,0,-0.002487562189,-0.002487562189
2026-05-21,207.5,207.5,0,0.0349127182,0.0349127182
2026-05-22,211.65,211.65,0,0.02,0.02
2026-05-25,218,218,0,0.03000236239,0.03000236239
2026-05-26,218.6,218.6,0,0.002752293578,0.002752293578
2026-05-27,221.35,221.35,0,0.01258005489,0.01258005489
2026-05-28,216.65,216.65,0,-0.02123334086,-0.02123334086
2026-05-29,224.45,224.45,0,0.03600276944,0.03600276944
2026-06-01,228.3,228.3,0,0.01715304077,0.01715304077
2026-06-02,227.2,227.2,0,-0.004818221638,-0.004818221638
2026-06-03,232.9,232.9,0,0.02508802817,0.02508802817
2026-06-04,230.65,230.65,0,-0.009660798626,-0.009660798626
2026-06-05,225.5,225.5,0,-0.0223282029,-0.0223282029
2026-06-08,216.7,216.7,0,-0.03902439024,-0.03902439024
2026-06-09,223.65,223.65,0,0.03207198892,0.03207198892
2026-06-10,219.3,219.3,0,-0.01945003353,-0.01945003353
2026-06-11,216,216,0,-0.01504787962,-0.01504787962
2026-06-12,221.95,221.95,0,0.0275462963,0.0275462963
2026-06-15,227,227,0,0.02275287227,0.02275287227
2026-06-16,227.75,227.75,0,0.003303964758,0.003303964758
2026-06-17,228.8,228.8,0,0.004610318332,0.004610318332
2026-06-18,231.8,231.8,0,0.01311188811,0.01311188811
2026-06-22,239.3,239.3,0,0.03235547886,0.03235547886
2026-06-23,235.85,235.85,0,-0.01441704973,-0.01441704973
2026-06-24,230.25,230.25,0,-0.02374390502,-0.02374390502
2026-06-25,232.9,232.9,0,0.0115092291,0.0115092291
2026-06-26,222.2,222.2,0,-0.04594246458,-0.04594246458
2026-06-29,224.95,224.95,0,0.01237623762,0.01237623762
2026-06-30,233.45,233.45,0,0.03778617471,0.03778617471
2026-07-01,235.65,235.65,0,0.009423859499,0.009423859499
2026-07-02,232.2,232.2,0,-0.01464035646,-0.01464035646
2026-07-03,236.25,236.25,0,0.01744186047,0.01744186047
2026-07-06,234.8,234.8,0,-0.006137566138,-0.006137566138
2026-07-07,229.4,229.4,0,-0.02299829642,-0.02299829642
2026-07-08,227.95,227.95,0,-0.006320836966,-0.006320836966
2026-07-09,229,229,0,0.004606273306,0.004606273306
2026-07-13,228,228,0,-0.004366812227,-0.004366812227
2026-07-14,221.9,221.9,0,-0.02675438596,-0.02675438596
2026-07-15,229.85,229.85,0,0.03582694908,0.03582694908
2026-07-16,229.05,229.05,0,-0.003480530781,-0.003480530781
2026-07-17,214.9,214.9,0,-0.06177690461,-0.06177690461
2026-07-20,214.7,214.7,0,-0.0009306654258,-0.0009306654258
2026-07-21,219.2,219.2,0,0.02095947834,0.02095947834
2026-07-22,224.35,224.35,0,0.02349452555,0.02349452555
2026-07-23,221.85,221.85,0,-0.01114330287,-0.01114330287
2026-07-24,218.8,218.8,0,-0.01374802795,-0.01374802795
2026-07-27,216.15,216.15,0,-0.01211151737,-0.01211151737
2026-07-28,209.9,209.9,0,-0.02891510525,-0.02891510525
2026-07-29,198.65,198.65,0,-0.05359695093,-0.05359695093
2026-07-30,201.7,201.7,0,0.01535363705,0.01535363705
2026-07-31,215.35,215.35,0,0.0676747645,0.0676747645
2026-08-03,215.5,215.5,0,0.0006965405154,0.0006965405154
2026-08-04,216,216,0,0.002320185615,0.002320185615
2026-08-05,222.25,222.25,0,0.02893518519,0.02893518519
2026-08-06,221.75,221.75,0,-0.002249718785,-0.002249718785
2026-08-07,220.7,220.7,0,-0.004735062007,-0.004735062007
2026-08-10,224.1,224.1,0,0.01540552787,0.01540552787
2026-08-11,225.2,225.2,0,0.004908522981,0.004908522981
2026-08-12,226.15,226.15,0,0.004218472469,0.004218472469
2026-08-13,228.2,228.2,0,0.009064780013,0.009064780013
2026-08-14,229.7,229.7,0,0.00657318142,0.00657318142
2026-08-17,230.1,230.1,0,0.001741401828,0.001741401828
2026-08-18,226.75,226.75,0,-0.01455888744,-0.01455888744
2026-08-19,222.65,222.65,0,-0.01808158765,-0.01808158765
2026-08-20,223.2,223.2,0,0.002470244779,0.002470244779
2026-08-21,225,225,0,0.008064516129,0.008064516129
2026-08-24,223.65,223.65,0,-0.006,-0.006
2026-08-25,222.8,222.8,0,-0.003800581265,-0.003800581265
2026-08-26,228.1,228.1,0,0.02378815081,0.02378815081
2026-08-27,229.8,229.8,0,0.007452871548,0.007452871548
2026-08-28,230.7,230.7,0,0.003916449086,0.003916449086
2026-08-31,228.3,228.3,0,-0.01040312094,-0.01040312094
2026-09-01,234,234,0,0.02496714849,0.02496714849
2026-09-02,230.8,230.8,0,-0.01367521368,-0.01367521368
2026-09-03,230.8,230.8,0,0,0
2026-09-04,232.25,232.25,0,0.006282495667,0.006282495667
2026-09-07,236.35,236.35,0,0.01765339074,0.01765339074
2026-09-08,236.25,236.25,0,-0.0004231013328,-0.0004231013328
2026-09-09,235.3,235.3,0,-0.004021164021,-0.004021164021
2026-09-10,234.35,234.35,0,-0.004037399065,-0.004037399065
2026-09-11,232.15,232.15,0,-0.009387668018,-0.009387668018
2026-09-14,230.1,230.1,0,-0.008830497523,-0.008830497523
2026-09-15,228,228,0,-0.009126466754,-0.009126466754
2026-09-16,228.8,228.8,0,0.00350877193,0.00350877193
2026-09-17,232.65,232.65,0,0.01682692308,0.01682692308
2026-09-18,234.85,234.85,0,0.009456264775,0.009456264775
2026-09-21,238.55,238.55,0,0.01575473707,0.01575473707
2026-09-22,239.6,239.6,0,0.004401592957,0.004401592957
2026-09-23,239.55,239.55,0,-0.0002086811352,-0.0002086811352
2026-09-24,238.45,238.45,0,-0.004591943227,-0.004591943227
2026-09-29,237.2,237.2,0,-0.005242189138,-0.005242189138
2026-09-30,240.85,240.85,0,0.01538785835,0.01538785835
2026-10-01,239.3,239.3,0,-0.006435540793,-0.006435540793
2026-10-02,241.5,241.5,0,0.009193480986,0.009193480986
