date,close_raw,close_split_adj,div,total_ret
2011-01-27,14.89,14.89,0,0
2011-01-28,14.88,14.88,0,-0.0006715916723
2011-02-08,14.76,14.76,0,-0.008064516129
2011-02-09,14.61,14.61,0,-0.01016260163
2011-02-10,14.51,14.51,0,-0.006844626968
2011-02-11,14.12,14.12,0,-0.02687801516
2011-02-14,14.24,14.24,0,0.008498583569
2011-02-15,14.48,14.48,0,0.01685393258
2011-02-16,14.54,14.54,0,0.004143646409
2011-02-17,14.4,14.4,0,-0.009628610729
2011-02-18,14.58,14.58,0,0.0125
2011-02-21,14.72,14.72,0,0.009602194787
2011-02-22,14.53,14.53,0,-0.0129076087
2011-02-23,14.1,14.1,0,-0.02959394357
2011-02-24,14.11,14.11,0,0.0007092198582
2011-02-25,14.22,14.22,0,0.00779588944
2011-03-01,14.46,14.46,0,0.01687763713
2011-03-02,14.36,14.36,0,-0.006915629322
2011-03-03,14.57,14.57,0,0.01462395543
2011-03-04,14.46,14.46,0,-0.00754975978
2011-03-07,14.38,14.38,0,-0.005532503458
2011-03-08,14.45,14.45,0,0.004867872045
2011-03-09,14.52,14.52,0,0.004844290657
2011-03-10,14.31,14.31,0,-0.01446280992
2011-03-11,14.11,14.11,0,-0.01397624039
2011-03-14,13.83,13.83,0,-0.01984408221
2011-03-15,13.12,13.12,0,-0.05133767173
2011-03-16,13.37,13.37,0,0.01905487805
2011-03-17,13.23,13.23,0,-0.01047120419
2011-03-18,13.5,13.5,0,0.02040816327
2011-03-21,13.57,13.57,0,0.005185185185
2011-03-22,13.72,13.72,0,0.01105379514
2011-03-23,13.8,13.8,0,0.00583090379
2011-03-24,13.88,13.88,0,0.005797101449
2011-03-25,13.75,13.75,0,-0.009365994236
2011-03-28,13.63,13.63,0,-0.008727272727
2011-03-29,13.58,13.58,0,-0.003668378577
2011-03-30,13.61,13.61,0,0.002209131075
2011-03-31,13.61,13.61,0,0
2011-04-01,13.8,13.8,0,0.01396032329
2011-04-06,13.97,13.97,0,0.01231884058
2011-04-07,14.11,14.11,0,0.01002147459
2011-04-08,14.05,14.05,0,-0.004252303331
2011-04-11,13.97,13.97,0,-0.005693950178
2011-04-12,13.77,13.77,0,-0.01431639227
2011-04-13,13.67,13.67,0,-0.007262164125
2011-04-14,13.75,13.75,0,0.005852231163
2011-04-15,13.72,13.72,0,-0.002181818182
2011-04-18,13.55,13.55,0,-0.01239067055
2011-04-19,13.44,13.44,0,-0.008118081181
2011-04-20,13.55,13.55,0,0.00818452381
2011-04-21,13.61,13.61,0,0.00442804428
2011-04-22,13.68,13.68,0,0.005143277002
2011-04-25,13.74,13.74,0,0.004385964912
2011-04-26,13.75,13.75,0,0.0007278020378
2011-04-27,13.81,13.81,0,0.004363636364
2011-04-28,13.73,13.73,0,-0.005792903693
2011-04-29,13.85,13.85,0,0.008739985433
2011-05-03,13.45,13.45,0,-0.02888086643
2011-05-04,13.5,13.5,0,0.003717472119
2011-05-05,13.56,13.56,0,0.004444444444
2011-05-06,13.56,13.56,0,0
2011-05-09,13.61,13.61,0,0.003687315634
2011-05-10,13.58,13.58,0,-0.002204261572
2011-05-11,13.6,13.6,0,0.00147275405
2011-05-12,13.53,13.53,0,-0.005147058824
2011-05-13,13.64,13.64,0,0.008130081301
2011-05-16,13.56,13.56,0,-0.005865102639
2011-05-17,13.48,13.48,0,-0.005899705015
2011-05-18,13.61,13.61,0,0.009643916914
2011-05-19,13.6,13.6,0,-0.0007347538575
2011-05-20,13.49,13.49,0,-0.008088235294
2011-05-23,13.45,13.45,0,-0.002965159377
2011-05-24,13.42,13.42,0,-0.002230483271
2011-05-25,13.31,13.31,0,-0.008196721311
2011-05-26,13.52,13.52,0,0.01577761082
2011-05-27,13.6,13.6,0,0.005917159763
2011-05-30,13.63,13.63,0,0.002205882353
2011-05-31,13.85,13.85,0,0.01614086574
2011-06-01,14,14,0,0.01083032491
2011-06-02,13.8,13.8,0,-0.01428571429
2011-06-03,13.83,13.83,0,0.002173913043
2011-06-07,13.9,13.9,0,0.005061460593
2011-06-08,14.1,14.1,0,0.01438848921
2011-06-09,14.01,14.01,0,-0.006382978723
2011-06-10,13.71,13.71,0,-0.02141327623
2011-06-13,13.58,13.58,0,-0.009482129832
2011-06-14,13.78,13.78,0,0.0147275405
2011-06-15,13.78,13.78,0,0
2011-06-16,13.68,13.68,0,-0.007256894049
2011-06-17,13.46,13.46,0,-0.01608187135
2011-06-20,13.1,13.1,0,-0.02674591382
2011-06-21,13.05,13.05,0,-0.003816793893
2011-06-22,13.2,13.2,0,0.01149425287
2011-06-23,13.2,13.2,0,0
2011-06-24,13.12,13.12,0,-0.006060606061
2011-06-27,13.19,13.19,0,0.005335365854
2011-06-28,13.31,13.31,0,0.009097801365
2011-06-29,13.32,13.32,0,0.0007513148009
2011-06-30,13.43,13.43,0,0.008258258258
2011-07-01,13.7,13.7,0,0.02010424423
2011-07-04,13.72,13.72,0,0.001459854015
2011-07-05,13.7,13.7,0,-0.001457725948
2011-07-06,13.78,13.78,0,0.005839416058
2011-07-07,13.76,13.76,0,-0.00145137881
2011-07-08,13.7,13.7,0,-0.004360465116
2011-07-11,13.51,13.51,0,-0.01386861314
2011-07-12,13.2,13.2,0,-0.02294596595
2011-07-13,13.1,13.1,0,-0.007575757576
2011-07-14,12.98,12.98,0,-0.009160305344
2011-07-15,13.07,13.07,0,0.006933744222
2011-07-18,13.05,13.05,0,-0.001530221882
2011-07-19,13.07,13.07,0,0.00153256705
2011-07-20,13.4,13.4,0,0.02524866106
2011-07-21,13.51,13.51,0,0.008208955224
2011-07-22,13.5,13.5,0,-0.00074019245
2011-07-25,13.4,13.4,0,-0.007407407407
2011-07-26,13.48,13.48,0,0.005970149254
2011-07-27,13.7,13.7,0,0.01632047478
2011-07-28,13.69,13.69,0,-0.0007299270073
2011-07-29,13.58,13.58,0,-0.008035062089
2011-08-01,13.59,13.59,0,0.000736377025
2011-08-02,13.52,13.52,0,-0.00515084621
2011-08-03,13.36,13.36,0,-0.01183431953
2011-08-04,13.2,13.2,0,-0.0119760479
2011-08-05,12.28,12.28,0,-0.0696969697
2011-08-08,11.72,11.72,0,-0.04560260586
2011-08-09,11.55,11.55,0,-0.01450511945
2011-08-10,11.92,11.92,0,0.03203463203
2011-08-11,12.02,12.02,0,0.008389261745
2011-08-12,12.15,12.15,0,0.01081530782
2011-08-15,12.16,12.16,0,0.0008230452675
2011-08-16,12.24,12.24,0,0.006578947368
2011-08-17,12.15,12.15,0,-0.007352941176
2011-08-18,11.91,11.91,0,-0.01975308642
2011-08-19,11.19,11.19,0,-0.0604534005
2011-08-22,10.96,10.96,0,-0.02055406613
2011-08-23,11.29,11.29,0,0.03010948905
2011-08-24,11.23,11.23,0,-0.005314437555
2011-08-25,11.1,11.1,0,-0.01157613535
2011-08-26,10.95,10.95,0,-0.01351351351
2011-08-29,11.1,11.1,0,0.01369863014
2011-08-30,11.3,11.3,0,0.01801801802
2011-08-31,11.43,11.43,0,0.01150442478
2011-09-01,11.61,11.61,0,0.0157480315
2011-09-02,11.57,11.57,0,-0.003445305771
2011-09-05,11.3,11.3,0,-0.02333621435
2011-09-06,11,11,0,-0.02654867257
2011-09-07,11.34,11.34,0,0.03090909091
2011-09-08,11.4,11.4,0,0.005291005291
2011-09-09,11.45,11.45,0,0.004385964912
2011-09-13,11,11,0,-0.03930131004
2011-09-14,11,11,0,0
2011-09-15,11.1,11.1,0,0.009090909091
2011-09-16,11.3,11.3,0,0.01801801802
2011-09-19,11.05,11.05,0,-0.02212389381
2011-09-20,11.15,11.15,0,0.009049773756
2011-09-21,11.34,11.34,0,0.01704035874
2011-09-22,11.1,11.1,0,-0.02116402116
2011-09-23,10.61,10.61,0,-0.04414414414
2011-09-26,10.1,10.1,0,-0.04806786051
2011-09-27,10.3,10.3,0,0.0198019802
2011-09-28,10.32,10.32,0,0.001941747573
2011-09-29,10.5,10.5,0,0.01744186047
2011-09-30,10.5,10.5,0,0
2011-10-03,9.93,9.93,0,-0.05428571429
2011-10-04,10.17,10.17,0,0.02416918429
2011-10-05,10.26,10.26,0,0.008849557522
2011-10-06,10.31,10.31,0,0.004873294347
2011-10-07,10.35,10.35,0,0.003879728419
2011-10-11,10.58,10.58,0,0.02222222222
2011-10-12,10.67,10.67,0,0.008506616257
2011-10-13,10.75,10.75,0,0.007497656982
2011-10-14,10.84,10.84,0,0.008372093023
2011-10-17,10.7,10.7,0,-0.01291512915
2011-10-18,10.85,10.85,0,0.01401869159
2011-10-19,10.85,10.85,0,0
2011-10-20,10.74,10.74,0,-0.01013824885
2011-10-21,10.82,10.82,0,0.007448789572
2011-10-24,10.99,10.99,0,0.0157116451
2011-10-25,11,11,0,0.0009099181074
2011-10-26,11,11,0,0
2011-10-27,11,11,0,0
2011-10-28,11,11,0,0
2011-10-31,10.89,10.89,0,-0.01
2011-11-01,10.84,10.84,0,-0.004591368228
2011-11-02,10.8,10.8,0,-0.0036900369
2011-11-03,10.82,10.82,0,0.001851851852
2011-11-04,11.1,11.1,0,0.0258780037
2011-11-07,11.3,11.3,0,0.01801801802
2011-11-08,11.35,11.35,0,0.004424778761
2011-11-09,11.1,11.1,0,-0.02202643172
2011-11-10,10.81,10.81,0,-0.02612612613
2011-11-11,10.8,10.8,0,-0.0009250693802
2011-11-14,10.9,10.9,0,0.009259259259
2011-11-15,10.9,10.9,0,0
2011-11-16,10.78,10.78,0,-0.01100917431
2011-11-17,10.68,10.68,0,-0.009276437848
2011-11-18,10.54,10.54,0,-0.01310861423
2011-11-21,10.58,10.58,0,0.003795066414
2011-11-22,9.84,9.84,0,-0.06994328922
2011-11-23,9.45,9.45,0.25,-0.01422764228
2011-11-24,9.25,9.25,0,-0.02116402116
2011-11-25,9.16,9.16,0,-0.00972972973
2011-11-28,9.23,9.23,0,0.007641921397
2011-11-29,9.47,9.47,0,0.02600216685
2011-11-30,9.45,9.45,0,-0.002111932418
2011-12-01,9.9,9.9,0,0.04761904762
2011-12-02,9.78,9.78,0,-0.01212121212
2011-12-05,9.65,9.65,0,-0.01329243354
2011-12-06,9.43,9.43,0,-0.02279792746
2011-12-07,9.45,9.45,0,0.002120890774
2011-12-08,9.24,9.24,0,-0.02222222222
2011-12-09,9.19,9.19,0,-0.005411255411
2011-12-12,9,9,0,-0.02067464635
2011-12-13,8.99,8.99,0,-0.001111111111
2011-12-14,9.11,9.11,0,0.01334816463
2011-12-15,8.95,8.95,0,-0.01756311745
2011-12-16,8.9,8.9,0,-0.005586592179
2011-12-19,8.65,8.65,0,-0.02808988764
2011-12-20,8.62,8.62,0,-0.003468208092
2011-12-21,9.05,9.05,0,0.04988399072
2011-12-22,9.13,9.13,0,0.008839779006
2011-12-23,9.55,9.55,0,0.04600219058
2011-12-26,9.5,9.5,0,-0.005235602094
2011-12-27,9.51,9.51,0,0.001052631579
2011-12-28,9.45,9.45,0,-0.006309148265
2011-12-29,9.44,9.44,0,-0.001058201058
2011-12-30,9.38,9.38,0,-0.006355932203
2012-01-02,9.31,9.31,0,-0.007462686567
2012-01-03,9.39,9.39,0,0.008592910849
2012-01-04,9.55,9.55,0,0.01703940362
2012-01-05,9.48,9.48,0,-0.007329842932
2012-01-06,9.52,9.52,0,0.004219409283
2012-01-09,9.34,9.34,0,-0.01890756303
2012-01-10,9.4,9.4,0,0.006423982869
2012-01-11,9.45,9.45,0,0.005319148936
2012-01-12,9.46,9.46,0,0.001058201058
2012-01-13,9.47,9.47,0,0.001057082452
2012-01-16,9.54,9.54,0,0.007391763464
2012-01-17,9.91,9.91,0,0.03878406709
2012-01-18,10.12,10.12,0,0.02119071645
2012-01-30,10.45,10.45,0,0.03260869565
2012-01-31,10.68,10.68,0,0.02200956938
2012-02-01,10.9,10.9,0,0.02059925094
2012-02-02,11.25,11.25,0,0.03211009174
2012-02-03,11.42,11.42,0,0.01511111111
2012-02-04,11.6,11.6,0,0.01576182137
2012-02-06,11.4,11.4,0,-0.01724137931
2012-02-07,11.42,11.42,0,0.001754385965
2012-02-08,11.71,11.71,0,0.02539404553
2012-02-09,11.88,11.88,0,0.0145175064
2012-02-10,11.85,11.85,0,-0.002525252525
2012-02-13,11.94,11.94,0,0.007594936709
2012-02-14,11.75,11.75,0,-0.01591289782
2012-02-15,11.81,11.81,0,0.005106382979
2012-02-16,11.51,11.51,0,-0.02540220152
2012-02-17,11.47,11.47,0,-0.003475238923
2012-02-20,11.7,11.7,0,0.02005231037
2012-02-21,11.8,11.8,0,0.008547008547
2012-02-22,11.98,11.98,0,0.01525423729
2012-02-23,11.9,11.9,0,-0.006677796327
2012-02-24,11.72,11.72,0,-0.01512605042
2012-02-29,11.85,11.85,0,0.01109215017
2012-03-01,11.81,11.81,0,-0.003375527426
2012-03-02,12.02,12.02,0,0.01778154107
2012-03-03,12.05,12.05,0,0.002495840266
2012-03-05,11.86,11.86,0,-0.01576763485
2012-03-06,11.51,11.51,0,-0.02951096121
2012-03-07,11.55,11.55,0,0.003475238923
2012-03-08,11.6,11.6,0,0.004329004329
2012-03-09,11.86,11.86,0,0.0224137931
2012-03-12,11.72,11.72,0,-0.01180438449
2012-03-13,11.76,11.76,0,0.003412969283
2012-03-14,11.78,11.78,0,0.001700680272
2012-03-15,11.79,11.79,0,0.0008488964346
2012-03-16,11.87,11.87,0,0.006785411366
2012-03-19,11.69,11.69,0,-0.0151642797
2012-03-20,11.67,11.67,0,-0.001710863986
2012-03-21,11.56,11.56,0,-0.00942587832
2012-03-22,11.62,11.62,0,0.005190311419
2012-03-23,11.63,11.63,0,0.0008605851979
2012-03-26,11.66,11.66,0,0.002579535684
2012-03-27,11.63,11.63,0,-0.002572898799
2012-03-28,11.61,11.61,0,-0.001719690456
2012-03-29,11.2,11.2,0,-0.03531438415
2012-03-30,11.18,11.18,0,-0.001785714286
2012-04-02,11.05,11.05,0,-0.01162790698
2012-04-03,10.75,10.75,0,-0.02714932127
2012-04-05,10.61,10.61,0,-0.01302325581
2012-04-06,11,11,0,0.03675777568
2012-04-09,10.9,10.9,0,-0.009090909091
2012-04-10,11,11,0,0.009174311927
2012-04-11,11.07,11.07,0,0.006363636364
2012-04-12,11.15,11.15,0,0.007226738934
2012-04-13,11.42,11.42,0,0.02421524664
2012-04-16,11.32,11.32,0,-0.008756567426
2012-04-17,11.2,11.2,0,-0.01060070671
2012-04-18,10.9,10.9,0,-0.02678571429
2012-04-19,10.91,10.91,0,0.0009174311927
2012-04-20,10.85,10.85,0,-0.005499541705
2012-04-23,10.67,10.67,0,-0.01658986175
2012-04-24,10.61,10.61,0,-0.005623242737
2012-04-25,10.8,10.8,0,0.01790763431
2012-04-26,10.86,10.86,0,0.005555555556
2012-04-27,10.61,10.61,0,-0.02302025783
2012-04-30,10.65,10.65,0,0.003770028275
2012-05-02,11.08,11.08,0,0.04037558685
2012-05-03,11.09,11.09,0,0.0009025270758
2012-05-04,11.06,11.06,0,-0.002705139766
2012-05-07,10.85,10.85,0,-0.01898734177
2012-05-08,10.95,10.95,0,0.009216589862
2012-05-09,10.86,10.86,0,-0.008219178082
2012-05-10,10.82,10.82,0,-0.003683241252
2012-05-11,10.92,10.92,0,0.009242144177
2012-05-14,10.8,10.8,0,-0.01098901099
2012-05-15,10.75,10.75,0,-0.00462962963
2012-05-16,10.6,10.6,0,-0.01395348837
2012-05-17,10.88,10.88,0,0.02641509434
2012-05-18,10.5,10.5,0,-0.03492647059
2012-05-21,10.46,10.46,0,-0.00380952381
2012-05-22,10.54,10.54,0,0.007648183556
2012-05-23,10.46,10.46,0,-0.007590132827
2012-05-24,10.34,10.34,0,-0.01147227533
2012-05-25,10.03,10.03,0,-0.02998065764
2012-05-28,10.11,10.11,0,0.007976071785
2012-05-29,10.6,10.6,0,0.04846686449
2012-05-30,10.53,10.53,0,-0.006603773585
2012-05-31,10.44,10.44,0,-0.008547008547
2012-06-01,10.44,10.44,0,0
2012-06-04,10,10,0,-0.04214559387
2012-06-05,10.15,10.15,0,0.015
2012-06-06,10.24,10.24,0,0.008866995074
2012-06-07,10.24,10.24,0,0
2012-06-08,10.07,10.07,0,-0.0166015625
2012-06-11,10.21,10.21,0,0.01390268123
2012-06-12,10.24,10.24,0,0.002938295788
2012-06-13,10.4,10.4,0,0.015625
2012-06-14,10.35,10.35,0,-0.004807692308
2012-06-15,10.43,10.43,0,0.007729468599
2012-06-18,10.65,10.65,0,0.02109300096
2012-06-19,10.83,10.83,0,0.01690140845
2012-06-20,10.65,10.65,0,-0.01662049861
2012-06-21,10.68,10.68,0,0.002816901408
2012-06-22,10.6,10.6,0,-0.007490636704
2012-06-25,10.6,10.6,0,0
2012-06-26,10.6,10.6,0,0
2012-06-27,10.55,10.55,0,-0.004716981132
2012-06-28,10.45,10.45,0,-0.009478672986
2012-06-29,10.58,10.58,0,0.01244019139
2012-07-02,10.62,10.62,0,0.003780718336
2012-07-03,10.75,10.75,0,0.01224105461
2012-07-04,10.9,10.9,0,0.01395348837
2012-07-05,10.91,10.91,0,0.0009174311927
2012-07-06,10.8,10.8,0,-0.01008249313
2012-07-09,10.69,10.69,0,-0.01018518519
2012-07-10,10.56,10.56,0,-0.01216089804
2012-07-11,10.51,10.51,0,-0.004734848485
2012-07-12,10.28,10.28,0,-0.02188392008
2012-07-13,10.34,10.34,0,0.005836575875
2012-07-16,10.25,10.25,0,-0.008704061896
2012-07-17,10.27,10.27,0,0.001951219512
2012-07-18,10.2,10.2,0,-0.006815968841
2012-07-19,10.25,10.25,0,0.004901960784
2012-07-20,10.34,10.34,0,0.008780487805
2012-07-23,10.07,10.07,0,-0.02611218569
2012-07-24,10.09,10.09,0,0.001986097319
2012-07-25,10.1,10.1,0,0.0009910802775
2012-07-26,10.02,10.02,0,-0.007920792079
2012-07-27,10.24,10.24,0,0.02195608782
2012-07-30,10.19,10.19,0,-0.0048828125
2012-07-31,10.29,10.29,0,0.009813542689
2012-08-01,10.49,10.49,0,0.01943634597
2012-08-03,10.38,10.38,0,-0.01048617731
2012-08-06,10.42,10.42,0,0.003853564547
2012-08-07,10.42,10.42,0,0
2012-08-08,10.47,10.47,0,0.004798464491
2012-08-09,10.66,10.66,0,0.01814708691
2012-08-10,10.75,10.75,0,0.008442776735
2012-08-13,10.8,10.8,0,0.004651162791
2012-08-14,10.8,10.8,0,0
2012-08-15,10.76,10.76,0,-0.003703703704
2012-08-16,10.84,10.84,0,0.007434944238
2012-08-17,10.87,10.87,0,0.002767527675
2012-08-20,10.87,10.87,0,0
2012-08-21,10.9,10.9,0,0.002759889604
2012-08-22,10.87,10.87,0,-0.002752293578
2012-08-23,10.84,10.84,0,-0.002759889604
2012-08-24,10.89,10.89,0,0.004612546125
2012-08-27,10.83,10.83,0,-0.005509641873
2012-08-28,10.7,10.7,0,-0.01200369344
2012-08-29,10.71,10.71,0,0.0009345794393
2012-08-30,10.68,10.68,0,-0.002801120448
2012-08-31,10.75,10.75,0,0.006554307116
2012-09-03,10.85,10.85,0,0.009302325581
2012-09-04,10.8,10.8,0,-0.004608294931
2012-09-05,10.77,10.77,0,-0.002777777778
2012-09-06,10.71,10.71,0,-0.005571030641
2012-09-07,10.83,10.83,0,0.01120448179
2012-09-10,10.85,10.85,0,0.001846722068
2012-09-11,10.83,10.83,0,-0.001843317972
2012-09-12,10.93,10.93,0,0.009233610342
2012-09-13,10.98,10.98,0,0.004574565416
2012-09-14,11.1,11.1,0,0.01092896175
2012-09-17,11.08,11.08,0,-0.001801801802
2012-09-18,11.18,11.18,0,0.009025270758
2012-09-19,11.15,11.15,0,-0.002683363148
2012-09-20,11.16,11.16,0,0.0008968609865
2012-09-21,11.2,11.2,0,0.003584229391
2012-09-24,11.2,11.2,0,0
2012-09-25,11.18,11.18,0,-0.001785714286
2012-09-26,11.02,11.02,0,-0.01431127013
2012-09-27,11.08,11.08,0,0.005444646098
2012-09-28,11.1,11.1,0,0.001805054152
2012-10-01,11.04,11.04,0,-0.005405405405
2012-10-02,11.11,11.11,0,0.00634057971
2012-10-03,11.06,11.06,0,-0.004500450045
2012-10-04,11.06,11.06,0,0
2012-10-05,11.05,11.05,0,-0.000904159132
2012-10-08,10.98,10.98,0,-0.006334841629
2012-10-09,10.9,10.9,0,-0.007285974499
2012-10-11,10.81,10.81,0,-0.008256880734
2012-10-12,10.76,10.76,0,-0.004625346901
2012-10-15,10.6,10.6,0,-0.01486988848
2012-10-16,10.7,10.7,0,0.009433962264
2012-10-17,10.84,10.84,0,0.01308411215
2012-10-18,10.75,10.75,0,-0.008302583026
2012-10-19,10.65,10.65,0,-0.009302325581
2012-10-22,10.58,10.58,0,-0.006572769953
2012-10-23,10.61,10.61,0,0.002835538752
2012-10-24,10.58,10.58,0,-0.002827521206
2012-10-25,10.43,10.43,0,-0.01417769376
2012-10-26,10.12,10.12,0,-0.0297219559
2012-10-29,9.88,9.88,0,-0.02371541502
2012-10-30,9.98,9.98,0,0.01012145749
2012-10-31,9.89,9.89,0,-0.009018036072
2012-11-01,9.87,9.87,0,-0.002022244692
2012-11-02,9.92,9.92,0,0.00506585613
2012-11-05,9.76,9.76,0,-0.01612903226
2012-11-06,9.83,9.83,0,0.007172131148
2012-11-07,10,10,0,0.01729399797
2012-11-08,9.93,9.93,0,-0.007
2012-11-09,10.1,10.1,0,0.01711983887
2012-11-12,10.05,10.05,0,-0.00495049505
2012-11-13,9.83,9.83,0,-0.02189054726
2012-11-14,9.8,9.8,0,-0.003051881994
2012-11-15,9.86,9.86,0,0.00612244898
2012-11-16,9.85,9.85,0,-0.001014198783
2012-11-19,9.64,9.64,0,-0.02131979695
2012-11-20,9.62,9.62,0,-0.002074688797
2012-11-21,9.57,9.57,0,-0.005197505198
2012-11-22,9.33,9.33,0.25,0.001044932079
2012-11-23,9.57,9.57,0,0.02572347267
2012-11-26,9.72,9.72,0,0.01567398119
2012-11-27,9.83,9.83,0,0.01131687243
2012-11-28,9.83,9.83,0,0
2012-11-29,9.9,9.9,0,0.007121057986
2012-11-30,10,10,0,0.0101010101
2012-12-03,10.03,10.03,0,0.003
2012-12-04,10.16,10.16,0,0.01296111665
2012-12-05,10.18,10.18,0,0.001968503937
2012-12-06,10.15,10.15,0,-0.002946954813
2012-12-07,10.18,10.18,0,0.002955665025
2012-12-10,10.14,10.14,0,-0.003929273084
2012-12-11,10,10,0,-0.01380670611
2012-12-12,10.1,10.1,0,0.01
2012-12-13,10.16,10.16,0,0.005940594059
2012-12-14,10.14,10.14,0,-0.001968503937
2012-12-17,10.01,10.01,0,-0.01282051282
2012-12-18,10,10,0,-0.000999000999
2012-12-19,10.08,10.08,0,0.008
2012-12-20,10,10,0,-0.007936507937
2012-12-21,9.9,9.9,0,-0.01
2012-12-22,9.96,9.96,0,0.006060606061
2012-12-24,9.98,9.98,0,0.002008032129
2012-12-25,10.06,10.06,0,0.008016032064
2012-12-26,10.09,10.09,0,0.002982107356
2012-12-27,10.11,10.11,0,0.001982160555
2012-12-28,10.11,10.11,0,0
2013-01-02,10.24,10.24,0,0.01285855589
2013-01-03,10.28,10.28,0,0.00390625
2013-01-04,10.28,10.28,0,0
2013-01-07,10.3,10.3,0,0.001945525292
2013-01-08,10.29,10.29,0,-0.0009708737864
2013-01-09,10.41,10.41,0,0.01166180758
2013-01-10,10.43,10.43,0,0.001921229587
2013-01-11,10.4,10.4,0,-0.002876318313
2013-01-14,10.4,10.4,0,0
2013-01-15,10.35,10.35,0,-0.004807692308
2013-01-16,10.27,10.27,0,-0.007729468599
2013-01-17,10.17,10.17,0,-0.009737098345
2013-01-18,10.23,10.23,0,0.005899705015
2013-01-21,10.3,10.3,0,0.006842619746
2013-01-22,10.37,10.37,0,0.006796116505
2013-01-23,10.37,10.37,0,0
2013-01-24,10.35,10.35,0,-0.001928640309
2013-01-25,10.33,10.33,0,-0.00193236715
2013-01-28,10.31,10.31,0,-0.001936108422
2013-01-29,10.41,10.41,0,0.009699321048
2013-01-30,10.48,10.48,0,0.006724303554
2013-01-31,10.47,10.47,0,-0.0009541984733
2013-02-01,10.56,10.56,0,0.008595988539
2013-02-04,10.6,10.6,0,0.003787878788
2013-02-05,10.6,10.6,0,0
2013-02-06,10.58,10.58,0,-0.001886792453
2013-02-18,10.57,10.57,0,-0.0009451795841
2013-02-19,10.62,10.62,0,0.004730368969
2013-02-20,10.8,10.8,0,0.01694915254
2013-02-21,10.78,10.78,0,-0.001851851852
2013-02-22,10.77,10.77,0,-0.0009276437848
2013-02-23,10.78,10.78,0,0.0009285051068
2013-02-25,10.8,10.8,0,0.00185528757
2013-02-26,10.87,10.87,0,0.006481481481
2013-02-27,10.8,10.8,0,-0.00643974241
2013-03-01,10.83,10.83,0,0.002777777778
2013-03-04,10.71,10.71,0,-0.01108033241
2013-03-05,10.88,10.88,0,0.01587301587
2013-03-06,11.05,11.05,0,0.015625
2013-03-07,11.15,11.15,0,0.009049773756
2013-03-08,11.15,11.15,0,0
2013-03-11,11.15,11.15,0,0
2013-03-12,11.12,11.12,0,-0.00269058296
2013-03-13,11.05,11.05,0,-0.006294964029
2013-03-14,11.09,11.09,0,0.003619909502
2013-03-15,11.08,11.08,0,-0.0009017132552
2013-03-18,10.95,10.95,0,-0.01173285199
2013-03-19,10.99,10.99,0,0.003652968037
2013-03-20,11.01,11.01,0,0.001819836215
2013-03-21,10.95,10.95,0,-0.005449591281
2013-03-22,10.94,10.94,0,-0.0009132420091
2013-03-25,11.05,11.05,0,0.01005484461
2013-03-26,11.01,11.01,0,-0.003619909502
2013-03-27,11.08,11.08,0,0.006357856494
2013-03-28,11.05,11.05,0,-0.002707581227
2013-03-29,11.18,11.18,0,0.01176470588
2013-04-01,11.09,11.09,0,-0.008050089445
2013-04-02,11.07,11.07,0,-0.00180342651
2013-04-03,11.14,11.14,0,0.006323396567
2013-04-08,10.9,10.9,0,-0.02154398564
2013-04-09,10.9,10.9,0,0
2013-04-10,10.86,10.86,0,-0.003669724771
2013-04-11,11.02,11.02,0,0.01473296501
2013-04-12,10.96,10.96,0,-0.005444646098
2013-04-15,10.87,10.87,0,-0.008211678832
2013-04-16,10.87,10.87,0,0
2013-04-17,10.96,10.96,0,0.008279668813
2013-04-18,10.96,10.96,0,0
2013-04-19,11.11,11.11,0,0.01368613139
2013-04-22,11.14,11.14,0,0.002700270027
2013-04-23,11.04,11.04,0,-0.008976660682
2013-04-24,11.15,11.15,0,0.009963768116
2013-04-25,11.13,11.13,0,-0.001793721973
2013-04-26,11.2,11.2,0,0.006289308176
2013-04-29,11.13,11.13,0,-0.00625
2013-04-30,11.24,11.24,0,0.009883198562
2013-05-02,11.38,11.38,0,0.01245551601
2013-05-03,11.31,11.31,0,-0.006151142355
2013-05-06,11.23,11.23,0,-0.007073386384
2013-05-07,11.33,11.33,0,0.008904719501
2013-05-08,11.41,11.41,0,0.007060900265
2013-05-09,11.5,11.5,0,0.007887817704
2013-05-10,11.55,11.55,0,0.004347826087
2013-05-13,11.52,11.52,0,-0.002597402597
2013-05-14,11.57,11.57,0,0.004340277778
2013-05-15,11.68,11.68,0,0.009507346586
2013-05-16,11.93,11.93,0,0.02140410959
2013-05-17,12,12,0,0.005867560771
2013-05-20,11.91,11.91,0,-0.0075
2013-05-21,11.94,11.94,0,0.002518891688
2013-05-22,11.97,11.97,0,0.002512562814
2013-05-23,11.75,11.75,0,-0.01837928154
2013-05-24,11.75,11.75,0,0
2013-05-27,11.66,11.66,0,-0.007659574468
2013-05-28,11.99,11.99,0,0.02830188679
2013-05-29,12,12,0,0.000834028357
2013-05-30,11.87,11.87,0,-0.01083333333
2013-05-31,11.84,11.84,0,-0.002527379949
2013-06-03,11.72,11.72,0,-0.01013513514
2013-06-04,11.9,11.9,0,0.01535836177
2013-06-05,11.74,11.74,0,-0.01344537815
2013-06-06,11.67,11.67,0,-0.005962521295
2013-06-07,11.65,11.65,0,-0.001713796058
2013-06-10,11.76,11.76,0,0.009442060086
2013-06-11,11.81,11.81,0,0.00425170068
2013-06-13,11.6,11.6,0,-0.01778154107
2013-06-14,11.5,11.5,0,-0.008620689655
2013-06-17,11.7,11.7,0,0.01739130435
2013-06-18,11.73,11.73,0,0.002564102564
2013-06-19,11.61,11.61,0,-0.01023017903
2013-06-20,11.5,11.5,0,-0.00947459087
2013-06-21,11.21,11.21,0,-0.0252173913
2013-06-24,11.17,11.17,0,-0.00356824264
2013-06-25,11.04,11.04,0,-0.01163831692
2013-06-26,11.08,11.08,0,0.003623188406
2013-06-27,11.24,11.24,0,0.01444043321
2013-06-28,11.27,11.27,0,0.002669039146
2013-07-01,11.57,11.57,0,0.02661934339
2013-07-02,11.6,11.6,0,0.002592912705
2013-07-03,11.42,11.42,0,-0.01551724138
2013-07-04,11.31,11.31,0,-0.009632224168
2013-07-05,11.45,11.45,0,0.01237842617
2013-07-08,11.37,11.37,0,-0.006986899563
2013-07-09,11.45,11.45,0,0.007036059807
2013-07-10,11.44,11.44,0,-0.0008733624454
2013-07-11,11.57,11.57,0,0.01136363636
2013-07-12,11.69,11.69,0,0.01037165082
2013-07-15,11.78,11.78,0,0.007698887938
2013-07-16,11.79,11.79,0,0.0008488964346
2013-07-17,11.66,11.66,0,-0.01102629347
2013-07-18,11.5,11.5,0,-0.01372212693
2013-07-19,11.26,11.26,0,-0.02086956522
2013-07-22,11.28,11.28,0,0.001776198934
2013-07-23,11.74,11.74,0,0.04078014184
2013-07-24,11.57,11.57,0,-0.01448040886
2013-07-25,11.53,11.53,0,-0.00345721694
2013-07-26,11.48,11.48,0,-0.004336513443
2013-07-29,11.42,11.42,0,-0.005226480836
2013-07-30,11.45,11.45,0,0.002626970228
2013-07-31,11.5,11.5,0,0.004366812227
2013-08-01,11.48,11.48,0,-0.001739130435
2013-08-02,11.42,11.42,0,-0.005226480836
2013-08-05,11.45,11.45,0,0.002626970228
2013-08-06,11.52,11.52,0,0.006113537118
2013-08-07,11.48,11.48,0,-0.003472222222
2013-08-08,11.44,11.44,0,-0.003484320557
2013-08-09,11.4,11.4,0,-0.003496503497
2013-08-12,11.35,11.35,0,-0.004385964912
2013-08-13,11.5,11.5,0,0.01321585903
2013-08-14,11.67,11.67,0,0.0147826087
2013-08-15,11.51,11.51,0,-0.01371036847
2013-08-16,11.55,11.55,0,0.003475238923
2013-08-19,11.65,11.65,0,0.008658008658
2013-08-20,11.54,11.54,0,-0.009442060086
2013-08-22,11.43,11.43,0,-0.009532062392
2013-08-23,11.44,11.44,0,0.0008748906387
2013-08-26,11.44,11.44,0,0
2013-08-27,11.34,11.34,0,-0.008741258741
2013-08-28,11.25,11.25,0,-0.007936507937
2013-08-29,11.39,11.39,0,0.01244444444
2013-08-30,11.49,11.49,0,0.008779631255
2013-09-02,11.51,11.51,0,0.001740644038
2013-09-03,11.75,11.75,0,0.02085143354
2013-09-04,11.7,11.7,0,-0.004255319149
2013-09-05,11.91,11.91,0,0.01794871795
2013-09-06,11.86,11.86,0,-0.004198152813
2013-09-09,11.75,11.75,0,-0.009274873524
2013-09-10,11.7,11.7,0,-0.004255319149
2013-09-11,11.7,11.7,0,0
2013-09-12,11.74,11.74,0,0.003418803419
2013-09-13,11.83,11.83,0,0.007666098807
2013-09-14,11.79,11.79,0,-0.00338123415
2013-09-16,11.86,11.86,0,0.005937234945
2013-09-17,11.8,11.8,0,-0.005059021922
2013-09-18,11.95,11.95,0,0.01271186441
2013-09-23,11.91,11.91,0,-0.003347280335
2013-09-24,11.95,11.95,0,0.00335852225
2013-09-25,12,12,0,0.004184100418
2013-09-26,11.88,11.88,0,-0.01
2013-09-27,11.9,11.9,0,0.001683501684
2013-09-30,11.85,11.85,0,-0.004201680672
2013-10-01,11.95,11.95,0,0.008438818565
2013-10-02,12,12,0,0.004184100418
2013-10-03,12.28,12.28,0,0.02333333333
2013-10-04,12.5,12.5,0,0.01791530945
2013-10-07,12.46,12.46,0,-0.0032
2013-10-08,12.43,12.43,0,-0.002407704655
2013-10-09,12.35,12.35,0,-0.006436041834
2013-10-11,12.32,12.32,0,-0.002429149798
2013-10-14,12.32,12.32,0,0
2013-10-15,12.21,12.21,0,-0.008928571429
2013-10-16,12.22,12.22,0,0.000819000819
2013-10-17,12.26,12.26,0,0.003273322422
2013-10-18,12.35,12.35,0,0.007340946166
2013-10-21,12.4,12.4,0,0.004048582996
2013-10-22,12.41,12.41,0,0.0008064516129
2013-10-23,12.38,12.38,0,-0.002417405318
2013-10-24,12.34,12.34,0,-0.003231017771
2013-10-25,12.35,12.35,0,0.0008103727715
2013-10-28,12.26,12.26,0,-0.007287449393
2013-10-29,12.28,12.28,0,0.00163132137
2013-10-30,12.3,12.3,0,0.001628664495
2013-10-31,12.31,12.31,0,0.0008130081301
2013-11-01,12.39,12.39,0,0.006498781478
2013-11-04,12.04,12.04,0,-0.02824858757
2013-11-05,12.06,12.06,0,0.001661129568
2013-11-06,11.95,11.95,0,-0.00912106136
2013-11-07,12.11,12.11,0,0.01338912134
2013-11-08,12.1,12.1,0,-0.0008257638315
2013-11-11,12,12,0,-0.00826446281
2013-11-12,11.82,11.82,0,-0.015
2013-11-13,11.8,11.8,0,-0.001692047377
2013-11-14,11.69,11.69,0,-0.009322033898
2013-11-15,11.94,11.94,0,0.02138579983
2013-11-18,11.84,11.84,0,-0.00837520938
2013-11-19,11.95,11.95,0,0.009290540541
2013-11-20,11.95,11.95,0,0
2013-11-21,11.84,11.84,0,-0.009205020921
2013-11-22,11.79,11.79,0,-0.004222972973
2013-11-25,11.54,11.54,0.3,0.004240882103
2013-11-26,11.64,11.64,0,0.008665511265
2013-11-27,11.7,11.7,0,0.005154639175
2013-11-28,11.85,11.85,0,0.01282051282
2013-11-29,11.9,11.9,0,0.004219409283
2013-12-02,11.98,11.98,0,0.006722689076
2013-12-03,11.76,11.76,0,-0.0183639399
2013-12-04,11.86,11.86,0,0.008503401361
2013-12-05,11.85,11.85,0,-0.0008431703204
2013-12-06,11.93,11.93,0,0.006751054852
2013-12-09,11.95,11.95,0,0.001676445935
2013-12-10,11.7,11.7,0,-0.02092050209
2013-12-11,11.68,11.68,0,-0.001709401709
2013-12-12,11.65,11.65,0,-0.002568493151
2013-12-13,11.57,11.57,0,-0.00686695279
2013-12-16,11.47,11.47,0,-0.008643042351
2013-12-17,11.58,11.58,0,0.009590235397
2013-12-18,11.55,11.55,0,-0.002590673575
2013-12-19,11.53,11.53,0,-0.001731601732
2013-12-20,11.55,11.55,0,0.001734605377
2013-12-23,11.6,11.6,0,0.004329004329
2013-12-24,11.65,11.65,0,0.004310344828
2013-12-25,11.66,11.66,0,0.0008583690987
2013-12-26,11.72,11.72,0,0.005145797599
2013-12-27,11.9,11.9,0,0.01535836177
2013-12-30,11.88,11.88,0,-0.001680672269
2013-12-31,11.88,11.88,0,0
2014-01-02,12,12,0,0.0101010101
2014-01-03,12.2,12.2,0,0.01666666667
2014-01-06,11.99,11.99,0,-0.01721311475
2014-01-07,12.01,12.01,0,0.001668056714
2014-01-08,12.2,12.2,0,0.01582014988
2014-01-09,12.18,12.18,0,-0.001639344262
2014-01-10,12,12,0,-0.01477832512
2014-01-13,11.95,11.95,0,-0.004166666667
2014-01-14,11.85,11.85,0,-0.008368200837
2014-01-15,11.9,11.9,0,0.004219409283
2014-01-16,12,12,0,0.008403361345
2014-01-17,12,12,0,0
2014-01-20,12,12,0,0
2014-01-21,11.92,11.92,0,-0.006666666667
2014-01-22,12.02,12.02,0,0.008389261745
2014-01-23,11.92,11.92,0,-0.008319467554
2014-01-24,11.96,11.96,0,0.003355704698
2014-01-27,11.75,11.75,0,-0.01755852843
2014-02-05,11.63,11.63,0,-0.01021276596
2014-02-06,11.8,11.8,0,0.01461736887
2014-02-07,12,12,0,0.01694915254
2014-02-10,12.05,12.05,0,0.004166666667
2014-02-11,12,12,0,-0.004149377593
2014-02-12,12.12,12.12,0,0.01
2014-02-13,12.13,12.13,0,0.0008250825083
2014-02-14,12.2,12.2,0,0.005770816158
2014-02-17,12.15,12.15,0,-0.004098360656
2014-02-18,12.16,12.16,0,0.0008230452675
2014-02-19,12.26,12.26,0,0.008223684211
2014-02-20,12.21,12.21,0,-0.004078303426
2014-02-21,12.51,12.51,0,0.02457002457
2014-02-24,12.54,12.54,0,0.002398081535
2014-02-25,12.37,12.37,0,-0.01355661882
2014-02-26,12.65,12.65,0,0.02263540825
2014-02-27,12.7,12.7,0,0.00395256917
2014-03-03,12.71,12.71,0,0.0007874015748
2014-03-04,12.92,12.92,0,0.01652242329
2014-03-05,13,13,0,0.006191950464
2014-03-06,13.13,13.13,0,0.01
2014-03-07,12.84,12.84,0,-0.02208682407
2014-03-10,12.91,12.91,0,0.005451713396
2014-03-11,13,13,0,0.006971340046
2014-03-12,12.95,12.95,0,-0.003846153846
2014-03-13,13.15,13.15,0,0.01544401544
2014-03-14,13.1,13.1,0,-0.003802281369
2014-03-17,13.14,13.14,0,0.003053435115
2014-03-18,13.19,13.19,0,0.003805175038
2014-03-19,13,13,0,-0.01440485216
2014-03-20,12.8,12.8,0,-0.01538461538
2014-03-21,12.6,12.6,0,-0.015625
2014-03-24,12.55,12.55,0,-0.003968253968
2014-03-25,12.78,12.78,0,0.01832669323
2014-03-26,12.72,12.72,0,-0.004694835681
2014-03-27,12.84,12.84,0,0.009433962264
2014-03-28,12.51,12.51,0,-0.02570093458
2014-03-31,12.73,12.73,0,0.01758593125
2014-04-01,12.96,12.96,0,0.01806755695
2014-04-02,13.18,13.18,0,0.01697530864
2014-04-03,13.18,13.18,0,0
2014-04-07,13.19,13.19,0,0.0007587253414
2014-04-08,13.28,13.28,0,0.006823351024
2014-04-09,13.18,13.18,0,-0.007530120482
2014-04-10,13.22,13.22,0,0.003034901366
2014-04-11,12.9,12.9,0,-0.02420574887
2014-04-14,12.7,12.7,0,-0.01550387597
2014-04-15,12.8,12.8,0,0.007874015748
2014-04-16,12.82,12.82,0,0.0015625
2014-04-17,12.95,12.95,0,0.01014040562
2014-04-18,13.07,13.07,0,0.009266409266
2014-04-21,13.18,13.18,0,0.008416220352
2014-04-22,13.25,13.25,0,0.00531107739
2014-04-23,13.16,13.16,0,-0.00679245283
2014-04-24,13.25,13.25,0,0.006838905775
2014-04-25,12.9,12.9,0,-0.02641509434
2014-04-28,12.96,12.96,0,0.004651162791
2014-04-29,13.16,13.16,0,0.01543209877
2014-04-30,13.11,13.11,0,-0.003799392097
2014-05-02,13.18,13.18,0,0.005339435545
2014-05-05,13.27,13.27,0,0.006828528073
2014-05-06,13.49,13.49,0,0.01657874906
2014-05-07,13.47,13.47,0,-0.001482579689
2014-05-08,13.4,13.4,0,-0.005196733482
2014-05-09,13.2,13.2,0,-0.01492537313
2014-05-12,13.06,13.06,0,-0.01060606061
2014-05-13,13.01,13.01,0,-0.00382848392
2014-05-14,13.1,13.1,0,0.006917755573
2014-05-15,13.17,13.17,0,0.00534351145
2014-05-16,13.1,13.1,0,-0.005315110099
2014-05-19,13.27,13.27,0,0.01297709924
2014-05-20,13.25,13.25,0,-0.001507159005
2014-05-21,13.2,13.2,0,-0.003773584906
2014-05-22,13.39,13.39,0,0.01439393939
2014-05-23,13.56,13.56,0,0.01269604182
2014-05-26,13.7,13.7,0,0.01032448378
2014-05-27,13.71,13.71,0,0.0007299270073
2014-05-28,13.89,13.89,0,0.01312910284
2014-05-29,13.77,13.77,0,-0.008639308855
2014-05-30,13.79,13.79,0,0.001452432825
2014-06-03,13.79,13.79,0,0
2014-06-04,13.86,13.86,0,0.005076142132
2014-06-05,13.95,13.95,0,0.006493506494
2014-06-06,14,14,0,0.003584229391
2014-06-09,14.14,14.14,0,0.01
2014-06-10,14.16,14.16,0,0.001414427157
2014-06-11,14.2,14.2,0,0.002824858757
2014-06-12,14.19,14.19,0,-0.0007042253521
2014-06-13,14.07,14.07,0,-0.008456659619
2014-06-16,14.13,14.13,0,0.004264392324
2014-06-17,14.27,14.27,0,0.009907997169
2014-06-18,14.05,14.05,0,-0.01541695865
2014-06-19,14.2,14.2,0,0.01067615658
2014-06-20,14.28,14.28,0,0.005633802817
2014-06-23,13.99,13.99,0,-0.02030812325
2014-06-24,14,14,0,0.0007147962831
2014-06-25,14.1,14.1,0,0.007142857143
2014-06-26,14.21,14.21,0,0.00780141844
2014-06-27,14.11,14.11,0,-0.007037297678
2014-06-30,14.3,14.3,0,0.01346562721
2014-07-01,14.3,14.3,0,0
2014-07-02,14.2,14.2,0,-0.006993006993
2014-07-03,14.29,14.29,0,0.006338028169
2014-07-04,14.2,14.2,0,-0.006298110567
2014-07-07,13.84,13.84,0,-0.02535211268
2014-07-08,14,14,0,0.01156069364
2014-07-09,14.12,14.12,0,0.008571428571
2014-07-10,14.09,14.09,0,-0.002124645892
2014-07-11,13.81,13.81,0,-0.01987224982
2014-07-14,13.9,13.9,0,0.006517016655
2014-07-15,13.91,13.91,0,0.0007194244604
2014-07-16,13.78,13.78,0,-0.009345794393
2014-07-17,13.7,13.7,0,-0.005805515239
2014-07-18,13.6,13.6,0,-0.007299270073
2014-07-21,13.7,13.7,0,0.007352941176
2014-07-22,13.66,13.66,0,-0.002919708029
2014-07-24,13.86,13.86,0,0.01464128843
2014-07-25,13.7,13.7,0,-0.01154401154
2014-07-28,13.56,13.56,0,-0.0102189781
2014-07-29,13.4,13.4,0,-0.01179941003
2014-07-30,13.4,13.4,0,0
2014-07-31,13.52,13.52,0,0.008955223881
2014-08-01,13.5,13.5,0,-0.001479289941
2014-08-04,13.5,13.5,0,0
2014-08-05,13.25,13.25,0,-0.01851851852
2014-08-06,13.15,13.15,0,-0.007547169811
2014-08-07,13.05,13.05,0,-0.007604562738
2014-08-08,12.78,12.78,0,-0.02068965517
2014-08-11,12.73,12.73,0,-0.003912363067
2014-08-12,12.75,12.75,0,0.001571091909
2014-08-13,12.72,12.72,0,-0.002352941176
2014-08-14,12.7,12.7,0,-0.001572327044
2014-08-15,12.6,12.6,0,-0.007874015748
2014-08-18,12.5,12.5,0,-0.007936507937
2014-08-19,12.7,12.7,0,0.016
2014-08-20,12.78,12.78,0,0.006299212598
2014-08-21,12.79,12.79,0,0.0007824726135
2014-08-22,12.96,12.96,0,0.01329163409
2014-08-25,13.05,13.05,0,0.006944444444
2014-08-26,12.96,12.96,0,-0.006896551724
2014-08-27,12.93,12.93,0,-0.002314814815
2014-08-28,12.89,12.89,0,-0.00309358082
2014-08-29,12.88,12.88,0,-0.0007757951901
2014-09-01,13,13,0,0.009316770186
2014-09-02,13.38,13.38,0,0.02923076923
2014-09-03,12.88,12.88,0,-0.03736920777
2014-09-04,12.85,12.85,0,-0.002329192547
2014-09-05,12.9,12.9,0,0.003891050584
2014-09-09,12.9,12.9,0,0
2014-09-10,12.82,12.82,0,-0.006201550388
2014-09-11,12.8,12.8,0,-0.001560062402
2014-09-12,12.62,12.62,0,-0.0140625
2014-09-15,12.6,12.6,0,-0.001584786054
2014-09-16,12.52,12.52,0,-0.006349206349
2014-09-17,12.71,12.71,0,0.01517571885
2014-09-18,12.82,12.82,0,0.008654602675
2014-09-19,12.83,12.83,0,0.0007800312012
2014-09-22,12.83,12.83,0,0
2014-09-23,12.75,12.75,0,-0.006235385814
2014-09-24,12.68,12.68,0,-0.005490196078
2014-09-25,12.5,12.5,0,-0.0141955836
2014-09-26,12.49,12.49,0,-0.0008
2014-09-29,12.58,12.58,0,0.007205764612
2014-09-30,12.69,12.69,0,0.008744038156
2014-10-01,12.75,12.75,0,0.004728132388
2014-10-02,12.78,12.78,0,0.002352941176
2014-10-03,12.95,12.95,0,0.01330203443
2014-10-06,13.06,13.06,0,0.008494208494
2014-10-07,12.87,12.87,0,-0.0145482389
2014-10-08,12.67,12.67,0,-0.01554001554
2014-10-09,12.68,12.68,0,0.0007892659826
2014-10-13,12.37,12.37,0,-0.02444794953
2014-10-14,12.74,12.74,0,0.02991107518
2014-10-15,12.43,12.43,0,-0.02433281005
2014-10-16,11.84,11.84,0,-0.04746580853
2014-10-17,11.58,11.58,0,-0.02195945946
2014-10-20,11.73,11.73,0,0.01295336788
2014-10-21,11.81,11.81,0,0.006820119352
2014-10-22,11.89,11.89,0,0.006773920406
2014-10-23,11.74,11.74,0,-0.0126156434
2014-10-24,11.82,11.82,0,0.006814310051
2014-10-27,11.65,11.65,0,-0.01438240271
2014-10-28,11.88,11.88,0,0.01974248927
2014-10-29,11.95,11.95,0,0.005892255892
2014-10-30,11.93,11.93,0,-0.001673640167
2014-10-31,11.88,11.88,0,-0.004191114837
2014-11-03,12.05,12.05,0,0.01430976431
2014-11-04,12.06,12.06,0,0.0008298755187
2014-11-05,12.1,12.1,0,0.003316749585
2014-11-06,11.87,11.87,0,-0.01900826446
2014-11-07,11.94,11.94,0,0.005897219882
2014-11-10,11.95,11.95,0,0.000837520938
2014-11-11,12,12,0,0.004184100418
2014-11-12,11.96,11.96,0,-0.003333333333
2014-11-13,11.89,11.89,0,-0.005852842809
2014-11-14,12,12,0,0.009251471825
2014-11-17,11.9,11.9,0,-0.008333333333
2014-11-18,11.99,11.99,0,0.00756302521
2014-11-19,11.76,11.76,0,-0.01918265221
2014-11-20,11.99,11.99,0,0.01955782313
2014-11-21,12.06,12.06,0,0.005838198499
2014-11-24,12.04,12.04,0,-0.001658374793
2014-11-25,11.94,11.94,0.25,0.01245847176
2014-11-26,11.9,11.9,0,-0.003350083752
2014-11-27,11.91,11.91,0,0.0008403361345
2014-11-28,11.86,11.86,0,-0.004198152813
2014-12-01,11.8,11.8,0,-0.005059021922
2014-12-02,11.9,11.9,0,0.008474576271
2014-12-03,12.18,12.18,0,0.02352941176
2014-12-04,12.25,12.25,0,0.005747126437
2014-12-05,12.27,12.27,0,0.001632653061
2014-12-08,12.3,12.3,0,0.002444987775
2014-12-09,12.2,12.2,0,-0.008130081301
2014-12-10,12.17,12.17,0,-0.002459016393
2014-12-11,12.2,12.2,0,0.002465078061
2014-12-12,12.21,12.21,0,0.0008196721311
2014-12-15,12.22,12.22,0,0.000819000819
2014-12-16,12.16,12.16,0,-0.004909983633
2014-12-17,12.12,12.12,0,-0.003289473684
2014-12-18,12.11,12.11,0,-0.0008250825083
2014-12-19,11.97,11.97,0,-0.01156069364
2014-12-22,12.18,12.18,0,0.01754385965
2014-12-23,12.15,12.15,0,-0.002463054187
2014-12-24,12.21,12.21,0,0.004938271605
2014-12-25,12.19,12.19,0,-0.001638001638
2014-12-26,12.24,12.24,0,0.004101722724
2014-12-27,12.4,12.4,0,0.01307189542
2014-12-29,12.45,12.45,0,0.004032258065
2014-12-30,12.46,12.46,0,0.0008032128514
2014-12-31,12.51,12.51,0,0.004012841091
2015-01-05,12.46,12.46,0,-0.003996802558
2015-01-06,12.22,12.22,0,-0.01926163724
2015-01-07,12.15,12.15,0,-0.005728314239
2015-01-08,12.3,12.3,0,0.01234567901
2015-01-09,12.28,12.28,0,-0.00162601626
2015-01-12,12.28,12.28,0,0
2015-01-13,12.3,12.3,0,0.001628664495
2015-01-14,12.32,12.32,0,0.00162601626
2015-01-15,12.28,12.28,0,-0.003246753247
2015-01-16,12.17,12.17,0,-0.008957654723
2015-01-19,12.11,12.11,0,-0.004930156122
2015-01-20,12.28,12.28,0,0.01403798514
2015-01-21,12.27,12.27,0,-0.0008143322476
2015-01-22,12.35,12.35,0,0.0065199674
2015-01-23,12.4,12.4,0,0.004048582996
2015-01-26,12.36,12.36,0,-0.003225806452
2015-01-27,12.43,12.43,0,0.005663430421
2015-01-28,12.43,12.43,0,0
2015-01-29,12.34,12.34,0,-0.007240547064
2015-01-30,12.31,12.31,0,-0.002431118314
2015-02-02,12.31,12.31,0,0
2015-02-03,12.29,12.29,0,-0.00162469537
2015-02-04,12.35,12.35,0,0.004882017901
2015-02-05,12.35,12.35,0,0
2015-02-06,12.3,12.3,0,-0.004048582996
2015-02-09,12.32,12.32,0,0.00162601626
2015-02-10,12.18,12.18,0,-0.01136363636
2015-02-11,12.13,12.13,0,-0.004105090312
2015-02-12,12.17,12.17,0,0.003297609233
2015-02-13,12.24,12.24,0,0.005751848809
2015-02-24,12.38,12.38,0,0.0114379085
2015-02-25,12.4,12.4,0,0.001615508885
2015-02-26,12.44,12.44,0,0.003225806452
2015-03-02,12.46,12.46,0,0.001607717042
2015-03-03,12.56,12.56,0,0.008025682183
2015-03-04,12.58,12.58,0,0.001592356688
2015-03-05,12.77,12.77,0,0.01510333863
2015-03-06,12.96,12.96,0,0.01487862177
2015-03-09,12.94,12.94,0,-0.001543209877
2015-03-10,12.91,12.91,0,-0.002318392581
2015-03-11,12.85,12.85,0,-0.004647560031
2015-03-12,12.95,12.95,0,0.007782101167
2015-03-13,13,13,0,0.003861003861
2015-03-16,12.93,12.93,0,-0.005384615385
2015-03-17,13.02,13.02,0,0.006960556845
2015-03-18,13.06,13.06,0,0.003072196621
2015-03-19,13.08,13.08,0,0.001531393568
2015-03-20,13.3,13.3,0,0.01681957187
2015-03-23,13.29,13.29,0,-0.0007518796992
2015-03-24,13.17,13.17,0,-0.009029345372
2015-03-25,13.06,13.06,0,-0.008352315869
2015-03-26,12.97,12.97,0,-0.006891271057
2015-03-27,12.84,12.84,0,-0.0100231303
2015-03-30,12.74,12.74,0,-0.007788161994
2015-03-31,12.87,12.87,0,0.01020408163
2015-04-01,12.78,12.78,0,-0.006993006993
2015-04-02,12.93,12.93,0,0.0117370892
2015-04-07,12.87,12.87,0,-0.00464037123
2015-04-08,12.76,12.76,0,-0.008547008547
2015-04-09,12.75,12.75,0,-0.0007836990596
2015-04-10,12.75,12.75,0,0
2015-04-13,12.86,12.86,0,0.00862745098
2015-04-14,12.92,12.92,0,0.00466562986
2015-04-15,12.89,12.89,0,-0.002321981424
2015-04-16,12.94,12.94,0,0.00387897595
2015-04-17,12.8,12.8,0,-0.01081916538
2015-04-20,12.75,12.75,0,-0.00390625
2015-04-21,12.69,12.69,0,-0.004705882353
2015-04-22,12.82,12.82,0,0.01024428684
2015-04-23,13.06,13.06,0,0.01872074883
2015-04-24,13.08,13.08,0,0.001531393568
2015-04-27,13.3,13.3,0,0.01681957187
2015-04-28,13.35,13.35,0,0.003759398496
2015-04-29,13.18,13.18,0,-0.0127340824
2015-04-30,13.16,13.16,0,-0.001517450683
2015-05-04,13.15,13.15,0,-0.0007598784195
2015-05-05,13.21,13.21,0,0.004562737643
2015-05-06,13.22,13.22,0,0.000757002271
2015-05-07,13.05,13.05,0,-0.01285930408
2015-05-08,12.91,12.91,0,-0.01072796935
2015-05-11,12.76,12.76,0,-0.01161890008
2015-05-12,12.78,12.78,0,0.001567398119
2015-05-13,12.94,12.94,0,0.01251956182
2015-05-14,12.88,12.88,0,-0.004636785162
2015-05-15,12.89,12.89,0,0.0007763975155
2015-05-18,12.68,12.68,0,-0.01629169899
2015-05-19,12.82,12.82,0,0.01104100946
2015-05-20,12.93,12.93,0,0.008580343214
2015-05-21,12.81,12.81,0,-0.009280742459
2015-05-22,12.85,12.85,0,0.0031225605
2015-05-25,12.98,12.98,0,0.01011673152
2015-05-26,13.02,13.02,0,0.003081664099
2015-05-27,13.22,13.22,0,0.0153609831
2015-05-28,13.31,13.31,0,0.006807866868
2015-05-29,13.4,13.4,0,0.006761833208
2015-06-01,13.41,13.41,0,0.0007462686567
2015-06-02,13.38,13.38,0,-0.002237136465
2015-06-03,13.2,13.2,0,-0.0134529148
2015-06-04,12.72,12.72,0,-0.03636363636
2015-06-05,12.73,12.73,0,0.000786163522
2015-06-08,12.68,12.68,0,-0.003927729772
2015-06-09,12.33,12.33,0,-0.02760252366
2015-06-10,12.5,12.5,0,0.01378751014
2015-06-11,12.55,12.55,0,0.004
2015-06-12,12.61,12.61,0,0.004780876494
2015-06-15,12.63,12.63,0,0.001586042823
2015-06-16,12.57,12.57,0,-0.004750593824
2015-06-17,12.71,12.71,0,0.01113762928
2015-06-18,12.75,12.75,0,0.003147128245
2015-06-22,12.86,12.86,0,0.00862745098
2015-06-23,12.9,12.9,0,0.003110419907
2015-06-24,12.9,12.9,0,0
2015-06-25,13.01,13.01,0,0.008527131783
2015-06-26,12.95,12.95,0,-0.004611837048
2015-06-29,12.55,12.55,0,-0.03088803089
2015-06-30,12.57,12.57,0,0.001593625498
2015-07-01,12.77,12.77,0,0.01591089897
2015-07-02,12.76,12.76,0,-0.0007830853563
2015-07-03,12.62,12.62,0,-0.01097178683
2015-07-06,12.61,12.61,0,-0.0007923930269
2015-07-07,12.55,12.55,0,-0.004758128469
2015-07-08,12.22,12.22,0,-0.02629482072
2015-07-09,11.87,11.87,0,-0.02864157119
2015-07-13,12.2,12.2,0,0.02780117944
2015-07-14,12.08,12.08,0,-0.009836065574
2015-07-15,12.03,12.03,0,-0.004139072848
2015-07-16,12.02,12.02,0,-0.0008312551953
2015-07-17,11.96,11.96,0,-0.004991680532
2015-07-20,11.8,11.8,0,-0.01337792642
2015-07-21,11.8,11.8,0,0
2015-07-22,11.68,11.68,0,-0.01016949153
2015-07-23,11.23,11.23,0,-0.03852739726
2015-07-24,11.23,11.23,0,0
2015-07-27,11.09,11.09,0,-0.0124666073
2015-07-28,11.2,11.2,0,0.009918845807
2015-07-29,11.21,11.21,0,0.0008928571429
2015-07-30,11.25,11.25,0,0.00356824264
2015-07-31,11.2,11.2,0,-0.004444444444
2015-08-03,11.06,11.06,0,-0.0125
2015-08-04,11.1,11.1,0,0.003616636528
2015-08-05,11.18,11.18,0,0.007207207207
2015-08-06,10.63,10.63,0,-0.04919499106
2015-08-07,10.78,10.78,0,0.01411100659
2015-08-10,10.7,10.7,0,-0.007421150278
2015-08-11,10.67,10.67,0,-0.002803738318
2015-08-12,10.6,10.6,0,-0.006560449859
2015-08-13,10.8,10.8,0,0.01886792453
2015-08-14,10.75,10.75,0,-0.00462962963
2015-08-17,10.54,10.54,0,-0.01953488372
2015-08-18,10.55,10.55,0,0.0009487666034
2015-08-19,10.24,10.24,0,-0.02938388626
2015-08-20,10.32,10.32,0,0.0078125
2015-08-21,10.18,10.18,0,-0.01356589147
2015-08-24,9.25,9.25,0,-0.09135559921
2015-08-25,9.71,9.71,0,0.04972972973
2015-08-26,9.65,9.65,0,-0.006179196704
2015-08-27,9.65,9.65,0,0
2015-08-28,10,10,0,0.03626943005
2015-08-31,9.84,9.84,0,-0.016
2015-09-01,9.91,9.91,0,0.007113821138
2015-09-02,9.95,9.95,0,0.004036326942
2015-09-03,10.05,10.05,0,0.01005025126
2015-09-04,9.9,9.9,0,-0.01492537313
2015-09-07,9.95,9.95,0,0.005050505051
2015-09-08,10.02,10.02,0,0.007035175879
2015-09-09,10.46,10.46,0,0.04391217565
2015-09-10,10.37,10.37,0,-0.008604206501
2015-09-11,10.6,10.6,0,0.02217936355
2015-09-14,10.53,10.53,0,-0.006603773585
2015-09-15,10.51,10.51,0,-0.001899335233
2015-09-16,10.68,10.68,0,0.01617507136
2015-09-17,10.88,10.88,0,0.01872659176
2015-09-18,10.88,10.88,0,0
2015-09-21,10.73,10.73,0,-0.01378676471
2015-09-22,10.87,10.87,0,0.01304753029
2015-09-23,10.58,10.58,0,-0.02667893284
2015-09-24,10.38,10.38,0,-0.01890359168
2015-09-25,10.44,10.44,0,0.005780346821
2015-09-30,10.51,10.51,0,0.006704980843
2015-10-01,10.85,10.85,0,0.03235014272
2015-10-02,10.87,10.87,0,0.001843317972
2015-10-05,11,11,0,0.01195952162
2015-10-06,11.01,11.01,0,0.0009090909091
2015-10-07,11.06,11.06,0,0.004541326067
2015-10-08,10.95,10.95,0,-0.009945750452
2015-10-12,11.01,11.01,0,0.005479452055
2015-10-13,11,11,0,-0.0009082652134
2015-10-14,11.03,11.03,0,0.002727272727
2015-10-15,11.05,11.05,0,0.001813236627
2015-10-16,11,11,0,-0.004524886878
2015-10-19,10.97,10.97,0,-0.002727272727
2015-10-20,11.06,11.06,0,0.008204193254
2015-10-21,11.01,11.01,0,-0.00452079566
2015-10-22,11.02,11.02,0,0.0009082652134
2015-10-23,11.16,11.16,0,0.01270417423
2015-10-26,11.31,11.31,0,0.01344086022
2015-10-27,11.27,11.27,0,-0.003536693192
2015-10-28,11.29,11.29,0,0.001774622893
2015-10-29,11.23,11.23,0,-0.005314437555
2015-10-30,11.22,11.22,0,-0.0008904719501
2015-11-02,11.36,11.36,0,0.01247771836
2015-11-03,11.57,11.57,0,0.01848591549
2015-11-04,11.8,11.8,0,0.01987899741
2015-11-05,11.78,11.78,0,-0.001694915254
2015-11-06,11.65,11.65,0,-0.01103565365
2015-11-09,11.51,11.51,0,-0.01201716738
2015-11-10,11.52,11.52,0,0.0008688097307
2015-11-11,11.37,11.37,0,-0.01302083333
2015-11-12,11.48,11.48,0,0.009674582234
2015-11-13,11.3,11.3,0,-0.01567944251
2015-11-16,11.2,11.2,0,-0.008849557522
2015-11-17,11.33,11.33,0,0.01160714286
2015-11-18,11.35,11.35,0,0.001765225066
2015-11-19,11.54,11.54,0,0.01674008811
2015-11-20,11.55,11.55,0,0.0008665511265
2015-11-23,11.65,11.65,0,0.008658008658
2015-11-24,11.15,11.15,0.25,-0.02145922747
2015-11-25,11.1,11.1,0,-0.004484304933
2015-11-26,11.35,11.35,0,0.02252252252
2015-11-27,11.3,11.3,0,-0.004405286344
2015-11-30,11.14,11.14,0,-0.01415929204
2015-12-01,11.41,11.41,0,0.02423698384
2015-12-02,11.47,11.47,0,0.005258545136
2015-12-03,11.42,11.42,0,-0.004359197908
2015-12-04,11.5,11.5,0,0.00700525394
2015-12-07,11.57,11.57,0,0.006086956522
2015-12-08,11.41,11.41,0,-0.01382886776
2015-12-09,11.21,11.21,0,-0.01752848379
2015-12-10,11.14,11.14,0,-0.006244424621
2015-12-11,10.83,10.83,0,-0.02782764811
2015-12-14,10.7,10.7,0,-0.01200369344
2015-12-15,11,11,0,0.02803738318
2015-12-16,11.14,11.14,0,0.01272727273
2015-12-17,11.34,11.34,0,0.01795332136
2015-12-18,11.41,11.41,0,0.006172839506
2015-12-21,11.45,11.45,0,0.003505696757
2015-12-22,11.41,11.41,0,-0.003493449782
2015-12-23,11.3,11.3,0,-0.009640666082
2015-12-24,11.17,11.17,0,-0.01150442478
2015-12-25,11.16,11.16,0,-0.0008952551477
2015-12-28,11.2,11.2,0,0.003584229391
2015-12-29,11.17,11.17,0,-0.002678571429
2015-12-30,11.2,11.2,0,0.002685765443
2015-12-31,11.22,11.22,0,0.001785714286
2016-01-04,11.1,11.1,0,-0.01069518717
2016-01-05,11.1,11.1,0,0
2016-01-06,10.95,10.95,0,-0.01351351351
2016-01-07,10.6,10.6,0,-0.03196347032
2016-01-08,10.67,10.67,0,0.006603773585
2016-01-11,10.42,10.42,0,-0.02343017807
2016-01-12,10.1,10.1,0,-0.03071017274
2016-01-13,10.15,10.15,0,0.00495049505
2016-01-14,10.02,10.02,0,-0.01280788177
2016-01-15,10.05,10.05,0,0.002994011976
2016-01-18,10.44,10.44,0,0.03880597015
2016-01-19,10.5,10.5,0,0.005747126437
2016-01-20,10.26,10.26,0,-0.02285714286
2016-01-21,10.2,10.2,0,-0.005847953216
2016-01-22,10.18,10.18,0,-0.001960784314
2016-01-25,10.44,10.44,0,0.02554027505
2016-01-26,10.37,10.37,0,-0.006704980843
2016-01-27,10.45,10.45,0,0.007714561234
2016-01-28,10.54,10.54,0,0.008612440191
2016-01-29,10.73,10.73,0,0.01802656546
2016-01-30,10.95,10.95,0,0.02050326188
2016-02-01,10.94,10.94,0,-0.0009132420091
2016-02-02,10.93,10.93,0,-0.0009140767824
2016-02-03,10.83,10.83,0,-0.009149130833
2016-02-15,10.8,10.8,0,-0.002770083102
2016-02-16,10.97,10.97,0,0.01574074074
2016-02-17,11.1,11.1,0,0.01185050137
2016-02-18,11.19,11.19,0,0.008108108108
2016-02-19,11.22,11.22,0,0.002680965147
2016-02-22,11.29,11.29,0,0.00623885918
2016-02-23,11.25,11.25,0,-0.00354295837
2016-02-24,11.18,11.18,0,-0.006222222222
2016-02-25,11.1,11.1,0,-0.007155635063
2016-02-26,11.23,11.23,0,0.01171171171
2016-03-01,11.45,11.45,0,0.0195903829
2016-03-02,11.35,11.35,0,-0.008733624454
2016-03-03,11.37,11.37,0,0.001762114537
2016-03-04,11.43,11.43,0,0.005277044855
2016-03-07,11.4,11.4,0,-0.002624671916
2016-03-08,11.38,11.38,0,-0.001754385965
2016-03-09,11.41,11.41,0,0.002636203866
2016-03-10,11.45,11.45,0,0.003505696757
2016-03-11,11.53,11.53,0,0.006986899563
2016-03-14,11.63,11.63,0,0.008673026886
2016-03-15,11.44,11.44,0,-0.01633705933
2016-03-16,11.55,11.55,0,0.009615384615
2016-03-17,11.55,11.55,0,0
2016-03-18,11.52,11.52,0,-0.002597402597
2016-03-21,11.69,11.69,0,0.01475694444
2016-03-22,11.62,11.62,0,-0.005988023952
2016-03-23,11.5,11.5,0,-0.01032702238
2016-03-24,11.46,11.46,0,-0.00347826087
2016-03-25,11.41,11.41,0,-0.004363001745
2016-03-28,11.42,11.42,0,0.0008764241893
2016-03-29,11.25,11.25,0,-0.01488616462
2016-03-30,11.36,11.36,0,0.009777777778
2016-03-31,11.39,11.39,0,0.00264084507
2016-04-01,11.36,11.36,0,-0.002633889377
2016-04-06,11.3,11.3,0,-0.005281690141
2016-04-07,11.24,11.24,0,-0.005309734513
2016-04-08,11.27,11.27,0,0.002669039146
2016-04-11,11.33,11.33,0,0.005323868678
2016-04-12,11.18,11.18,0,-0.013239188
2016-04-13,11.24,11.24,0,0.005366726297
2016-04-14,11.29,11.29,0,0.004448398577
2016-04-15,11.21,11.21,0,-0.00708591674
2016-04-18,11.19,11.19,0,-0.00178412132
2016-04-19,11.2,11.2,0,0.0008936550492
2016-04-20,11.13,11.13,0,-0.00625
2016-04-21,11.17,11.17,0,0.003593890386
2016-04-22,11.08,11.08,0,-0.008057296329
2016-04-25,11.13,11.13,0,0.004512635379
2016-04-26,11.16,11.16,0,0.00269541779
2016-04-27,11.13,11.13,0,-0.002688172043
2016-04-28,11.08,11.08,0,-0.004492362983
2016-04-29,10.94,10.94,0,-0.01263537906
2016-05-03,10.94,10.94,0,0
2016-05-04,10.78,10.78,0,-0.01462522852
2016-05-05,10.82,10.82,0,0.003710575139
2016-05-06,10.72,10.72,0,-0.009242144177
2016-05-09,10.6,10.6,0,-0.01119402985
2016-05-10,10.57,10.57,0,-0.002830188679
2016-05-11,10.54,10.54,0,-0.002838221381
2016-05-12,10.29,10.29,0,-0.02371916509
2016-05-13,10.32,10.32,0,0.002915451895
2016-05-16,10.4,10.4,0,0.007751937984
2016-05-17,10.57,10.57,0,0.01634615385
2016-05-18,10.66,10.66,0,0.008514664144
2016-05-19,10.58,10.58,0,-0.007504690432
2016-05-20,10.57,10.57,0,-0.0009451795841
2016-05-23,10.8,10.8,0,0.02175969726
2016-05-24,10.79,10.79,0,-0.0009259259259
2016-05-25,10.88,10.88,0,0.008341056534
2016-05-26,10.95,10.95,0,0.006433823529
2016-05-27,11.04,11.04,0,0.008219178082
2016-05-30,11.07,11.07,0,0.002717391304
2016-05-31,11.13,11.13,0,0.005420054201
2016-06-01,11.23,11.23,0,0.008984725966
2016-06-02,11.07,11.07,0,-0.0142475512
2016-06-03,11.02,11.02,0,-0.004516711834
2016-06-04,11.05,11.05,0,0.002722323049
2016-06-06,11.03,11.03,0,-0.001809954751
2016-06-07,11.16,11.16,0,0.01178603808
2016-06-08,11.07,11.07,0,-0.008064516129
2016-06-13,10.9,10.9,0,-0.01535682023
2016-06-14,11.06,11.06,0,0.01467889908
2016-06-15,11.13,11.13,0,0.006329113924
2016-06-16,11.13,11.13,0,0
2016-06-17,11.21,11.21,0,0.007187780773
2016-06-20,11.23,11.23,0,0.00178412132
2016-06-21,11.28,11.28,0,0.004452359751
2016-06-22,11.29,11.29,0,0.0008865248227
2016-06-23,11.12,11.12,0,-0.01505757307
2016-06-24,10.89,10.89,0,-0.02068345324
2016-06-27,10.91,10.91,0,0.001836547291
2016-06-28,11.04,11.04,0,0.01191567369
2016-06-29,11.14,11.14,0,0.009057971014
2016-06-30,11.15,11.15,0,0.0008976660682
2016-07-01,11.22,11.22,0,0.006278026906
2016-07-04,11.22,11.22,0,0
2016-07-05,11.27,11.27,0,0.004456327986
2016-07-06,11.08,11.08,0,-0.01685891748
2016-07-07,11.1,11.1,0,0.001805054152
2016-07-11,11.14,11.14,0,0.003603603604
2016-07-12,11.22,11.22,0,0.007181328546
2016-07-13,11.26,11.26,0,0.003565062389
2016-07-14,11.26,11.26,0,0
2016-07-15,11.29,11.29,0,0.002664298401
2016-07-18,11.3,11.3,0,0.0008857395926
2016-07-19,11.32,11.32,0,0.001769911504
2016-07-20,11.23,11.23,0,-0.007950530035
2016-07-21,11.31,11.31,0,0.007123775601
2016-07-22,11.31,11.31,0,0
2016-07-25,11.28,11.28,0,-0.002652519894
2016-07-26,11.36,11.36,0,0.007092198582
2016-07-27,11.41,11.41,0,0.004401408451
2016-07-28,11.35,11.35,0,-0.005258545136
2016-07-29,11.35,11.35,0,0
2016-08-01,11.49,11.49,0,0.01233480176
2016-08-02,11.45,11.45,0,-0.003481288077
2016-08-03,11.4,11.4,0,-0.004366812227
2016-08-04,11.51,11.51,0,0.009649122807
2016-08-05,11.6,11.6,0,0.007819287576
2016-08-08,11.55,11.55,0,-0.004310344828
2016-08-09,11.42,11.42,0,-0.01125541126
2016-08-10,11.42,11.42,0,0
2016-08-11,11.45,11.45,0,0.002626970228
2016-08-12,11.44,11.44,0,-0.0008733624454
2016-08-15,11.47,11.47,0,0.002622377622
2016-08-16,11.52,11.52,0,0.004359197908
2016-08-17,11.51,11.51,0,-0.0008680555556
2016-08-18,11.53,11.53,0,0.001737619461
2016-08-19,11.54,11.54,0,0.0008673026886
2016-08-22,11.35,11.35,0,-0.0164644714
2016-08-23,11.45,11.45,0,0.008810572687
2016-08-25,11.45,11.45,0,0
2016-08-26,11.54,11.54,0,0.007860262009
2016-08-29,11.48,11.48,0,-0.005199306759
2016-08-30,11.55,11.55,0,0.006097560976
2016-08-31,11.6,11.6,0,0.004329004329
2016-09-01,11.6,11.6,0,0
2016-09-02,11.53,11.53,0,-0.006034482759
2016-09-05,11.52,11.52,0,-0.0008673026886
2016-09-06,11.57,11.57,0,0.004340277778
2016-09-07,11.73,11.73,0,0.01382886776
2016-09-08,11.76,11.76,0,0.002557544757
2016-09-09,11.7,11.7,0,-0.005102040816
2016-09-10,11.5,11.5,0,-0.01709401709
2016-09-12,11.74,11.74,0,0.02086956522
2016-09-13,11.47,11.47,0,-0.02299829642
2016-09-14,11.38,11.38,0,-0.007846556234
2016-09-19,11.57,11.57,0,0.01669595782
2016-09-20,11.68,11.68,0,0.009507346586
2016-09-21,11.69,11.69,0,0.0008561643836
2016-09-22,11.67,11.67,0,-0.001710863986
2016-09-23,11.8,11.8,0,0.01113967438
2016-09-26,11.68,11.68,0,-0.01016949153
2016-09-29,11.8,11.8,0,0.0102739726
2016-09-30,11.76,11.76,0,-0.003389830508
2016-10-03,11.73,11.73,0,-0.002551020408
2016-10-04,11.81,11.81,0,0.006820119352
2016-10-05,11.81,11.81,0,0
2016-10-06,11.82,11.82,0,0.0008467400508
2016-10-07,11.79,11.79,0,-0.002538071066
2016-10-11,11.55,11.55,0,-0.0203562341
2016-10-12,11.6,11.6,0,0.004329004329
2016-10-13,11.6,11.6,0,0
2016-10-14,11.46,11.46,0,-0.01206896552
2016-10-17,11.46,11.46,0,0
2016-10-18,11.52,11.52,0,0.005235602094
2016-10-19,11.6,11.6,0,0.006944444444
2016-10-20,11.53,11.53,0,-0.006034482759
2016-10-21,11.55,11.55,0,0.001734605377
2016-10-24,11.51,11.51,0,-0.003463203463
2016-10-25,11.54,11.54,0,0.002606429192
2016-10-26,11.62,11.62,0,0.006932409012
2016-10-27,11.57,11.57,0,-0.00430292599
2016-10-28,11.54,11.54,0,-0.002592912705
2016-10-31,11.44,11.44,0,-0.008665511265
2016-11-01,11.42,11.42,0,-0.001748251748
2016-11-02,11.27,11.27,0,-0.01313485114
2016-11-03,11.06,11.06,0,-0.01863354037
2016-11-04,11.05,11.05,0,-0.000904159132
2016-11-07,11.04,11.04,0,-0.0009049773756
2016-11-08,11.18,11.18,0,0.01268115942
2016-11-09,11,11,0,-0.01610017889
2016-11-10,11.15,11.15,0,0.01363636364
2016-11-11,10.9,10.9,0,-0.02242152466
2016-11-14,10.81,10.81,0,-0.008256880734
2016-11-15,10.82,10.82,0,0.0009250693802
2016-11-16,10.84,10.84,0,0.001848428835
2016-11-17,10.95,10.95,0,0.01014760148
2016-11-18,10.88,10.88,0,-0.006392694064
2016-11-21,10.88,10.88,0,0
2016-11-22,11,11,0,0.01102941176
2016-11-23,10.89,10.89,0.25,0.01272727273
2016-11-24,10.9,10.9,0,0.0009182736455
2016-11-25,10.92,10.92,0,0.001834862385
2016-11-28,10.87,10.87,0,-0.004578754579
2016-11-29,10.85,10.85,0,-0.001839926403
2016-11-30,11,11,0,0.01382488479
2016-12-01,11.05,11.05,0,0.004545454545
2016-12-02,10.6,10.6,0,-0.0407239819
2016-12-05,10.57,10.57,0,-0.002830188679
2016-12-06,10.7,10.7,0,0.01229895932
2016-12-07,10.72,10.72,0,0.001869158879
2016-12-08,10.89,10.89,0,0.01585820896
2016-12-09,10.89,10.89,0,0
2016-12-12,10.82,10.82,0,-0.006427915519
2016-12-13,10.77,10.77,0,-0.004621072089
2016-12-14,10.96,10.96,0,0.01764159703
2016-12-15,10.92,10.92,0,-0.003649635036
2016-12-16,11.03,11.03,0,0.01007326007
2016-12-19,10.96,10.96,0,-0.006346328196
2016-12-20,10.96,10.96,0,0
2016-12-21,10.96,10.96,0,0
2016-12-22,10.83,10.83,0,-0.01186131387
2016-12-23,10.84,10.84,0,0.0009233610342
2016-12-26,10.84,10.84,0,0
2016-12-27,10.85,10.85,0,0.0009225092251
2016-12-28,10.98,10.98,0,0.01198156682
2016-12-29,10.94,10.94,0,-0.00364298725
2016-12-30,11.01,11.01,0,0.006398537477
2017-01-03,11,11,0,-0.0009082652134
2017-01-04,11.09,11.09,0,0.008181818182
2017-01-05,11.13,11.13,0,0.003606853021
2017-01-06,11.16,11.16,0,0.00269541779
2017-01-09,11.05,11.05,0,-0.009856630824
2017-01-10,11.06,11.06,0,0.0009049773756
2017-01-11,10.95,10.95,0,-0.009945750452
2017-01-12,11.06,11.06,0,0.0100456621
2017-01-13,11.06,11.06,0,0
2017-01-16,10.89,10.89,0,-0.01537070524
2017-01-17,10.93,10.93,0,0.003673094582
2017-01-18,11.01,11.01,0,0.007319304666
2017-01-19,11.1,11.1,0,0.008174386921
2017-01-20,11.06,11.06,0,-0.003603603604
2017-01-23,11.11,11.11,0,0.00452079566
2017-01-24,11.15,11.15,0,0.003600360036
2017-02-02,11.15,11.15,0,0
2017-02-03,11.31,11.31,0,0.01434977578
2017-02-06,11.44,11.44,0,0.01149425287
2017-02-07,11.46,11.46,0,0.001748251748
2017-02-08,11.58,11.58,0,0.01047120419
2017-02-09,11.71,11.71,0,0.01122625216
2017-02-10,11.72,11.72,0,0.000853970965
2017-02-13,11.66,11.66,0,-0.005119453925
2017-02-14,11.64,11.64,0,-0.001715265866
2017-02-15,11.73,11.73,0,0.007731958763
2017-02-16,11.75,11.75,0,0.001705029838
2017-02-17,11.82,11.82,0,0.005957446809
2017-02-18,12.1,12.1,0,0.02368866328
2017-02-20,11.97,11.97,0,-0.01074380165
2017-02-21,11.82,11.82,0,-0.01253132832
2017-02-22,11.9,11.9,0,0.006768189509
2017-02-23,12.01,12.01,0,0.009243697479
2017-02-24,11.94,11.94,0,-0.00582847627
2017-03-01,11.81,11.81,0,-0.01088777219
2017-03-02,11.78,11.78,0,-0.002540220152
2017-03-03,11.78,11.78,0,0
2017-03-06,11.9,11.9,0,0.01018675722
2017-03-07,11.99,11.99,0,0.00756302521
2017-03-08,11.92,11.92,0,-0.005838198499
2017-03-09,11.83,11.83,0,-0.00755033557
2017-03-10,11.8,11.8,0,-0.002535925613
2017-03-13,11.88,11.88,0,0.006779661017
2017-03-14,11.88,11.88,0,0
2017-03-15,11.93,11.93,0,0.004208754209
2017-03-16,11.88,11.88,0,-0.004191114837
2017-03-17,12,12,0,0.0101010101
2017-03-20,12.09,12.09,0,0.0075
2017-03-21,12.03,12.03,0,-0.004962779156
2017-03-22,12.06,12.06,0,0.002493765586
2017-03-23,12.09,12.09,0,0.002487562189
2017-03-24,12.06,12.06,0,-0.002481389578
2017-03-27,12.05,12.05,0,-0.0008291873964
2017-03-28,11.91,11.91,0,-0.01161825726
2017-03-29,11.93,11.93,0,0.001679261125
2017-03-30,11.97,11.97,0,0.003352891869
2017-03-31,11.96,11.96,0,-0.0008354218881
2017-04-05,12.05,12.05,0,0.007525083612
2017-04-06,12.03,12.03,0,-0.001659751037
2017-04-07,12.03,12.03,0,0
2017-04-11,11.9,11.9,0,-0.01080631754
2017-04-12,11.79,11.79,0,-0.009243697479
2017-04-13,11.73,11.73,0,-0.005089058524
2017-04-14,11.51,11.51,0,-0.01875532822
2017-04-17,11.42,11.42,0,-0.007819287576
2017-04-18,11.5,11.5,0,0.00700525394
2017-04-19,11.44,11.44,0,-0.005217391304
2017-04-20,11.39,11.39,0,-0.004370629371
2017-04-21,11.5,11.5,0,0.009657594381
2017-04-24,11.38,11.38,0,-0.01043478261
2017-04-25,11.51,11.51,0,0.01142355009
2017-04-26,11.59,11.59,0,0.006950477845
2017-04-27,11.56,11.56,0,-0.002588438309
2017-04-28,11.59,11.59,0,0.002595155709
2017-05-02,11.68,11.68,0,0.007765314927
2017-05-03,11.65,11.65,0,-0.002568493151
2017-05-04,11.69,11.69,0,0.003433476395
2017-05-05,11.59,11.59,0,-0.008554319932
2017-05-08,11.53,11.53,0,-0.005176876618
2017-05-09,11.35,11.35,0,-0.0156114484
2017-05-10,11.45,11.45,0,0.008810572687
2017-05-11,11.48,11.48,0,0.002620087336
2017-05-12,11.55,11.55,0,0.006097560976
2017-05-15,11.7,11.7,0,0.01298701299
2017-05-16,11.62,11.62,0,-0.006837606838
2017-05-17,11.52,11.52,0,-0.008605851979
2017-05-18,11.52,11.52,0,0
2017-05-19,11.55,11.55,0,0.002604166667
2017-05-22,11.57,11.57,0,0.001731601732
2017-05-23,11.6,11.6,0,0.002592912705
2017-05-24,11.78,11.78,0,0.01551724138
2017-05-25,11.87,11.87,0,0.007640067912
2017-05-26,11.82,11.82,0,-0.004212299916
2017-05-31,11.82,11.82,0,0
2017-06-01,11.87,11.87,0,0.004230118443
2017-06-02,12,12,0,0.01095197978
2017-06-03,12.1,12.1,0,0.008333333333
2017-06-05,12.23,12.23,0,0.01074380165
2017-06-06,12.28,12.28,0,0.004088307441
2017-06-07,12.32,12.32,0,0.00325732899
2017-06-08,12.38,12.38,0,0.00487012987
2017-06-09,12.36,12.36,0,-0.001615508885
2017-06-12,12.22,12.22,0,-0.01132686084
2017-06-13,12.24,12.24,0,0.001636661211
2017-06-14,12.01,12.01,0,-0.01879084967
2017-06-15,11.97,11.97,0,-0.003330557868
2017-06-16,12.1,12.1,0,0.01086048454
2017-06-19,12.19,12.19,0,0.007438016529
2017-06-20,12.21,12.21,0,0.001640689089
2017-06-21,12.18,12.18,0,-0.002457002457
2017-06-22,12.27,12.27,0,0.007389162562
2017-06-23,12.24,12.24,0,-0.002444987775
2017-06-26,12.4,12.4,0,0.01307189542
2017-06-27,12.45,12.45,0,0.004032258065
2017-06-28,12.29,12.29,0,-0.01285140562
2017-06-29,12.29,12.29,0,0
2017-06-30,12.31,12.31,0,0.0016273393
2017-07-03,12.3,12.3,0,-0.0008123476848
2017-07-04,12.32,12.32,0,0.00162601626
2017-07-05,12.19,12.19,0,-0.01055194805
2017-07-06,12.28,12.28,0,0.007383100902
2017-07-07,12.26,12.26,0,-0.001628664495
2017-07-10,12.27,12.27,0,0.0008156606852
2017-07-11,12.35,12.35,0,0.0065199674
2017-07-12,12.54,12.54,0,0.01538461538
2017-07-13,12.67,12.67,0,0.01036682616
2017-07-14,12.85,12.85,0,0.01420678769
2017-07-17,13.03,13.03,0,0.0140077821
2017-07-18,13.12,13.12,0,0.006907137375
2017-07-19,13.23,13.23,0,0.008384146341
2017-07-20,13.17,13.17,0,-0.004535147392
2017-07-21,13.14,13.14,0,-0.002277904328
2017-07-24,13.15,13.15,0,0.0007610350076
2017-07-25,13.25,13.25,0,0.007604562738
2017-07-26,13.35,13.35,0,0.007547169811
2017-07-27,13.37,13.37,0,0.001498127341
2017-07-28,13.25,13.25,0,-0.008975317876
2017-07-31,13.2,13.2,0,-0.003773584906
2017-08-01,13.22,13.22,0,0.001515151515
2017-08-02,13.3,13.3,0,0.006051437216
2017-08-03,13.25,13.25,0,-0.003759398496
2017-08-04,13.37,13.37,0,0.009056603774
2017-08-07,13.35,13.35,0,-0.001495886313
2017-08-08,13.32,13.32,0,-0.002247191011
2017-08-09,13.07,13.07,0,-0.01876876877
2017-08-10,12.8,12.8,0,-0.02065799541
2017-08-11,12.82,12.82,0,0.0015625
2017-08-14,12.57,12.57,0,-0.01950078003
2017-08-15,12.86,12.86,0,0.0230708035
2017-08-16,12.85,12.85,0,-0.0007776049767
2017-08-17,12.98,12.98,0,0.01011673152
2017-08-18,12.92,12.92,0,-0.004622496148
2017-08-21,13,13,0,0.006191950464
2017-08-22,13.13,13.13,0,0.01
2017-08-23,13.16,13.16,0,0.002284843869
2017-08-24,13.21,13.21,0,0.003799392097
2017-08-25,13.25,13.25,0,0.003028009084
2017-08-28,13.3,13.3,0,0.003773584906
2017-08-29,13.3,13.3,0,0
2017-08-30,13.32,13.32,0,0.001503759398
2017-08-31,13.41,13.41,0,0.006756756757
2017-09-01,13.48,13.48,0,0.005219985086
2017-09-04,13.43,13.43,0,-0.003709198813
2017-09-05,13.56,13.56,0,0.009679821296
2017-09-06,13.54,13.54,0,-0.001474926254
2017-09-07,13.4,13.4,0,-0.01033973412
2017-09-08,13.5,13.5,0,0.007462686567
2017-09-11,13.46,13.46,0,-0.002962962963
2017-09-12,13.48,13.48,0,0.001485884101
2017-09-13,13.55,13.55,0,0.005192878338
2017-09-14,13.73,13.73,0,0.01328413284
2017-09-15,13.75,13.75,0,0.001456664239
2017-09-18,13.89,13.89,0,0.01018181818
2017-09-19,13.85,13.85,0,-0.002879769618
2017-09-20,13.7,13.7,0,-0.01083032491
2017-09-21,13.81,13.81,0,0.00802919708
2017-09-22,13.76,13.76,0,-0.003620564808
2017-09-25,13.6,13.6,0,-0.01162790698
2017-09-26,13.41,13.41,0,-0.01397058824
2017-09-27,13.5,13.5,0,0.006711409396
2017-09-28,13.49,13.49,0,-0.0007407407407
2017-09-29,13.36,13.36,0,-0.009636767976
2017-09-30,13.49,13.49,0,0.009730538922
2017-10-02,13.7,13.7,0,0.01556708673
2017-10-03,13.88,13.88,0,0.01313868613
2017-10-05,13.92,13.92,0,0.00288184438
2017-10-06,13.86,13.86,0,-0.004310344828
2017-10-11,13.8,13.8,0,-0.004329004329
2017-10-12,14.11,14.11,0,0.02246376812
2017-10-13,14.1,14.1,0,-0.0007087172218
2017-10-16,14.07,14.07,0,-0.002127659574
2017-10-17,14.05,14.05,0,-0.001421464108
2017-10-18,13.91,13.91,0,-0.009964412811
2017-10-19,14.15,14.15,0,0.01725377426
2017-10-20,14.18,14.18,0,0.002120141343
2017-10-23,14.16,14.16,0,-0.001410437236
2017-10-24,14.26,14.26,0,0.007062146893
2017-10-25,14.22,14.22,0,-0.002805049088
2017-10-26,14.23,14.23,0,0.0007032348805
2017-10-27,13.97,13.97,0,-0.01827125791
2017-10-30,13.78,13.78,0,-0.01360057266
2017-10-31,14.1,14.1,0,0.02322206096
2017-11-01,14.33,14.33,0,0.01631205674
2017-11-02,14.4,14.4,0,0.004884856943
2017-11-03,14.42,14.42,0,0.001388888889
2017-11-06,14.34,14.34,0,-0.005547850208
2017-11-07,14.37,14.37,0,0.002092050209
2017-11-08,14.51,14.51,0,0.009742519137
2017-11-09,14.44,14.44,0,-0.004824259132
2017-11-10,14.48,14.48,0,0.002770083102
2017-11-13,14.48,14.48,0,0
2017-11-14,14.54,14.54,0,0.004143646409
2017-11-15,14.54,14.54,0,0
2017-11-16,14.7,14.7,0,0.01100412655
2017-11-17,14.95,14.95,0,0.01700680272
2017-11-20,14.9,14.9,0,-0.003344481605
2017-11-21,15.15,15.15,0,0.01677852349
2017-11-22,15.2,15.2,0,0.003300330033
2017-11-23,14.77,14.77,0.35,-0.005263157895
2017-11-24,14.78,14.78,0,0.0006770480704
2017-11-27,14.85,14.85,0,0.004736129905
2017-11-28,14.84,14.84,0,-0.0006734006734
2017-11-29,15,15,0,0.01078167116
2017-11-30,14.9,14.9,0,-0.006666666667
2017-12-01,14.79,14.79,0,-0.007382550336
2017-12-04,14.76,14.76,0,-0.002028397566
2017-12-05,14.3,14.3,0,-0.03116531165
2017-12-06,14.07,14.07,0,-0.01608391608
2017-12-07,13.87,13.87,0,-0.01421464108
2017-12-08,14.08,14.08,0,0.0151405912
2017-12-11,14.51,14.51,0,0.03053977273
2017-12-12,14.62,14.62,0,0.007580978635
2017-12-13,14.55,14.55,0,-0.004787961696
2017-12-14,14.5,14.5,0,-0.003436426117
2017-12-15,14.4,14.4,0,-0.006896551724
2017-12-18,14.43,14.43,0,0.002083333333
2017-12-19,14.59,14.59,0,0.01108801109
2017-12-20,14.61,14.61,0,0.001370801919
2017-12-21,14.71,14.71,0,0.006844626968
2017-12-22,14.68,14.68,0,-0.00203942896
2017-12-25,14.63,14.63,0,-0.00340599455
2017-12-26,14.25,14.25,0,-0.02597402597
2017-12-27,14.25,14.25,0,0
2017-12-28,14.55,14.55,0,0.02105263158
2017-12-29,14.55,14.55,0,0
2018-01-02,14.6,14.6,0,0.003436426117
2018-01-03,14.92,14.92,0,0.02191780822
2018-01-04,15.02,15.02,0,0.006702412869
2018-01-05,15.08,15.08,0,0.003994673768
2018-01-08,15,15,0,-0.005305039788
2018-01-09,14.85,14.85,0,-0.01
2018-01-10,14.7,14.7,0,-0.0101010101
2018-01-11,14.66,14.66,0,-0.002721088435
2018-01-12,14.72,14.72,0,0.004092769441
2018-01-15,14.71,14.71,0,-0.0006793478261
2018-01-16,14.87,14.87,0,0.01087695445
2018-01-17,14.97,14.97,0,0.006724949563
2018-01-18,15.02,15.02,0,0.00334001336
2018-01-19,14.98,14.98,0,-0.002663115846
2018-01-22,15.15,15.15,0,0.01134846462
2018-01-23,15.11,15.11,0,-0.002640264026
2018-01-24,14.97,14.97,0,-0.009265387161
2018-01-25,14.9,14.9,0,-0.004676018704
2018-01-26,14.78,14.78,0,-0.008053691275
2018-01-29,14.91,14.91,0,0.008795669824
2018-01-30,14.91,14.91,0,0
2018-01-31,14.92,14.92,0,0.0006706908115
2018-02-01,14.88,14.88,0,-0.002680965147
2018-02-02,14.81,14.81,0,-0.004704301075
2018-02-05,14.48,14.48,0,-0.02228224173
2018-02-06,13.55,13.55,0,-0.06422651934
2018-02-07,14,14,0,0.0332103321
2018-02-08,13.73,13.73,0,-0.01928571429
2018-02-09,13.7,13.7,0,-0.002184996358
2018-02-12,13.73,13.73,0,0.002189781022
2018-02-21,14.1,14.1,0,0.02694828842
2018-02-22,14.14,14.14,0,0.002836879433
2018-02-23,14.34,14.34,0,0.01414427157
2018-02-26,14.36,14.36,0,0.001394700139
2018-02-27,14.37,14.37,0,0.0006963788301
2018-03-01,14.3,14.3,0,-0.004871259569
2018-03-02,14.16,14.16,0,-0.00979020979
2018-03-05,14,14,0,-0.01129943503
2018-03-06,14.08,14.08,0,0.005714285714
2018-03-07,14.21,14.21,0,0.009232954545
2018-03-08,14.42,14.42,0,0.01477832512
2018-03-09,14.44,14.44,0,0.001386962552
2018-03-12,14.7,14.7,0,0.01800554017
2018-03-13,14.93,14.93,0,0.0156462585
2018-03-14,14.95,14.95,0,0.001339584729
2018-03-15,14.95,14.95,0,0
2018-03-16,14.95,14.95,0,0
2018-03-19,15.08,15.08,0,0.008695652174
2018-03-20,14.85,14.85,0,-0.01525198939
2018-03-21,14.93,14.93,0,0.005387205387
2018-03-22,14.85,14.85,0,-0.005358338915
2018-03-23,14.45,14.45,0,-0.02693602694
2018-03-26,14.54,14.54,0,0.006228373702
2018-03-27,14.77,14.77,0,0.01581843191
2018-03-28,14.62,14.62,0,-0.01015572106
2018-03-29,14.75,14.75,0,0.008891928865
2018-03-30,14.95,14.95,0,0.01355932203
2018-03-31,14.97,14.97,0,0.001337792642
2018-04-02,14.72,14.72,0,-0.0167000668
2018-04-03,14.56,14.56,0,-0.01086956522
2018-04-09,14.56,14.56,0,0
2018-04-10,14.57,14.57,0,0.0006868131868
2018-04-11,14.62,14.62,0,0.003431708991
2018-04-12,14.55,14.55,0,-0.004787961696
2018-04-13,14.69,14.69,0,0.009621993127
2018-04-16,14.78,14.78,0,0.006126616746
2018-04-17,14.5,14.5,0,-0.01894451962
2018-04-18,14.45,14.45,0,-0.003448275862
2018-04-19,14.52,14.52,0,0.004844290657
2018-04-20,14.41,14.41,0,-0.007575757576
2018-04-23,14.16,14.16,0,-0.01734906315
2018-04-24,13.59,13.59,0,-0.04025423729
2018-04-25,13.5,13.5,0,-0.006622516556
2018-04-26,13.19,13.19,0,-0.02296296296
2018-04-27,13.26,13.26,0,0.005307050796
2018-04-30,13.44,13.44,0,0.01357466063
2018-05-02,13.54,13.54,0,0.00744047619
2018-05-03,13.5,13.5,0,-0.002954209749
2018-05-04,13.35,13.35,0,-0.01111111111
2018-05-07,13.41,13.41,0,0.004494382022
2018-05-08,13.51,13.51,0,0.007457121551
2018-05-09,13.58,13.58,0,0.00518134715
2018-05-10,13.71,13.71,0,0.009572901325
2018-05-11,13.95,13.95,0,0.01750547046
2018-05-14,14.34,14.34,0,0.02795698925
2018-05-15,14.23,14.23,0,-0.007670850767
2018-05-16,14.26,14.26,0,0.002108222066
2018-05-17,14.22,14.22,0,-0.002805049088
2018-05-18,14.18,14.18,0,-0.002812939522
2018-05-21,14.25,14.25,0,0.004936530324
2018-05-22,14.26,14.26,0,0.000701754386
2018-05-23,14.13,14.13,0,-0.009116409537
2018-05-24,14.24,14.24,0,0.007784854919
2018-05-25,14.41,14.41,0,0.01193820225
2018-05-28,14.63,14.63,0,0.01526717557
2018-05-29,14.5,14.5,0,-0.008885850991
2018-05-30,14.43,14.43,0,-0.004827586207
2018-05-31,14.52,14.52,0,0.006237006237
2018-06-01,14.52,14.52,0,0
2018-06-04,14.7,14.7,0,0.01239669421
2018-06-05,14.61,14.61,0,-0.00612244898
2018-06-06,14.8,14.8,0,0.01300479124
2018-06-07,14.8,14.8,0,0
2018-06-08,14.46,14.46,0,-0.02297297297
2018-06-11,14.53,14.53,0,0.004840940526
2018-06-12,14.66,14.66,0,0.008947006194
2018-06-13,14.51,14.51,0,-0.0102319236
2018-06-14,14.49,14.49,0,-0.001378359752
2018-06-15,14.48,14.48,0,-0.0006901311249
2018-06-19,14.18,14.18,0,-0.02071823204
2018-06-20,14.01,14.01,0,-0.0119887165
2018-06-21,14.29,14.29,0,0.01998572448
2018-06-22,14,14,0,-0.02029391183
2018-06-25,13.95,13.95,0,-0.003571428571
2018-06-26,13.92,13.92,0,-0.002150537634
2018-06-27,14.02,14.02,0,0.007183908046
2018-06-28,13.77,13.77,0,-0.01783166904
2018-06-29,13.92,13.92,0,0.01089324619
2018-07-02,13.93,13.93,0,0.0007183908046
2018-07-03,13.6,13.6,0,-0.02368987796
2018-07-04,13.48,13.48,0,-0.008823529412
2018-07-05,13.24,13.24,0,-0.0178041543
2018-07-06,13.36,13.36,0,0.009063444109
2018-07-09,13.5,13.5,0,0.01047904192
2018-07-10,13.75,13.75,0,0.01851851852
2018-07-11,13.63,13.63,0,-0.008727272727
2018-07-12,13.8,13.8,0,0.01247248716
2018-07-13,14.14,14.14,0,0.02463768116
2018-07-16,14.2,14.2,0,0.004243281471
2018-07-17,14.11,14.11,0,-0.006338028169
2018-07-18,14.05,14.05,0,-0.004252303331
2018-07-19,14.1,14.1,0,0.003558718861
2018-07-20,14.09,14.09,0,-0.0007092198582
2018-07-23,13.65,13.65,0,-0.03122782115
2018-07-24,13.92,13.92,0,0.01978021978
2018-07-25,13.96,13.96,0,0.002873563218
2018-07-26,14.09,14.09,0,0.009312320917
2018-07-27,14.11,14.11,0,0.001419446416
2018-07-30,13.9,13.9,0,-0.01488306166
2018-07-31,13.94,13.94,0,0.002877697842
2018-08-01,13.97,13.97,0,0.002152080344
2018-08-02,13.77,13.77,0,-0.01431639227
2018-08-03,13.93,13.93,0,0.0116194626
2018-08-06,14.04,14.04,0,0.007896625987
2018-08-07,14.18,14.18,0,0.009971509972
2018-08-08,14.1,14.1,0,-0.005641748942
2018-08-09,14,14,0,-0.007092198582
2018-08-10,13.97,13.97,0,-0.002142857143
2018-08-13,13.66,13.66,0,-0.02219040802
2018-08-14,13.6,13.6,0,-0.00439238653
2018-08-15,13.39,13.39,0,-0.01544117647
2018-08-16,13.16,13.16,0,-0.01717699776
2018-08-17,13.14,13.14,0,-0.001519756839
2018-08-20,12.95,12.95,0,-0.01445966514
2018-08-21,13.11,13.11,0,0.01235521236
2018-08-22,13.09,13.09,0,-0.001525553013
2018-08-23,13.04,13.04,0,-0.003819709702
2018-08-24,12.95,12.95,0,-0.006901840491
2018-08-27,13.06,13.06,0,0.008494208494
2018-08-28,13.18,13.18,0,0.009188361409
2018-08-29,13.25,13.25,0,0.00531107739
2018-08-30,13.32,13.32,0,0.005283018868
2018-08-31,13.36,13.36,0,0.003003003003
2018-09-03,13.12,13.12,0,-0.01796407186
2018-09-04,13.25,13.25,0,0.009908536585
2018-09-05,13.22,13.22,0,-0.002264150943
2018-09-06,13.22,13.22,0,0
2018-09-07,13.02,13.02,0,-0.01512859304
2018-09-10,12.52,12.52,0,-0.03840245776
2018-09-11,12.61,12.61,0,0.007188498403
2018-09-12,12.57,12.57,0,-0.003172085646
2018-09-13,12.68,12.68,0,0.008750994431
2018-09-14,12.34,12.34,0,-0.02681388013
2018-09-17,12.27,12.27,0,-0.0056726094
2018-09-18,12.18,12.18,0,-0.007334963325
2018-09-19,12.1,12.1,0,-0.006568144499
2018-09-20,11.99,11.99,0,-0.009090909091
2018-09-21,12.33,12.33,0,0.02835696414
2018-09-25,12.35,12.35,0,0.001622060016
2018-09-26,12.28,12.28,0,-0.005668016194
2018-09-27,12.2,12.2,0,-0.00651465798
2018-09-28,12.19,12.19,0,-0.0008196721311
2018-10-01,12.29,12.29,0,0.008203445447
2018-10-02,12.18,12.18,0,-0.008950366151
2018-10-03,11.96,11.96,0,-0.01806239737
2018-10-04,11.85,11.85,0,-0.009197324415
2018-10-05,11.48,11.48,0,-0.03122362869
2018-10-08,11.36,11.36,0,-0.01045296167
2018-10-09,11.2,11.2,0,-0.01408450704
2018-10-11,10.8,10.8,0,-0.03571428571
2018-10-12,10.99,10.99,0,0.01759259259
2018-10-15,10.42,10.42,0,-0.05186533212
2018-10-16,10.5,10.5,0,0.007677543186
2018-10-17,10.42,10.42,0,-0.007619047619
2018-10-18,10.38,10.38,0,-0.003838771593
2018-10-19,10.28,10.28,0,-0.009633911368
2018-10-22,10.42,10.42,0,0.01361867704
2018-10-23,10.26,10.26,0,-0.01535508637
2018-10-24,10.21,10.21,0,-0.004873294347
2018-10-25,10.1,10.1,0,-0.01077375122
2018-10-26,9.79,9.79,0,-0.03069306931
2018-10-29,9.9,9.9,0,0.01123595506
2018-10-30,9.57,9.57,0,-0.03333333333
2018-10-31,9.8,9.8,0,0.02403343783
2018-11-01,10.24,10.24,0,0.04489795918
2018-11-02,10.45,10.45,0,0.0205078125
2018-11-05,10.48,10.48,0,0.002870813397
2018-11-06,10.3,10.3,0,-0.01717557252
2018-11-07,10.48,10.48,0,0.01747572816
2018-11-08,10.5,10.5,0,0.001908396947
2018-11-09,10.41,10.41,0,-0.008571428571
2018-11-12,10.42,10.42,0,0.0009606147935
2018-11-13,10.33,10.33,0,-0.008637236084
2018-11-14,10.39,10.39,0,0.005808325266
2018-11-15,10.44,10.44,0,0.004812319538
2018-11-16,10.49,10.49,0,0.004789272031
2018-11-19,10.52,10.52,0,0.00285986654
2018-11-20,10.48,10.48,0,-0.003802281369
2018-11-21,10.77,10.77,0,0.02767175573
2018-11-22,10.4,10.4,0.3,-0.006499535747
2018-11-23,10.3,10.3,0,-0.009615384615
2018-11-26,10.39,10.39,0,0.008737864078
2018-11-27,10.76,10.76,0,0.03561116458
2018-11-28,11.1,11.1,0,0.03159851301
2018-11-29,11.24,11.24,0,0.01261261261
2018-11-30,11.31,11.31,0,0.006227758007
2018-12-03,11.71,11.71,0,0.03536693192
2018-12-04,11.69,11.69,0,-0.00170794193
2018-12-05,11.28,11.28,0,-0.03507271172
2018-12-06,11.08,11.08,0,-0.01773049645
2018-12-07,11.03,11.03,0,-0.004512635379
2018-12-10,10.85,10.85,0,-0.01631912965
2018-12-11,10.94,10.94,0,0.008294930876
2018-12-12,11.12,11.12,0,0.01645338208
2018-12-13,11.18,11.18,0,0.005395683453
2018-12-14,11.05,11.05,0,-0.01162790698
2018-12-17,11.11,11.11,0,0.005429864253
2018-12-18,10.99,10.99,0,-0.01080108011
2018-12-19,10.98,10.98,0,-0.0009099181074
2018-12-20,10.7,10.7,0,-0.02550091075
2018-12-21,10.8,10.8,0,0.009345794393
2018-12-22,10.72,10.72,0,-0.007407407407
2018-12-24,10.76,10.76,0,0.003731343284
2018-12-25,10.57,10.57,0,-0.01765799257
2018-12-26,10.56,10.56,0,-0.0009460737938
2018-12-27,10.79,10.79,0,0.02178030303
2018-12-28,10.74,10.74,0,-0.004633920297
2019-01-02,10.77,10.77,0,0.002793296089
2019-01-03,10.69,10.69,0,-0.007428040854
2019-01-04,10.69,10.69,0,0
2019-01-07,10.77,10.77,0,0.00748362956
2019-01-08,10.77,10.77,0,0
2019-01-09,10.84,10.84,0,0.006499535747
2019-01-10,10.82,10.82,0,-0.00184501845
2019-01-11,10.83,10.83,0,0.0009242144177
2019-01-14,10.72,10.72,0,-0.01015697138
2019-01-15,10.87,10.87,0,0.01399253731
2019-01-16,10.91,10.91,0,0.003679852806
2019-01-17,10.88,10.88,0,-0.002749770852
2019-01-18,10.94,10.94,0,0.005514705882
2019-01-21,11.03,11.03,0,0.008226691042
2019-01-22,10.95,10.95,0,-0.00725294651
2019-01-23,10.96,10.96,0,0.0009132420091
2019-01-24,11.07,11.07,0,0.01003649635
2019-01-25,11.2,11.2,0,0.01174345077
2019-01-28,11.26,11.26,0,0.005357142857
2019-01-29,11.16,11.16,0,-0.008880994671
2019-01-30,11.21,11.21,0,0.004480286738
2019-02-11,11.4,11.4,0,0.01694915254
2019-02-12,11.6,11.6,0,0.01754385965
2019-02-13,11.77,11.77,0,0.01465517241
2019-02-14,11.9,11.9,0,0.01104502974
2019-02-15,11.84,11.84,0,-0.005042016807
2019-02-18,11.88,11.88,0,0.003378378378
2019-02-19,11.89,11.89,0,0.0008417508418
2019-02-20,12.04,12.04,0,0.0126156434
2019-02-21,12.03,12.03,0,-0.0008305647841
2019-02-22,11.95,11.95,0,-0.006650041563
2019-02-25,12.08,12.08,0,0.01087866109
2019-02-26,12.13,12.13,0,0.004139072848
2019-02-27,12.09,12.09,0,-0.003297609233
2019-03-04,12.15,12.15,0,0.004962779156
2019-03-05,12.14,12.14,0,-0.0008230452675
2019-03-06,12.16,12.16,0,0.001647446458
2019-03-07,11.8,11.8,0,-0.02960526316
2019-03-08,11.8,11.8,0,0
2019-03-11,11.86,11.86,0,0.005084745763
2019-03-12,11.95,11.95,0,0.007588532884
2019-03-13,11.89,11.89,0,-0.005020920502
2019-03-14,11.89,11.89,0,0
2019-03-15,12.01,12.01,0,0.01009251472
2019-03-18,12.06,12.06,0,0.004163197336
2019-03-19,12.08,12.08,0,0.001658374793
2019-03-20,12.1,12.1,0,0.001655629139
2019-03-21,12.24,12.24,0,0.01157024793
2019-03-22,12.25,12.25,0,0.0008169934641
2019-03-25,12.06,12.06,0,-0.01551020408
2019-03-26,12.17,12.17,0,0.00912106136
2019-03-27,12.2,12.2,0,0.002465078061
2019-03-28,12.22,12.22,0,0.001639344262
2019-03-29,12.32,12.32,0,0.008183306056
2019-04-01,12.46,12.46,0,0.01136363636
2019-04-02,12.56,12.56,0,0.008025682183
2019-04-03,12.71,12.71,0,0.01194267516
2019-04-08,12.87,12.87,0,0.01258851298
2019-04-09,12.89,12.89,0,0.001554001554
2019-04-10,12.89,12.89,0,0
2019-04-11,12.82,12.82,0,-0.00543056633
2019-04-12,12.71,12.71,0,-0.008580343214
2019-04-15,12.81,12.81,0,0.007867820614
2019-04-16,12.89,12.89,0,0.006245120999
2019-04-17,13,13,0,0.008533747091
2019-04-18,13,13,0,0
2019-04-19,13.06,13.06,0,0.004615384615
2019-04-22,13.14,13.14,0,0.006125574273
2019-04-23,13.09,13.09,0,-0.003805175038
2019-04-24,13.2,13.2,0,0.008403361345
2019-04-25,13.19,13.19,0,-0.0007575757576
2019-04-26,12.92,12.92,0,-0.02047005307
2019-04-29,12.69,12.69,0,-0.01780185759
2019-04-30,12.7,12.7,0,0.0007880220646
2019-05-02,12.82,12.82,0,0.009448818898
2019-05-03,12.89,12.89,0,0.005460218409
2019-05-06,12.61,12.61,0,-0.02172226532
2019-05-07,12.82,12.82,0,0.01665344964
2019-05-08,12.82,12.82,0,0
2019-05-09,12.53,12.53,0,-0.02262090484
2019-05-10,12.48,12.48,0,-0.003990422985
2019-05-13,12.38,12.38,0,-0.008012820513
2019-05-14,12.29,12.29,0,-0.007269789984
2019-05-15,12.36,12.36,0,0.005695687551
2019-05-16,12.24,12.24,0,-0.009708737864
2019-05-17,12.01,12.01,0,-0.01879084967
2019-05-20,11.78,11.78,0,-0.01915070774
2019-05-21,11.89,11.89,0,0.009337860781
2019-05-22,11.85,11.85,0,-0.003364171573
2019-05-23,11.73,11.73,0,-0.01012658228
2019-05-24,11.62,11.62,0,-0.009377664109
2019-05-27,11.53,11.53,0,-0.007745266781
2019-05-28,11.57,11.57,0,0.003469210755
2019-05-29,11.51,11.51,0,-0.005185825411
2019-05-30,11.6,11.6,0,0.007819287576
2019-05-31,11.94,11.94,0,0.02931034483
2019-06-03,11.84,11.84,0,-0.00837520938
2019-06-04,11.7,11.7,0,-0.01182432432
2019-06-05,11.75,11.75,0,0.004273504274
2019-06-06,11.52,11.52,0,-0.01957446809
2019-06-10,11.76,11.76,0,0.02083333333
2019-06-11,11.93,11.93,0,0.01445578231
2019-06-12,11.95,11.95,0,0.001676445935
2019-06-13,11.94,11.94,0,-0.0008368200837
2019-06-14,11.85,11.85,0,-0.007537688442
2019-06-17,11.93,11.93,0,0.006751054852
2019-06-18,11.89,11.89,0,-0.003352891869
2019-06-19,12.15,12.15,0,0.02186711522
2019-06-20,12.22,12.22,0,0.005761316872
2019-06-21,12.11,12.11,0,-0.009001636661
2019-06-24,12.21,12.21,0,0.008257638315
2019-06-25,12.02,12.02,0,-0.01556101556
2019-06-26,12.08,12.08,0,0.004991680532
2019-06-27,12.21,12.21,0,0.0107615894
2019-06-28,12.23,12.23,0,0.001638001638
2019-07-01,12.69,12.69,0,0.03761242845
2019-07-02,12.75,12.75,0,0.004728132388
2019-07-03,12.58,12.58,0,-0.01333333333
2019-07-04,12.64,12.64,0,0.004769475358
2019-07-05,12.63,12.63,0,-0.0007911392405
2019-07-08,12.71,12.71,0,0.006334125099
2019-07-09,12.69,12.69,0,-0.001573564123
2019-07-10,12.7,12.7,0,0.0007880220646
2019-07-11,12.88,12.88,0,0.01417322835
2019-07-12,12.82,12.82,0,-0.004658385093
2019-07-15,12.97,12.97,0,0.01170046802
2019-07-16,13.02,13.02,0,0.003855050116
2019-07-17,12.85,12.85,0,-0.01305683564
2019-07-18,12.8,12.8,0,-0.003891050584
2019-07-19,12.94,12.94,0,0.0109375
2019-07-22,13.07,13.07,0,0.01004636785
2019-07-23,13.28,13.28,0,0.01606732976
2019-07-24,13.31,13.31,0,0.002259036145
2019-07-25,13.39,13.39,0,0.006010518407
2019-07-26,13.35,13.35,0,-0.002987303958
2019-07-29,13.42,13.42,0,0.005243445693
2019-07-30,13.11,13.11,0,-0.02309985097
2019-07-31,13.04,13.04,0,-0.005339435545
2019-08-01,13.05,13.05,0,0.0007668711656
2019-08-02,12.82,12.82,0,-0.01762452107
2019-08-05,12.69,12.69,0,-0.01014040562
2019-08-06,12.68,12.68,0,-0.0007880220646
2019-08-07,12.76,12.76,0,0.006309148265
2019-08-08,12.87,12.87,0,0.008620689655
2019-08-12,12.9,12.9,0,0.002331002331
2019-08-13,12.8,12.8,0,-0.007751937984
2019-08-14,12.86,12.86,0,0.0046875
2019-08-15,12.64,12.64,0,-0.01710730949
2019-08-16,12.75,12.75,0,0.008702531646
2019-08-19,12.95,12.95,0,0.01568627451
2019-08-20,13.01,13.01,0,0.004633204633
2019-08-21,13,13,0,-0.0007686395081
2019-08-22,13.03,13.03,0,0.002307692308
2019-08-23,12.95,12.95,0,-0.006139677667
2019-08-26,12.8,12.8,0,-0.01158301158
2019-08-27,12.85,12.85,0,0.00390625
2019-08-28,12.8,12.8,0,-0.003891050584
2019-08-29,12.89,12.89,0,0.00703125
2019-08-30,12.93,12.93,0,0.00310318076
2019-09-02,13.03,13.03,0,0.007733952049
2019-09-03,13.01,13.01,0,-0.001534919417
2019-09-04,13.1,13.1,0,0.006917755573
2019-09-05,13.17,13.17,0,0.00534351145
2019-09-06,13.13,13.13,0,-0.003037205771
2019-09-09,13.11,13.11,0,-0.001523229246
2019-09-10,13.04,13.04,0,-0.005339435545
2019-09-11,13.06,13.06,0,0.001533742331
2019-09-12,13.11,13.11,0,0.00382848392
2019-09-16,13.12,13.12,0,0.0007627765065
2019-09-17,13.11,13.11,0,-0.000762195122
2019-09-18,13.24,13.24,0,0.009916094584
2019-09-19,13.29,13.29,0,0.003776435045
2019-09-20,13.34,13.34,0,0.003762227239
2019-09-23,13.44,13.44,0,0.007496251874
2019-09-24,13.38,13.38,0,-0.004464285714
2019-09-25,13.28,13.28,0,-0.007473841555
2019-09-26,13.26,13.26,0,-0.001506024096
2019-09-27,13.08,13.08,0,-0.01357466063
2019-10-01,13.17,13.17,0,0.006880733945
2019-10-02,13.3,13.3,0,0.009870918755
2019-10-03,13.3,13.3,0,0
2019-10-04,13.35,13.35,0,0.003759398496
2019-10-07,13.4,13.4,0,0.003745318352
2019-10-08,13.41,13.41,0,0.0007462686567
2019-10-09,13.33,13.33,0,-0.005965697241
2019-10-14,13.5,13.5,0,0.0127531883
2019-10-15,13.58,13.58,0,0.005925925926
2019-10-16,13.55,13.55,0,-0.002209131075
2019-10-17,13.67,13.67,0,0.008856088561
2019-10-18,13.75,13.75,0,0.005852231163
2019-10-21,13.82,13.82,0,0.005090909091
2019-10-22,13.8,13.8,0,-0.001447178003
2019-10-23,13.7,13.7,0,-0.007246376812
2019-10-24,13.87,13.87,0,0.01240875912
2019-10-25,13.9,13.9,0,0.002162941601
2019-10-28,14.11,14.11,0,0.01510791367
2019-10-29,14.06,14.06,0,-0.003543586109
2019-10-30,14.08,14.08,0,0.001422475107
2019-10-31,13.94,13.94,0,-0.009943181818
2019-11-01,13.98,13.98,0,0.002869440459
2019-11-04,14.2,14.2,0,0.01573676681
2019-11-05,14.35,14.35,0,0.01056338028
2019-11-06,14.26,14.26,0,-0.006271777003
2019-11-07,14.02,14.02,0,-0.01683029453
2019-11-08,13.97,13.97,0,-0.003566333809
2019-11-11,13.73,13.73,0,-0.01717967072
2019-11-12,13.81,13.81,0,0.005826656956
2019-11-13,13.84,13.84,0,0.002172338885
2019-11-14,13.78,13.78,0,-0.004335260116
2019-11-15,13.9,13.9,0,0.008708272859
2019-11-18,13.99,13.99,0,0.006474820144
2019-11-19,14.07,14.07,0,0.005718370264
2019-11-20,13.95,13.95,0,-0.008528784648
2019-11-21,13.95,13.95,0,0
2019-11-22,13.56,13.56,0.45,0.004301075269
2019-11-25,13.52,13.52,0,-0.002949852507
2019-11-26,13.65,13.65,0,0.009615384615
2019-11-27,13.72,13.72,0,0.005128205128
2019-11-28,13.71,13.71,0,-0.0007288629738
2019-11-29,13.6,13.6,0,-0.008023340627
2019-12-02,13.5,13.5,0,-0.007352941176
2019-12-03,13.52,13.52,0,0.001481481481
2019-12-04,13.52,13.52,0,0
2019-12-05,13.69,13.69,0,0.0125739645
2019-12-06,13.72,13.72,0,0.00219138057
2019-12-09,13.83,13.83,0,0.008017492711
2019-12-10,13.83,13.83,0,0
2019-12-11,13.84,13.84,0,0.000723065799
2019-12-12,13.91,13.91,0,0.005057803468
2019-12-13,13.88,13.88,0,-0.002156721783
2019-12-16,13.95,13.95,0,0.005043227666
2019-12-17,14.01,14.01,0,0.004301075269
2019-12-18,14,14,0,-0.0007137758744
2019-12-19,13.89,13.89,0,-0.007857142857
2019-12-20,13.82,13.82,0,-0.005039596832
2019-12-23,13.89,13.89,0,0.00506512301
2019-12-24,13.9,13.9,0,0.0007199424046
2019-12-25,14.02,14.02,0,0.008633093525
2019-12-26,14.08,14.08,0,0.004279600571
2019-12-27,14.16,14.16,0,0.005681818182
2019-12-30,14.16,14.16,0,0
2019-12-31,14.18,14.18,0,0.001412429379
2020-01-02,14.36,14.36,0,0.01269393512
2020-01-03,14.26,14.26,0,-0.006963788301
2020-01-06,14,14,0,-0.01823281907
2020-01-07,13.86,13.86,0,-0.01
2020-01-08,13.77,13.77,0,-0.006493506494
2020-01-09,13.9,13.9,0,0.009440813362
2020-01-10,13.88,13.88,0,-0.001438848921
2020-01-13,14.05,14.05,0,0.01224783862
2020-01-14,14.2,14.2,0,0.01067615658
2020-01-15,14.2,14.2,0,0
2020-01-16,14.17,14.17,0,-0.002112676056
2020-01-17,14.18,14.18,0,0.000705716302
2020-01-20,14.23,14.23,0,0.003526093089
2020-01-30,13.4,13.4,0,-0.05832747716
2020-01-31,13.48,13.48,0,0.005970149254
2020-02-03,13.21,13.21,0,-0.02002967359
2020-02-04,13.42,13.42,0,0.01589704769
2020-02-05,13.6,13.6,0,0.01341281669
2020-02-06,13.8,13.8,0,0.01470588235
2020-02-07,13.68,13.68,0,-0.008695652174
2020-02-10,13.55,13.55,0,-0.009502923977
2020-02-11,13.72,13.72,0,0.01254612546
2020-02-12,13.96,13.96,0,0.01749271137
2020-02-13,13.99,13.99,0,0.002148997135
2020-02-14,14.16,14.16,0,0.01215153681
2020-02-17,14.1,14.1,0,-0.004237288136
2020-02-18,14,14,0,-0.007092198582
2020-02-19,14.09,14.09,0,0.006428571429
2020-02-20,14.18,14.18,0,0.006387508872
2020-02-21,14.09,14.09,0,-0.00634696756
2020-02-24,14.01,14.01,0,-0.005677785664
2020-02-25,14.02,14.02,0,0.0007137758744
2020-02-26,13.84,13.84,0,-0.01283880171
2020-02-27,13.59,13.59,0,-0.01806358382
2020-03-02,13.54,13.54,0,-0.003679175865
2020-03-03,13.75,13.75,0,0.01550960118
2020-03-04,13.63,13.63,0,-0.008727272727
2020-03-05,13.94,13.94,0,0.02274394718
2020-03-06,13.75,13.75,0,-0.01362984218
2020-03-09,13.2,13.2,0,-0.04
2020-03-10,13.26,13.26,0,0.004545454545
2020-03-11,13.05,13.05,0,-0.01583710407
2020-03-12,12.17,12.17,0,-0.06743295019
2020-03-13,11.75,11.75,0,-0.03451109285
2020-03-16,11.14,11.14,0,-0.05191489362
2020-03-17,10.72,10.72,0,-0.03770197487
2020-03-18,10.53,10.53,0,-0.0177238806
2020-03-19,9.51,9.51,0,-0.09686609687
2020-03-20,10.46,10.46,0,0.09989484753
2020-03-23,10.45,10.45,0,-0.0009560229446
2020-03-24,10.8,10.8,0,0.03349282297
2020-03-25,11.02,11.02,0,0.02037037037
2020-03-26,11.22,11.22,0,0.01814882033
2020-03-27,11.26,11.26,0,0.003565062389
2020-03-30,11.23,11.23,0,-0.002664298401
2020-03-31,11.3,11.3,0,0.006233303651
2020-04-01,11.31,11.31,0,0.0008849557522
2020-04-06,11.7,11.7,0,0.03448275862
2020-04-07,12,12,0,0.02564102564
2020-04-08,12.24,12.24,0,0.02
2020-04-09,12.13,12.13,0,-0.008986928105
2020-04-10,12.13,12.13,0,0
2020-04-13,12.04,12.04,0,-0.007419620775
2020-04-14,12.34,12.34,0,0.02491694352
2020-04-15,12.45,12.45,0,0.008914100486
2020-04-16,12.53,12.53,0,0.006425702811
2020-04-17,12.5,12.5,0,-0.002394253791
2020-04-20,12.6,12.6,0,0.008
2020-04-21,12.26,12.26,0,-0.02698412698
2020-04-22,12.37,12.37,0,0.008972267537
2020-04-23,12.39,12.39,0,0.001616814875
2020-04-24,12.51,12.51,0,0.009685230024
2020-04-27,12.65,12.65,0,0.01119104716
2020-04-28,12.64,12.64,0,-0.000790513834
2020-04-29,12.83,12.83,0,0.01503164557
2020-04-30,13.02,13.02,0,0.01480904131
2020-05-04,13,13,0,-0.00153609831
2020-05-05,13.08,13.08,0,0.006153846154
2020-05-06,13.05,13.05,0,-0.002293577982
2020-05-07,13.21,13.21,0,0.0122605364
2020-05-08,13.42,13.42,0,0.01589704769
2020-05-11,13.48,13.48,0,0.004470938897
2020-05-12,13.36,13.36,0,-0.008902077151
2020-05-13,13.44,13.44,0,0.005988023952
2020-05-14,13.2,13.2,0,-0.01785714286
2020-05-15,13.25,13.25,0,0.003787878788
2020-05-18,13.04,13.04,0,-0.0158490566
2020-05-19,13.2,13.2,0,0.01226993865
2020-05-20,13.19,13.19,0,-0.0007575757576
2020-05-21,13.39,13.39,0,0.01516300227
2020-05-22,13.25,13.25,0,-0.01045556385
2020-05-25,13.47,13.47,0,0.01660377358
2020-05-26,13.53,13.53,0,0.004454342984
2020-05-27,13.49,13.49,0,-0.0029563932
2020-05-28,13.43,13.43,0,-0.004447739066
2020-05-29,13.52,13.52,0,0.006701414743
2020-06-01,13.75,13.75,0,0.01701183432
2020-06-02,13.78,13.78,0,0.002181818182
2020-06-03,13.94,13.94,0,0.01161103048
2020-06-04,14.09,14.09,0,0.01076040172
2020-06-05,14.09,14.09,0,0
2020-06-08,14.25,14.25,0,0.01135557133
2020-06-09,14.16,14.16,0,-0.006315789474
2020-06-10,14.28,14.28,0,0.008474576271
2020-06-11,14.1,14.1,0,-0.01260504202
2020-06-12,14,14,0,-0.007092198582
2020-06-15,13.98,13.98,0,-0.001428571429
2020-06-16,14.25,14.25,0,0.01931330472
2020-06-17,14.33,14.33,0,0.005614035088
2020-06-18,14.48,14.48,0,0.01046755059
2020-06-19,14.64,14.64,0,0.01104972376
2020-06-22,14.74,14.74,0,0.006830601093
2020-06-23,14.72,14.72,0,-0.001356852103
2020-06-24,14.79,14.79,0,0.004755434783
2020-06-29,14.6,14.6,0,-0.01284651792
2020-06-30,14.65,14.65,0,0.003424657534
2020-07-01,14.82,14.82,0,0.01160409556
2020-07-02,15.1,15.1,0,0.01889338731
2020-07-03,15.19,15.19,0,0.005960264901
2020-07-06,15.7,15.7,0,0.03357472021
2020-07-07,15.59,15.59,0,-0.007006369427
2020-07-08,15.78,15.78,0,0.01218729955
2020-07-09,16.06,16.06,0,0.01774397972
2020-07-10,15.51,15.51,0,-0.03424657534
2020-07-13,15.8,15.8,0,0.01869761444
2020-07-14,15.7,15.7,0,-0.006329113924
2020-07-15,15.5,15.5,0,-0.0127388535
2020-07-16,15.52,15.52,0,0.001290322581
2020-07-17,15.3,15.3,0,-0.01417525773
2020-07-20,15.3,15.3,0,0
2020-07-21,15.67,15.67,0,0.02418300654
2020-07-22,16,16,0,0.02105934907
2020-07-23,15.9,15.9,0,-0.00625
2020-07-24,15.6,15.6,0,-0.01886792453
2020-07-27,15.58,15.58,0,-0.001282051282
2020-07-28,15.37,15.37,0,-0.013478819
2020-07-29,15.45,15.45,0,0.005204944697
2020-07-30,15.6,15.6,0,0.009708737864
2020-07-31,15.83,15.83,0,0.01474358974
2020-08-03,15.73,15.73,0,-0.006317119394
2020-08-04,15.82,15.82,0,0.005721551176
2020-08-05,16.1,16.1,0,0.01769911504
2020-08-06,16.05,16.05,0,-0.003105590062
2020-08-07,15.97,15.97,0,-0.004984423676
2020-08-10,15.65,15.65,0,-0.02003757044
2020-08-11,15.43,15.43,0,-0.01405750799
2020-08-12,15.28,15.28,0,-0.0097213221
2020-08-13,15.4,15.4,0,0.007853403141
2020-08-14,15.54,15.54,0,0.009090909091
2020-08-17,15.66,15.66,0,0.007722007722
2020-08-18,15.5,15.5,0,-0.01021711367
2020-08-19,15.48,15.48,0,-0.001290322581
2020-08-20,14.6,14.6,0,-0.05684754522
2020-08-21,14.85,14.85,0,0.01712328767
2020-08-24,15.04,15.04,0,0.01279461279
2020-08-25,15.21,15.21,0,0.01130319149
2020-08-26,15.4,15.4,0,0.01249178172
2020-08-27,15.44,15.44,0,0.002597402597
2020-08-28,15.35,15.35,0,-0.005829015544
2020-08-31,15.38,15.38,0,0.001954397394
2020-09-01,15.38,15.38,0,0
2020-09-02,15.5,15.5,0,0.007802340702
2020-09-03,15.56,15.56,0,0.003870967742
2020-09-04,15.36,15.36,0,-0.01285347044
2020-09-07,15.21,15.21,0,-0.009765625
2020-09-08,15.27,15.27,0,0.003944773176
2020-09-09,15.24,15.24,0,-0.001964636542
2020-09-10,15.36,15.36,0,0.007874015748
2020-09-11,15.21,15.21,0,-0.009765625
2020-09-14,15.44,15.44,0,0.01512163051
2020-09-15,15.55,15.55,0,0.007124352332
2020-09-16,15.73,15.73,0,0.0115755627
2020-09-17,15.74,15.74,0,0.0006357279085
2020-09-18,15.7,15.7,0,-0.002541296061
2020-09-21,15.5,15.5,0,-0.0127388535
2020-09-22,15.26,15.26,0,-0.01548387097
2020-09-23,15.26,15.26,0,0
2020-09-24,14.8,14.8,0,-0.03014416776
2020-09-25,14.61,14.61,0,-0.01283783784
2020-09-28,14.8,14.8,0,0.01300479124
2020-09-29,14.86,14.86,0,0.004054054054
2020-09-30,14.86,14.86,0,0
2020-10-05,15.04,15.04,0,0.01211305518
2020-10-06,15.2,15.2,0,0.01063829787
2020-10-07,15.24,15.24,0,0.002631578947
2020-10-08,15.37,15.37,0,0.008530183727
2020-10-12,15.45,15.45,0,0.005204944697
2020-10-13,15.43,15.43,0,-0.001294498382
2020-10-14,15.5,15.5,0,0.00453661698
2020-10-15,15.5,15.5,0,0
2020-10-16,15.38,15.38,0,-0.007741935484
2020-10-19,15.45,15.45,0,0.00455136541
2020-10-20,15.54,15.54,0,0.005825242718
2020-10-21,15.46,15.46,0,-0.005148005148
2020-10-22,15.48,15.48,0,0.001293661061
2020-10-23,15.56,15.56,0,0.005167958656
2020-10-26,15.44,15.44,0,-0.007712082262
2020-10-27,15.46,15.46,0,0.001295336788
2020-10-28,15.44,15.44,0,-0.001293661061
2020-10-29,15.32,15.32,0,-0.007772020725
2020-10-30,15.2,15.2,0,-0.007832898172
2020-11-02,15.08,15.08,0,-0.007894736842
2020-11-03,15.34,15.34,0,0.01724137931
2020-11-04,15.38,15.38,0,0.00260756193
2020-11-05,15.6,15.6,0,0.01430429129
2020-11-06,15.7,15.7,0,0.00641025641
2020-11-09,16,16,0,0.01910828025
2020-11-10,15.65,15.65,0,-0.021875
2020-11-11,15.81,15.81,0,0.01022364217
2020-11-12,15.74,15.74,0,-0.004427577483
2020-11-13,15.74,15.74,0,0
2020-11-16,16.09,16.09,0,0.02223634053
2020-11-17,16.13,16.13,0,0.002486016159
2020-11-18,16.34,16.34,0,0.01301921885
2020-11-19,16.35,16.35,0,0.000611995104
2020-11-20,16.06,16.06,0.38,0.005504587156
2020-11-23,16.27,16.27,0,0.01307596513
2020-11-24,16.21,16.21,0,-0.0036877689
2020-11-25,16.1,16.1,0,-0.006785934608
2020-11-26,16.18,16.18,0,0.004968944099
2020-11-27,16.33,16.33,0,0.009270704574
2020-11-30,16.58,16.58,0,0.01530924679
2020-12-01,16.83,16.83,0,0.01507840772
2020-12-02,17.15,17.15,0,0.01901366607
2020-12-03,17.13,17.13,0,-0.001166180758
2020-12-04,17.15,17.15,0,0.001167542323
2020-12-07,17.1,17.1,0,-0.002915451895
2020-12-08,17.55,17.55,0,0.02631578947
2020-12-09,17.8,17.8,0,0.01424501425
2020-12-10,17.51,17.51,0,-0.01629213483
2020-12-11,17.25,17.25,0,-0.01484865791
2020-12-14,17.3,17.3,0,0.002898550725
2020-12-15,16.92,16.92,0,-0.02196531792
2020-12-16,17.31,17.31,0,0.02304964539
2020-12-17,17.2,17.2,0,-0.006354708261
2020-12-18,17.06,17.06,0,-0.008139534884
2020-12-21,17.06,17.06,0,0
2020-12-22,16.98,16.98,0,-0.00468933177
2020-12-23,17.13,17.13,0,0.008833922261
2020-12-24,17.19,17.19,0,0.00350262697
2020-12-25,17.22,17.22,0,0.001745200698
2020-12-28,17.28,17.28,0,0.003484320557
2020-12-29,17.35,17.35,0,0.004050925926
2020-12-30,17.6,17.6,0,0.0144092219
2020-12-31,17.6,17.6,0,0
2021-01-04,17.89,17.89,0,0.01647727273
2021-01-05,17.98,17.98,0,0.005030743432
2021-01-06,17.82,17.82,0,-0.008898776418
2021-01-07,18,18,0,0.0101010101
2021-01-08,18.18,18.18,0,0.01
2021-01-11,18.62,18.62,0,0.02420242024
2021-01-12,18.3,18.3,0,-0.0171858217
2021-01-13,18.73,18.73,0,0.02349726776
2021-01-14,18.73,18.73,0,0
2021-01-15,18.27,18.27,0,-0.02455953017
2021-01-18,18.24,18.24,0,-0.001642036125
2021-01-19,18.55,18.55,0,0.01699561404
2021-01-20,18.29,18.29,0,-0.01401617251
2021-01-21,18.55,18.55,0,0.01421541826
2021-01-22,19.15,19.15,0,0.03234501348
2021-01-25,19.13,19.13,0,-0.001044386423
2021-01-26,18.78,18.78,0,-0.01829587036
2021-01-27,19,19,0,0.01171458999
2021-01-28,18.49,18.49,0,-0.02684210526
2021-01-29,18.06,18.06,0,-0.02325581395
2021-02-01,18.2,18.2,0,0.007751937984
2021-02-02,18.56,18.56,0,0.01978021978
2021-02-03,18.61,18.61,0,0.002693965517
2021-02-04,18.38,18.38,0,-0.0123589468
2021-02-05,18.35,18.35,0,-0.001632208923
2021-02-17,18.93,18.93,0,0.03160762943
2021-02-18,19.25,19.25,0,0.01690438457
2021-02-19,19.45,19.45,0,0.01038961039
2021-02-22,19.96,19.96,0,0.02622107969
2021-02-23,19.76,19.76,0,-0.01002004008
2021-02-24,19.23,19.23,0,-0.02682186235
2021-02-25,19.61,19.61,0,0.01976079043
2021-02-26,19.18,19.18,0,-0.02192758797
2021-03-02,18.99,18.99,0,-0.009906152242
2021-03-03,18.94,18.94,0,-0.002632964718
2021-03-04,18.53,18.53,0,-0.02164730729
2021-03-05,18.49,18.49,0,-0.00215866163
2021-03-08,18.57,18.57,0,0.004326663061
2021-03-09,18.3,18.3,0,-0.01453957997
2021-03-10,18.37,18.37,0,0.003825136612
2021-03-11,18.78,18.78,0,0.02231899837
2021-03-12,18.95,18.95,0,0.009052183174
2021-03-15,19.11,19.11,0,0.008443271768
2021-03-16,19.17,19.17,0,0.003139717425
2021-03-17,19.16,19.16,0,-0.000521648409
2021-03-18,19.28,19.28,0,0.006263048017
2021-03-19,19.04,19.04,0,-0.01244813278
2021-03-22,19.06,19.06,0,0.001050420168
2021-03-23,19.04,19.04,0,-0.001049317943
2021-03-24,19.06,19.06,0,0.001050420168
2021-03-25,18.91,18.91,0,-0.007869884575
2021-03-26,19.35,19.35,0,0.02326811211
2021-03-29,19.4,19.4,0,0.002583979328
2021-03-30,19.49,19.49,0,0.004639175258
2021-03-31,19.6,19.6,0,0.005643919959
2021-04-01,19.64,19.64,0,0.002040816327
2021-04-06,19.82,19.82,0,0.00916496945
2021-04-07,19.97,19.97,0,0.007568113017
2021-04-08,20.2,20.2,0,0.01151727591
2021-04-09,20.08,20.08,0,-0.005940594059
2021-04-12,19.88,19.88,0,-0.009960159363
2021-04-13,19.61,19.61,0,-0.01358148893
2021-04-14,19.32,19.32,0,-0.01478837328
2021-04-15,19.58,19.58,0,0.01345755694
2021-04-16,19.75,19.75,0,0.008682328907
2021-04-19,19.93,19.93,0,0.009113924051
2021-04-20,20.06,20.06,0,0.006522829905
2021-04-21,20.1,20.1,0,0.001994017946
2021-04-22,19.69,19.69,0,-0.02039800995
2021-04-23,19.85,19.85,0,0.00812595226
2021-04-26,20.04,20.04,0,0.009571788413
2021-04-27,20.31,20.31,0,0.01347305389
2021-04-28,20.29,20.29,0,-0.000984736583
2021-04-29,20.63,20.63,0,0.01675702316
2021-05-03,19.93,19.93,0,-0.0339311682
2021-05-04,19.45,19.45,0,-0.02408429503
2021-05-05,18.95,18.95,0,-0.02570694087
2021-05-06,18.88,18.88,0,-0.003693931398
2021-05-07,19.39,19.39,0,0.02701271186
2021-05-10,19.11,19.11,0,-0.01444043321
2021-05-11,18.2,18.2,0,-0.04761904762
2021-05-12,17.51,17.51,0,-0.03791208791
2021-05-13,17.64,17.64,0,0.007424328955
2021-05-14,17.63,17.63,0,-0.000566893424
2021-05-17,16.97,16.97,0,-0.03743618832
2021-05-18,17.69,17.69,0,0.04242781379
2021-05-19,17.65,17.65,0,-0.0022611645
2021-05-20,17.52,17.52,0,-0.007365439093
2021-05-21,17.85,17.85,0,0.01883561644
2021-05-24,18.09,18.09,0,0.01344537815
2021-05-25,18.84,18.84,0,0.04145936982
2021-05-26,18.98,18.98,0,0.007430997877
2021-05-27,18.86,18.86,0,-0.006322444679
2021-05-28,19.11,19.11,0,0.01325556734
2021-05-31,19.44,19.44,0,0.01726844584
2021-06-01,19.55,19.55,0,0.005658436214
2021-06-02,19.29,19.29,0,-0.01329923274
2021-06-03,19.36,19.36,0,0.003628823224
2021-06-04,19.25,19.25,0,-0.005681818182
2021-06-07,19.4,19.4,0,0.007792207792
2021-06-08,19.7,19.7,0,0.01546391753
2021-06-09,19.88,19.88,0,0.009137055838
2021-06-10,20.15,20.15,0,0.01358148893
2021-06-11,20.17,20.17,0,0.0009925558313
2021-06-15,20.45,20.45,0,0.01388200297
2021-06-16,20.21,20.21,0,-0.01173594132
2021-06-17,20.38,20.38,0,0.008411677387
2021-06-18,20.57,20.57,0,0.009322865554
2021-06-21,20.22,20.22,0,-0.01701507049
2021-06-22,20.27,20.27,0,0.002472799209
2021-06-23,20.8,20.8,0,0.02614701529
2021-06-24,20.76,20.76,0,-0.001923076923
2021-06-25,20.86,20.86,0,0.004816955684
2021-06-28,20.83,20.83,0,-0.001438159156
2021-06-29,20.76,20.76,0,-0.003360537686
2021-06-30,20.98,20.98,0,0.0105973025
2021-07-01,20.65,20.65,0,-0.01572926597
2021-07-02,20.88,20.88,0,0.01113801453
2021-07-05,21.3,21.3,0,0.02011494253
2021-07-06,21.18,21.18,0,-0.005633802817
2021-07-07,21.22,21.22,0,0.001888574127
2021-07-08,21.41,21.41,0,0.008953817154
2021-07-09,21.17,21.17,0,-0.01120971509
2021-07-12,21.6,21.6,0,0.02031176193
2021-07-13,21.9,21.9,0,0.01388888889
2021-07-14,21.86,21.86,0,-0.001826484018
2021-07-15,21.99,21.99,0,0.005946935041
2021-07-16,22.02,22.02,0,0.00136425648
2021-07-19,21.97,21.97,0,-0.002270663034
2021-07-20,21.92,21.92,0,-0.002275830678
2021-07-21,21.75,21.75,0,-0.007755474453
2021-07-22,21.98,21.98,0,0.01057471264
2021-07-23,21.66,21.66,0,-0.01455868972
2021-07-26,22.19,22.19,0,0.02446906741
2021-07-27,21.72,21.72,0,-0.02118071203
2021-07-28,21,21,0,-0.03314917127
2021-07-29,21.54,21.54,0,0.02571428571
2021-07-30,21.45,21.45,0,-0.004178272981
2021-08-02,21.68,21.68,0,0.01072261072
2021-08-03,21.78,21.78,0,0.004612546125
2021-08-04,22.1,22.1,0,0.01469237833
2021-08-05,22.29,22.29,0,0.008597285068
2021-08-06,22.2,22.2,0,-0.004037685061
2021-08-09,21.71,21.71,0,-0.02207207207
2021-08-10,21.49,21.49,0,-0.010133579
2021-08-11,21.11,21.11,0,-0.01768264309
2021-08-12,21.21,21.21,0,0.004737091426
2021-08-13,20.55,20.55,0,-0.03111739745
2021-08-16,20.36,20.36,0,-0.009245742092
2021-08-17,19.88,19.88,0,-0.02357563851
2021-08-18,20.48,20.48,0,0.03018108652
2021-08-19,20.07,20.07,0,-0.02001953125
2021-08-20,20.01,20.01,0,-0.002989536622
2021-08-23,20.62,20.62,0,0.03048475762
2021-08-24,20.62,20.62,0,0
2021-08-25,21.09,21.09,0,0.02279340446
2021-08-26,21.24,21.24,0,0.007112375533
2021-08-27,21.37,21.37,0,0.006120527307
2021-08-30,21.58,21.58,0,0.009826860084
2021-08-31,21.63,21.63,0,0.002316960148
2021-09-01,21.9,21.9,0,0.01248266297
2021-09-02,21.86,21.86,0,-0.001826484018
2021-09-03,22.13,22.13,0,0.01235132662
2021-09-06,21.99,21.99,0,-0.006326253954
2021-09-07,21.64,21.64,0,-0.0159163256
2021-09-08,21.3,21.3,0,-0.0157116451
2021-09-09,21.48,21.48,0,0.008450704225
2021-09-10,21.84,21.84,0,0.01675977654
2021-09-13,21.74,21.74,0,-0.004578754579
2021-09-14,21.65,21.65,0,-0.004139834407
2021-09-15,21.35,21.35,0,-0.01385681293
2021-09-16,21.28,21.28,0,-0.003278688525
2021-09-17,21.43,21.43,0,0.00704887218
2021-09-22,21.1,21.1,0,-0.0153989734
2021-09-23,21.59,21.59,0,0.02322274882
2021-09-24,21.74,21.74,0,0.006947660954
2021-09-27,21.75,21.75,0,0.0004599816007
2021-09-28,21.31,21.31,0,-0.02022988506
2021-09-29,20.53,20.53,0,-0.03660253402
2021-09-30,20.56,20.56,0,0.001461276181
2021-10-01,20.25,20.25,0,-0.01507782101
2021-10-04,19.83,19.83,0,-0.02074074074
2021-10-05,20.16,20.16,0,0.01664145234
2021-10-06,19.86,19.86,0,-0.01488095238
2021-10-07,20.55,20.55,0,0.03474320242
2021-10-08,20.49,20.49,0,-0.002919708029
2021-10-12,20.48,20.48,0,-0.0004880429478
2021-10-13,19.96,19.96,0,-0.025390625
2021-10-14,20.13,20.13,0,0.008517034068
2021-10-15,20.51,20.51,0,0.01887729757
2021-10-18,20.42,20.42,0,-0.004388103364
2021-10-19,20.86,20.86,0,0.02154750245
2021-10-20,21.01,21.01,0,0.007190795781
2021-10-21,20.9,20.9,0,-0.005235602094
2021-10-22,21.09,21.09,0,0.009090909091
2021-10-25,21,21,0,-0.00426742532
2021-10-26,21.2,21.2,0,0.009523809524
2021-10-27,21.6,21.6,0,0.01886792453
2021-10-28,21.52,21.52,0,-0.003703703704
2021-10-29,21.8,21.8,0,0.01301115242
2021-11-01,22.18,22.18,0,0.01743119266
2021-11-02,21.88,21.88,0,-0.01352569883
2021-11-03,21.97,21.97,0,0.004113345521
2021-11-04,22.07,22.07,0,0.004551661356
2021-11-05,22.18,22.18,0,0.004984141368
2021-11-08,22.08,22.08,0,-0.004508566276
2021-11-09,22.4,22.4,0,0.01449275362
2021-11-10,22.3,22.3,0,-0.004464285714
2021-11-11,22.3,22.3,0,0
2021-11-12,22.5,22.5,0,0.008968609865
2021-11-15,22.85,22.85,0,0.01555555556
2021-11-16,23.01,23.01,0,0.007002188184
2021-11-17,23.2,23.2,0,0.008257279444
2021-11-18,23.49,23.49,0,0.0125
2021-11-19,22.88,22.88,0.6,-0.0004257130694
2021-11-22,23.11,23.11,0,0.01005244755
2021-11-23,22.78,22.78,0,-0.01427953267
2021-11-24,22.67,22.67,0,-0.004828797191
2021-11-25,22.66,22.66,0,-0.0004411116012
2021-11-26,22.16,22.16,0,-0.02206531333
2021-11-29,22.6,22.6,0,0.01985559567
2021-11-30,22.93,22.93,0,0.01460176991
2021-12-01,22.81,22.81,0,-0.005233318796
2021-12-02,22.66,22.66,0,-0.00657606313
2021-12-03,22.84,22.84,0,0.007943512798
2021-12-06,22.8,22.8,0,-0.001751313485
2021-12-07,22.64,22.64,0,-0.00701754386
2021-12-08,22.91,22.91,0,0.01192579505
2021-12-09,22.79,22.79,0,-0.005237887385
2021-12-10,22.76,22.76,0,-0.001316366828
2021-12-13,22.9,22.9,0,0.006151142355
2021-12-14,22.56,22.56,0,-0.01484716157
2021-12-15,22.62,22.62,0,0.002659574468
2021-12-16,23.21,23.21,0,0.02608311229
2021-12-17,23,23,0,-0.009047824214
2021-12-20,22.71,22.71,0,-0.01260869565
2021-12-21,23.01,23.01,0,0.01321003963
2021-12-22,23,23,0,-0.0004345936549
2021-12-23,23.28,23.28,0,0.01217391304
2021-12-24,23.33,23.33,0,0.002147766323
2021-12-27,23.57,23.57,0,0.01028718388
2021-12-28,23.69,23.69,0,0.00509121765
2021-12-29,23.68,23.68,0,-0.0004221190376
2021-12-30,23.88,23.88,0,0.008445945946
2022-01-03,23.72,23.72,0,-0.006700167504
2022-01-04,23.78,23.78,0,0.002529510961
2022-01-05,23.46,23.46,0,-0.01345668629
2022-01-06,23.18,23.18,0,-0.01193520887
2022-01-07,22.8,22.8,0,-0.01639344262
2022-01-10,22.82,22.82,0,0.0008771929825
2022-01-11,22.47,22.47,0,-0.01533742331
2022-01-12,22.56,22.56,0,0.004005340454
2022-01-13,22.54,22.54,0,-0.0008865248227
2022-01-14,22.41,22.41,0,-0.005767524401
2022-01-17,22.56,22.56,0,0.006693440428
2022-01-18,22.66,22.66,0,0.004432624113
2022-01-19,22.41,22.41,0,-0.01103265666
2022-01-20,22.32,22.32,0,-0.004016064257
2022-01-21,21.84,21.84,0,-0.02150537634
2022-01-24,21.98,21.98,0,0.00641025641
2022-01-25,21.65,21.65,0,-0.01501364877
2022-01-26,21.55,21.55,0,-0.004618937644
2022-02-07,21.5,21.5,0,-0.002320185615
2022-02-08,21.55,21.55,0,0.002325581395
2022-02-09,21.89,21.89,0,0.01577726218
2022-02-10,22.08,22.08,0,0.008679762449
2022-02-11,22.03,22.03,0,-0.002264492754
2022-02-14,21.3,21.3,0,-0.03313663187
2022-02-15,21.48,21.48,0,0.008450704225
2022-02-16,21.78,21.78,0,0.01396648045
2022-02-17,21.71,21.71,0,-0.003213957759
2022-02-18,21.84,21.84,0,0.005988023952
2022-02-21,21.64,21.64,0,-0.009157509158
2022-02-22,21.2,21.2,0,-0.02033271719
2022-02-23,21.33,21.33,0,0.006132075472
2022-02-24,20.62,20.62,0,-0.03328645101
2022-02-25,20.99,20.99,0,0.01794374394
2022-03-01,21.34,21.34,0,0.01667460696
2022-03-02,21.54,21.54,0,0.009372071228
2022-03-03,21.54,21.54,0,0
2022-03-04,21.22,21.22,0,-0.01485608171
2022-03-07,20.33,20.33,0,-0.04194156456
2022-03-08,19.63,19.63,0,-0.03443187408
2022-03-09,19.99,19.99,0,0.01833927662
2022-03-10,20.58,20.58,0,0.02951475738
2022-03-11,20.46,20.46,0,-0.00583090379
2022-03-14,20.44,20.44,0,-0.0009775171065
2022-03-15,19.52,19.52,0,-0.04500978474
2022-03-16,19.66,19.66,0,0.007172131148
2022-03-17,20.65,20.65,0,0.0503560529
2022-03-18,20.7,20.7,0,0.002421307506
2022-03-21,20.8,20.8,0,0.004830917874
2022-03-22,20.88,20.88,0,0.003846153846
2022-03-23,21.25,21.25,0,0.01772030651
2022-03-24,21.2,21.2,0,-0.002352941176
2022-03-25,21.13,21.13,0,-0.003301886792
2022-03-28,20.97,20.97,0,-0.007572172267
2022-03-29,21.18,21.18,0,0.01001430615
2022-03-30,21.34,21.34,0,0.007554296506
2022-03-31,21.2,21.2,0,-0.006560449859
2022-04-01,20.97,20.97,0,-0.0108490566
2022-04-06,20.71,20.71,0,-0.01239866476
2022-04-07,20.23,20.23,0,-0.02317720908
2022-04-08,20.22,20.22,0,-0.0004943153732
2022-04-11,19.68,19.68,0,-0.02670623145
2022-04-12,19.49,19.49,0,-0.009654471545
2022-04-13,19.8,19.8,0,0.01590559261
2022-04-14,19.69,19.69,0,-0.005555555556
2022-04-15,19.19,19.19,0,-0.02539360081
2022-04-18,19.2,19.2,0,0.0005211047421
2022-04-19,19.32,19.32,0,0.00625
2022-04-20,19.33,19.33,0,0.0005175983437
2022-04-21,19.43,19.43,0,0.005173305742
2022-04-22,18.95,18.95,0,-0.02470406588
2022-04-25,18.08,18.08,0,-0.04591029024
2022-04-26,17.99,17.99,0,-0.004977876106
2022-04-27,17.78,17.78,0,-0.01167315175
2022-04-28,18.02,18.02,0,0.01349831271
2022-04-29,18.09,18.09,0,0.003884572697
2022-05-03,18.06,18.06,0,-0.001658374793
2022-05-04,18.06,18.06,0,0
2022-05-05,18.5,18.5,0,0.02436323367
2022-05-06,18.11,18.11,0,-0.02108108108
2022-05-09,17.61,17.61,0,-0.02760905577
2022-05-10,17.75,17.75,0,0.007950028393
2022-05-11,17.75,17.75,0,0
2022-05-12,17.43,17.43,0,-0.01802816901
2022-05-13,17.9,17.9,0,0.02696500287
2022-05-16,18.03,18.03,0,0.007262569832
2022-05-17,18.61,18.61,0,0.03216860788
2022-05-18,18.6,18.6,0,-0.0005373455132
2022-05-19,18.5,18.5,0,-0.005376344086
2022-05-20,18.6,18.6,0,0.005405405405
2022-05-23,18.5,18.5,0,-0.005376344086
2022-05-24,17.92,17.92,0,-0.03135135135
2022-05-25,18.15,18.15,0,0.01283482143
2022-05-26,18.07,18.07,0,-0.004407713499
2022-05-27,18.47,18.47,0,0.02213613724
2022-05-30,18.96,18.96,0,0.02652950731
2022-05-31,19.17,19.17,0,0.01107594937
2022-06-01,19.24,19.24,0,0.003651538863
2022-06-02,19.12,19.12,0,-0.006237006237
2022-06-06,19.14,19.14,0,0.001046025105
2022-06-07,18.98,18.98,0,-0.008359456635
2022-06-08,19.14,19.14,0,0.008429926238
2022-06-09,19.16,19.16,0,0.001044932079
2022-06-10,19.17,19.17,0,0.0005219206681
2022-06-13,18.5,18.5,0,-0.0349504434
2022-06-14,18.46,18.46,0,-0.002162162162
2022-06-15,18.28,18.28,0,-0.009750812568
2022-06-16,17.94,17.94,0,-0.01859956236
2022-06-17,17.46,17.46,0,-0.02675585284
2022-06-20,16.96,16.96,0,-0.02863688431
2022-06-21,17.39,17.39,0,0.02535377358
2022-06-22,16.69,16.69,0,-0.04025301898
2022-06-23,16.8,16.8,0,0.006590772918
2022-06-24,16.81,16.81,0,0.0005952380952
2022-06-27,17.26,17.26,0,0.02676977989
2022-06-28,17,17,0,-0.01506373117
2022-06-29,16.76,16.76,0,-0.01411764706
2022-06-30,16.1,16.1,0,-0.03937947494
2022-07-01,15.26,15.26,0,-0.05217391304
2022-07-04,14.93,14.93,0,-0.02162516383
2022-07-05,15.01,15.01,0,0.005358338915
2022-07-06,14.44,14.44,0,-0.03797468354
2022-07-07,14.97,14.97,0,0.03670360111
2022-07-08,15.27,15.27,0,0.02004008016
2022-07-11,15.22,15.22,0,-0.003274394237
2022-07-12,14.66,14.66,0,-0.03679369251
2022-07-13,14.96,14.96,0,0.0204638472
2022-07-14,15.28,15.28,0,0.02139037433
2022-07-15,15.54,15.54,0,0.01701570681
2022-07-18,15.99,15.99,0,0.02895752896
2022-07-19,15.89,15.89,0,-0.006253908693
2022-07-20,16.15,16.15,0,0.01636249213
2022-07-21,16.54,16.54,0,0.02414860681
2022-07-22,16.47,16.47,0,-0.00423216445
2022-07-25,16.47,16.47,0,0
2022-07-26,16.2,16.2,0,-0.01639344262
2022-07-27,16.23,16.23,0,0.001851851852
2022-07-28,16.14,16.14,0,-0.005545286506
2022-07-29,16.38,16.38,0,0.01486988848
2022-08-01,16.25,16.25,0,-0.007936507937
2022-08-02,15.85,15.85,0,-0.02461538462
2022-08-03,15.75,15.75,0,-0.006309148265
2022-08-04,15.7,15.7,0,-0.003174603175
2022-08-05,16.12,16.12,0,0.02675159236
2022-08-08,16.26,16.26,0,0.008684863524
2022-08-09,16.35,16.35,0,0.005535055351
2022-08-10,16.18,16.18,0,-0.01039755352
2022-08-11,16.42,16.42,0,0.01483312732
2022-08-12,16.76,16.76,0,0.02070645554
2022-08-15,17.24,17.24,0,0.02863961814
2022-08-16,17.32,17.32,0,0.00464037123
2022-08-17,17.52,17.52,0,0.01154734411
2022-08-18,17.69,17.69,0,0.009703196347
2022-08-19,17.81,17.81,0,0.006783493499
2022-08-22,17.53,17.53,0,-0.01572150477
2022-08-23,17.54,17.54,0,0.000570450656
2022-08-24,17.52,17.52,0,-0.001140250855
2022-08-25,17.85,17.85,0,0.01883561644
2022-08-26,17.9,17.9,0,0.002801120448
2022-08-29,17.61,17.61,0,-0.01620111732
2022-08-30,17.79,17.79,0,0.01022146508
2022-08-31,17.95,17.95,0,0.008993816751
2022-09-01,17.52,17.52,0,-0.02395543175
2022-09-02,17.63,17.63,0,0.006278538813
2022-09-05,17.33,17.33,0,-0.01701644923
2022-09-06,16.91,16.91,0,-0.02423542989
2022-09-07,16.66,16.66,0,-0.01478415139
2022-09-08,17.25,17.25,0,0.03541416567
2022-09-12,17.57,17.57,0,0.01855072464
2022-09-13,17.65,17.65,0,0.004553215709
2022-09-14,17.47,17.47,0,-0.01019830028
2022-09-15,17.39,17.39,0,-0.004579278764
2022-09-16,17.07,17.07,0,-0.0184013801
2022-09-19,16.79,16.79,0,-0.01640304628
2022-09-20,16.89,16.89,0,0.005955926147
2022-09-21,16.73,16.73,0,-0.009473060983
2022-09-22,16.63,16.63,0,-0.005977286312
2022-09-23,16.2,16.2,0,-0.02585688515
2022-09-26,15.34,15.34,0,-0.05308641975
2022-09-27,15.41,15.41,0,0.004563233377
2022-09-28,14.65,14.65,0,-0.04931862427
2022-09-29,14.8,14.8,0,0.01023890785
2022-09-30,15.05,15.05,0,0.01689189189
2022-10-03,14.87,14.87,0,-0.01196013289
2022-10-04,15.55,15.55,0,0.04572965703
2022-10-05,15.65,15.65,0,0.006430868167
2022-10-06,15.67,15.67,0,0.001277955272
2022-10-07,15.42,15.42,0,-0.01595405233
2022-10-11,14.54,14.54,0,-0.05706874189
2022-10-12,14.62,14.62,0,0.005502063274
2022-10-13,14.05,14.05,0,-0.0389876881
2022-10-14,14.56,14.56,0,0.03629893238
2022-10-17,14.42,14.42,0,-0.009615384615
2022-10-18,14.63,14.63,0,0.0145631068
2022-10-19,14.41,14.41,0,-0.01503759398
2022-10-20,14.32,14.32,0,-0.006245662734
2022-10-21,13.98,13.98,0,-0.02374301676
2022-10-24,14.05,14.05,0,0.005007153076
2022-10-25,13.7,13.7,0,-0.02491103203
2022-10-26,13.68,13.68,0,-0.001459854015
2022-10-27,14.28,14.28,0,0.04385964912
2022-10-28,14.16,14.16,0,-0.008403361345
2022-10-31,14.35,14.35,0,0.0134180791
2022-11-01,14.57,14.57,0,0.01533101045
2022-11-02,14.75,14.75,0,0.01235415237
2022-11-03,14.83,14.83,0,0.005423728814
2022-11-04,15,15,0,0.01146325017
2022-11-07,15.28,15.28,0,0.01866666667
2022-11-08,15.22,15.22,0,-0.003926701571
2022-11-09,15.5,15.5,0,0.01839684625
2022-11-10,15.5,15.5,0,0
2022-11-11,15.97,15.97,0,0.03032258065
2022-11-14,16.12,16.12,0,0.009392611146
2022-11-15,16.3,16.3,0,0.0111662531
2022-11-16,15.92,15.92,0.62,0.01472392638
2022-11-17,16.06,16.06,0,0.008793969849
2022-11-18,15.9,15.9,0,-0.0099626401
2022-11-21,15.79,15.79,0,-0.006918238994
2022-11-22,15.75,15.75,0,-0.002533248892
2022-11-23,16,16,0,0.01587301587
2022-11-24,16.25,16.25,0,0.015625
2022-11-25,16.1,16.1,0,-0.009230769231
2022-11-28,16.15,16.15,0,0.003105590062
2022-11-29,16.1,16.1,0,-0.003095975232
2022-11-30,16.21,16.21,0,0.006832298137
2022-12-01,16.67,16.67,0,0.02837754473
2022-12-02,16.75,16.75,0,0.004799040192
2022-12-05,16.69,16.69,0,-0.003582089552
2022-12-06,16.24,16.24,0,-0.02696225285
2022-12-07,15.86,15.86,0,-0.02339901478
2022-12-08,15.91,15.91,0,0.00315258512
2022-12-09,15.97,15.97,0,0.003771213074
2022-12-12,15.82,15.82,0,-0.009392611146
2022-12-13,15.7,15.7,0,-0.007585335019
2022-12-14,16.01,16.01,0,0.01974522293
2022-12-15,15.98,15.98,0,-0.001873828857
2022-12-16,15.73,15.73,0,-0.01564455569
2022-12-19,15.78,15.78,0,0.003178639542
2022-12-20,15.24,15.24,0,-0.03422053232
2022-12-21,15.25,15.25,0,0.000656167979
2022-12-22,15.46,15.46,0,0.0137704918
2022-12-23,15.31,15.31,0,-0.009702457956
2022-12-26,15.4,15.4,0,0.005878510777
2022-12-27,15.43,15.43,0,0.001948051948
2022-12-28,15.16,15.16,0,-0.01749837978
2022-12-29,15.2,15.2,0,0.002638522427
2022-12-30,15.16,15.16,0,-0.002631578947
2023-01-03,15.43,15.43,0,0.01781002639
2023-01-04,15.51,15.51,0,0.00518470512
2023-01-05,15.6,15.6,0,0.00580270793
2023-01-06,15.83,15.83,0,0.01474358974
2023-01-09,16.24,16.24,0,0.02590018951
2023-01-10,16.34,16.34,0,0.006157635468
2023-01-11,16.46,16.46,0,0.007343941248
2023-01-12,16.27,16.27,0,-0.01154313487
2023-01-13,16.19,16.19,0,-0.0049170252
2023-01-16,16.34,16.34,0,0.009264978382
2023-01-17,16.33,16.33,0,-0.000611995104
2023-01-30,16.97,16.97,0,0.03919167177
2023-01-31,16.96,16.96,0,-0.0005892751915
2023-02-01,17.13,17.13,0,0.01002358491
2023-02-02,17.61,17.61,0,0.02802101576
2023-02-03,17.6,17.6,0,-0.0005678591709
2023-02-06,17.53,17.53,0,-0.003977272727
2023-02-07,17.56,17.56,0,0.001711351968
2023-02-08,17.81,17.81,0,0.01423690205
2023-02-09,17.66,17.66,0,-0.0084222347
2023-02-10,17.5,17.5,0,-0.00906002265
2023-02-13,17.34,17.34,0,-0.009142857143
2023-02-14,17.37,17.37,0,0.001730103806
2023-02-15,17.23,17.23,0,-0.008059873345
2023-02-16,17.58,17.58,0,0.02031340685
2023-02-17,17.5,17.5,0,-0.004550625711
2023-02-20,17.67,17.67,0,0.009714285714
2023-02-21,17.82,17.82,0,0.008488964346
2023-02-22,17.41,17.41,0,-0.02300785634
2023-02-23,17.9,17.9,0,0.0281447444
2023-02-24,17.75,17.75,0,-0.008379888268
2023-03-01,17.86,17.86,0,0.006197183099
2023-03-02,17.83,17.83,0,-0.001679731243
2023-03-03,17.78,17.78,0,-0.002804262479
2023-03-06,18.1,18.1,0,0.01799775028
2023-03-07,18.12,18.12,0,0.001104972376
2023-03-08,18.01,18.01,0,-0.006070640177
2023-03-09,18.18,18.18,0,0.009439200444
2023-03-10,17.62,17.62,0,-0.03080308031
2023-03-13,17.5,17.5,0,-0.006810442679
2023-03-14,17.41,17.41,0,-0.005142857143
2023-03-15,17.66,17.66,0,0.01435956347
2023-03-16,17.57,17.57,0,-0.005096262741
2023-03-17,17.78,17.78,0,0.01195219124
2023-03-20,17.8,17.8,0,0.001124859393
2023-03-21,17.94,17.94,0,0.007865168539
2023-03-22,18.17,18.17,0,0.01282051282
2023-03-23,18.3,18.3,0,0.007154650523
2023-03-24,18.4,18.4,0,0.005464480874
2023-03-27,18.54,18.54,0,0.007608695652
2023-03-28,18.34,18.34,0,-0.01078748652
2023-03-29,18.15,18.15,0,-0.01035986914
2023-03-30,18.37,18.37,0,0.01212121212
2023-03-31,18.4,18.4,0,0.001633097441
2023-04-06,18.3,18.3,0,-0.005434782609
2023-04-07,18.38,18.38,0,0.004371584699
2023-04-10,18.46,18.46,0,0.004352557127
2023-04-11,18.75,18.75,0,0.01570964247
2023-04-12,18.73,18.73,0,-0.001066666667
2023-04-13,18.59,18.59,0,-0.007474639616
2023-04-14,18.75,18.75,0,0.008606777838
2023-04-17,18.79,18.79,0,0.002133333333
2023-04-18,18.51,18.51,0,-0.01490154337
2023-04-19,18.46,18.46,0,-0.002701242572
2023-04-20,18.13,18.13,0,-0.01787648971
2023-04-21,17.75,17.75,0,-0.02095973525
2023-04-24,17.89,17.89,0,0.007887323944
2023-04-25,17.36,17.36,0,-0.0296254891
2023-04-26,17.47,17.47,0,0.00633640553
2023-04-27,17.54,17.54,0,0.004006868918
2023-04-28,17.88,17.88,0,0.01938426454
2023-05-02,18.08,18.08,0,0.01118568233
2023-05-03,18.14,18.14,0,0.003318584071
2023-05-04,18.17,18.17,0,0.001653803749
2023-05-05,18.15,18.15,0,-0.001100715465
2023-05-08,18.23,18.23,0,0.004407713499
2023-05-09,17.96,17.96,0,-0.01481075151
2023-05-10,17.9,17.9,0,-0.003340757238
2023-05-11,17.65,17.65,0,-0.01396648045
2023-05-12,17.65,17.65,0,0
2023-05-15,17.48,17.48,0,-0.009631728045
2023-05-16,17.72,17.72,0,0.01372997712
2023-05-17,17.87,17.87,0,0.008465011287
2023-05-18,18,18,0,0.007274762171
2023-05-19,18.05,18.05,0,0.002777777778
2023-05-22,18,18,0,-0.002770083102
2023-05-23,18.2,18.2,0,0.01111111111
2023-05-24,18.05,18.05,0,-0.008241758242
2023-05-25,18.04,18.04,0,-0.0005540166205
2023-05-26,18.18,18.18,0,0.007760532151
2023-05-29,18.63,18.63,0,0.02475247525
2023-05-30,18.45,18.45,0,-0.009661835749
2023-05-31,18.45,18.45,0,0
2023-06-01,18.4,18.4,0,-0.0027100271
2023-06-02,18.7,18.7,0,0.01630434783
2023-06-05,18.92,18.92,0,0.01176470588
2023-06-06,18.76,18.76,0,-0.008456659619
2023-06-07,19.02,19.02,0,0.01385927505
2023-06-08,18.74,18.74,0,-0.01472134595
2023-06-09,19.09,19.09,0,0.01867662753
2023-06-12,19.23,19.23,0,0.007333682556
2023-06-13,19.45,19.45,0,0.01144045762
2023-06-14,19.41,19.41,0,-0.00205655527
2023-06-15,19.5,19.5,0,0.004636785162
2023-06-16,19.5,19.5,0,0
2023-06-19,19.47,19.47,0,-0.001538461538
2023-06-20,19.38,19.38,0,-0.004622496148
2023-06-21,19.22,19.22,0,-0.008255933953
2023-06-26,19.09,19.09,0,-0.006763787721
2023-06-27,18.92,18.92,0,-0.008905185961
2023-06-28,19,19,0,0.00422832981
2023-06-29,19.18,19.18,0,0.009473684211
2023-06-30,19.4,19.4,0,0.01147028154
2023-07-03,19.6,19.6,0,0.01030927835
2023-07-04,19.6,19.6,0,0
2023-07-05,19.54,19.54,0,-0.00306122449
2023-07-06,19.3,19.3,0,-0.01228249744
2023-07-07,18.98,18.98,0,-0.01658031088
2023-07-10,18.94,18.94,0,-0.00210748156
2023-07-11,19.07,19.07,0,0.006863780359
2023-07-12,19.1,19.1,0,0.001573151547
2023-07-13,19.08,19.08,0,-0.001047120419
2023-07-14,19.44,19.44,0,0.01886792453
2023-07-17,19.33,19.33,0,-0.005658436214
2023-07-18,19.28,19.28,0,-0.002586652871
2023-07-19,19.42,19.42,0,0.007261410788
2023-07-20,19.25,19.25,0,-0.008753861998
2023-07-21,19.17,19.17,0,-0.004155844156
2023-07-24,18.98,18.98,0,-0.00991131977
2023-07-25,19.03,19.03,0,0.002634351949
2023-07-26,18.72,18.72,0,-0.01629006831
2023-07-27,18.95,18.95,0,0.01228632479
2023-07-28,19.13,19.13,0,0.009498680739
2023-07-31,18.92,18.92,0,-0.01097752222
2023-08-01,18.8,18.8,0,-0.006342494715
2023-08-02,18.46,18.46,0,-0.01808510638
2023-08-04,18.47,18.47,0,0.0005417118093
2023-08-07,18.6,18.6,0,0.007038440715
2023-08-08,18.42,18.42,0,-0.009677419355
2023-08-09,18.37,18.37,0,-0.002714440825
2023-08-10,17.99,17.99,0,-0.02068590093
2023-08-11,18.02,18.02,0,0.001667593107
2023-08-14,17.74,17.74,0,-0.01553829079
2023-08-15,17.84,17.84,0,0.005636978579
2023-08-16,17.67,17.67,0,-0.009529147982
2023-08-17,18,18,0,0.01867572156
2023-08-18,17.85,17.85,0,-0.008333333333
2023-08-21,17.66,17.66,0,-0.0106442577
2023-08-22,17.65,17.65,0,-0.0005662514156
2023-08-23,17.65,17.65,0,0
2023-08-24,17.83,17.83,0,0.01019830028
2023-08-25,17.69,17.69,0,-0.007851934941
2023-08-28,17.79,17.79,0,0.005652911249
2023-08-29,17.88,17.88,0,0.005059021922
2023-08-30,18.19,18.19,0,0.01733780761
2023-08-31,18.25,18.25,0,0.003298515668
2023-09-01,18.42,18.42,0,0.009315068493
2023-09-04,18.39,18.39,0,-0.001628664495
2023-09-05,18.56,18.56,0,0.009244154432
2023-09-06,18.7,18.7,0,0.007543103448
2023-09-07,18.55,18.55,0,-0.008021390374
2023-09-08,18.32,18.32,0,-0.01239892183
2023-09-11,18.13,18.13,0,-0.01037117904
2023-09-12,18.33,18.33,0,0.0110314396
2023-09-13,18.62,18.62,0,0.01582105837
2023-09-14,18.96,18.96,0,0.01825993555
2023-09-15,19.07,19.07,0,0.005801687764
2023-09-18,19.05,19.05,0,-0.001048767698
2023-09-19,18.96,18.96,0,-0.004724409449
2023-09-20,18.57,18.57,0,-0.02056962025
2023-09-21,18.37,18.37,0,-0.01077005924
2023-09-22,18.57,18.57,0,0.01088731628
2023-09-25,18.72,18.72,0,0.008077544426
2023-09-26,18.38,18.38,0,-0.01816239316
2023-09-27,18.38,18.38,0,0
2023-09-28,18.43,18.43,0,0.002720348205
2023-10-02,18.8,18.8,0,0.0200759631
2023-10-03,18.78,18.78,0,-0.001063829787
2023-10-04,18.65,18.65,0,-0.006922257721
2023-10-05,18.91,18.91,0,0.01394101877
2023-10-06,18.98,18.98,0,0.003701745108
2023-10-11,18.9,18.9,0,-0.004214963119
2023-10-12,19.08,19.08,0,0.009523809524
2023-10-13,19.11,19.11,0,0.001572327044
2023-10-16,18.94,18.94,0,-0.008895866039
2023-10-17,18.89,18.89,0,-0.002639915523
2023-10-18,18.74,18.74,0,-0.00794070937
2023-10-19,18.9,18.9,0,0.008537886873
2023-10-20,18.75,18.75,0,-0.007936507937
2023-10-23,18.59,18.59,0,-0.008533333333
2023-10-24,18.6,18.6,0,0.0005379236148
2023-10-25,18.97,18.97,0,0.01989247312
2023-10-26,18.37,18.37,0,-0.03162888772
2023-10-27,18.47,18.47,0,0.005443658138
2023-10-30,18.53,18.53,0,0.003248511099
2023-10-31,18.26,18.26,0,-0.014570966
2023-11-01,18.45,18.45,0,0.01040525739
2023-11-02,18.73,18.73,0,0.01517615176
2023-11-03,18.83,18.83,0,0.005339028297
2023-11-06,19.1,19.1,0,0.01433882103
2023-11-07,19.13,19.13,0,0.001570680628
2023-11-08,19.06,19.06,0,-0.003659174072
2023-11-09,19.18,19.18,0,0.00629590766
2023-11-10,19,19,0,-0.009384775808
2023-11-13,19.25,19.25,0,0.01315789474
2023-11-14,19.28,19.28,0,0.001558441558
2023-11-15,19.46,19.46,0,0.009336099585
2023-11-16,18.78,18.78,0.65,-0.001541623844
2023-11-17,18.95,18.95,0,0.009052183174
2023-11-20,18.89,18.89,0,-0.003166226913
2023-11-21,18.96,18.96,0,0.003705664373
2023-11-22,19.07,19.07,0,0.005801687764
2023-11-23,19.15,19.15,0,0.004195070792
2023-11-24,19.04,19.04,0,-0.005744125326
2023-11-27,18.85,18.85,0,-0.009978991597
2023-11-28,19.26,19.26,0,0.02175066313
2023-11-29,19.45,19.45,0,0.009865005192
2023-11-30,19.51,19.51,0,0.003084832905
2023-12-01,19.46,19.46,0,-0.002562788314
2023-12-04,19.58,19.58,0,0.006166495375
2023-12-05,19.49,19.49,0,-0.004596527068
2023-12-06,19.55,19.55,0,0.003078501796
2023-12-07,19.52,19.52,0,-0.001534526854
2023-12-08,19.65,19.65,0,0.006659836066
2023-12-11,19.77,19.77,0,0.006106870229
2023-12-12,19.89,19.89,0,0.006069802731
2023-12-13,19.97,19.97,0,0.004022121669
2023-12-14,20.06,20.06,0,0.00450676014
2023-12-15,20.14,20.14,0,0.003988035892
2023-12-18,19.99,19.99,0,-0.007447864945
2023-12-19,19.71,19.71,0,-0.0140070035
2023-12-20,19.75,19.75,0,0.002029426687
2023-12-21,19.69,19.69,0,-0.003037974684
2023-12-22,19.92,19.92,0,0.01168105637
2023-12-25,19.93,19.93,0,0.0005020080321
2023-12-26,20.03,20.03,0,0.005017561465
2023-12-27,20.15,20.15,0,0.00599101348
2023-12-28,20.03,20.03,0,-0.005955334988
2023-12-29,20,20,0,-0.00149775337
2024-01-02,19.77,19.77,0,-0.0115
2024-01-03,19.5,19.5,0,-0.01365705615
2024-01-04,19.41,19.41,0,-0.004615384615
2024-01-05,19.5,19.5,0,0.004636785162
2024-01-08,19.57,19.57,0,0.00358974359
2024-01-09,19.63,19.63,0,0.00306591722
2024-01-10,19.61,19.61,0,-0.001018848701
2024-01-11,19.84,19.84,0,0.01172870984
2024-01-12,19.7,19.7,0,-0.007056451613
2024-01-15,19.91,19.91,0,0.01065989848
2024-01-16,19.86,19.86,0,-0.002511300854
2024-01-17,19.56,19.56,0,-0.01510574018
2024-01-18,19.57,19.57,0,0.0005112474438
2024-01-19,19.85,19.85,0,0.01430761369
2024-01-22,20.12,20.12,0,0.01360201511
2024-01-23,20.41,20.41,0,0.01441351889
2024-01-24,20.24,20.24,0,-0.008329250367
2024-01-25,20.2,20.2,0,-0.001976284585
2024-01-26,20.21,20.21,0,0.000495049505
2024-01-29,20.32,20.32,0,0.005442850074
2024-01-30,20.53,20.53,0,0.01033464567
2024-01-31,20.54,20.54,0,0.0004870920604
2024-02-01,20.59,20.59,0,0.002434274586
2024-02-02,20.85,20.85,0,0.01262748907
2024-02-05,20.76,20.76,0,-0.004316546763
2024-02-15,21.29,21.29,0,0.02552986513
2024-02-16,21.03,21.03,0,-0.01221230625
2024-02-19,21.07,21.07,0,0.001902044698
2024-02-20,21.09,21.09,0,0.0009492168961
2024-02-21,21.08,21.08,0,-0.0004741583689
2024-02-22,21.28,21.28,0,0.009487666034
2024-02-23,21.14,21.14,0,-0.006578947368
2024-02-26,21.23,21.23,0,0.004257332072
2024-02-27,21.08,21.08,0,-0.007065473387
2024-02-29,21.2,21.2,0,0.00569259962
2024-03-01,21.63,21.63,0,0.02028301887
2024-03-04,21.84,21.84,0,0.009708737864
2024-03-05,21.78,21.78,0,-0.002747252747
2024-03-06,21.85,21.85,0,0.003213957759
2024-03-07,21.81,21.81,0,-0.001830663616
2024-03-08,21.51,21.51,0,-0.01375515818
2024-03-11,21.57,21.57,0,0.002789400279
2024-03-12,21.95,21.95,0,0.01761706073
2024-03-13,21.78,21.78,0,-0.007744874715
2024-03-14,21.67,21.67,0,-0.005050505051
2024-03-15,21.6,21.6,0,-0.003230272266
2024-03-18,21.86,21.86,0,0.01203703704
2024-03-19,22.16,22.16,0,0.01372369625
2024-03-20,22.05,22.05,0,-0.004963898917
2024-03-21,22.14,22.14,0,0.004081632653
2024-03-22,21.91,21.91,0,-0.01038843722
2024-03-25,22,22,0,0.004107713373
2024-03-26,21.68,21.68,0,-0.01454545455
2024-03-27,21.9,21.9,0,0.01014760148
2024-03-28,21.88,21.88,0,-0.0009132420091
2024-03-29,22.17,22.17,0,0.01325411335
2024-04-01,22.17,22.17,0,0
2024-04-02,22.17,22.17,0,0
2024-04-03,22.23,22.23,0,0.002706359946
2024-04-08,22.3,22.3,0,0.003148897886
2024-04-09,22.12,22.12,0,-0.008071748879
2024-04-10,22.28,22.28,0,0.007233273056
2024-04-11,22.17,22.17,0,-0.004937163375
2024-04-12,22.32,22.32,0,0.006765899865
2024-04-15,22.06,22.06,0,-0.01164874552
2024-04-16,21.45,21.45,0,-0.02765185857
2024-04-17,21.72,21.72,0,0.01258741259
2024-04-18,21.79,21.79,0,0.003222836096
2024-04-19,20.93,20.93,0,-0.03946764571
2024-04-22,20.15,20.15,0,-0.03726708075
2024-04-23,20.34,20.34,0,0.009429280397
2024-04-24,20.95,20.95,0,0.02999016716
2024-04-25,20.7,20.7,0,-0.01193317422
2024-04-26,21.11,21.11,0,0.01980676329
2024-04-29,21.36,21.36,0,0.01184272856
2024-04-30,21.29,21.29,0,-0.003277153558
2024-05-02,21.39,21.39,0,0.004697040864
2024-05-03,21.3,21.3,0,-0.004207573633
2024-05-06,21.35,21.35,0,0.00234741784
2024-05-07,21.18,21.18,0,-0.007962529274
2024-05-08,21.22,21.22,0,0.001888574127
2024-05-09,20.93,20.93,0,-0.0136663525
2024-05-10,20.96,20.96,0,0.001433349259
2024-05-13,20.96,20.96,0,0
2024-05-14,21.05,21.05,0,0.00429389313
2024-05-15,21.1,21.1,0,0.002375296912
2024-05-16,21.37,21.37,0,0.01279620853
2024-05-17,21.2,21.2,0,-0.007955077211
2024-05-20,21.24,21.24,0,0.001886792453
2024-05-21,21.21,21.21,0,-0.001412429379
2024-05-22,21.59,21.59,0,0.01791607732
2024-05-23,21.48,21.48,0,-0.005094951366
2024-05-24,21.8,21.8,0,0.01489757914
2024-05-27,22.05,22.05,0,0.01146788991
2024-05-28,22.31,22.31,0,0.01179138322
2024-05-29,22.25,22.25,0,-0.002689376961
2024-05-30,21.97,21.97,0,-0.01258426966
2024-05-31,21.97,21.97,0,0
2024-06-03,22.1,22.1,0,0.005917159763
2024-06-04,22.05,22.05,0,-0.002262443439
2024-06-05,22.05,22.05,0,0
2024-06-06,22.05,22.05,0,0
2024-06-07,22.14,22.14,0,0.004081632653
2024-06-11,22.38,22.38,0,0.0108401084
2024-06-12,22.82,22.82,0,0.01966041108
2024-06-13,23.18,23.18,0,0.01577563541
2024-06-14,23.17,23.17,0,-0.0004314063848
2024-06-17,23.18,23.18,0,0.0004315925766
2024-06-18,23.17,23.17,0,-0.0004314063848
2024-06-19,23.36,23.36,0,0.008200258956
2024-06-20,23.67,23.67,0,0.01327054795
2024-06-21,23.51,23.51,0,-0.006759611322
2024-06-24,23.08,23.08,0,-0.01829008932
2024-06-25,23.2,23.2,0,0.005199306759
2024-06-26,23.64,23.64,0,0.01896551724
2024-06-27,23.47,23.47,0,-0.007191201354
2024-06-28,23.81,23.81,0,0.01448657861
2024-07-01,23.98,23.98,0,0.007139857203
2024-07-02,23.98,23.98,0,0
2024-07-03,24.02,24.02,0,0.001668056714
2024-07-04,24.26,24.26,0,0.009991673605
2024-07-05,24.49,24.49,0,0.009480626546
2024-07-08,24.57,24.57,0,0.003266639445
2024-07-09,24.76,24.76,0,0.007733007733
2024-07-10,24.93,24.93,0,0.006865912763
2024-07-11,25.27,25.27,0,0.01363818692
2024-07-12,24.7,24.7,0,-0.02255639098
2024-07-15,24.74,24.74,0,0.001619433198
2024-07-16,24.7,24.7,0,-0.001616814875
2024-07-17,24.72,24.72,0,0.0008097165992
2024-07-18,24.16,24.16,0,-0.02265372168
2024-07-19,23.82,23.82,0,-0.01407284768
2024-07-22,22.95,22.95,0,-0.03652392947
2024-07-23,23.34,23.34,0,0.01699346405
2024-07-26,23,23,0,-0.0145672665
2024-07-29,22.88,22.88,0,-0.005217391304
2024-07-30,22.96,22.96,0,0.003496503497
2024-07-31,22.75,22.75,0,-0.009146341463
2024-08-01,23.03,23.03,0,0.01230769231
2024-08-02,22.21,22.21,0,-0.03560573165
2024-08-05,20.55,20.55,0,-0.07474110761
2024-08-06,21.23,21.23,0,0.03309002433
2024-08-07,21.85,21.85,0,0.02920395667
2024-08-08,21.73,21.73,0,-0.005491990847
2024-08-09,22.22,22.22,0,0.02254947078
2024-08-12,22.5,22.5,0,0.01260126013
2024-08-13,22.75,22.75,0,0.01111111111
2024-08-14,23.1,23.1,0,0.01538461538
2024-08-15,23.41,23.41,0,0.01341991342
2024-08-16,23.7,23.7,0,0.01238786843
2024-08-19,24.03,24.03,0,0.01392405063
2024-08-20,24.04,24.04,0,0.0004161464836
2024-08-21,23.88,23.88,0,-0.006655574043
2024-08-22,24.1,24.1,0,0.009212730318
2024-08-23,24.4,24.4,0,0.01244813278
2024-08-26,24.21,24.21,0,-0.007786885246
2024-08-27,24.41,24.41,0,0.008261049153
2024-08-28,24.47,24.47,0,0.002458009013
2024-08-29,24.49,24.49,0,0.0008173273396
2024-08-30,24.66,24.66,0,0.00694160882
2024-09-02,24.36,24.36,0,-0.01216545012
2024-09-03,24.29,24.29,0,-0.002873563218
2024-09-04,23.5,23.5,0,-0.03252367229
2024-09-05,23.27,23.27,0,-0.009787234043
2024-09-06,23.38,23.38,0,0.004727116459
2024-09-09,23.1,23.1,0,-0.0119760479
2024-09-10,22.68,22.68,0,-0.01818181818
2024-09-11,22.76,22.76,0,0.003527336861
2024-09-12,23.36,23.36,0,0.02636203866
2024-09-13,23.54,23.54,0,0.007705479452
2024-09-16,23.68,23.68,0,0.005947323704
2024-09-18,23.31,23.31,0,-0.015625
2024-09-19,23.73,23.73,0,0.01801801802
2024-09-20,23.8,23.8,0,0.002949852507
2024-09-23,23.87,23.87,0,0.002941176471
2024-09-24,23.75,23.75,0,-0.005027230834
2024-09-25,24.29,24.29,0,0.02273684211
2024-09-26,24.58,24.58,0,0.01193906958
2024-09-27,24.4,24.4,0,-0.007323026851
2024-09-30,24.11,24.11,0,-0.0118852459
2024-10-01,24.35,24.35,0,0.009954375778
2024-10-04,24.24,24.24,0,-0.004517453799
2024-10-07,24.42,24.42,0,0.007425742574
2024-10-08,24.32,24.32,0,-0.004095004095
2024-10-09,24.36,24.36,0,0.001644736842
2024-10-11,24.61,24.61,0,0.01026272578
2024-10-14,24.62,24.62,0,0.0004063388866
2024-10-15,24.73,24.73,0,0.004467912266
2024-10-16,24.62,24.62,0,-0.004448038819
2024-10-17,24.79,24.79,0,0.006904955321
2024-10-18,24.51,24.51,0,-0.01129487697
2024-10-21,24.89,24.89,0,0.01550387597
2024-10-22,24.96,24.96,0,0.002812374448
2024-10-23,25.09,25.09,0,0.005208333333
2024-10-24,24.6,24.6,0,-0.0195296931
2024-10-25,24.45,24.45,0,-0.006097560976
2024-10-28,24.12,24.12,0,-0.01349693252
2024-10-29,23.78,23.78,0,-0.01409618574
2024-10-30,23.95,23.95,0,0.007148864592
2024-11-01,23.83,23.83,0,-0.005010438413
2024-11-04,23.9,23.9,0,0.002937473773
2024-11-05,23.78,23.78,0,-0.005020920502
2024-11-06,24.11,24.11,0,0.01387720774
2024-11-07,24.28,24.28,0,0.007051016176
2024-11-08,24.35,24.35,0,0.002883031301
2024-11-11,24.08,24.08,0,-0.01108829569
2024-11-12,23.73,23.73,0,-0.01453488372
2024-11-13,23.45,23.45,0,-0.01179941003
2024-11-14,23.17,23.17,0,-0.01194029851
2024-11-15,23.15,23.15,0,-0.0008631851532
2024-11-18,22,22,0.75,-0.01727861771
2024-11-19,22.5,22.5,0,0.02272727273
2024-11-20,22.5,22.5,0,0
2024-11-21,22.52,22.52,0,0.0008888888889
2024-11-22,22.73,22.73,0,0.009325044405
2024-11-25,22.93,22.93,0,0.008798944127
2024-11-26,22.44,22.44,0,-0.02136938509
2024-11-27,22.04,22.04,0,-0.01782531194
2024-11-28,21.92,21.92,0,-0.005444646098
2024-11-29,22.35,22.35,0,0.01961678832
2024-12-02,22.5,22.5,0,0.006711409396
2024-12-03,22.5,22.5,0,0
2024-12-04,22.93,22.93,0,0.01911111111
2024-12-05,23.07,23.07,0,0.006105538596
2024-12-06,22.9,22.9,0,-0.00736887733
2024-12-09,22.8,22.8,0,-0.004366812227
2024-12-10,22.63,22.63,0,-0.007456140351
2024-12-11,22.4,22.4,0,-0.01016349978
2024-12-12,22.64,22.64,0,0.01071428571
2024-12-13,22.49,22.49,0,-0.006625441696
2024-12-16,22.11,22.11,0,-0.0168963984
2024-12-17,22.61,22.61,0,0.02261420172
2024-12-18,22.75,22.75,0,0.006191950464
2024-12-19,22.78,22.78,0,0.001318681319
2024-12-20,22.45,22.45,0,-0.01448639157
2024-12-23,22.55,22.55,0,0.004454342984
2024-12-24,22.74,22.74,0,0.008425720621
2024-12-25,22.68,22.68,0,-0.002638522427
2024-12-26,22.73,22.73,0,0.002204585538
2024-12-27,22.55,22.55,0,-0.007919049714
2024-12-30,22.36,22.36,0,-0.008425720621
2024-12-31,22.55,22.55,0,0.008497316637
2025-01-02,22.12,22.12,0,-0.01906873614
2025-01-03,22.17,22.17,0,0.00226039783
2025-01-06,22.53,22.53,0,0.01623815968
2025-01-07,22.74,22.74,0,0.009320905459
2025-01-08,22.48,22.48,0,-0.01143359719
2025-01-09,22.01,22.01,0,-0.02090747331
2025-01-10,22.01,22.01,0,0
2025-01-13,21.22,21.22,0,-0.03589277601
2025-01-14,21.4,21.4,0,0.008482563619
2025-01-15,21.4,21.4,0,0
2025-01-16,21.89,21.89,0,0.02289719626
2025-01-17,21.82,21.82,0,-0.003197807218
2025-01-20,22.33,22.33,0,0.02337305225
2025-01-21,22.2,22.2,0,-0.005821764442
2025-01-22,22.28,22.28,0,0.003603603604
2025-02-03,21.46,21.46,0,-0.0368043088
2025-02-04,21.36,21.36,0,-0.004659832246
2025-02-05,21.85,21.85,0,0.02294007491
2025-02-06,21.81,21.81,0,-0.001830663616
2025-02-07,22.06,22.06,0,0.01146263182
2025-02-10,21.76,21.76,0,-0.01359927471
2025-02-11,21.76,21.76,0,0
2025-02-12,21.61,21.61,0,-0.006893382353
2025-02-13,21.76,21.76,0,0.006941230912
2025-02-14,21.79,21.79,0,0.001378676471
2025-02-17,21.95,21.95,0,0.007342817806
2025-02-18,22.55,22.55,0,0.02733485194
2025-02-19,22.58,22.58,0,0.00133037694
2025-02-20,22.5,22.5,0,-0.00354295837
2025-02-21,22.56,22.56,0,0.002666666667
2025-02-24,22.57,22.57,0,0.0004432624113
2025-02-25,22.44,22.44,0,-0.005759858219
2025-02-26,22.45,22.45,0,0.0004456327986
2025-02-27,22.31,22.31,0,-0.006236080178
2025-03-03,21.92,21.92,0,-0.01748095025
2025-03-04,21.89,21.89,0,-0.001368613139
2025-03-05,22.39,22.39,0,0.02284148013
2025-03-06,22.47,22.47,0,0.003573023671
2025-03-07,22.06,22.06,0,-0.01824655096
2025-03-10,21.91,21.91,0,-0.006799637353
2025-03-11,21.5,21.5,0,-0.01871291648
2025-03-12,21.41,21.41,0,-0.004186046512
2025-03-13,21.25,21.25,0,-0.007473143391
2025-03-14,21.16,21.16,0,-0.004235294118
2025-03-17,21.25,21.25,0,0.004253308129
2025-03-18,21.59,21.59,0,0.016
2025-03-19,21.23,21.23,0,-0.01667438629
2025-03-20,21.55,21.55,0,0.01507300989
2025-03-21,21.57,21.57,0,0.0009280742459
2025-03-24,21.25,21.25,0,-0.01483541956
2025-03-25,21.26,21.26,0,0.0004705882353
2025-03-26,21.21,21.21,0,-0.002351834431
2025-03-27,20.99,20.99,0,-0.01037246582
2025-03-28,20.47,20.47,0,-0.02477370176
2025-03-31,19.34,19.34,0,-0.05520273571
2025-04-01,19.8,19.8,0,0.02378490176
2025-04-02,20.07,20.07,0,0.01363636364
2025-04-07,18.07,18.07,0,-0.09965122073
2025-04-08,16.69,16.69,0,-0.07636967349
2025-04-09,15.4,15.4,0,-0.07729179149
2025-04-10,16.94,16.94,0,0.1
2025-04-11,17.25,17.25,0,0.01829988194
2025-04-14,17.77,17.77,0,0.03014492754
2025-04-15,18.5,18.5,0,0.04108047271
2025-04-16,18.15,18.15,0,-0.01891891892
2025-04-17,17.97,17.97,0,-0.009917355372
2025-04-18,17.9,17.9,0,-0.003895381191
2025-04-21,17.45,17.45,0,-0.0251396648
2025-04-22,17.16,17.16,0,-0.01661891117
2025-04-23,17.9,17.9,0,0.04312354312
2025-04-24,18.1,18.1,0,0.01117318436
2025-04-25,18.54,18.54,0,0.02430939227
2025-04-28,18.7,18.7,0,0.008629989213
2025-04-29,18.66,18.66,0,-0.002139037433
2025-04-30,18.55,18.55,0,-0.005894962487
2025-05-02,18.82,18.82,0,0.01455525606
2025-05-05,18.46,18.46,0,-0.01912858661
2025-05-06,18.77,18.77,0,0.01679306609
2025-05-07,18.55,18.55,0,-0.01172083111
2025-05-08,18.7,18.7,0,0.008086253369
2025-05-09,18.7,18.7,0,0
2025-05-12,18.97,18.97,0,0.01443850267
2025-05-13,19.38,19.38,0,0.02161307327
2025-05-14,19.6,19.6,0,0.01135190918
2025-05-15,19.5,19.5,0,-0.005102040816
2025-05-16,19.65,19.65,0,0.007692307692
2025-05-19,19.14,19.14,0,-0.02595419847
2025-05-20,19.25,19.25,0,0.005747126437
2025-05-21,19.39,19.39,0,0.007272727273
2025-05-22,19.25,19.25,0,-0.007220216606
2025-05-23,19.15,19.15,0,-0.005194805195
2025-05-26,19.03,19.03,0,-0.006266318538
2025-05-27,18.99,18.99,0,-0.002101944298
2025-05-28,19.15,19.15,0,0.008425487098
2025-05-29,19.4,19.4,0,0.01305483029
2025-06-02,18.64,18.64,0,-0.03917525773
2025-06-03,18.67,18.67,0,0.00160944206
2025-06-04,19.42,19.42,0,0.04017139796
2025-06-05,19.5,19.5,0,0.00411946447
2025-06-06,19.35,19.35,0,-0.007692307692
2025-06-09,19.52,19.52,0,0.008785529716
2025-06-10,19.86,19.86,0,0.01741803279
2025-06-11,20.27,20.27,0,0.02064451158
2025-06-12,20.27,20.27,0,0
2025-06-13,20.01,20.01,0,-0.01282683769
2025-06-16,20,20,0,-0.0004997501249
2025-06-17,20.18,20.18,0,0.009
2025-06-18,20,20,0,-0.008919722498
2025-06-19,19.68,19.68,0,-0.016
2025-06-20,19.49,19.49,0,-0.009654471545
2025-06-23,19.46,19.46,0,-0.001539250898
2025-06-24,19.9,19.9,0,0.02261048304
2025-06-25,20.31,20.31,0,0.02060301508
2025-06-26,20.2,20.2,0,-0.005416051206
2025-06-27,20.25,20.25,0,0.002475247525
2025-06-30,20.07,20.07,0,-0.008888888889
2025-07-01,20.3,20.3,0,0.01145989038
2025-07-02,20.3,20.3,0,0
2025-07-03,20.5,20.5,0,0.009852216749
2025-07-04,20.3,20.3,0,-0.009756097561
2025-07-07,20.17,20.17,0,-0.006403940887
2025-07-08,20,20,0,-0.008428358949
2025-07-09,20.32,20.32,0,0.016
2025-07-10,20.31,20.31,0,-0.0004921259843
2025-07-11,20.32,20.32,0,0.0004923682915
2025-07-14,20.21,20.21,0,-0.005413385827
2025-07-15,20.29,20.29,0,0.003958436418
2025-07-16,20.49,20.49,0,0.009857072449
2025-07-17,20.68,20.68,0,0.009272816008
2025-07-18,20.72,20.72,0,0.001934235977
2025-07-21,20.58,20.58,0,-0.006756756757
2025-07-22,20.01,20.01,0,-0.027696793
2025-07-23,20.25,20.25,0,0.011994003
2025-07-24,20.42,20.42,0,0.008395061728
2025-07-25,20.34,20.34,0,-0.003917727718
2025-07-28,20.33,20.33,0,-0.0004916420846
2025-07-29,20.25,20.25,0,-0.003935071323
2025-07-30,20.28,20.28,0,0.001481481481
2025-07-31,20.35,20.35,0,0.003451676529
2025-08-01,20.41,20.41,0,0.002948402948
2025-08-04,20.28,20.28,0,-0.006369426752
2025-08-05,20.65,20.65,0,0.01824457594
2025-08-06,20.59,20.59,0,-0.002905569007
2025-08-07,21.11,21.11,0,0.02525497814
2025-08-08,21.28,21.28,0,0.008053055424
2025-08-11,21.38,21.38,0,0.00469924812
2025-08-12,21.55,21.55,0,0.007951356408
2025-08-13,21.71,21.71,0,0.007424593968
2025-08-14,21.91,21.91,0,0.009212344542
2025-08-15,21.97,21.97,0,0.002738475582
2025-08-18,22.26,22.26,0,0.01319981793
2025-08-19,22.21,22.21,0,-0.002246181491
2025-08-20,21.58,21.58,0,-0.02836560108
2025-08-21,21.97,21.97,0,0.01807228916
2025-08-22,21.78,21.78,0,-0.008648156577
2025-08-25,22,22,0,0.0101010101
2025-08-26,22.38,22.38,0,0.01727272727
2025-08-27,22.81,22.81,0,0.01921358356
2025-08-28,22.79,22.79,0,-0.0008768084174
2025-08-29,23.03,23.03,0,0.01053093462
2025-09-01,22.85,22.85,0,-0.007815892314
2025-09-02,22.71,22.71,0,-0.006126914661
2025-09-03,22.8,22.8,0,0.003963011889
2025-09-04,23.01,23.01,0,0.009210526316
2025-09-05,23.48,23.48,0,0.02042590178
2025-09-08,23.61,23.61,0,0.005536626917
2025-09-09,23.46,23.46,0,-0.006353240152
2025-09-10,23.51,23.51,0,0.002131287298
2025-09-11,23.3,23.3,0,-0.008932369205
2025-09-12,23.49,23.49,0,0.008154506438
2025-09-15,23.3,23.3,0,-0.008088548318
2025-09-16,23.63,23.63,0,0.01416309013
2025-09-17,23.47,23.47,0,-0.006771053745
2025-09-18,23.85,23.85,0,0.01619088198
2025-09-19,24.19,24.19,0,0.0142557652
2025-09-22,24.5,24.5,0,0.0128152129
2025-09-23,24.62,24.62,0,0.004897959184
2025-09-24,24.44,24.44,0,-0.007311129163
2025-09-25,24.1,24.1,0,-0.01391162029
2025-09-26,23.59,23.59,0,-0.02116182573
2025-09-30,24,24,0,0.01738024587
2025-10-01,24.03,24.03,0,0.00125
2025-10-02,24.32,24.32,0,0.01206824802
2025-10-03,24.4,24.4,0,0.003289473684
2025-10-07,24.58,24.58,0,0.00737704918
2025-10-08,24.66,24.66,0,0.0032546786
2025-10-09,24.71,24.71,0,0.00202757502
2025-10-13,24.25,24.25,0,-0.01861594496
2025-10-14,23.73,23.73,0,-0.02144329897
2025-10-15,24.2,24.2,0,0.01980615255
2025-10-16,24.7,24.7,0,0.02066115702
2025-10-17,24.39,24.39,0,-0.01255060729
2025-10-20,24.6,24.6,0,0.008610086101
2025-10-21,24.63,24.63,0,0.001219512195
2025-10-22,24.49,24.49,0,-0.005684125051
2025-10-23,24.47,24.47,0,-0.0008166598612
2025-10-27,24.69,24.69,0,0.008990600736
2025-10-28,24.86,24.86,0,0.006885378696
2025-10-29,24.87,24.87,0,0.0004022526146
2025-10-30,24.52,24.52,0,-0.01407318054
2025-10-31,24.87,24.87,0,0.01427406199
2025-11-03,25.18,25.18,0,0.01246481705
2025-11-04,24.78,24.78,0,-0.01588562351
2025-11-05,24.32,24.32,0,-0.01856335755
2025-11-06,24.82,24.82,0,0.02055921053
2025-11-07,24.45,24.45,0,-0.0149073328
2025-11-10,24.22,24.22,0,-0.009406952965
2025-11-11,24.05,24.05,0,-0.007018992568
2025-11-12,24.11,24.11,0,0.002494802495
2025-11-13,24.49,24.49,0,0.01576109498
2025-11-14,23.96,23.96,0,-0.02164148632
2025-11-17,24.1,24.1,0,0.005843071786
2025-11-18,23.39,23.39,0,-0.02946058091
2025-11-19,22.96,22.96,0,-0.01838392475
2025-11-20,23.89,23.89,0,0.04050522648
2025-11-21,22.41,22.41,0.77,-0.02971954793
2025-11-24,22.82,22.82,0,0.01829540384
2025-11-25,23.28,23.28,0,0.02015775635
2025-11-26,23.31,23.31,0,0.001288659794
2025-11-27,23.48,23.48,0,0.007293007293
2025-11-28,24,24,0,0.02214650767
2025-12-01,23.69,23.69,0,-0.01291666667
2025-12-02,23.43,23.43,0,-0.01097509498
2025-12-03,23.66,23.66,0,0.009816474605
2025-12-04,23.54,23.54,0,-0.005071851226
2025-12-05,23.61,23.61,0,0.002973661852
2025-12-08,23.75,23.75,0,0.005929690809
2025-12-09,23.96,23.96,0,0.008842105263
2025-12-10,24.13,24.13,0,0.007095158598
2025-12-11,23.99,23.99,0,-0.005801906341
2025-12-12,24.28,24.28,0,0.01208837015
2025-12-15,24.22,24.22,0,-0.002471169687
2025-12-16,23.69,23.69,0,-0.02188274154
2025-12-17,23.77,23.77,0,0.003376952301
2025-12-18,23.58,23.58,0,-0.007993268826
2025-12-19,23.9,23.9,0,0.01357082273
2025-12-22,24.22,24.22,0,0.01338912134
2025-12-23,24.45,24.45,0,0.009496284063
2025-12-24,24.66,24.66,0,0.008588957055
2025-12-26,24.9,24.9,0,0.009732360097
2025-12-29,25.08,25.08,0,0.007228915663
2025-12-30,25.33,25.33,0,0.009968102073
2025-12-31,25.77,25.77,0,0.01737070667
2026-01-02,25.75,25.75,0,-0.0007760962359
2026-01-05,25.62,25.62,0,-0.005048543689
2026-01-06,26.23,26.23,0,0.02380952381
2026-01-07,26.47,26.47,0,0.009149828441
2026-01-08,26.3,26.3,0,-0.006422364941
2026-01-09,26.02,26.02,0,-0.01064638783
2026-01-12,27,27,0,0.0376633359
2026-01-13,26.76,26.76,0,-0.008888888889
2026-01-14,27.35,27.35,0,0.02204783259
2026-01-15,27.42,27.42,0,0.002559414991
2026-01-16,27.69,27.69,0,0.009846827133
2026-01-19,27.82,27.82,0,0.004694835681
2026-01-20,28.17,28.17,0,0.01258087707
2026-01-21,27.6,27.6,0,-0.0202342918
2026-01-22,28.51,28.51,0,0.03297101449
2026-01-23,28.82,28.82,0,0.01087337776
2026-01-26,29.29,29.29,0,0.01630811936
2026-01-27,29.48,29.48,0,0.006486855582
2026-01-28,30.16,30.16,0,0.02306648575
2026-01-29,29.99,29.99,0,-0.005636604775
2026-01-30,29.63,29.63,0,-0.01200400133
2026-02-02,28.7,28.7,0,-0.03138710766
2026-02-03,29.25,29.25,0,0.01916376307
2026-02-04,29.44,29.44,0,0.006495726496
2026-02-05,28.79,28.79,0,-0.02207880435
2026-02-06,28.24,28.24,0,-0.01910385551
2026-02-09,29.02,29.02,0,0.0276203966
2026-02-10,29.08,29.08,0,0.002067539628
2026-02-11,29.31,29.31,0,0.007909215956
2026-02-23,30.09,30.09,0,0.02661207779
2026-02-24,31.11,31.11,0,0.03389830508
2026-02-25,31.2,31.2,0,0.002892960463
2026-02-26,31.43,31.43,0,0.007371794872
2026-03-02,31.41,31.41,0,-0.0006363347121
2026-03-03,30.45,30.45,0,-0.0305635148
2026-03-04,28.9,28.9,0,-0.05090311987
2026-03-05,30.1,30.1,0,0.04152249135
2026-03-06,30.22,30.22,0,0.003986710963
2026-03-09,28.35,28.35,0,-0.06187954997
2026-03-10,29.6,29.6,0,0.04409171076
2026-03-11,31.38,31.38,0,0.06013513514
2026-03-12,31.49,31.49,0,0.003505417463
2026-03-13,31.45,31.45,0,-0.001270244522
2026-03-16,32.19,32.19,0,0.02352941176
2026-03-17,32.71,32.71,0,0.01615408512
2026-03-18,34,34,0,0.03943748089
2026-03-19,33.97,33.97,0,-0.0008823529412
2026-03-20,33.74,33.74,0,-0.006770680012
2026-03-23,32.25,32.25,0,-0.04416123296
2026-03-24,31.63,31.63,0,-0.0192248062
2026-03-25,33.17,33.17,0,0.04868795447
2026-03-26,33.15,33.15,0,-0.0006029544769
2026-03-27,33.48,33.48,0,0.009954751131
2026-03-30,32.92,32.92,0,-0.01672640382
2026-03-31,31.11,31.11,0,-0.054981774
2026-04-01,33.03,33.03,0,0.06171648987
2026-04-02,32.6,32.6,0,-0.01301846806
2026-04-07,33.9,33.9,0,0.03987730061
2026-04-08,36,36,0,0.06194690265
2026-04-09,35.98,35.98,0,-0.0005555555556
2026-04-10,37.09,37.09,0,0.03085047248
2026-04-13,37.37,37.37,0,0.007549204637
2026-04-14,37.95,37.95,0,0.01552047097
2026-04-15,38.4,38.4,0,0.01185770751
2026-04-16,40.34,40.34,0,0.05052083333
2026-04-17,40.86,40.86,0,0.01289043133
2026-04-20,42.64,42.64,0,0.04356338718
2026-04-21,43.22,43.22,0,0.01360225141
2026-04-22,47.5,47.5,0,0.09902822767
2026-04-23,42.75,42.75,0,-0.1
2026-04-24,41.91,41.91,0,-0.01964912281
2026-04-27,41.31,41.31,0,-0.01431639227
2026-04-28,41.84,41.84,0,0.01282982329
2026-04-29,41.95,41.95,0,0.002629063098
2026-04-30,42.41,42.41,0,0.01096543504
2026-05-04,44,44,0,0.03749115775
2026-05-05,45.24,45.24,0,0.02818181818
2026-05-06,45.98,45.98,0,0.01635720601
2026-05-07,46.83,46.83,0,0.01848629839
2026-05-08,45.92,45.92,0,-0.01943198804
2026-05-11,47.71,47.71,0,0.03898083624
2026-05-12,48.65,48.65,0,0.01970236848
2026-05-13,47.92,47.92,0,-0.01500513875
2026-05-14,49.03,49.03,0,0.02316360601
2026-05-15,46.93,46.93,0,-0.04283091984
2026-05-18,46.2,46.2,0,-0.01555508204
2026-05-19,44.35,44.35,0,-0.04004329004
2026-05-20,44,44,0,-0.007891770011
2026-05-21,45.82,45.82,0,0.04136363636
2026-05-22,47.5,47.5,0,0.0366652117
2026-05-25,49.28,49.28,0,0.03747368421
2026-05-26,49.54,49.54,0,0.005275974026
2026-05-27,49.88,49.88,0,0.006863140896
2026-05-28,48.4,48.4,0,-0.02967121091
2026-05-29,50.3,50.3,0,0.03925619835
2026-06-01,50.35,50.35,0,0.0009940357853
2026-06-02,49.55,49.55,0,-0.01588877855
2026-06-03,50.5,50.5,0,0.01917255298
2026-06-04,49.84,49.84,0,-0.01306930693
2026-06-05,48.12,48.12,0,-0.03451043339
2026-06-08,46.49,46.49,0,-0.03387364921
2026-06-09,47.54,47.54,0,0.02258550226
2026-06-10,45.19,45.19,0,-0.04943205721
2026-06-11,45.31,45.31,0,0.002655454747
2026-06-12,47.1,47.1,0,0.0395056279
2026-06-15,47.75,47.75,0,0.01380042463
2026-06-16,48.22,48.22,0,0.009842931937
2026-06-17,48.23,48.23,0,0.0002073828287
2026-06-18,50.25,50.25,0,0.04188264566
2026-06-22,50.8,50.8,0,0.01094527363
2026-06-23,49.24,49.24,0,-0.03070866142
2026-06-24,49.02,49.02,0,-0.004467912266
2026-06-25,48.62,48.62,0,-0.008159934721
2026-06-26,45.74,45.74,0,-0.05923488276
2026-06-29,45.6,45.6,0,-0.003060778312
2026-06-30,47.33,47.33,0,0.03793859649
2026-07-01,47.82,47.82,0,0.01035284175
2026-07-02,48.5,48.5,0,0.01421999164
2026-07-03,49.3,49.3,0,0.01649484536
2026-07-06,48.46,48.46,0,-0.01703853955
2026-07-07,46.19,46.19,0,-0.04684275691
2026-07-08,46.34,46.34,0,0.003247456159
2026-07-09,46.85,46.85,0,0.0110056107
2026-07-13,45.92,45.92,0,-0.01985058698
2026-07-14,44.51,44.51,0,-0.03070557491
2026-07-15,45.98,45.98,0,0.03302628623
2026-07-16,44.56,44.56,0,-0.03088299261
2026-07-17,41.3,41.3,0,-0.07315978456
2026-07-20,39.8,39.8,0,-0.03631961259
2026-07-21,41.69,41.69,0,0.04748743719
2026-07-22,43.55,43.55,0,0.04461501559
2026-07-23,43.05,43.05,0,-0.01148105626
2026-07-24,41.19,41.19,0,-0.04320557491
2026-07-27,41.06,41.06,0,-0.003156105851
2026-07-28,38.15,38.15,0,-0.07087189479
2026-07-29,35.99,35.99,0,-0.05661861075
2026-07-30,34.95,34.95,0,-0.02889691581
2026-07-31,38.07,38.07,0,0.08927038627
2026-08-03,39.88,39.88,0,0.0475439979
2026-08-04,41.2,41.2,0,0.03309929789
2026-08-05,42.42,42.42,0,0.02961165049
2026-08-06,43.66,43.66,0,0.02923149458
2026-08-07,42.6,42.6,0,-0.0242785158
2026-08-10,43.85,43.85,0,0.029342723
2026-08-11,43.8,43.8,0,-0.001140250855
2026-08-12,45.21,45.21,0,0.03219178082
2026-08-13,45.67,45.67,0,0.0101747401
2026-08-14,44.95,44.95,0,-0.01576527261
2026-08-17,44.5,44.5,0,-0.01001112347
2026-08-18,43.13,43.13,0,-0.03078651685
2026-08-19,42.18,42.18,0,-0.02202643172
2026-08-20,43.12,43.12,0,0.02228544334
2026-08-21,42.6,42.6,0,-0.0120593692
2026-08-24,42.57,42.57,0,-0.0007042253521
2026-08-25,42.69,42.69,0,0.00281888654
2026-08-26,43.49,43.49,0,0.0187397517
2026-08-27,44.14,44.14,0,0.01494596459
2026-08-28,44.39,44.39,0,0.00566379701
2026-08-31,44.32,44.32,0,-0.001576931741
2026-09-01,45.53,45.53,0,0.02730144404
2026-09-02,45.09,45.09,0,-0.00966395783
2026-09-03,43.34,43.34,0,-0.03881126636
2026-09-04,44.18,44.18,0,0.01938163359
2026-09-07,45.41,45.41,0,0.02784065188
2026-09-08,45.23,45.23,0,-0.003963884607
2026-09-09,45.2,45.2,0,-0.0006632765863
2026-09-10,44.92,44.92,0,-0.006194690265
2026-09-11,43.73,43.73,0,-0.02649154052
2026-09-14,43.8,43.8,0,0.001600731763
2026-09-15,43.12,43.12,0,-0.01552511416
2026-09-16,44.27,44.27,0,0.02666975881
2026-09-17,44.34,44.34,0,0.001581206234
2026-09-18,46.05,46.05,0,0.03856562923
2026-09-21,46.12,46.12,0,0.001520086862
2026-09-22,46.58,46.58,0,0.009973980919
2026-09-23,46.28,46.28,0,-0.006440532417
2026-09-24,46.17,46.17,0,-0.002376836646
2026-09-29,46,46,0,-0.003682044618
2026-09-30,46.5,46.5,0,0.01086956522
2026-10-01,46.59,46.59,0,0.001935483871
2026-10-02,47.86,47.86,0,0.02725906847
