date,close_split_adj,total_ret_fixed
2003-06-30,9.27,0.0
2003-07-01,9.5125,0.026159654800431476
2003-07-02,9.6725,0.01681997371879107
2003-07-03,9.75,0.00801240630653921
2003-07-04,9.815,0.006666666666666599
2003-07-07,10.25,0.04431991849210393
2003-07-08,10.2975,0.004634146341463419
2003-07-09,10.305,0.0007283321194464509
2003-07-10,10.0125,-0.028384279475982543
2003-07-11,9.9775,-0.003495630461922583
2003-07-14,10.165,0.0187922826359308
2003-07-15,10.0475,-0.011559272011805177
2003-07-16,10.2125,0.016421995521274102
2003-07-17,9.95,-0.025703794369645094
2003-07-18,9.98,0.0030150753768845018
2003-07-21,9.85,-0.013026052104208485
2003-07-22,9.995,0.014720812182741128
2003-07-23,10.0125,0.0017508754377189018
2003-07-24,10.3075,0.02946317103620477
2003-07-25,10.3075,0.0
2003-07-28,10.395,0.008488964346349714
2003-07-29,10.255,-0.013468013468013407
2003-07-30,10.15,-0.010238907849829393
2003-07-31,10.2175,0.00665024630541855
2003-08-01,10.4,0.017861512111573274
2003-08-04,10.35,-0.004807692307692402
2003-08-05,10.125,-0.021739130434782594
2003-08-06,10.0575,-0.00666666666666671
2003-08-07,10.175,0.011682823763360828
2003-08-08,10.045,-0.012776412776412838
2003-08-11,10.025,-0.0019910403185664505
2003-08-12,10.1375,0.011221945137156908
2003-08-13,10.6125,0.04685573366214557
2003-08-14,10.575,-0.0035335689045937757
2003-08-15,10.68,0.009929078014184523
2003-08-18,10.7,0.001872659176029856
2003-08-19,10.75,0.004672897196261738
2003-08-20,10.7975,0.0044186046511627275
2003-08-21,11.0,0.01875434128270448
2003-08-22,11.01,0.0009090909090909705
2003-08-25,11.0875,0.007039055404178152
2003-08-26,10.865,-0.020067643742953778
2003-08-27,10.905,0.0036815462494246276
2003-08-28,10.89,-0.0013755158184317606
2003-08-29,11.23,0.031221303948576695
2003-09-01,11.2875,0.005120213713267985
2003-09-02,11.38,0.008194905869324476
2003-09-03,11.25,-0.011423550087873546
2003-09-04,11.1275,-0.010888888888888948
2003-09-05,11.2575,0.011682767917321923
2003-09-08,11.4875,0.02043082389518114
2003-09-09,11.425,-0.005440696409140355
2003-09-10,11.275,-0.013129102844638973
2003-09-12,11.3675,0.008203991130820265
2003-09-15,11.25,-0.010336485594897749
2003-09-16,11.3625,0.010000000000000009
2003-09-17,11.4475,0.007480748074807364
2003-09-18,11.42,-0.002402271238261644
2003-09-19,11.45,0.0026269702276706663
2003-09-22,11.25,-0.017467248908296873
2003-09-23,11.2,-0.004444444444444473
2003-09-24,11.2125,0.001116071428571619
2003-09-25,11.2125,0.0
2003-09-26,11.2125,0.0
2003-09-29,11.1775,-0.0031215161649944534
2003-09-30,11.175,-0.0002236636099306466
2003-10-01,11.04,-0.012080536912751794
2003-10-02,11.2625,0.02015398550724634
2003-10-03,11.3275,0.005771365149833674
2003-10-06,11.5625,0.02074597219156904
2003-10-07,11.57,0.0006486486486487753
2003-10-08,11.5,-0.006050129645635338
2003-10-09,11.535,0.003043478260869481
2003-10-13,11.7975,0.022756827048114436
2003-10-14,11.7525,-0.0038143674507310488
2003-10-15,11.7625,0.000850882790895513
2003-10-16,11.925,0.013815090329436952
2003-10-17,11.9475,0.0018867924528300772
2003-10-20,12.0,0.00439422473320783
2003-10-21,11.95,-0.004166666666666763
2003-10-22,11.95,0.0
2003-10-23,11.775,-0.014644351464435101
2003-10-24,11.7375,-0.0031847133757961776
2003-10-27,11.75,0.0010649627263044081
2003-10-28,11.9625,0.018085106382978777
2003-10-29,12.0,0.0031347962382444194
2003-10-30,12.04,0.0033333333333331883
2003-10-31,12.0,-0.0033222591362125353
2003-11-03,12.0,0.0
2003-11-04,12.0,0.0
2003-11-05,12.11,0.009166666666666545
2003-11-06,11.9,-0.01734104046242768
2003-11-07,11.945,0.0037815126050420034
2003-11-10,11.8775,-0.005650899958141498
2003-11-11,11.795,-0.006945906125026324
2003-11-12,11.755,-0.003391267486222871
2003-11-13,11.8375,0.007018290089323642
2003-11-14,11.8875,0.004223864836325086
2003-11-17,11.675,-0.017875920084121866
2003-11-18,11.65,-0.0021413276231263545
2003-11-19,11.4975,-0.01309012875536475
2003-11-20,11.4,-0.008480104370515384
2003-11-21,11.3925,-0.0006578947368420796
2003-11-24,11.395,0.00021944261575601587
2003-11-25,11.4875,0.008117595436595071
2003-11-26,11.5,0.0010881392818280489
2003-11-27,11.37,-0.011304347826087024
2003-11-28,11.25,-0.01055408970976246
2003-12-01,11.55,0.02666666666666684
2003-12-02,11.5375,-0.0010822510822511289
2003-12-03,11.5175,-0.0017334777898158071
2003-12-04,11.55,0.0028217929238116835
2003-12-05,11.5675,0.0015151515151514694
2003-12-08,11.575,0.0006483682731790452
2003-12-09,11.5,-0.00647948164146861
2003-12-10,11.435,-0.005652173913043401
2003-12-11,11.45,0.0013117621337996876
2003-12-12,11.525,0.0065502183406114245
2003-12-15,11.6125,0.00759219088937102
2003-12-16,11.545,-0.005812701829924771
2003-12-17,11.325,-0.019055868341273374
2003-12-18,11.35,0.002207505518763808
2003-12-19,11.2875,-0.005506607929515406
2003-12-22,11.445,0.013953488372093092
2003-12-23,11.45,0.00043687199650488395
2003-12-24,11.475,0.0021834061135370675
2003-12-25,11.4525,-0.001960784313725372
2003-12-26,11.4375,-0.0013097576948265521
2003-12-29,11.355,-0.00721311475409836
2003-12-30,11.475,0.010568031704095038
2003-12-31,11.48,0.00043572984749462584
2004-01-02,11.825,0.030052264808362317
2004-01-05,11.95,0.010570824524312794
2004-01-06,11.95,0.0
2004-01-07,11.95,0.0
2004-01-08,12.02,0.0058577405857740406
2004-01-09,12.1025,0.006863560732113028
2004-01-12,12.1325,0.002478826688700808
2004-01-13,12.12,-0.0010302905419329322
2004-01-14,12.2375,0.009694719471947222
2004-01-15,12.235,-0.00020429009193068115
2004-01-16,12.225,-0.000817327339599494
2004-01-27,12.2775,0.004294478527607337
2004-01-28,12.2575,-0.0016289961311342083
2004-01-29,12.15,-0.008770140730165243
2004-01-30,12.13,-0.0016460905349794386
2004-02-02,12.075,-0.004534212695795681
2004-02-03,11.915,-0.013250517598343725
2004-02-04,11.8625,-0.004406210658833287
2004-02-05,11.8625,0.0
2004-02-06,11.9775,0.009694415173867155
2004-02-09,12.125,0.012314756835733798
2004-02-10,12.135,0.0008247422680411898
2004-02-11,12.0925,-0.0035022661722291515
2004-02-12,12.1475,0.004548273723382401
2004-02-13,12.365,0.01790491870755284
2004-02-16,12.3,-0.005256773150020155
2004-02-17,12.375,0.0060975609756097615
2004-02-18,12.3825,0.000606060606060721
2004-02-19,12.5,0.009489198465576498
2004-02-20,12.5,0.0
2004-02-23,12.39,-0.008799999999999919
2004-02-24,12.3625,-0.0022195318805487974
2004-02-25,12.4,0.0030333670374114163
2004-02-26,12.45,0.004032258064516014
2004-02-27,12.6375,0.015060240963855387
2004-03-01,12.9875,0.027695351137487778
2004-03-02,13.2,0.016361886429258732
2004-03-03,13.175,-0.0018939393939393367
2004-03-04,13.2875,0.008538899430740043
2004-03-05,13.125,-0.012229539040451542
2004-03-08,12.9625,-0.012380952380952381
2004-03-09,13.0,0.0028929604628735728
2004-03-10,12.8375,-0.012499999999999956
2004-03-11,12.85,0.0009737098344693162
2004-03-12,12.6125,-0.018482490272373475
2004-03-15,12.4125,-0.015857284440039754
2004-03-16,12.25,-0.01309164149043296
2004-03-17,12.27,0.0016326530612245094
2004-03-18,12.675,0.03300733496332531
2004-03-19,12.75,0.00591715976331364
2004-03-22,11.8575,-0.06999999999999995
2004-03-23,11.6,-0.021716213367067305
2004-03-24,11.7375,0.0118534482758621
2004-03-25,11.7,-0.0031948881789138905
2004-03-26,11.6975,-0.00021367521367521292
2004-03-29,12.275,0.0493695234024365
2004-03-30,12.325,0.004073319755600657
2004-03-31,12.2475,-0.006288032454360937
2004-04-01,12.175,-0.005919575423555812
2004-04-02,12.2275,0.00431211498973294
2004-04-05,12.5,0.022285831118380672
2004-04-06,12.48,-0.0015999999999999348
2004-04-07,12.4675,-0.0010016025641026438
2004-04-08,12.525,0.004611991177060348
2004-04-09,12.45,-0.005988023952095856
2004-04-12,12.7375,0.02309236947791171
2004-04-13,12.7125,-0.001962708537782132
2004-04-14,12.85,0.010816125860373615
2004-04-15,12.6,-0.01945525291828798
2004-04-16,12.7875,0.014880952380952328
2004-04-19,12.725,-0.004887585532746819
2004-04-20,12.725,0.0
2004-04-21,12.8125,0.006876227897838927
2004-04-22,12.625,-0.014634146341463428
2004-04-23,12.7,0.005940594059405946
2004-04-26,12.725,0.0019685039370078705
2004-04-27,12.6,-0.00982318271119842
2004-04-28,12.4875,-0.008928571428571397
2004-04-29,12.1725,-0.0252252252252253
2004-04-30,11.875,-0.02444033682480995
2004-05-03,11.4875,-0.032631578947368345
2004-05-04,11.75,0.02285092491838947
2004-05-05,11.175,-0.04893617021276586
2004-05-06,11.325,0.01342281879194629
2004-05-07,11.4375,0.009933774834437248
2004-05-10,11.15,-0.025136612021857907
2004-05-11,11.18,0.0026905829596413078
2004-05-12,11.375,0.01744186046511631
2004-05-13,11.25,-0.01098901098901095
2004-05-14,11.025,-0.020000000000000018
2004-05-17,10.255,-0.06984126984126982
2004-05-18,10.425,0.016577279375914244
2004-05-19,11.1525,0.06978417266187043
2004-05-20,11.125,-0.0024658148397219692
2004-05-21,11.3025,0.015955056179775218
2004-05-24,11.28,-0.001990710019907138
2004-05-25,11.2375,-0.003767730496453736
2004-05-26,11.4875,0.022246941045606317
2004-05-27,11.4875,0.0
2004-05-28,11.575,0.007616974972796342
2004-05-31,11.3375,-0.02051835853131745
2004-06-01,11.3,-0.003307607497243681
2004-06-02,11.1725,-0.011283185840708088
2004-06-03,10.91,-0.023495189080331103
2004-06-04,10.755,-0.014207149404216302
2004-06-07,11.3,0.050674105067410435
2004-06-08,11.4,0.008849557522123908
2004-06-09,11.3475,-0.004605263157894779
2004-06-10,11.2375,-0.009693765146507993
2004-06-11,10.86,-0.03359288097886548
2004-06-14,10.55,-0.02854511970534057
2004-06-15,10.75,0.018957345971563955
2004-06-16,10.5875,-0.015116279069767424
2004-06-17,10.8225,0.022195985832349496
2004-06-18,10.65,-0.01593901593901592
2004-06-21,10.63,-0.00187793427230043
2004-06-23,10.975,0.03245531514581357
2004-06-24,11.09,0.010478359908883794
2004-06-25,11.1,0.0009017132551847329
2004-06-28,10.93,-0.01531531531531527
2004-06-29,10.95,0.0018298261665141702
2004-06-30,11.1875,0.0216894977168951
2004-07-01,11.2275,0.003575418994413271
2004-07-02,10.98,-0.022044088176352616
2004-07-05,10.85,-0.011839708561020124
2004-07-06,10.95,0.009216589861751112
2004-07-07,10.975,0.0022831050228311334
2004-07-08,10.955,-0.0018223234624145102
2004-07-09,11.0875,0.012094933820173459
2004-07-12,11.01,-0.006989853438556959
2004-07-13,10.925,-0.007720254314259711
2004-07-14,10.83,-0.008695652173913104
2004-07-15,10.65,-0.0166204986149584
2004-07-16,10.595,-0.00516431924882621
2004-07-19,10.5925,-0.0002359603586599146
2004-07-20,10.3,-0.0276138777436864
2004-07-21,10.4975,0.019174757281553267
2004-07-22,10.4,-0.009287925696594423
2004-07-23,10.395,-0.0004807692307693401
2004-07-26,10.3,-0.009139009139009002
2004-07-27,10.465,0.016019417475727993
2004-07-28,10.435,-0.002866698518872335
2004-07-29,10.345,-0.008624820316243342
2004-07-30,10.4775,0.012808119864668788
2004-08-02,10.4125,-0.006203769983297525
2004-08-03,10.4175,0.00048019207683069887
2004-08-04,10.325,-0.008879289656827605
2004-08-05,10.7,0.036319612590798966
2004-08-06,10.5675,-0.012383177570093329
2004-08-09,10.56,-0.0007097232079489313
2004-08-10,10.505,-0.005208333333333259
2004-08-11,10.4425,-0.005949547834364632
2004-08-12,10.445,0.0002394062724442314
2004-08-13,10.455,0.0009573958831976537
2004-08-16,10.4125,-0.004065040650406582
2004-08-17,10.4325,0.0019207683073227955
2004-08-18,10.685,0.024203211119099066
2004-08-19,11.05,0.03416003743565743
2004-08-20,11.05,0.0
2004-08-23,11.1125,0.005656108597285048
2004-08-26,11.4875,0.03374578177727794
2004-08-27,11.4,-0.007616974972796564
2004-08-30,11.3975,-0.0002192982456139525
2004-08-31,11.2875,-0.009651239306865622
2004-09-01,11.45,0.01439645625692143
2004-09-02,11.405,-0.003930131004366788
2004-09-03,11.21,-0.017097764138535587
2004-09-06,11.2325,0.002007136485280947
2004-09-07,11.375,0.012686401068328523
2004-09-08,11.3675,-0.0006593406593407014
2004-09-09,11.35,-0.0015394765779634945
2004-09-10,11.3625,0.0011013215859032588
2004-09-13,11.575,0.01870187018701852
2004-09-14,11.575,0.0
2004-09-15,11.44,-0.011663066954643586
2004-09-16,11.44,0.0
2004-09-17,11.35,-0.007867132867132809
2004-09-20,11.4,0.004405286343612369
2004-09-21,11.5525,0.01337719298245621
2004-09-22,11.5825,0.002596840510711962
2004-09-23,11.55,-0.002805957263112391
2004-09-24,11.35,-0.017316017316017396
2004-09-27,11.35,0.0
2004-09-29,11.3475,-0.00022026431718058515
2004-09-30,11.4,0.004626569729015317
2004-10-01,11.575,0.015350877192982448
2004-10-04,11.815,0.020734341252699906
2004-10-05,11.8725,0.004866694879390732
2004-10-06,11.825,-0.004000842282585904
2004-10-07,11.875,0.0042283298097252064
2004-10-08,11.875,0.0
2004-10-11,11.7875,-0.00736842105263158
2004-10-12,11.57,-0.01845174973488861
2004-10-13,11.5375,-0.002808988764045006
2004-10-14,11.29,-0.02145178764897082
2004-10-15,11.27,-0.001771479185119551
2004-10-18,11.26,-0.0008873114463175957
2004-10-19,11.3425,0.007326820603907658
2004-10-20,11.275,-0.005951068988318209
2004-10-21,11.2925,0.0015521064301551313
2004-10-22,11.3,0.0006641576267434335
2004-10-26,11.055,-0.021681415929203585
2004-10-27,11.0375,-0.0015829941203076014
2004-10-28,11.2125,0.015855039637599155
2004-10-29,11.18,-0.0028985507246377384
2004-11-01,11.0725,-0.009615384615384581
2004-11-02,11.3,0.020546398735606264
2004-11-03,11.505,0.01814159292035389
2004-11-04,11.55,0.003911342894393766
2004-11-05,11.7325,0.015800865800865704
2004-11-08,11.7025,-0.0025569997869165917
2004-11-09,11.7025,0.0
2004-11-10,11.7125,0.0008545182653278971
2004-11-11,11.5,-0.018143009605122717
2004-11-12,11.6275,0.011086956521739078
2004-11-15,11.65,0.0019350677273706207
2004-11-16,11.695,0.0038626609442060644
2004-11-17,11.9,0.01752885848653274
2004-11-18,11.9,0.0
2004-11-19,11.85,-0.004201680672269004
2004-11-22,11.4375,-0.034810126582278444
2004-11-23,11.45,0.0010928961748633004
2004-11-24,11.5875,0.012008733624454315
2004-11-25,11.5075,-0.0069039913700107425
2004-11-26,11.365,-0.01238322832935046
2004-11-29,11.3875,0.0019797624285085025
2004-11-30,11.375,-0.001097694840834218
2004-12-01,11.4075,0.0028571428571428914
2004-12-02,11.515,0.009423624808240216
2004-12-03,11.6,0.007381676074685206
2004-12-06,11.65,0.004310344827586299
2004-12-07,11.66,0.0008583690987125081
2004-12-08,11.625,-0.003001715265866234
2004-12-09,11.625,0.0
2004-12-10,11.6075,-0.0015053763440859846
2004-12-13,11.5,-0.009261253499892264
2004-12-14,11.5575,0.004999999999999893
2004-12-15,11.7875,0.019900497512437942
2004-12-16,11.825,0.0031813361611876534
2004-12-17,11.795,-0.0025369978858350573
2004-12-20,11.63,-0.013988978380669703
2004-12-21,11.7475,0.010103181427343122
2004-12-22,11.8,0.004469035965098955
2004-12-23,11.74,-0.005084745762711895
2004-12-24,11.8125,0.0061754684838160046
2004-12-27,11.755,-0.004867724867724799
2004-12-28,11.8,0.0038281582305401685
2004-12-29,11.995,0.016525423728813493
2004-12-30,12.0175,0.0018757815756564877
2004-12-31,12.125,0.008945288121489536
2005-01-03,12.075,-0.004123711340206282
2005-01-04,11.8725,-0.016770186335403614
2005-01-05,11.7175,-0.013055380080016943
2005-01-06,11.7175,0.0
2005-01-07,11.625,-0.007894175378706958
2005-01-10,11.67,0.003870967741935516
2005-01-11,11.725,0.0047129391602398485
2005-01-12,11.4875,-0.02025586353944553
2005-01-13,11.4725,-0.0013057671381937475
2005-01-14,11.5225,0.004358247984310282
2005-01-17,11.665,0.01236710783250139
2005-01-18,11.6425,-0.0019288469781396644
2005-01-19,11.6075,-0.0030062271848829702
2005-01-20,11.5725,-0.0030152918371743054
2005-01-21,11.4775,-0.008209116439835906
2005-01-24,11.3475,-0.011326508385972489
2005-01-25,11.3425,-0.00044062568847769157
2005-01-26,11.4575,0.010138858276394158
2005-01-27,11.4575,0.0
2005-01-28,11.575,0.010255291293912228
2005-01-31,11.7725,0.01706263498920091
2005-02-01,11.77,-0.00021235931195595636
2005-02-02,11.8875,0.009983007646559017
2005-02-03,11.9175,0.002523659305993853
2005-02-14,12.12,0.016991818753933297
2005-02-15,12.1225,0.00020627062706291
2005-02-16,12.1,-0.0018560527943907168
2005-02-17,11.9425,-0.013016528925619775
2005-02-18,11.9875,0.0037680552648104992
2005-02-21,12.0425,0.004588112617309736
2005-02-22,11.975,-0.005605148432634488
2005-02-23,11.975,0.0
2005-02-24,11.9825,0.0006263048016701411
2005-02-25,12.1575,0.014604631754642217
2005-03-01,12.2075,0.004112687641373514
2005-03-02,12.175,-0.002662297767765609
2005-03-03,12.125,-0.004106776180698213
2005-03-04,12.05,-0.006185567010309256
2005-03-07,12.1125,0.005186721991701226
2005-03-08,11.975,-0.011351909184726616
2005-03-09,12.0525,0.006471816283924792
2005-03-10,12.0125,-0.0033188135241651873
2005-03-11,12.045,0.002705515088449628
2005-03-14,11.935,-0.0091324200913242
2005-03-15,11.775,-0.01340594888981983
2005-03-16,11.8225,0.004033970276008381
2005-03-17,11.715,-0.009092831465426054
2005-03-18,11.715,0.0
2005-03-21,11.7175,0.00021340162185223832
2005-03-22,11.68,-0.003200341369746118
2005-03-23,11.625,-0.004708904109589018
2005-03-24,11.6,-0.0021505376344086446
2005-03-25,11.7125,0.00969827586206895
2005-03-28,11.6775,-0.0029882604055496698
2005-03-29,11.555,-0.010490259045172423
2005-03-30,11.5575,0.00021635655560348077
2005-03-31,11.6875,0.011248107289638876
2005-04-01,11.6875,0.0
2005-04-04,11.675,-0.0010695187165774556
2005-04-06,11.6625,-0.0010706638115632883
2005-04-07,11.625,-0.003215434083601254
2005-04-08,11.6625,0.003225806451612856
2005-04-11,11.625,-0.003215434083601254
2005-04-12,11.67,0.003870967741935516
2005-04-13,11.6825,0.0010711225364181676
2005-04-14,11.625,-0.004921891718382088
2005-04-15,11.4775,-0.01268817204301087
2005-04-18,11.15,-0.02853408843389227
2005-04-19,11.225,0.006726457399103047
2005-04-20,11.1,-0.011135857461024523
2005-04-21,11.195,0.008558558558558582
2005-04-22,11.2125,0.0015631978561858606
2005-04-25,11.2775,0.005797101449275255
2005-04-26,11.3375,0.005320328086898751
2005-04-27,11.3425,0.0004410143329658389
2005-04-28,11.375,0.002865329512893977
2005-04-29,11.445,0.006153846153846176
2005-05-03,11.485,0.003494975972040182
2005-05-04,11.45,-0.0030474531998259113
2005-05-05,11.7225,0.02379912663755457
2005-05-06,11.7275,0.00042653017700988727
2005-05-09,11.75,0.0019185674696227117
2005-05-10,11.75,0.0
2005-05-11,11.7,-0.004255319148936176
2005-05-12,11.7125,0.0010683760683760646
2005-05-13,11.8,0.007470651013874008
2005-05-16,11.7475,-0.004449152542372881
2005-05-17,11.6175,-0.011066184294530768
2005-05-18,11.6725,0.0047342371422423035
2005-05-19,11.345,0.011565645748554454
2005-05-20,11.315,-0.002644336712208095
2005-05-23,11.1675,-0.013035793194874024
2005-05-24,11.2125,0.004029550033579632
2005-05-25,11.185,-0.0024526198439241975
2005-05-26,11.2625,0.006928922664282355
2005-05-27,11.36,0.008657047724750289
2005-05-30,11.355,-0.0004401408450703803
2005-05-31,11.3775,0.0019815059445178473
2005-06-01,11.2875,-0.007910349373764003
2005-06-02,11.3775,0.007973421926910307
2005-06-03,11.48,0.009009009009009139
2005-06-06,11.485,0.0004355400696862688
2005-06-07,11.475,-0.0008707009142359112
2005-06-08,11.5175,0.0037037037037037646
2005-06-09,11.5175,0.0
2005-06-10,11.6,0.007163012806598701
2005-06-13,11.75,0.012931034482758674
2005-06-14,11.75,0.0
2005-06-15,11.7675,0.0014893617021276562
2005-06-16,11.8525,0.0072232844699382515
2005-06-17,11.975,0.010335372284328237
2005-06-20,11.9675,-0.0006263048016701411
2005-06-21,11.875,-0.0077292667641528645
2005-06-22,12.07,0.016421052631578892
2005-06-23,12.065,-0.00041425020712515526
2005-06-24,11.98,-0.0070451719850807
2005-06-27,11.905,-0.006260434056761355
2005-06-28,11.975,0.0058798824023520435
2005-06-29,11.875,-0.008350730688935215
2005-06-30,11.8725,-0.0002105263157894388
2005-07-01,11.895,0.0018951358180667732
2005-07-04,11.83,-0.005464480874316946
2005-07-05,11.7575,-0.006128486897717611
2005-07-06,11.7825,0.00212630236019562
2005-07-07,11.715,-0.005728835136855626
2005-07-08,11.7525,0.003201024327784907
2005-07-11,11.9875,0.019995745586045555
2005-07-12,12.1,0.00938477580813335
2005-07-13,12.1425,0.003512396694214992
2005-07-14,12.2225,0.0065884290714433025
2005-07-15,12.2475,0.0020454080589078494
2005-07-19,12.2375,-0.0008164931618697135
2005-07-20,12.25,0.0010214504596526286
2005-07-21,12.2275,-0.001836734693877573
2005-07-22,12.175,-0.004293600490697047
2005-07-25,12.25,0.006160164271047153
2005-07-26,12.2175,-0.0026530612244898277
2005-07-27,12.0875,-0.010640474728872418
2005-07-28,12.1475,0.004963805584281333
2005-07-29,12.0425,-0.00864375385881877
2005-08-01,12.0825,0.003321569441561145
2005-08-02,12.235,0.012621560107593632
2005-08-03,12.4375,0.016550878626890198
2005-08-04,12.44,0.00020100502512554463
2005-08-08,12.295,-0.01165594855305463
2005-08-09,12.2575,-0.0030500203334689058
2005-08-10,12.275,0.0014276973281663885
2005-08-11,12.2625,-0.0010183299389002753
2005-08-12,12.25,-0.0010193679918449883
2005-08-15,11.98,-0.022040816326530543
2005-08-16,12.0425,0.005217028380634314
2005-08-17,12.0575,0.0012455885405853184
2005-08-18,12.03,-0.0022807381297946794
2005-08-19,11.8925,-0.011429758935993295
2005-08-22,11.99,0.008198444397729654
2005-08-23,11.9975,0.0006255212677230837
2005-08-24,11.9225,-0.006251302354657318
2005-08-25,11.8875,-0.0029356259173831667
2005-08-26,11.93,0.0035751840168243287
2005-08-29,11.7125,-0.018231349538977315
2005-08-30,11.71,-0.0002134471718249209
2005-08-31,11.675,-0.002988898377455196
2005-09-02,11.8325,0.013490364025695811
2005-09-05,11.8175,-0.0012676949080919764
2005-09-06,11.8875,0.005923418658768664
2005-09-07,11.9025,0.0012618296529969264
2005-09-08,11.9125,0.0008401596303297953
2005-09-09,11.8525,-0.005036726128016866
2005-09-12,11.9525,0.008437038599451663
2005-09-13,11.99,0.0031374189500104066
2005-09-14,11.9375,-0.004378648874061697
2005-09-15,11.8825,-0.004607329842931884
2005-09-16,11.76,-0.010309278350515538
2005-09-19,11.7975,0.0031887755102040227
2005-09-20,11.9325,0.011443102352193257
2005-09-21,11.84,-0.007751937984496027
2005-09-22,11.605,-0.019847972972972916
2005-09-23,11.525,-0.006893580353296014
2005-09-26,11.53,0.0004338394793925726
2005-09-27,11.5825,0.004553339115351385
2005-09-28,11.5725,-0.0008633714655730262
2005-09-29,11.6875,0.009937351479801348
2005-09-30,11.8625,0.01497326203208571
2005-10-03,11.9225,0.0050579557428871436
2005-10-04,11.965,0.0035646886139653056
2005-10-05,11.9275,-0.0031341412452987605
2005-10-06,11.8675,-0.005030391951372892
2005-10-07,11.85,-0.0014746155466610622
2005-10-11,11.85,0.0
2005-10-12,11.6625,-0.015822784810126556
2005-10-13,11.6,-0.005359056806002127
2005-10-14,11.6,0.0
2005-10-17,11.355,-0.02112068965517233
2005-10-18,11.375,0.001761338617349173
2005-10-19,11.06,-0.027692307692307683
2005-10-20,11.1975,0.012432188065099492
2005-10-21,11.15,-0.004242018307657913
2005-10-24,11.1425,-0.0006726457399103269
2005-10-25,11.21,0.006057886470720364
2005-10-26,11.1775,-0.002899197145405985
2005-10-27,11.15,-0.0024602997092373347
2005-10-28,11.125,-0.0022421524663677195
2005-10-31,11.36,0.02112359550561793
2005-11-01,11.38,0.0017605633802817433
2005-11-02,11.525,0.012741652021089678
2005-11-03,11.555,0.0026030368763556577
2005-11-04,11.5875,0.0028126352228472484
2005-11-07,11.58,-0.0006472491909385036
2005-11-08,11.5825,0.00021588946459405456
2005-11-09,11.7825,0.017267429311461413
2005-11-10,11.825,0.003607044345427468
2005-11-11,11.9925,0.014164904862579375
2005-11-14,12.01,0.0014592453616844026
2005-11-15,11.905,-0.008742714404662788
2005-11-16,11.9275,0.0018899622007559902
2005-11-17,11.8725,-0.004611192622091753
2005-11-18,12.0375,0.013897662665824262
2005-11-21,12.0475,0.0008307372793354695
2005-11-22,11.9625,-0.007055405685826854
2005-11-23,12.07,0.008986415882967558
2005-11-24,12.0675,-0.0002071251035624666
2005-11-25,12.0675,0.0
2005-11-28,12.2625,0.016159105034182497
2005-11-29,12.13,-0.010805300713557453
2005-11-30,12.1975,0.005564715581203528
2005-12-01,12.175,-0.001844640295142419
2005-12-02,12.2625,0.007186858316221567
2005-12-05,12.5875,0.02650356778797147
2005-12-06,12.575,-0.0009930486593844323
2005-12-07,12.475,-0.007952286282306154
2005-12-08,12.275,-0.016032064128256418
2005-12-09,12.275,0.0
2005-12-12,12.275,0.0
2005-12-13,12.28,0.0004073319755599769
2005-12-14,12.2025,-0.006311074918566639
2005-12-15,12.225,0.0018438844499077955
2005-12-16,12.445,0.017995910020449868
2005-12-19,12.5875,0.011450381679389388
2005-12-20,12.575,-0.0009930486593844323
2005-12-21,12.6625,0.006958250497017815
2005-12-22,12.5625,-0.007897334649555776
2005-12-23,12.75,0.014925373134328401
2005-12-26,12.8125,0.004901960784313708
2005-12-27,12.85,0.0029268292682926855
2005-12-28,12.75,-0.0077821011673151474
2005-12-29,12.8375,0.006862745098039191
2005-12-30,12.8125,-0.0019474196689386325
2006-01-02,12.6375,-0.013658536585365866
2006-01-03,12.8625,0.017804154302670794
2006-01-04,12.925,0.004859086491739495
2006-01-05,13.1125,0.014506769825918697
2006-01-06,13.075,-0.0028598665395616063
2006-01-09,13.2,0.009560229445506607
2006-01-10,13.075,-0.009469696969697017
2006-01-11,13.1375,0.004780114722753304
2006-01-12,13.175,0.0028544243577546258
2006-01-13,13.1125,-0.004743833017077814
2006-01-16,13.2125,0.007626310772163913
2006-01-17,13.2125,0.0
2006-01-18,12.7125,-0.03784295175023655
2006-01-19,12.85,0.010816125860373615
2006-01-20,12.825,-0.0019455252918287869
2006-01-23,12.6375,-0.014619883040935644
2006-01-24,12.75,0.008902077151335286
2006-01-25,12.8375,0.006862745098039191
2006-02-03,12.9,0.004868549172346581
2006-02-06,13.0875,0.014534883720930258
2006-02-07,13.25,0.01241642788920716
2006-02-08,13.075,-0.013207547169811429
2006-02-09,13.05,-0.0019120458891012104
2006-02-10,13.025,-0.0019157088122605526
2006-02-13,13.0,-0.0019193857965451588
2006-02-14,13.0625,0.004807692307692291
2006-02-15,13.0125,-0.003827751196172291
2006-02-16,13.2625,0.019212295869356355
2006-02-17,13.2375,-0.0018850141376058893
2006-02-20,13.225,-0.0009442870632673239
2006-02-21,13.2,-0.001890359168241984
2006-02-22,13.025,-0.01325757575757569
2006-02-23,12.925,-0.007677543186180413
2006-02-24,13.0125,0.0067698259187620735
2006-02-27,13.1,0.00672430355427478
2006-03-01,13.2125,0.00858778625954204
2006-03-02,13.2125,0.0
2006-03-03,13.0125,-0.015137180700094732
2006-03-06,13.1125,0.007684918347742764
2006-03-07,12.95,-0.012392755004766554
2006-03-08,12.85,-0.007722007722007707
2006-03-09,12.9125,0.004863813229571967
2006-03-10,12.9,-0.0009680542110357404
2006-03-13,12.95,0.003875968992248069
2006-03-14,12.825,-0.009652509652509633
2006-03-15,13.0375,0.016569200779727122
2006-03-16,12.975,-0.0047938638542665
2006-03-17,13.0,0.0019267822736031004
2006-03-20,12.9875,-0.0009615384615384581
2006-03-21,12.8875,-0.007699711260827802
2006-03-22,12.6875,-0.015518913676042634
2006-03-23,12.625,-0.0049261083743842304
2006-03-24,12.725,0.007920792079207928
2006-03-27,12.7625,0.0029469548133596035
2006-03-28,12.875,0.008814887365328206
2006-03-29,12.925,0.003883495145631022
2006-03-30,13.075,0.011605415860734825
2006-03-31,13.2,0.009560229445506607
2006-04-03,13.275,0.005681818181818343
2006-04-04,13.275,0.0
2006-04-06,13.425,0.011299435028248705
2006-04-07,13.475,0.003724394785847185
2006-04-10,13.525,0.0037105751391466324
2006-04-11,13.3875,-0.010166358595194214
2006-04-12,13.4875,0.007469654528478253
2006-04-13,13.6,0.008341056533827551
2006-04-14,13.7625,0.011948529411764719
2006-04-17,13.8,0.0027247956403271267
2006-04-18,13.825,0.0018115942028984477
2006-04-19,13.925,0.007233273056058032
2006-04-20,14.025,0.007181328545780907
2006-04-21,14.0625,0.002673796791443861
2006-04-24,14.0875,0.001777777777777878
2006-04-25,13.9625,-0.008873114463176623
2006-04-26,14.2125,0.017905102954342
2006-04-27,14.15,-0.004397537379067673
2006-04-28,14.2,0.0035335689045936647
2006-05-02,14.2,0.0
2006-05-03,14.3,0.007042253521126751
2006-05-04,14.5,0.013986013986013957
2006-05-05,14.6,0.006896551724137945
2006-05-08,14.8,0.013698630136986356
2006-05-09,14.625,-0.011824324324324342
2006-05-10,14.35,-0.018803418803418848
2006-05-11,14.4375,0.0060975609756097615
2006-05-12,14.375,-0.0043290043290042934
2006-05-15,14.0,-0.02608695652173909
2006-05-16,13.8,-0.014285714285714235
2006-05-17,13.9,0.007246376811594235
2006-05-18,13.6625,-0.017086330935251803
2006-05-19,13.6875,0.0018298261665141702
2006-05-22,13.475,-0.015525114155251152
2006-05-23,13.25,-0.016697588126159513
2006-05-24,13.3375,0.006603773584905603
2006-05-25,13.3375,0.0
2006-05-26,13.325,-0.0009372071227742307
2006-05-29,13.4,0.005628517823639934
2006-05-30,13.35,-0.003731343283582156
2006-06-01,13.35,0.0
2006-06-02,13.575,0.016853932584269593
2006-06-05,13.1125,-0.034069981583793596
2006-06-06,13.225,0.008579599618684375
2006-06-07,12.9625,-0.01984877126654061
2006-06-08,12.4975,-0.035872709739633524
2006-06-09,12.7,0.016203240648129613
2006-06-12,12.675,-0.0019685039370077595
2006-06-13,12.4,-0.021696252465483234
2006-06-14,12.775,0.030241935483870996
2006-06-15,12.7,-0.005870841487279899
2006-06-16,12.975,0.021653543307086576
2006-06-19,12.9625,-0.0009633911368014392
2006-06-20,12.6125,-0.027000964320154308
2006-06-21,12.55,-0.0049554013875123815
2006-06-22,12.9125,0.028884462151394397
2006-06-23,12.7875,-0.009680542110358181
2006-06-26,12.95,0.012707722385141729
2006-06-27,12.9625,0.0009652509652511299
2006-06-28,12.8875,-0.005785920925747479
2006-06-29,13.05,0.012609117361784827
2006-06-30,13.275,0.01724137931034475
2006-07-03,13.2625,-0.0009416195856875031
2006-07-04,13.3375,0.005655042412818112
2006-07-05,13.175,-0.012183692596063667
2006-07-06,13.15,-0.00189753320683117
2006-07-07,13.075,-0.005703422053232043
2006-07-10,13.275,0.015296367112810794
2006-07-11,13.175,-0.007532956685499026
2006-07-12,13.125,-0.00379506641366234
2006-07-13,13.025,-0.007619047619047636
2006-07-14,12.7,-0.0249520153550864
2006-07-17,12.4075,-0.02303149606299204
2006-07-18,12.4925,0.00685069514406611
2006-07-19,12.4975,0.00040024014408657216
2006-07-20,12.8375,0.027205441088217652
2006-07-21,12.8,-0.0029211295034079487
2006-07-24,12.65,-0.01171875
2006-07-25,12.7125,0.004940711462450675
2006-07-26,12.725,0.000983284169124854
2006-07-27,12.9,0.013752455795677854
2006-07-28,12.8875,-0.0009689922480621282
2006-07-31,12.85,-0.0029097963142580285
2006-08-01,12.8625,0.0009727626459143934
2006-08-02,12.95,0.00680272108843516
2006-08-03,12.9875,0.0028957528957529455
2006-08-04,12.8625,-0.009624639076034613
2006-08-07,12.85,-0.0009718172983479434
2006-08-08,13.0625,0.01653696498054469
2006-08-09,13.25,0.014354066985645897
2006-08-10,13.275,0.0018867924528302993
2006-08-11,13.25,-0.0018832391713747842
2006-08-14,13.3625,0.008490566037735903
2006-08-15,13.375,0.00093545369504211
2006-08-16,13.575,0.01495327102803734
2006-08-17,13.6875,0.008287292817679592
2006-08-18,13.65,-0.002739726027397249
2006-08-21,13.225,-0.031135531135531136
2006-08-22,13.35,0.00945179584120992
2006-08-23,13.375,0.0018726591760300781
2006-08-24,13.2875,-0.006542056074766434
2006-08-25,13.3,0.0009407337723426057
2006-08-28,13.1375,-0.012218045112782017
2006-08-29,13.225,0.006660323501427312
2006-08-30,13.425,0.015122873345935872
2006-08-31,13.5625,0.010242085661080091
2006-09-01,13.5875,0.0018433179723502668
2006-09-04,13.7625,0.012879484820607079
2006-09-05,13.8,0.0027247956403271267
2006-09-06,13.6875,-0.00815217391304357
2006-09-07,13.6375,-0.0036529680365297024
2006-09-08,13.675,0.002749770852429112
2006-09-11,13.6875,0.000914076782449591
2006-09-12,13.5375,-0.010958904109589107
2006-09-13,13.725,0.013850415512465464
2006-09-14,13.65,-0.005464480874316835
2006-09-15,13.8125,0.011904761904761862
2006-09-18,14.225,0.029864253393665052
2006-09-19,14.2375,0.0008787346221441616
2006-09-20,14.15,-0.006145741878841093
2006-09-21,14.1875,0.0026501766784452485
2006-09-22,14.1125,-0.00528634361233471
2006-09-25,14.15,0.0026572187776794376
2006-09-26,14.15,0.0
2006-09-27,14.25,0.007067137809187329
2006-09-28,14.125,-0.00877192982456143
2006-09-29,14.0875,-0.0026548672566371057
2006-10-02,14.1875,0.00709849157054121
2006-10-03,14.225,0.002643171806167466
2006-10-04,14.0625,-0.011423550087873435
2006-10-05,14.3125,0.01777777777777767
2006-10-11,14.325,0.0008733624454146938
2006-10-12,14.25,-0.005235602094240788
2006-10-13,14.4125,0.011403508771929749
2006-10-14,14.375,-0.002601908065914982
2006-10-16,14.55,0.012173913043478368
2006-10-17,14.4625,-0.006013745704467333
2006-10-18,14.25,-0.014693171996542853
2006-10-19,14.175,-0.0052631578947367474
2006-10-20,14.25,0.005291005291005346
2006-10-23,14.25,0.0
2006-10-24,14.375,0.00877192982456143
2006-10-25,14.35,-0.0017391304347826875
2006-10-26,13.4,0.0034843205574912606
2006-10-27,13.475,0.005597014925373012
2006-10-30,13.2875,-0.013914656771799594
2006-10-31,13.35,0.00470366886171214
2006-11-01,13.3125,-0.002808988764044895
2006-11-02,13.375,0.0046948356807512415
2006-11-03,13.6125,0.017757009345794383
2006-11-06,13.475,-0.010101010101010166
2006-11-07,13.575,0.007421150278293043
2006-11-08,13.5375,-0.0027624309392264568
2006-11-09,13.4875,-0.003693444136657398
2006-11-10,13.5,0.000926784059314123
2006-11-13,13.4,-0.007407407407407418
2006-11-14,13.5125,0.008395522388059629
2006-11-15,13.5625,0.0037002775208141436
2006-11-16,13.6,0.0027649769585254003
2006-11-17,13.6,0.0
2006-11-20,13.475,-0.009191176470588203
2006-11-21,13.6875,0.01576994434137302
2006-11-22,13.775,0.006392694063926951
2006-11-23,13.8125,0.0027223230490018846
2006-11-24,13.8875,0.005429864253393646
2006-11-27,13.9625,0.005400540054005587
2006-11-28,13.9125,-0.0035810205908684
2006-11-29,13.9375,0.0017969451931716396
2006-11-30,14.075,0.009865470852017832
2006-12-01,14.15,0.005328596802842034
2006-12-04,14.2375,0.006183745583038913
2006-12-05,14.2,-0.0026338893766463256
2006-12-06,14.375,0.012323943661971981
2006-12-07,14.325,-0.003478260869565264
2006-12-08,14.1375,-0.01308900523560208
2006-12-11,14.125,-0.0008841732979663064
2006-12-12,13.825,-0.0212389380530974
2006-12-13,13.8125,-0.0009041591320071429
2006-12-14,13.9,0.0063348416289592535
2006-12-15,13.9875,0.00629496402877705
2006-12-18,14.175,0.013404825737265424
2006-12-19,14.1125,-0.0044091710758377145
2006-12-20,14.125,0.0008857395925596645
2006-12-21,14.125,0.0
2006-12-22,14.125,0.0
2006-12-25,14.1,-0.0017699115044248481
2006-12-26,14.1875,0.006205673758865382
2006-12-27,14.2625,0.00528634361233471
2006-12-28,14.275,0.0008764241893077784
2006-12-29,14.4375,0.01138353765323985
2007-01-02,14.6125,0.0121212121212122
2007-01-03,14.675,0.004277159965782706
2007-01-04,14.6625,-0.0008517887563884718
2007-01-05,14.475,-0.012787723785166238
2007-01-08,14.2625,-0.014680483592400706
2007-01-09,14.325,0.004382120946538226
2007-01-10,14.125,-0.013961605584642212
2007-01-11,14.0625,-0.004424778761061954
2007-01-12,14.375,0.022222222222222143
2007-01-15,14.475,0.006956521739130306
2007-01-16,14.3875,-0.006044905008635637
2007-01-17,14.5,0.007819287576020795
2007-01-18,14.6,0.006896551724137945
2007-01-19,14.5,-0.006849315068493178
2007-01-22,14.4625,-0.002586206896551646
2007-01-23,14.4375,-0.0017286084701815252
2007-01-24,14.65,0.014718614718614687
2007-01-25,14.6875,0.0025597269624573205
2007-01-26,14.425,-0.017872340425531874
2007-01-29,14.2875,-0.00953206239168114
2007-01-30,14.2875,0.0
2007-01-31,14.175,-0.007874015748031371
2007-02-01,14.1875,0.0008818342151675207
2007-02-02,14.35,0.011453744493391982
2007-02-05,14.325,-0.0017421602787456303
2007-02-06,14.45,0.008726003490401313
2007-02-07,14.4625,0.0008650519031143666
2007-02-08,14.45,-0.0008643042350908736
2007-02-09,14.4375,-0.0008650519031141446
2007-02-12,14.3,-0.00952380952380949
2007-02-13,14.175,-0.00874125874125875
2007-02-14,14.2875,0.007936507936507908
2007-02-26,14.4875,0.013998250218722808
2007-02-27,14.4375,-0.00345125107851596
2007-03-01,14.0125,-0.029437229437229484
2007-03-02,13.925,-0.006244424620874156
2007-03-03,13.8375,-0.006283662477558405
2007-03-05,13.3625,-0.03432700993676596
2007-03-06,13.5,0.010289990645462987
2007-03-07,13.575,0.005555555555555536
2007-03-08,13.7375,0.011970534069981609
2007-03-09,13.6875,-0.0036396724294813776
2007-03-12,13.825,0.010045662100456543
2007-03-13,13.95,0.009041591320072317
2007-03-14,13.7375,-0.015232974910394215
2007-03-15,13.9375,0.014558689717925288
2007-03-16,13.9625,0.0017937219730941312
2007-03-19,14.0,0.0026857654431513556
2007-03-20,14.0375,0.002678571428571308
2007-03-21,14.0625,0.0017809439002671734
2007-03-22,14.225,0.011555555555555541
2007-03-23,14.175,-0.0035149384885764245
2007-03-26,14.275,0.007054673721340388
2007-03-27,14.225,-0.00350262697022774
2007-03-28,14.0625,-0.011423550087873435
2007-03-29,14.1375,0.00533333333333319
2007-03-30,14.1125,-0.0017683465959327238
2007-04-02,14.175,0.004428697962798989
2007-04-03,14.2125,0.002645502645502562
2007-04-04,14.4375,0.0158311345646438
2007-04-09,14.5375,0.006926406926407003
2007-04-10,14.525,-0.0008598452278589797
2007-04-11,14.625,0.0068846815834766595
2007-04-12,14.5625,-0.004273504273504258
2007-04-13,14.4,-0.011158798283261828
2007-04-14,14.4375,0.0026041666666667407
2007-04-16,14.5,0.0043290043290042934
2007-04-17,14.3625,-0.00948275862068959
2007-04-18,14.4125,0.003481288076588207
2007-04-19,14.1875,-0.015611448395490002
2007-04-20,14.2375,0.0035242290748900285
2007-04-23,14.4625,0.015803336259877065
2007-04-24,14.525,0.004321521175453702
2007-04-25,14.4,-0.008605851979345935
2007-04-26,14.425,0.0017361111111111605
2007-04-27,14.375,-0.0034662045060659397
2007-04-30,14.225,-0.01043478260869568
2007-05-02,14.3875,0.011423550087873435
2007-05-03,14.55,0.011294526498696777
2007-05-04,14.8,0.01718213058419238
2007-05-07,14.8875,0.00591216216216206
2007-05-08,14.825,-0.004198152812762368
2007-05-09,14.7375,-0.005902192242832949
2007-05-10,14.8125,0.0050890585241729624
2007-05-11,14.65,-0.010970464135021119
2007-05-14,14.6875,0.0025597269624573205
2007-05-15,14.5375,-0.010212765957446801
2007-05-16,14.55,0.0008598452278589797
2007-05-17,14.65,0.0068728522336769515
2007-05-18,14.625,-0.0017064846416382506
2007-05-21,14.9,0.018803418803418737
2007-05-22,14.95,0.003355704697986406
2007-05-23,15.0125,0.004180602006689016
2007-05-24,15.025,0.0008326394671107629
2007-05-25,14.8625,-0.010815307820299491
2007-05-28,14.875,0.000841042893187538
2007-05-29,14.925,0.003361344537815114
2007-05-30,14.8125,-0.007537688442211143
2007-05-31,14.9375,0.00843881856540074
2007-06-01,15.0,0.004184100418409997
2007-06-04,15.05,0.0033333333333334103
2007-06-05,15.05,0.0
2007-06-06,15.1875,0.009136212624584639
2007-06-07,15.225,0.0024691358024691024
2007-06-08,15.175,-0.003284072249589376
2007-06-11,15.2125,0.0024711696869852418
2007-06-12,15.3,0.005751848808545734
2007-06-13,15.3,0.0
2007-06-14,15.5,0.013071895424836555
2007-06-15,15.8,0.019354838709677358
2007-06-20,16.3,0.03164556962025311
2007-06-21,16.45,0.009202453987730008
2007-06-22,16.35,-0.006079027355622935
2007-06-23,16.2375,-0.006880733944954143
2007-06-25,16.5375,0.018475750577367167
2007-06-26,16.3375,-0.012093726379440839
2007-06-27,16.25,-0.00535577658760511
2007-06-28,16.3,0.0030769230769231992
2007-06-29,16.25,-0.0030674846625767804
2007-07-02,16.4,0.009230769230769154
2007-07-03,16.575,0.010670731707317138
2007-07-04,16.7,0.007541478129713397
2007-07-05,16.7875,0.0052395209580839985
2007-07-06,16.75,-0.0022338049143708627
2007-07-09,17.15,0.023880597014925398
2007-07-10,17.1625,0.0007288629737611796
2007-07-11,16.9625,-0.011653313911143659
2007-07-12,17.05,0.005158437730287568
2007-07-13,17.2,0.008797653958944274
2007-07-16,17.125,-0.0043604651162790775
2007-07-17,17.15,0.0014598540145984717
2007-07-18,17.05,-0.005830903790087327
2007-07-19,17.0375,-0.0007331378299120228
2007-07-20,17.3,0.015407190022010298
2007-07-23,17.2125,-0.005057803468208166
2007-07-24,17.4375,0.013071895424836777
2007-07-25,17.4375,0.0
2007-07-26,17.1,-0.019354838709677358
2007-07-27,16.3875,-0.04166666666666674
2007-07-30,16.175,-0.012967200610221163
2007-07-31,16.575,0.02472952086553315
2007-08-01,15.825,-0.04524886877828049
2007-08-02,16.1,0.01737756714060046
2007-08-03,16.325,0.013975155279502882
2007-08-06,16.1625,-0.009954058192955473
2007-08-07,15.975,-0.011600928074246064
2007-08-08,16.3,0.020344287949921824
2007-08-09,16.4375,0.008435582822085896
2007-08-10,16.0,-0.026615969581749055
2007-08-13,15.9625,-0.002343749999999978
2007-08-14,16.125,0.010180109631949819
2007-08-15,15.5375,-0.0364341085271318
2007-08-16,14.9,-0.04102976669348346
2007-08-17,14.9125,0.0008389261744965459
2007-08-20,15.5875,0.04526404023470243
2007-08-21,15.4375,-0.009623095429029727
2007-08-22,15.6125,0.011336032388663986
2007-08-23,16.0,0.024819855884707698
2007-08-24,15.875,-0.0078125
2007-08-27,15.95,0.0047244094488188
2007-08-28,15.9625,0.0007836990595611049
2007-08-29,15.75,-0.013312451057165275
2007-08-30,15.95,0.012698412698412653
2007-08-31,16.4,0.028213166144200663
2007-09-03,16.45,0.0030487804878049918
2007-09-04,16.425,-0.001519756838905706
2007-09-05,16.25,-0.010654490106544956
2007-09-06,16.475,0.013846153846153841
2007-09-07,16.475,0.0
2007-09-10,16.35,-0.007587253414264028
2007-09-11,16.4625,0.006880733944953921
2007-09-12,16.4125,-0.0030372057706907762
2007-09-13,16.275,-0.008377760853008565
2007-09-14,16.5625,0.01766513056835639
2007-09-17,16.3125,-0.015094339622641506
2007-09-19,16.4,0.005363984674329414
2007-09-20,16.5,0.0060975609756097615
2007-09-21,16.725,0.013636363636363669
2007-09-26,16.9875,0.015695067264573925
2007-09-27,17.225,0.013980868285504044
2007-09-28,17.2625,0.002177068214803901
2007-09-29,17.3375,0.004344677769732019
2007-10-01,17.3375,0.0
2007-10-02,17.65,0.018024513338139814
2007-10-03,17.925,0.015580736543909568
2007-10-04,17.8,-0.006973500697350032
2007-10-05,17.8,0.0
2007-10-08,17.9625,0.009129213483145993
2007-10-09,17.9125,-0.0027835768963115903
2007-10-11,17.975,0.0034891835310537633
2007-10-12,17.475,-0.02781641168289295
2007-10-15,17.6375,0.009298998569384764
2007-10-16,17.725,0.0049610205527994555
2007-10-17,17.6,-0.007052186177715081
2007-10-18,17.85,0.014204545454545414
2007-10-19,17.7625,-0.004901960784313819
2007-10-22,17.3625,-0.022519352568613593
2007-10-23,17.65,0.016558675305975434
2007-10-24,16.925,-0.005665722379603277
2007-10-25,17.1,0.010339734121122657
2007-10-26,17.3125,0.01242690058479523
2007-10-29,17.6625,0.02021660649819501
2007-10-30,17.6125,-0.002830856334041121
2007-10-31,17.55,-0.0035486160397445454
2007-11-01,17.3625,-0.010683760683760646
2007-11-02,16.75,-0.035277177825774
2007-11-05,16.775,0.0014925373134326847
2007-11-06,16.875,0.005961251862891315
2007-11-07,16.7625,-0.00666666666666671
2007-11-08,16.225,-0.03206562266964941
2007-11-09,16.3375,0.006933744221879534
2007-11-12,15.9,-0.026778882938025883
2007-11-13,15.875,-0.0015723270440252124
2007-11-14,16.175,0.018897637795275646
2007-11-15,16.0625,-0.00695517774343124
2007-11-16,15.7625,-0.018677042801556465
2007-11-19,15.675,-0.0055511498810466575
2007-11-20,15.625,-0.0031897926634769647
2007-11-21,15.2875,-0.021600000000000064
2007-11-22,15.3,0.0008176614881438837
2007-11-23,15.175,-0.008169934640522847
2007-11-26,15.4875,0.020593080724876422
2007-11-27,15.25,-0.015334947538337418
2007-11-28,15.075,-0.011475409836065653
2007-11-29,15.3375,0.017412935323383172
2007-11-30,15.45,0.007334963325183352
2007-12-03,15.4875,0.0024271844660195274
2007-12-04,15.6375,0.009685230024212954
2007-12-05,15.6875,0.003197442046362964
2007-12-06,15.7,0.0007968127490038945
2007-12-07,15.85,0.009554140127388644
2007-12-10,15.5,-0.02208201892744477
2007-12-11,15.5875,0.005645161290322553
2007-12-12,15.3125,-0.017642341619887758
2007-12-13,14.675,-0.041632653061224434
2007-12-14,14.6,-0.005110732538330609
2007-12-17,14.175,-0.02910958904109584
2007-12-18,14.225,0.003527336860670083
2007-12-19,14.625,0.02811950790861162
2007-12-20,14.375,-0.017094017094017144
2007-12-21,14.6875,0.021739130434782705
2007-12-24,14.7875,0.006808510638297793
2007-12-25,14.9,0.0076077768385460764
2007-12-26,14.9125,0.0008389261744965459
2007-12-27,15.225,0.020955574182732528
2007-12-28,15.25,0.0016420361247948545
2007-12-31,15.3625,0.007377049180327999
2008-01-02,15.025,-0.021969080553295384
2008-01-03,14.775,-0.016638935108153063
2008-01-04,14.775,0.0
2008-01-07,14.1,-0.045685279187817285
2008-01-08,14.2375,0.009751773049645474
2008-01-09,14.5,0.01843722563652328
2008-01-10,14.475,-0.0017241379310345417
2008-01-11,14.4125,-0.0043177892918825345
2008-01-14,14.7,0.01994796183868175
2008-01-15,15.2625,0.03826530612244894
2008-01-16,14.6,-0.04340704340704338
2008-01-17,14.5375,-0.0042808219178082085
2008-01-18,14.625,0.006018916595012858
2008-01-21,14.425,-0.013675213675213627
2008-01-22,13.425,-0.06932409012131713
2008-01-23,13.4,-0.0018621973929237035
2008-01-24,13.75,0.026119402985074647
2008-01-25,14.1,0.025454545454545396
2008-01-28,13.65,-0.03191489361702127
2008-01-29,13.775,0.009157509157509125
2008-01-30,13.7375,-0.0027223230490017736
2008-01-31,13.7375,0.0
2008-02-01,14.1,0.0263876251137396
2008-02-12,13.7375,-0.025709219858155996
2008-02-13,13.7,-0.0027297543221110887
2008-02-14,14.45,0.054744525547445244
2008-02-15,14.325,-0.00865051903114189
2008-02-18,14.3,-0.0017452006980801515
2008-02-19,14.5,0.013986013986013957
2008-02-20,14.225,-0.018965517241379293
2008-02-21,14.6375,0.02899824253075578
2008-02-22,14.7,0.004269854824936026
2008-02-25,15.0,0.020408163265306145
2008-02-26,15.05,0.0033333333333334103
2008-02-27,15.175,0.008305647840531671
2008-02-29,15.2125,0.0024711696869852418
2008-03-03,14.7875,-0.02793755135579301
2008-03-04,15.175,0.026204564666103103
2008-03-05,15.225,0.0032948929159801743
2008-03-06,15.575,0.02298850574712641
2008-03-07,15.35,-0.014446227929374
2008-03-10,14.9,-0.02931596091205202
2008-03-11,15.025,0.008389261744966348
2008-03-12,15.1625,0.009151414309484185
2008-03-13,14.775,-0.025556471558120353
2008-03-14,14.6125,-0.010998307952622688
2008-03-17,14.3375,-0.018819503849443975
2008-03-18,14.475,0.009590235396687019
2008-03-19,14.625,0.010362694300518172
2008-03-20,14.9875,0.02478632478632492
2008-03-21,15.3875,0.026688907422852237
2008-03-24,16.0375,0.04224207961007331
2008-03-25,15.7625,-0.01714731098986766
2008-03-26,15.6,-0.010309278350515427
2008-03-27,15.3,-0.019230769230769162
2008-03-28,15.5,0.013071895424836555
2008-03-31,15.1125,-0.02499999999999991
2008-04-01,15.0125,-0.006617038875103454
2008-04-02,15.4375,0.02830974188176527
2008-04-03,15.3,-0.008906882591093068
2008-04-07,15.55,0.016339869281045694
2008-04-08,15.4,-0.009646302250803873
2008-04-09,15.4,0.0
2008-04-10,15.65,0.016233766233766156
2008-04-11,15.875,0.01437699680511173
2008-04-14,15.8,-0.0047244094488188
2008-04-15,15.7875,-0.0007911392405064444
2008-04-16,16.05,0.016627078384798155
2008-04-17,16.1625,0.007009345794392496
2008-04-18,16.1,-0.003866976024748614
2008-04-21,16.15,0.0031055900621115295
2008-04-22,16.1,-0.003095975232197956
2008-04-23,15.9375,-0.010093167701863415
2008-04-24,15.8625,-0.004705882352941115
2008-04-25,15.875,0.0007880220646176994
2008-04-28,16.0375,0.010236220472441104
2008-04-29,15.875,-0.010132501948558192
2008-04-30,15.975,0.006299212598425141
2008-05-02,16.05,0.0046948356807512415
2008-05-05,15.7375,-0.01947040498442365
2008-05-06,15.7625,0.001588562351072298
2008-05-07,15.9,0.008723235527359208
2008-05-08,15.675,-0.014150943396226356
2008-05-09,15.5625,-0.0071770334928230595
2008-05-12,15.675,0.0072289156626506035
2008-05-13,15.975,0.019138755980861122
2008-05-14,16.0375,0.003912363067292812
2008-05-15,16.2625,0.014029618082618711
2008-05-16,16.35,0.005380476556495095
2008-05-19,16.4125,0.003822629969419067
2008-05-20,16.0,-0.02513328255902525
2008-05-21,15.85,-0.009375000000000022
2008-05-22,15.8625,0.0007886435331230235
2008-05-23,15.6125,-0.01576044129235621
2008-05-26,15.4,-0.013610888710968827
2008-05-27,15.55,0.009740259740259827
2008-05-28,15.425,-0.008038585209003246
2008-05-29,15.575,0.00972447325769843
2008-05-30,15.55,-0.0016051364365969878
2008-06-02,15.65,0.006430868167202508
2008-06-03,15.4,-0.015974440894568676
2008-06-04,15.45,0.0032467532467532756
2008-06-05,15.675,0.014563106796116498
2008-06-06,15.675,0.0
2008-06-09,15.2875,-0.02472089314194581
2008-06-10,14.925,-0.023712183156173294
2008-06-11,14.975,0.003350083752093669
2008-06-12,14.6125,-0.024207011686143476
2008-06-13,14.7,0.0059880239520957446
2008-06-16,14.775,0.005102040816326703
2008-06-17,14.875,0.006768189509306133
2008-06-18,14.9,0.001680672268907557
2008-06-19,14.6125,-0.019295302013422777
2008-06-20,14.3,-0.021385799828913643
2008-06-23,14.3375,0.002622377622377492
2008-06-24,14.225,-0.007846556233653046
2008-06-25,14.375,0.010544815465729274
2008-06-26,14.2625,-0.00782608695652176
2008-06-27,13.8125,-0.03155127081507447
2008-06-30,13.75,-0.004524886877828038
2008-07-01,13.725,-0.0018181818181818299
2008-07-02,13.575,-0.010928961748633892
2008-07-03,13.55,-0.0018416206261508972
2008-07-04,13.15,-0.029520295202952074
2008-07-07,13.3875,0.018060836501901045
2008-07-08,12.925,-0.034547152194210895
2008-07-09,12.8625,-0.004835589941972973
2008-07-10,12.925,0.004859086491739495
2008-07-11,13.225,0.02321083172146987
2008-07-14,13.05,-0.013232514177693666
2008-07-15,12.475,-0.044061302681992376
2008-07-16,12.375,-0.008016032064128265
2008-07-17,13.05,0.054545454545454675
2008-07-18,12.75,-0.02298850574712652
2008-07-21,13.4375,0.05392156862745101
2008-07-22,13.225,-0.015813953488372112
2008-07-23,13.575,0.026465028355387554
2008-07-24,13.6625,0.006445672191528473
2008-07-25,13.475,-0.013723696248856387
2008-07-29,12.9875,-0.036178107606678944
2008-07-30,13.1375,0.011549566891241536
2008-07-31,13.1,-0.0028544243577545148
2008-08-01,13.1,0.0
2008-08-04,13.125,0.001908396946564972
2008-08-05,12.85,-0.020952380952380945
2008-08-06,13.325,0.03696498054474695
2008-08-07,13.2625,-0.004690431519699834
2008-08-08,13.6625,0.03016022620169645
2008-08-11,13.9,0.01738334858188484
2008-08-12,13.8875,-0.0008992805755396738
2008-08-13,13.8375,-0.0036003600360035026
2008-08-14,13.9375,0.0072267389340558985
2008-08-15,13.6,-0.024215246636771326
2008-08-18,13.3375,-0.01930147058823528
2008-08-19,13.225,-0.008434864104967299
2008-08-20,13.35,0.00945179584120992
2008-08-21,13.1375,-0.015917602996254665
2008-08-22,13.175,0.0028544243577546258
2008-08-25,13.425,0.018975332068311257
2008-08-26,13.3125,-0.008379888268156499
2008-08-27,13.525,0.015962441314554043
2008-08-28,13.425,-0.007393715341959317
2008-08-29,13.4125,-0.0009310986964619072
2008-09-01,12.8625,-0.041006523765144354
2008-09-02,12.65,-0.016520894071914483
2008-09-03,12.5,-0.011857707509881465
2008-09-04,12.2475,-0.020199999999999996
2008-09-05,12.145,-0.008369054909165174
2008-09-08,12.9875,0.06937011115685476
2008-09-09,12.4125,-0.044273339749759444
2008-09-10,12.465,0.004229607250755274
2008-09-11,12.0925,-0.029883674288006423
2008-09-12,12.2175,0.01033698573495978
2008-09-15,11.6375,-0.047472887251892804
2008-09-16,11.25,-0.03329752953813103
2008-09-17,11.4775,0.02022222222222214
2008-09-18,11.125,-0.030712263123502392
2008-09-19,11.9025,0.06988764044943818
2008-09-22,12.125,0.018693551774837225
2008-09-23,12.19,0.005360824742268067
2008-09-24,12.115,-0.0061525840853158265
2008-09-25,11.925,-0.015683037556747825
2008-09-26,11.65,-0.023060796645702375
2008-09-30,11.15,-0.0429184549356223
2008-10-01,11.4,0.022421524663677195
2008-10-02,11.1375,-0.023026315789473784
2008-10-03,11.1825,0.004040404040404066
2008-10-06,10.675,-0.04538341158059456
2008-10-07,10.7375,0.005854800936768045
2008-10-08,10.0475,-0.06426076833527372
2008-10-09,10.06,0.0012440905697936877
2008-10-13,9.71,-0.03479125248508941
2008-10-14,10.3875,0.06977342945417075
2008-10-15,10.1425,-0.023586040914560735
2008-10-16,9.7875,-0.03500123243776199
2008-10-17,9.505,-0.028863346104725296
2008-10-20,9.585,0.008416622830089482
2008-10-21,9.53,-0.005738132498696036
2008-10-22,9.1975,-0.03488982161594956
2008-10-23,8.8775,-0.03479206306061433
2008-10-24,8.085,-0.032948465221064316
2008-10-27,7.525,-0.06926406926406936
2008-10-28,8.0475,0.06943521594684365
2008-10-29,8.0475,0.0
2008-10-30,8.61,0.06989748369058724
2008-10-31,9.135,0.060975609756097615
2008-11-03,9.1725,0.004105090311986803
2008-11-04,9.16,-0.0013627691469064729
2008-11-05,9.2,0.004366812227074135
2008-11-06,8.5575,-0.06983695652173916
2008-11-07,8.5975,0.004674262342974078
2008-11-10,8.5125,-0.009886594940389792
2008-11-11,8.365,-0.017327459618208363
2008-11-12,8.365,0.0
2008-11-13,7.9,-0.05558876270173341
2008-11-14,8.0,0.012658227848101111
2008-11-17,8.05,0.006250000000000089
2008-11-18,7.725,-0.04037267080745355
2008-11-19,7.74,0.001941747572815622
2008-11-20,7.375,-0.047157622739018135
2008-11-21,7.695,0.04338983050847456
2008-11-24,7.49,-0.026640675763482835
2008-11-25,7.65,0.021361815754339153
2008-11-26,7.7375,0.011437908496731986
2008-11-27,8.2,0.05977382875605808
2008-11-28,8.0325,-0.020426829268292535
2008-12-01,8.125,0.011515717398070224
2008-12-02,7.65,-0.058461538461538454
2008-12-03,7.625,-0.0032679738562092497
2008-12-04,7.5025,-0.01606557377049178
2008-12-05,7.545,0.005664778407197479
2008-12-08,8.0725,0.06991385023194163
2008-12-09,8.0725,0.0
2008-12-10,8.5475,0.05884174667079578
2008-12-11,8.45,-0.011406844106463865
2008-12-12,8.0,-0.053254437869822424
2008-12-15,8.3775,0.04718749999999994
2008-12-16,8.3775,0.0
2008-12-17,8.4175,0.004774694121157941
2008-12-18,8.4475,0.0035640035640034373
2008-12-19,8.455,0.0008878366380586922
2008-12-22,8.1625,-0.03459491425192196
2008-12-23,7.9375,-0.027565084226646164
2008-12-24,7.95,0.0015748031496063408
2008-12-25,7.9575,0.0009433962264149276
2008-12-26,7.9625,0.0006283380458687038
2008-12-29,7.95,-0.0015698587127158659
2008-12-30,8.29,0.042767295597484045
2008-12-31,8.2175,-0.008745476477683978
2009-01-05,8.55,0.040462427745664886
2009-01-06,8.545,-0.0005847953216374657
2009-01-07,8.6575,0.013165593914570062
2009-01-08,8.1075,-0.06352873231302347
2009-01-09,8.055,-0.00647548566142464
2009-01-10,8.0025,-0.0065176908752327956
2009-01-12,7.99,-0.0015620118712901254
2009-01-13,8.165,0.021902377972465414
2009-01-14,8.125,-0.004898958971218503
2009-01-15,7.75,-0.0461538461538461
2009-01-16,7.845,0.012258064516128986
2009-01-17,7.85,0.0006373486297004405
2009-01-19,7.8825,0.0041401273885350864
2009-01-20,7.675,-0.026324135743736155
2009-01-21,7.625,-0.006514657980456029
2009-02-02,7.72,0.012459016393442601
2009-02-03,7.8675,0.01910621761658038
2009-02-04,7.9225,0.00699078487448368
2009-02-05,7.8575,-0.008204480908804102
2009-02-06,8.05,0.024498886414253906
2009-02-09,8.125,0.009316770186335255
2009-02-10,8.175,0.006153846153846176
2009-02-11,8.3125,0.01681957186544336
2009-02-12,8.0875,-0.02706766917293224
2009-02-13,8.32,0.02874806800618246
2009-02-16,8.3025,-0.0021033653846154188
2009-02-17,8.11,-0.023185787413429804
2009-02-18,8.1225,0.0015413070283600838
2009-02-19,8.23,0.01323484148968923
2009-02-20,8.025,-0.024908869987849358
2009-02-23,8.11,0.010591900311526459
2009-02-24,8.04,-0.008631319358816336
2009-02-25,8.185,0.018034825870646864
2009-02-26,8.2,0.0018326206475258733
2009-02-27,8.2625,0.007621951219512146
2009-03-02,7.9825,-0.03388804841149762
2009-03-03,7.9875,0.0006263701847792902
2009-03-04,8.1875,0.025039123630672844
2009-03-05,8.3625,0.021374045801526798
2009-03-06,8.4175,0.006576980568011814
2009-03-09,8.33,-0.010395010395010451
2009-03-10,8.37,0.004801920768307211
2009-03-11,8.5625,0.022998805256869925
2009-03-12,8.5125,-0.00583941605839422
2009-03-13,8.75,0.027900146842878115
2009-03-16,8.8825,0.015142857142857125
2009-03-17,9.0425,0.018012946805516572
2009-03-18,9.025,-0.0019353055017971021
2009-03-19,8.975,-0.005540166204986208
2009-03-20,8.855,-0.013370473537604344
2009-03-23,9.1425,0.032467532467532534
2009-03-24,9.3625,0.024063439978124324
2009-03-25,9.455,0.009879839786381739
2009-03-26,9.525,0.007403490216816522
2009-03-27,9.4425,-0.008661417322834652
2009-03-30,9.0725,-0.039184537993116386
2009-03-31,9.16,0.009644530173601673
2009-04-01,9.3225,0.017740174672489006
2009-04-02,9.645,0.03459372485921164
2009-04-03,9.65,0.0005184033177814129
2009-04-06,9.6975,0.004922279792745954
2009-04-07,9.7,0.0002577984016498558
2009-04-08,9.4325,-0.02757731958762888
2009-04-09,9.82,0.04108136761197989
2009-04-10,9.9925,0.017566191446028556
2009-04-13,10.045,0.005253940455341555
2009-04-14,10.125,0.007964161274265802
2009-04-15,10.0625,-0.006172839506172867
2009-04-16,10.3,0.023602484472049712
2009-04-17,9.97,-0.03203883495145632
2009-04-20,10.0425,0.007271815446338925
2009-04-21,10.195,0.015185461787403431
2009-04-22,10.1625,-0.0031878371750858614
2009-04-23,10.115,-0.004674046740467341
2009-04-24,10.125,0.000988630746416197
2009-04-27,9.88,-0.024197530864197403
2009-04-28,9.7625,-0.01189271255060742
2009-04-29,9.85,0.008962868117797784
2009-04-30,10.5375,0.06979695431472077
2009-05-04,11.275,0.06998813760379607
2009-05-05,11.575,0.026607538802660757
2009-05-06,11.6,0.002159827213823018
2009-05-07,11.575,-0.0021551724137931494
2009-05-08,11.4575,-0.010151187904967607
2009-05-11,11.55,0.008073314422867295
2009-05-12,11.15,-0.03463203463203468
2009-05-13,11.1675,0.0015695067264573925
2009-05-14,10.9125,-0.022834116856951026
2009-05-15,11.2,0.026345933562428314
2009-05-18,11.265,0.0058035714285715745
2009-05-19,11.525,0.023080337328007072
2009-05-20,11.575,0.00433839479392617
2009-05-21,11.4875,-0.0075593952483800075
2009-05-22,11.445,-0.0036996735582155438
2009-05-25,11.4325,-0.001092179991262654
2009-05-26,11.4,-0.0028427727968509675
2009-05-27,12.0,0.05263157894736836
2009-06-01,11.93,-0.005833333333333357
2009-06-02,11.9625,0.002724224643755324
2009-06-03,11.9475,-0.0012539184952978788
2009-06-04,11.675,-0.02280811885331646
2009-06-05,11.655,-0.0017130620985011946
2009-06-06,11.725,0.006006006006006093
2009-06-08,11.4275,-0.025373134328358193
2009-06-09,11.1125,-0.027565084226646164
2009-06-10,11.2125,0.008998875140607376
2009-06-11,11.3125,0.008918617614269708
2009-06-12,11.165,-0.013038674033149289
2009-06-15,10.76,-0.03627407075682931
2009-06-16,10.7625,0.00023234200743482702
2009-06-17,10.7425,-0.0018583042973286945
2009-06-18,10.6875,-0.005119851058878244
2009-06-19,10.8125,0.011695906432748648
2009-06-22,10.975,0.015028901734104094
2009-06-23,10.7125,-0.023917995444191265
2009-06-24,11.02,0.028704784130688443
2009-06-25,11.145,0.01134301270417426
2009-06-26,11.15,0.0004486316733962603
2009-06-29,11.07,-0.007174887892376636
2009-06-30,11.115,0.004065040650406582
2009-07-01,11.3625,0.022267206477732948
2009-07-02,11.475,0.00990099009900991
2009-07-03,11.45,-0.002178649237472796
2009-07-06,11.4225,-0.0024017467248907964
2009-07-07,11.5475,0.010943313635368712
2009-07-08,11.415,-0.011474345096341265
2009-07-09,11.625,0.018396846254927768
2009-07-10,11.695,0.006021505376344161
2009-07-13,11.325,-0.03163745190252254
2009-07-14,11.535,0.018543046357615944
2009-07-15,11.7625,0.019722583441699193
2009-07-16,11.8625,0.008501594048884398
2009-07-17,11.9675,0.008851422550052668
2009-07-20,12.125,0.013160643409233286
2009-07-21,12.1,-0.0020618556701030855
2009-07-22,12.12,0.0016528925619834212
2009-07-23,12.1275,0.0006188118811880639
2009-07-24,12.095,-0.0026798598227169013
2009-07-27,12.2075,0.00930136420008254
2009-07-28,12.425,0.01781691583043221
2009-07-29,12.3375,-0.007042253521126751
2009-07-30,12.2125,-0.010131712259371817
2009-07-31,12.255,0.0034800409416582134
2009-08-03,12.2975,0.003467972256221863
2009-08-04,12.1625,-0.010977841024598534
2009-08-05,12.0125,-0.012332990750256956
2009-08-06,12.035,0.0018730489073881529
2009-08-10,12.065,0.002492729538845051
2009-08-11,12.105,0.0033153750518029046
2009-08-12,12.0625,-0.0035109458901281254
2009-08-13,12.34,0.02300518134715035
2009-08-14,12.405,0.005267423014586603
2009-08-17,12.165,-0.0193470374848852
2009-08-18,12.005,-0.013152486642005634
2009-08-19,11.965,-0.0033319450229072345
2009-08-20,11.9,-0.0054325114918512
2009-08-21,11.795,-0.008823529411764786
2009-08-24,12.175,0.03221704111911827
2009-08-25,12.0825,-0.007597535934291688
2009-08-26,12.0,-0.006828057107386654
2009-08-27,11.9375,-0.00520833333333337
2009-08-28,12.1,0.013612565445026092
2009-08-31,12.1125,0.0010330578512398603
2009-09-01,12.55,0.03611971104231171
2009-09-02,12.55,0.0
2009-09-03,12.6125,0.004980079681274896
2009-09-04,12.7625,0.011892963330029538
2009-09-07,12.95,0.014691478942213454
2009-09-08,13.125,0.013513513513513598
2009-09-09,13.0125,-0.008571428571428674
2009-09-10,13.2125,0.015369836695485084
2009-09-11,13.125,-0.0066225165562914245
2009-09-14,12.9625,-0.012380952380952381
2009-09-15,13.1125,0.011571841851494735
2009-09-16,13.3,0.014299332697807365
2009-09-17,13.2875,-0.0009398496240602405
2009-09-18,13.325,0.002822201317027151
2009-09-21,13.2875,-0.0028142589118198558
2009-09-22,13.2375,-0.0037629350893696456
2009-09-23,13.175,-0.0047214353163361755
2009-09-24,13.0,-0.013282732447817858
2009-09-25,13.0875,0.006730769230769207
2009-09-28,12.95,-0.010506208213944657
2009-09-29,13.2125,0.020270270270270396
2009-09-30,13.325,0.008514664143803197
2009-10-01,13.4125,0.0065666041275798115
2009-10-02,13.175,-0.017707362534948645
2009-10-05,13.1625,-0.0009487666034156961
2009-10-06,13.4,0.018043684710351338
2009-10-07,13.475,0.005597014925373012
2009-10-08,13.2625,-0.01576994434137291
2009-10-09,13.3375,0.005655042412818112
2009-10-12,13.4,0.004686035613870709
2009-10-13,13.425,0.001865671641791078
2009-10-14,13.5875,0.012104283054003684
2009-10-15,13.6625,0.00551977920883151
2009-10-16,13.6625,0.0
2009-10-19,13.7125,0.0036596523330283404
2009-10-20,13.725,0.0009115770282588365
2009-10-21,13.625,-0.007285974499089187
2009-10-22,13.425,-0.014678899082568808
2009-10-23,13.3125,0.010242085661080091
2009-10-26,13.375,0.0046948356807512415
2009-10-27,13.35,-0.0018691588785046953
2009-10-28,13.1375,-0.015917602996254665
2009-10-29,12.8875,-0.01902949571836343
2009-10-30,12.9125,0.0019398642095054264
2009-11-02,12.8375,-0.0058083252662148865
2009-11-03,12.75,-0.006815968841285325
2009-11-04,12.9875,0.018627450980392313
2009-11-05,12.9625,-0.0019249278152069227
2009-11-06,13.0625,0.0077145612343296754
2009-11-09,13.1875,0.009569377990430672
2009-11-10,13.2875,0.007582938388625671
2009-11-11,13.4625,0.013170272812794037
2009-11-12,13.45,-0.0009285051067782213
2009-11-13,13.4125,-0.0027881040892192566
2009-11-16,13.6375,0.016775396085740857
2009-11-17,13.525,-0.008249312557286781
2009-11-18,13.5375,0.0009242144177448175
2009-11-19,13.4875,-0.003693444136657398
2009-11-20,13.3625,-0.009267840593141785
2009-11-23,13.35,-0.000935453695042221
2009-11-24,13.4125,0.004681647940074862
2009-11-25,13.5,0.006523765144454741
2009-11-26,13.4625,-0.002777777777777768
2009-11-27,13.05,-0.03064066852367686
2009-11-30,13.175,0.009578544061302763
2009-12-01,13.3125,0.010436432637571214
2009-12-02,13.35,0.0028169014084507005
2009-12-03,13.3625,0.0009363295880151501
2009-12-04,13.275,-0.006548175865294659
2009-12-07,13.4875,0.016007532956685555
2009-12-08,13.425,-0.004633920296570948
2009-12-09,13.4625,0.0027932960893854997
2009-12-10,13.25,-0.01578458681522754
2009-12-11,13.4625,0.016037735849056656
2009-12-14,13.475,0.0009285051067779992
2009-12-15,13.4375,-0.002782931354359919
2009-12-16,13.3,-0.01023255813953483
2009-12-17,13.35,0.003759398496240518
2009-12-18,13.3125,-0.002808988764044895
2009-12-21,13.425,0.008450704225352101
2009-12-22,13.5375,0.008379888268156277
2009-12-23,13.6375,0.007386888273314796
2009-12-24,13.775,0.010082493125572967
2009-12-25,13.8,0.001814882032667997
2009-12-28,13.9,0.007246376811594235
2009-12-29,13.875,-0.0017985611510791255
2009-12-30,13.925,0.003603603603603567
2009-12-31,14.1125,0.013464991023339312
2010-01-04,14.125,0.0008857395925596645
2010-01-05,14.125,0.0
2010-01-06,14.3875,0.018584070796460184
2010-01-07,14.35,-0.0026064291920069316
2010-01-08,14.4375,0.0060975609756097615
2010-01-11,14.475,0.0025974025974024872
2010-01-12,14.4,-0.005181347150258975
2010-01-13,14.1875,-0.01475694444444442
2010-01-14,14.3625,0.012334801762114544
2010-01-15,14.45,0.006092254134029584
2010-01-18,14.375,-0.00519031141868509
2010-01-19,14.1875,-0.013043478260869601
2010-01-20,14.1,-0.006167400881057272
2010-01-21,13.9875,-0.007978723404255206
2010-01-22,13.6,-0.027703306523681914
2010-01-25,13.55,-0.00367647058823517
2010-01-26,13.2375,-0.023062730627306238
2010-01-27,13.225,-0.0009442870632673239
2010-01-28,13.5125,0.021739130434782483
2010-01-29,13.25,-0.01942645698427381
2010-02-01,13.1,-0.01132075471698113
2010-02-02,12.9625,-0.01049618320610679
2010-02-03,13.1875,0.017357762777242103
2010-02-04,13.1375,-0.0037914691943128354
2010-02-05,12.6875,-0.03425309229305418
2010-02-06,12.8,0.00886699507389177
2010-02-08,12.7125,-0.0068359375
2010-02-09,12.8875,0.013765978367748177
2010-02-10,13.025,0.010669253152279401
2010-02-22,13.15,0.009596928982725572
2010-02-23,13.15,0.0
2010-02-24,13.0625,-0.0066539923954372915
2010-02-25,12.9125,-0.011483253588516762
2010-02-26,12.8875,-0.0019361084220717029
2010-03-01,13.2,0.02424830261881672
2010-03-02,13.1625,-0.0028409090909090606
2010-03-03,13.1625,0.0
2010-03-04,13.05,-0.008547008547008517
2010-03-05,13.2375,0.014367816091954033
2010-03-08,13.4125,0.013220018885741203
2010-03-09,13.45,0.002795899347623365
2010-03-10,13.45,0.0
2010-03-11,13.4125,-0.0027881040892192566
2010-03-12,13.4,-0.0009319664492077884
2010-03-15,13.2125,-0.013992537313432862
2010-03-16,13.275,0.004730368968779652
2010-03-17,13.5375,0.0197740112994349
2010-03-18,13.6,0.004616805170821747
2010-03-19,13.5625,-0.0027573529411764053
2010-03-22,13.425,-0.010138248847926246
2010-03-23,13.3375,-0.0065176908752327956
2010-03-24,13.375,0.00281162136832247
2010-03-25,13.375,0.0
2010-03-26,13.5,0.009345794392523255
2010-03-29,13.625,0.0092592592592593
2010-03-30,13.6125,-0.0009174311926605228
2010-03-31,13.5625,-0.0036730945821855654
2010-04-01,13.6875,0.009216589861751112
2010-04-02,13.6875,0.0
2010-04-06,13.825,0.010045662100456543
2010-04-07,13.85,0.001808318264014508
2010-04-08,13.7625,-0.006317689530685899
2010-04-09,13.8,0.0027247956403271267
2010-04-12,13.8625,0.004528985507246341
2010-04-13,13.7,-0.011722272317403193
2010-04-14,13.8,0.007299270072992803
2010-04-15,13.8875,0.006340579710144789
2010-04-16,13.8,-0.006300630063006185
2010-04-19,13.4125,-0.028079710144927605
2010-04-20,13.4625,0.0037278657968313755
2010-04-21,13.6375,0.0129990714948931
2010-04-22,13.6125,-0.0018331805682858526
2010-04-23,13.6875,0.005509641873278293
2010-04-26,13.975,0.02100456621004554
2010-04-27,13.9625,-0.0008944543828264262
2010-04-28,13.8125,-0.0107430617726052
2010-04-29,13.75,-0.004524886877828038
2010-04-30,13.7,-0.0036363636363636598
2010-05-03,13.6125,-0.006386861313868564
2010-05-04,13.625,0.0009182736455464191
2010-05-05,13.25,-0.02752293577981646
2010-05-06,12.9875,-0.01981132075471692
2010-05-07,12.9875,0.0
2010-05-10,13.1,0.008662175168431041
2010-05-11,13.05,-0.003816793893129722
2010-05-12,13.025,-0.0019157088122605526
2010-05-13,13.3125,0.02207293666026877
2010-05-14,13.275,-0.0028169014084507005
2010-05-17,12.975,-0.02259887005649719
2010-05-18,13.0,0.0019267822736031004
2010-05-19,12.8625,-0.01057692307692304
2010-05-20,12.7,-0.012633624878522931
2010-05-21,12.4375,-0.02066929133858264
2010-05-24,12.6125,0.01407035175879412
2010-05-25,12.28,-0.02636273538156597
2010-05-26,12.33,0.004071661237785129
2010-05-27,12.415,0.006893755068937413
2010-05-28,12.4675,0.004228755537656115
2010-05-31,12.525,0.004611991177060348
2010-06-01,12.4575,-0.005389221556886259
2010-06-02,12.2625,-0.015653220951234226
2010-06-03,12.55,0.023445463812436396
2010-06-04,12.5125,-0.0029880478087650486
2010-06-07,12.185,-0.02617382617382613
2010-06-08,12.14,-0.0036930652441526934
2010-06-09,12.045,-0.00782537067545308
2010-06-10,12.2125,0.013906185139061833
2010-06-11,12.405,0.015762538382804392
2010-06-14,12.5875,0.014711809754131444
2010-06-15,12.675,0.006951340615690249
2010-06-17,12.7625,0.006903353057199135
2010-06-18,12.725,-0.002938295788442624
2010-06-21,13.0,0.0216110019646365
2010-06-22,12.925,-0.005769230769230749
2010-06-23,12.7875,-0.010638297872340496
2010-06-24,12.825,0.0029325513196480912
2010-06-25,12.65,-0.013645224171539905
2010-06-28,12.7,0.0039525691699604515
2010-06-29,12.625,-0.0059055118110236116
2010-06-30,12.3875,-0.01881188118811883
2010-07-01,12.2975,-0.007265388496468184
2010-07-02,12.3725,0.006098800569221519
2010-07-05,12.625,0.020408163265306145
2010-07-06,12.85,0.017821782178217838
2010-07-07,12.825,-0.0019455252918287869
2010-07-08,13.0125,0.014619883040935644
2010-07-09,13.0875,0.0057636887608070175
2010-07-12,13.075,-0.0009551098376313627
2010-07-13,13.0375,-0.002868068833651982
2010-07-14,13.2875,0.019175455417066223
2010-07-15,13.3125,0.0018814675446849893
2010-07-16,13.225,-0.0065727699530516714
2010-07-19,13.1875,-0.002835538752362976
2010-07-20,13.3,0.008530805687203769
2010-07-21,13.225,-0.005639097744360999
2010-07-22,13.2375,0.000945179584121103
2010-07-23,13.425,0.014164305949008416
2010-07-26,13.4625,0.0027932960893854997
2010-07-27,13.4,-0.00464252553389044
2010-07-28,13.5125,0.008395522388059629
2010-07-29,13.525,0.0009250693802036469
2010-07-30,13.475,-0.003696857670979714
2010-08-02,13.7375,0.019480519480519654
2010-08-03,13.8,0.0045495905368517775
2010-08-04,13.775,-0.0018115942028985588
2010-08-05,13.7625,-0.0009074410163339985
2010-08-06,13.8,0.0027247956403271267
2010-08-09,13.875,0.005434782608695565
2010-08-10,13.85,-0.0018018018018017834
2010-08-11,13.675,-0.012635379061371799
2010-08-12,13.5625,-0.00822669104204754
2010-08-13,13.7125,0.011059907834101379
2010-08-16,13.75,0.0027347310847767314
2010-08-17,13.7375,-0.0009090909090908594
2010-08-18,13.6625,-0.005459508644222066
2010-08-19,13.7375,0.005489478499542733
2010-08-20,13.7375,0.0
2010-08-23,13.825,0.006369426751592355
2010-08-24,13.7375,-0.006329113924050556
2010-08-25,13.4875,-0.018198362147406777
2010-08-26,13.4,-0.006487488415199305
2010-08-27,13.4625,0.004664179104477695
2010-08-30,13.525,0.00464252553389044
2010-08-31,13.325,-0.014787430683918745
2010-09-01,13.425,0.0075046904315199114
2010-09-02,13.5,0.005586592178770999
2010-09-03,13.6375,0.010185185185185075
2010-09-06,13.7375,0.007332722273144077
2010-09-07,13.7125,-0.0018198362147406888
2010-09-08,13.6875,-0.001823154056517784
2010-09-09,13.6875,0.0
2010-09-10,13.8125,0.009132420091324311
2010-09-13,14.2,0.028054298642533837
2010-09-14,14.25,0.0035211267605634866
2010-09-15,14.3125,0.004385964912280604
2010-09-16,14.1625,-0.010480349344978213
2010-09-17,14.325,0.011473962930273585
2010-09-20,14.3125,-0.0008726003490401313
2010-09-21,14.3375,0.0017467248908296096
2010-09-23,14.3375,0.0
2010-09-24,14.25,-0.006102877070619073
2010-09-27,14.375,0.00877192982456143
2010-09-28,14.35,-0.0017391304347826875
2010-09-29,14.45,0.006968641114982521
2010-09-30,14.425,-0.0017301038062282892
2010-10-01,14.4375,0.0008665511265164572
2010-10-04,14.4375,0.0
2010-10-05,14.35,-0.0060606060606061
2010-10-06,14.4375,0.0060975609756097615
2010-10-07,14.4875,0.0034632034632036124
2010-10-08,14.4,-0.006039689387402958
2010-10-11,14.2375,-0.01128472222222221
2010-10-12,14.05,-0.013169446883230851
2010-10-13,14.1375,0.006227758007117279
2010-10-14,14.3625,0.01591511936339529
2010-10-15,14.3375,-0.0017406440382942145
2010-10-18,14.05,-0.02005231037489097
2010-10-19,14.0125,-0.002669039145907548
2010-10-20,14.175,0.011596788581623718
2010-10-21,14.1875,0.0008818342151675207
2010-10-22,14.275,0.006167400881057272
2010-10-25,14.025,0.021015761821365997
2010-10-26,14.0875,0.004456327985739694
2010-10-27,14.0125,-0.0053238686779060185
2010-10-28,14.125,0.00802854594112401
2010-10-29,14.0,-0.008849557522123908
2010-11-01,14.2,0.014285714285714235
2010-11-02,14.2,0.0
2010-11-03,14.175,-0.0017605633802816323
2010-11-04,14.2625,0.006172839506172645
2010-11-05,14.4125,0.010517090271691565
2010-11-08,14.3875,-0.0017346053772766545
2010-11-09,14.425,0.0026064291920071536
2010-11-10,14.4125,-0.0008665511265165682
2010-11-11,14.375,-0.002601908065914982
2010-11-12,14.0875,-0.020000000000000018
2010-11-15,14.0375,-0.003549245785270716
2010-11-16,14.1875,0.010685663401602818
2010-11-17,14.125,-0.004405286343612369
2010-11-18,14.15,0.001769911504424737
2010-11-19,14.1625,0.0008833922261484162
2010-11-22,14.3375,0.012356575463371655
2010-11-23,14.225,-0.007846556233653046
2010-11-24,14.2125,-0.0008787346221440506
2010-11-25,14.275,0.004397537379067673
2010-11-26,14.2,-0.005253940455341555
2010-11-29,14.225,0.0017605633802817433
2010-11-30,14.275,0.0035149384885764245
2010-12-01,14.5,0.015761821366024442
2010-12-02,14.6125,0.00775862068965516
2010-12-03,14.75,0.009409751924722043
2010-12-06,14.7875,0.0025423728813558366
2010-12-07,14.775,-0.0008453085376162184
2010-12-08,14.775,0.0
2010-12-09,14.925,0.010152284263959421
2010-12-10,14.825,-0.006700167504187671
2010-12-13,14.8625,0.002529510961214232
2010-12-14,14.825,-0.002523128679562725
2010-12-15,14.9,0.005059021922428464
2010-12-16,14.925,0.001677852348993314
2010-12-17,15.05,0.008375209380234505
2010-12-20,14.975,-0.004983388704319025
2010-12-21,15.0125,0.0025041736227044975
2010-12-22,15.0125,0.0
2010-12-23,15.1125,0.006661115736886103
2010-12-24,15.05,-0.0041356492969396585
2010-12-27,15.1125,0.004152823920265725
2010-12-28,15.0875,-0.0016542597187758634
2010-12-29,15.125,0.0024855012427504874
2010-12-30,15.2,0.0049586776859502635
2010-12-31,15.35,0.009868421052631637
2011-01-03,15.3625,0.0008143322475571146
2011-01-04,15.325,-0.0024410089503662524
2011-01-05,15.075,-0.01631321370309946
2011-01-06,15.05,-0.0016583747927030323
2011-01-07,14.9125,-0.00913621262458475
2011-01-10,14.9625,0.0033528918692373733
2011-01-11,15.2125,0.01670843776106934
2011-01-12,15.275,0.0041084634346755244
2011-01-13,15.2625,-0.0008183306055646877
2011-01-14,15.25,-0.0008190008190007703
2011-01-17,15.2125,-0.0024590163934425924
2011-01-18,15.3375,0.008216926869350827
2011-01-19,15.5125,0.01140994295028519
2011-01-20,15.4125,-0.006446414182111226
2011-01-21,15.25,-0.010543390105433925
2011-01-24,15.2375,-0.0008196721311475308
2011-01-25,15.3625,0.008203445447087843
2011-01-26,15.5,0.008950366151342593
2011-01-27,15.6125,0.007258064516129092
2011-01-28,15.75,0.008807045636509248
2011-02-08,15.65,-0.006349206349206327
2011-02-09,15.5,-0.009584664536741228
2011-02-10,15.2125,-0.0185483870967742
2011-02-11,14.725,-0.032046014790468424
2011-02-14,14.85,0.008488964346349714
2011-02-15,14.9375,0.005892255892255838
2011-02-16,14.9625,0.0016736401673640433
2011-02-17,14.9125,-0.003341687552213868
2011-02-18,15.1625,0.016764459346185978
2011-02-21,15.1625,0.0
2011-02-22,14.9625,-0.013190436933223415
2011-02-23,14.75,-0.014202172096908994
2011-02-24,14.75,0.0
2011-02-25,14.875,0.008474576271186418
2011-03-01,14.9875,0.007563025210084007
2011-03-02,14.8625,-0.008340283569641338
2011-03-03,15.05,0.012615643397813292
2011-03-04,15.1625,0.00747508305647826
2011-03-07,15.05,-0.007419620774938074
2011-03-08,15.0625,0.0008305647840531893
2011-03-09,15.05,-0.0008298755186721962
2011-03-10,14.875,-0.011627906976744207
2011-03-11,14.7125,-0.01092436974789912
2011-03-14,14.7,-0.000849617672047609
2011-03-15,14.375,-0.022108843537414935
2011-03-16,14.325,-0.003478260869565264
2011-03-17,14.325,0.0
2011-03-18,14.4375,0.007853403141361293
2011-03-21,14.525,0.0060606060606061
2011-03-22,14.6,0.005163511187607606
2011-03-23,14.625,0.001712328767123239
2011-03-24,14.6875,0.004273504273504258
2011-03-25,14.8375,0.010212765957446912
2011-03-28,14.7875,-0.0033698399326032025
2011-03-29,14.8125,0.0016906170752324368
2011-03-30,14.9,0.005907172995780696
2011-03-31,14.8875,-0.000838926174496768
2011-04-01,14.9625,0.005037783375315019
2011-04-06,15.2875,0.02172096908939003
2011-04-07,15.325,0.002452984464431651
2011-04-08,15.275,-0.0032626427406198255
2011-04-11,15.275,0.0
2011-04-12,15.0125,-0.017184942716857665
2011-04-13,15.1,0.005828476269775118
2011-04-14,15.0875,-0.0008278145695364003
2011-04-15,14.9125,-0.011599005799502904
2011-04-18,14.8875,-0.0016764459346186866
2011-04-19,14.8,-0.005877413937867226
2011-04-20,15.075,0.01858108108108092
2011-04-21,15.425,0.02321724709784423
2011-04-22,15.4,-0.0016207455429497752
2011-04-25,15.3625,-0.0024350649350649567
2011-04-26,15.3,-0.004068348250610199
2011-04-27,15.5375,0.015522875816993409
2011-04-28,15.5375,0.0
2011-04-29,15.5,-0.002413515687851975
2011-05-03,15.5375,0.0024193548387096975
2011-05-04,15.45,-0.005631536604987941
2011-05-05,15.5625,0.00728155339805836
2011-05-06,15.4875,-0.004819277108433662
2011-05-09,15.575,0.005649717514124131
2011-05-10,15.575,0.0
2011-05-11,15.5125,-0.0040128410914928025
2011-05-12,15.5625,0.003223207091055613
2011-05-13,15.5125,-0.003212851405622552
2011-05-16,15.325,-0.01208702659145855
2011-05-17,15.3125,-0.0008156606851549286
2011-05-18,15.4,0.005714285714285783
2011-05-19,15.2625,-0.008928571428571508
2011-05-20,15.275,0.0008190008190009923
2011-05-23,15.0875,-0.01227495908346976
2011-05-24,15.1125,0.001657000828500399
2011-05-25,15.0625,-0.003308519437551727
2011-05-26,15.2125,0.009958506224066355
2011-05-27,15.15,-0.004108463434675413
2011-05-30,15.125,-0.0016501650165017256
2011-05-31,15.5,0.024793388429751984
2011-06-01,15.5875,0.005645161290322553
2011-06-02,15.475,-0.0072173215717723505
2011-06-03,15.55,0.004846526655896577
2011-06-07,15.55,0.0
2011-06-08,15.5,-0.003215434083601365
2011-06-09,15.5,0.0
2011-06-10,15.1375,-0.023387096774193594
2011-06-13,14.9375,-0.013212221304706784
2011-06-14,15.1875,0.01673640167364021
2011-06-15,15.125,-0.004115226337448541
2011-06-16,14.85,-0.018181818181818188
2011-06-17,14.8,-0.0033670033670032407
2011-06-20,14.65,-0.010135135135135198
2011-06-21,14.7625,0.007679180887371961
2011-06-22,14.8,0.002540220152413397
2011-06-23,14.6625,-0.00929054054054057
2011-06-24,14.55,-0.007672634271099654
2011-06-27,14.45,-0.0068728522336770626
2011-06-28,14.4125,-0.002595155709342545
2011-06-29,14.6625,0.017346053772766767
2011-06-30,14.7125,0.0034100596760444635
2011-07-01,14.925,0.014443500424808908
2011-07-04,15.0125,0.005862646566163976
2011-07-05,14.9875,-0.0016652789342214147
2011-07-06,15.15,0.010842368640533673
2011-07-07,15.0875,-0.004125412541254092
2011-07-08,15.0125,-0.004971002485501308
2011-07-11,14.9125,-0.006661115736885881
2011-07-12,14.675,-0.01592623637887669
2011-07-13,14.675,0.0
2011-07-14,14.725,0.0034071550255536653
2011-07-15,14.8,0.005093378607810006
2011-07-18,14.75,-0.0033783783783783994
2011-07-19,14.725,-0.0016949152542372614
2011-07-20,15.1125,0.026315789473684292
2011-07-21,15.15,0.002481389578163684
2011-07-22,15.25,0.0066006600660066805
2011-07-25,15.1,-0.00983606557377048
2011-07-26,15.3,0.013245033112582849
2011-07-27,15.3375,0.002450980392156854
2011-07-28,15.2125,-0.008149959250203787
2011-07-29,14.975,-0.01561216105176666
2011-08-01,15.0875,0.0075125208681134925
2011-08-02,14.8875,-0.013256006628003414
2011-08-03,14.65,-0.015952980688497043
2011-08-04,14.4625,-0.012798634812286713
2011-08-05,13.6125,-0.05877268798617108
2011-08-08,13.375,-0.017447199265381186
2011-08-09,13.25,-0.009345794392523366
2011-08-10,13.525,0.020754716981132182
2011-08-11,13.525,0.0
2011-08-12,13.3875,-0.010166358595194214
2011-08-15,13.65,0.019607843137255054
2011-08-16,13.5875,-0.0045787545787545625
2011-08-17,13.4875,-0.007359705611775458
2011-08-18,13.2375,-0.01853568118628357
2011-08-19,12.775,-0.034938621340887654
2011-08-22,12.875,0.007827788649706457
2011-08-23,13.325,0.03495145631067964
2011-08-24,13.15,-0.013133208255159401
2011-08-25,13.0875,-0.004752851711026573
2011-08-26,13.2625,0.013371537726838412
2011-08-29,13.45,0.01413760603204528
2011-08-30,13.55,0.0074349442379182396
2011-08-31,13.6375,0.0064575645756457245
2011-09-01,13.7875,0.010999083409715782
2011-09-02,13.7875,0.0
2011-09-05,13.4,-0.02810516772438798
2011-09-06,13.1375,-0.019589552238806096
2011-09-07,13.3875,0.01902949571836343
2011-09-08,13.425,0.002801120448179484
2011-09-09,13.5375,0.008379888268156277
2011-09-13,13.1625,-0.027700831024930705
2011-09-14,12.9,-0.019943019943019835
2011-09-15,13.2125,0.02422480620155043
2011-09-16,13.525,0.023651844843897818
2011-09-19,13.3,-0.01663585951940849
2011-09-20,13.35,0.003759398496240518
2011-09-21,13.4,0.0037453183520599342
2011-09-22,13.025,-0.027985074626865725
2011-09-23,12.5875,-0.03358925143953939
2011-09-26,12.33,-0.02045680238331682
2011-09-27,12.775,0.0360908353609084
2011-09-28,12.7875,0.0009784735812132794
2011-09-29,12.9,0.008797653958944274
2011-09-30,12.9125,0.0009689922480620172
2011-10-03,12.575,-0.0261374636979671
2011-10-04,12.6875,0.008946322067594492
2011-10-05,12.5625,-0.009852216748768461
2011-10-06,12.8125,0.01990049751243772
2011-10-07,12.8875,0.005853658536585371
2011-10-11,13.25,0.02812803103782735
2011-10-12,13.2125,-0.002830188679245227
2011-10-13,13.2,-0.0009460737937559971
2011-10-14,13.1125,-0.006628787878787734
2011-10-17,13.275,0.012392755004766443
2011-10-18,13.1375,-0.010357815442561313
2011-10-19,13.0875,-0.0038058991436725753
2011-10-20,12.9375,-0.011461318051575908
2011-10-21,12.9875,0.0038647342995170586
2011-10-24,13.4,0.031761308950914335
2011-10-25,13.4,0.0
2011-10-26,13.0375,0.009328358208955168
2011-10-27,13.0625,0.0019175455417066445
2011-10-28,13.1,0.002870813397129135
2011-10-31,13.05,-0.003816793893129722
2011-11-01,13.1375,0.006704980842911823
2011-11-02,13.1,-0.0028544243577545148
2011-11-03,12.8625,-0.018129770992366345
2011-11-04,13.075,0.01652089407191437
2011-11-07,13.1,0.0019120458891013214
2011-11-08,13.0375,-0.004770992366412208
2011-11-09,13.05,0.0009587727708533222
2011-11-10,12.6375,-0.031609195402299006
2011-11-11,12.725,0.006923837784371889
2011-11-14,13.0375,0.024557956777996104
2011-11-15,12.9625,-0.005752636625119822
2011-11-16,12.8,-0.012536162005785889
2011-11-17,12.8375,0.0029296875
2011-11-18,12.575,-0.020447906523855974
2011-11-21,12.3075,-0.021272365805169002
2011-11-22,12.255,-0.00426569165143198
2011-11-23,11.9625,-0.02386780905752761
2011-11-24,11.965,0.0002089864158829613
2011-11-25,11.86,-0.008775595486836596
2011-11-28,12.0725,0.01791736930860033
2011-11-29,12.18,0.008904535100434874
2011-11-30,12.02,-0.013136288998357948
2011-12-01,12.575,0.04617304492512475
2011-12-02,12.455,-0.009542743538767384
2011-12-05,12.415,-0.0032115616218386656
2011-12-06,12.1725,-0.01953282319774463
2011-12-07,12.3,0.01047443006777593
2011-12-08,12.215,-0.0069105691056911
2011-12-09,12.06,-0.012689316414244756
2011-12-12,12.2,0.011608623548921893
2011-12-13,12.1375,-0.0051229508196721785
2011-12-14,12.1475,0.0008238928939239276
2011-12-15,11.875,-0.02243259930026764
2011-12-16,11.925,0.004210526315789442
2011-12-19,11.685,-0.020125786163522008
2011-12-20,11.75,0.005562687205819428
2011-12-21,12.32,0.04851063829787239
2011-12-22,12.29,-0.0024350649350650677
2011-12-23,12.5,0.017087062652563212
2011-12-26,12.4875,-0.0009999999999998899
2011-12-27,12.4625,-0.002002002002002068
2011-12-28,12.3925,-0.0056168505516549505
2011-12-29,12.4025,0.0008069396812588892
2011-12-30,12.4525,0.004031445273130485
2012-01-02,12.265,-0.015057217426219682
2012-01-03,12.425,0.013045250713412226
2012-01-04,12.5,0.006036217303822866
2012-01-05,12.5375,0.0029999999999998916
2012-01-06,12.5,-0.0029910269192422456
2012-01-09,12.4525,-0.0037999999999999146
2012-01-10,12.675,0.01786789801244737
2012-01-11,12.6625,-0.0009861932938857176
2012-01-12,12.6875,0.001974333662388972
2012-01-13,12.7125,0.0019704433497538254
2012-01-16,12.5125,-0.015732546705998107
2012-01-17,12.6375,0.009990009990010096
2012-01-18,12.6,-0.0029673590504450953
2012-01-30,12.95,0.02777777777777768
2012-01-31,12.9875,0.0028957528957529455
2012-02-01,13.075,0.006737247353224118
2012-02-02,13.225,0.01147227533460815
2012-02-03,13.2625,0.002835538752362865
2012-02-04,13.4125,0.011310084825636224
2012-02-06,13.3,-0.008387698042870428
2012-02-07,13.325,0.001879699248120259
2012-02-08,13.6125,0.02157598499061919
2012-02-09,13.6,-0.0009182736455464191
2012-02-10,13.4875,-0.008272058823529327
2012-02-13,13.55,0.004633920296570837
2012-02-14,13.5,-0.0036900369003690647
2012-02-15,13.725,0.016666666666666607
2012-02-16,13.5625,-0.011839708561020013
2012-02-17,13.6875,0.009216589861751112
2012-02-20,13.675,-0.0009132420091323423
2012-02-21,13.625,-0.003656307129798919
2012-02-22,13.7125,0.006422018348623881
2012-02-23,13.65,-0.004557885141294404
2012-02-24,13.6875,0.0027472527472527375
2012-02-29,14.0,0.022831050228310446
2012-03-01,13.975,-0.0017857142857142794
2012-03-02,13.9,-0.005366726296958779
2012-03-03,13.85,-0.003597122302158362
2012-03-05,13.7125,-0.009927797833934937
2012-03-06,13.65,-0.004557885141294404
2012-03-07,13.6,-0.003663003663003761
2012-03-08,13.675,0.005514705882353033
2012-03-09,13.7375,0.004570383912248621
2012-03-12,13.5875,-0.010919017288444022
2012-03-13,13.775,0.013799448022079108
2012-03-14,13.975,0.014519056261342866
2012-03-15,13.9125,-0.004472271914132353
2012-03-16,13.85,-0.004492362982928988
2012-03-19,13.8125,-0.0027075812274367506
2012-03-20,13.7125,-0.007239819004524861
2012-03-21,13.7125,0.0
2012-03-22,13.9,0.013673655423883213
2012-03-23,13.8625,-0.0026978417266186883
2012-03-26,13.6375,-0.016230838593327412
2012-03-27,13.8125,0.012832263978001857
2012-03-28,13.8625,0.0036199095022624306
2012-03-29,13.675,-0.01352569882777277
2012-03-30,13.725,0.003656307129798808
2012-04-02,13.675,-0.0036429872495445936
2012-04-03,13.5625,-0.00822669104204754
2012-04-05,13.4125,-0.011059907834101379
2012-04-06,13.4375,0.0018639328984155767
2012-04-09,13.275,-0.012093023255813962
2012-04-10,13.275,0.0
2012-04-11,13.325,0.0037664783427493465
2012-04-12,13.3375,0.0009380863039401
2012-04-13,13.4875,0.011246485473289658
2012-04-16,13.45,-0.002780352177942591
2012-04-17,13.225,-0.016728624535315983
2012-04-18,13.25,0.001890359168241984
2012-04-19,13.2625,0.0009433962264151496
2012-04-20,13.0875,-0.013195098963242113
2012-04-23,13.075,-0.0009551098376313627
2012-04-24,13.1,0.0019120458891013214
2012-04-25,13.175,0.005725190839694694
2012-04-26,13.075,-0.007590132827324569
2012-04-27,13.05,-0.0019120458891012104
2012-04-30,13.0125,-0.00287356321839094
2012-05-02,13.3375,0.024975984630163373
2012-05-03,13.275,-0.004686035613870709
2012-05-04,13.3,0.0018832391713747842
2012-05-07,13.0125,-0.021616541353383534
2012-05-08,13.0125,0.0
2012-05-09,12.925,-0.006724303554274669
2012-05-10,12.925,0.0
2012-05-11,12.7875,-0.010638297872340496
2012-05-14,12.8,0.0009775171065493637
2012-05-15,12.8,0.0
2012-05-16,12.55,-0.01953125
2012-05-17,12.7,0.01195219123505975
2012-05-18,12.4175,-0.02224409448818887
2012-05-21,12.4875,0.005637205556674019
2012-05-22,12.6,0.009009009009008917
2012-05-23,12.3725,-0.01805555555555549
2012-05-24,12.345,-0.00222267124671649
2012-05-25,12.2525,-0.007492912110166117
2012-05-28,12.3675,0.009385839624566517
2012-05-29,12.675,0.02486355366889037
2012-05-30,12.525,-0.01183431952662728
2012-05-31,12.5375,0.0009980039920158834
2012-06-01,12.2875,-0.019940179461615193
2012-06-04,11.92,-0.02990844354018307
2012-06-05,12.075,0.013003355704698016
2012-06-06,12.1575,0.006832298136645987
2012-06-07,12.185,0.0022619782027555324
2012-06-08,12.0,-0.015182601559294295
2012-06-11,12.2475,0.020625000000000115
2012-06-12,12.1525,-0.007756685037762834
2012-06-13,12.1775,0.002057189878625909
2012-06-14,12.195,0.00143707657565173
2012-06-15,12.35,0.012710127101271063
2012-06-18,12.55,0.01619433198380582
2012-06-19,12.4775,-0.0057768924302790126
2012-06-20,12.6125,0.010819475055099392
2012-06-21,12.5375,-0.005946481665014991
2012-06-22,12.39,-0.0117647058823529
2012-06-25,12.3,-0.007263922518159771
2012-06-26,12.2475,-0.004268292682926833
2012-06-27,12.3625,0.009389671361502261
2012-06-28,12.3825,0.0016177957532861331
2012-06-29,12.55,0.013527155259438706
2012-07-02,12.65,0.007968127490039834
2012-07-03,12.8,0.011857707509881354
2012-07-04,12.85,0.00390625
2012-07-05,12.825,-0.0019455252918287869
2012-07-06,12.75,-0.005847953216374213
2012-07-09,12.7375,-0.0009803921568627416
2012-07-10,12.6,-0.010794896957801892
2012-07-11,12.6375,0.0029761904761904656
2012-07-12,12.4125,-0.017804154302670572
2012-07-13,12.375,-0.0030211480362537513
2012-07-16,12.375,0.0
2012-07-17,12.4625,0.007070707070707005
2012-07-18,12.3,-0.013039117352056095
2012-07-19,12.55,0.020325203252032464
2012-07-20,12.5375,-0.0009960159362550902
2012-07-23,12.3125,-0.017946161515453585
2012-07-24,12.28,-0.002639593908629445
2012-07-25,12.215,-0.005293159609120468
2012-07-26,12.235,0.0016373311502251298
2012-07-27,12.48,0.020024519820188047
2012-07-30,12.5625,0.006610576923076872
2012-07-31,12.775,0.01691542288557213
2012-08-01,12.8,0.001956947162426559
2012-08-03,12.725,-0.005859375000000111
2012-08-06,12.8875,0.012770137524557912
2012-08-07,12.9,0.0009699321047527132
2012-08-08,12.9375,0.0029069767441860517
2012-08-09,13.2125,0.021256038647343045
2012-08-10,13.2,-0.0009460737937559971
2012-08-13,13.25,0.0037878787878788955
2012-08-14,13.3125,0.004716981132075526
2012-08-15,13.2625,-0.003755868544600971
2012-08-16,13.3,0.002827521206409056
2012-08-17,13.2375,-0.0046992481203007586
2012-08-20,13.2,-0.0028328611898018607
2012-08-21,13.35,0.011363636363636465
2012-08-22,13.3375,-0.000936329588014928
2012-08-23,13.325,-0.0009372071227742307
2012-08-24,13.275,-0.0037523452157597337
2012-08-27,13.3,0.0018832391713747842
2012-08-28,13.125,-0.013157894736842146
2012-08-29,13.175,0.003809523809523929
2012-08-30,13.1375,-0.002846299810246755
2012-08-31,13.1875,0.0038058991436726863
2012-09-03,13.2875,0.007582938388625671
2012-09-04,13.2625,-0.0018814675446848783
2012-09-05,13.0875,-0.013195098963242113
2012-09-06,13.0375,-0.00382043935052534
2012-09-07,13.2375,0.015340364333652934
2012-09-10,13.3375,0.007554296506137925
2012-09-11,13.325,-0.0009372071227742307
2012-09-12,13.5125,0.014071294559099501
2012-09-13,13.5375,0.0018501387604070718
2012-09-14,13.875,0.024930747922437657
2012-09-17,13.9,0.0018018018018017834
2012-09-18,13.85,-0.003597122302158362
2012-09-19,13.9125,0.004512635379061436
2012-09-20,13.8125,-0.007187780772686447
2012-09-21,13.8625,0.0036199095022624306
2012-09-24,13.875,0.0009017132551847329
2012-09-25,13.825,-0.003603603603603678
2012-09-26,13.725,-0.00723327305605781
2012-09-27,13.775,0.0036429872495447047
2012-09-28,13.7875,0.0009074410163338875
2012-10-01,13.75,-0.0027198549410697437
2012-10-02,13.8125,0.00454545454545463
2012-10-03,13.75,-0.004524886877828038
2012-10-04,13.7625,0.0009090909090907484
2012-10-05,13.775,0.0009082652134424496
2012-10-08,13.6625,-0.008166969147005543
2012-10-09,13.6,-0.0045745654162854255
2012-10-11,13.325,-0.020220588235294157
2012-10-12,13.2875,-0.0028142589118198558
2012-10-15,13.3125,0.0018814675446849893
2012-10-16,13.375,0.0046948356807512415
2012-10-17,13.35,-0.0018691588785046953
2012-10-18,13.4125,0.004681647940074862
2012-10-19,13.3125,-0.00745573159366264
2012-10-22,13.225,-0.0065727699530516714
2012-10-23,13.225,0.0
2012-10-24,12.75,-0.000945179584120881
2012-10-25,12.625,-0.009803921568627416
2012-10-26,12.4775,-0.011683168316831805
2012-10-29,12.5,0.0018032458425165654
2012-10-30,12.6125,0.009000000000000119
2012-10-31,12.6,-0.0009910802775026095
2012-11-01,12.5875,-0.0009920634920634885
2012-11-02,12.675,0.006951340615690249
2012-11-05,12.625,-0.0039447731755424265
2012-11-06,12.725,0.007920792079207928
2012-11-07,12.7875,0.004911591355599265
2012-11-08,12.6875,-0.00782013685239491
2012-11-09,12.775,0.006896551724137945
2012-11-12,12.725,-0.00391389432485334
2012-11-13,12.5125,-0.016699410609037346
2012-11-14,12.5375,0.0019980019980019303
2012-11-15,12.5,-0.0029910269192422456
2012-11-16,12.485,-0.0012000000000000899
2012-11-19,12.5625,0.00620744893872649
2012-11-20,12.5875,0.0019900497512437276
2012-11-21,12.4925,-0.007547169811320753
2012-11-22,12.55,0.004602761656994359
2012-11-23,12.925,0.029880478087649376
2012-11-26,13.05,0.009671179883945946
2012-11-27,13.1,0.003831417624520883
2012-11-28,13.1125,0.000954198473282597
2012-11-29,13.275,0.012392755004766443
2012-11-30,13.3875,0.008474576271186418
2012-12-03,13.375,-0.0009337068160597539
2012-12-04,13.3625,-0.0009345794392522366
2012-12-05,13.4375,0.005612722170252438
2012-12-06,13.4,-0.0027906976744185297
2012-12-07,13.475,0.005597014925373012
2012-12-10,13.425,-0.0037105751391465214
2012-12-11,13.4125,-0.0009310986964619072
2012-12-12,13.525,0.00838769804287054
2012-12-13,13.675,0.01109057301293892
2012-12-14,13.55,-0.009140767824497242
2012-12-17,13.375,-0.01291512915129156
2012-12-18,13.3875,0.0009345794392523477
2012-12-19,13.425,0.002801120448179484
2012-12-20,13.2625,-0.012104283054003795
2012-12-21,13.2,-0.004712535344015056
2012-12-22,13.2375,0.0028409090909091717
2012-12-24,13.175,-0.0047214353163361755
2012-12-25,13.4,0.017077798861480087
2012-12-26,13.375,-0.001865671641791078
2012-12-27,13.3625,-0.0009345794392522366
2012-12-28,13.45,0.006548175865294548
2013-01-02,13.6,0.011152416356877248
2013-01-03,13.7125,0.008272058823529438
2013-01-04,13.625,-0.006381039197812188
2013-01-07,13.5625,-0.004587155963302725
2013-01-08,13.475,-0.006451612903225823
2013-01-09,13.525,0.0037105751391466324
2013-01-10,13.625,0.007393715341959206
2013-01-11,13.6125,-0.0009174311926605228
2013-01-14,13.625,0.0009182736455464191
2013-01-15,13.5,-0.00917431192660545
2013-01-16,13.425,-0.005555555555555536
2013-01-17,13.325,-0.007448789571694703
2013-01-18,13.4875,0.012195121951219523
2013-01-21,13.475,-0.000926784059314234
2013-01-22,13.5125,0.002782931354359919
2013-01-23,13.5,-0.0009250693802034249
2013-01-24,13.425,-0.005555555555555536
2013-01-25,13.375,-0.003724394785847407
2013-01-28,13.4375,0.004672897196261738
2013-01-29,13.625,0.013953488372093092
2013-01-30,13.65,0.0018348623853210455
2013-01-31,13.65,0.0
2013-02-01,13.7,0.00366300366300365
2013-02-04,13.8,0.007299270072992803
2013-02-05,13.75,-0.0036231884057971175
2013-02-06,13.85,0.0072727272727273196
2013-02-18,13.9,0.0036101083032491488
2013-02-19,13.9125,0.0008992805755394517
2013-02-20,14.025,0.008086253369272267
2013-02-21,13.925,-0.007130124777183555
2013-02-22,13.875,-0.0035906642728905647
2013-02-23,13.95,0.00540540540540535
2013-02-25,13.925,-0.0017921146953403522
2013-02-26,13.775,-0.010771992818671472
2013-02-27,13.8,0.001814882032667997
2013-03-01,13.85,0.0036231884057971175
2013-03-04,13.6875,-0.011732851985559511
2013-03-05,13.8,0.008219178082191858
2013-03-06,13.8625,0.004528985507246341
2013-03-07,13.85,-0.0009017132551849549
2013-03-08,13.95,0.0072202166064980755
2013-03-11,13.975,0.0017921146953405742
2013-03-12,13.8875,-0.0062611806797853164
2013-03-13,13.9125,0.0018001800180018623
2013-03-14,13.9,-0.0008984725965857088
2013-03-15,13.8,-0.007194244604316502
2013-03-18,13.625,-0.012681159420289911
2013-03-19,13.65,0.0018348623853210455
2013-03-20,13.5625,-0.0064102564102563875
2013-03-21,13.575,0.0009216589861751334
2013-03-22,13.5375,-0.0027624309392264568
2013-03-25,13.6375,0.007386888273314796
2013-03-26,13.6375,0.0
2013-03-27,13.675,0.002749770852429112
2013-03-28,13.6375,-0.002742230347349328
2013-03-29,13.775,0.010082493125572967
2013-04-01,13.75,-0.001814882032667886
2013-04-02,13.7125,-0.0027272727272726893
2013-04-03,13.75,0.0027347310847767314
2013-04-08,13.4625,-0.020909090909090877
2013-04-09,13.425,-0.0027855153203342198
2013-04-10,13.45,0.0018621973929235924
2013-04-11,13.5875,0.010223048327137718
2013-04-12,13.5875,0.0
2013-04-15,13.475,-0.008279668813247487
2013-04-16,13.5,0.0018552875695732052
2013-04-17,13.475,-0.0018518518518518823
2013-04-18,13.4625,-0.0009276437847866026
2013-04-19,13.8625,0.029712163416898862
2013-04-22,13.85,-0.0009017132551849549
2013-04-23,13.775,-0.005415162454873612
2013-04-24,13.8875,0.008166969147005432
2013-04-25,13.9125,0.0018001800180018623
2013-04-26,13.9625,0.003593890386343279
2013-04-29,13.95,-0.0008952551477171555
2013-04-30,14.1,0.010752688172043001
2013-05-02,14.1375,0.0026595744680850686
2013-05-03,14.1625,0.0017683465959328348
2013-05-06,14.225,0.0044130626654899086
2013-05-07,14.275,0.0035149384885764245
2013-05-08,14.4625,0.013134851138353776
2013-05-09,14.55,0.006050129645635227
2013-05-10,14.475,-0.005154639175257825
2013-05-13,14.4375,-0.002590673575129543
2013-05-14,14.475,0.0025974025974024872
2013-05-15,14.4875,0.0008635578583766623
2013-05-16,14.675,0.012942191544434767
2013-05-17,14.6,-0.005110732538330609
2013-05-20,14.575,-0.00171232876712335
2013-05-21,14.575,0.0
2013-05-22,14.5625,-0.0008576329331045907
2013-05-23,14.25,-0.02145922746781115
2013-05-24,14.2125,-0.0026315789473684292
2013-05-27,14.3375,0.008795074758135346
2013-05-28,14.2875,-0.0034873583260680574
2013-05-29,14.4125,0.008748906386701671
2013-05-30,14.2375,-0.012142237640936582
2013-05-31,14.2375,0.0
2013-06-03,14.175,-0.004389815627743654
2013-06-04,14.15,-0.0017636684303351524
2013-06-05,14.15,0.0
2013-06-06,13.975,-0.012367491166077826
2013-06-07,14.0125,0.0026833631484795006
2013-06-10,14.125,0.00802854594112401
2013-06-11,14.0875,-0.0026548672566371057
2013-06-13,13.75,-0.02395740905057675
2013-06-14,13.7,-0.0036363636363636598
2013-06-17,13.7875,0.006386861313868675
2013-06-18,13.85,0.00453309156844961
2013-06-19,13.825,-0.0018050541516245744
2013-06-20,13.5625,-0.01898734177215189
2013-06-21,13.4,-0.011981566820276512
2013-06-24,13.35,-0.003731343283582156
2013-06-25,13.25,-0.0074906367041198685
2013-06-26,13.425,0.013207547169811429
2013-06-27,13.5875,0.012104283054003684
2013-06-28,13.775,0.013799448022079108
2013-07-01,13.9,0.00907441016333932
2013-07-02,13.875,-0.0017985611510791255
2013-07-03,13.7125,-0.011711711711711703
2013-07-04,13.7375,0.001823154056517895
2013-07-05,14.0125,0.020018198362147244
2013-07-08,13.75,-0.01873327386262258
2013-07-09,13.9125,0.011818181818181728
2013-07-10,13.95,0.0026954177897573484
2013-07-11,14.3,0.02508960573476715
2013-07-12,14.3375,0.002622377622377492
2013-07-15,14.375,0.0026155187445509043
2013-07-16,14.375,0.0
2013-07-17,14.4,0.0017391304347826875
2013-07-18,14.3,-0.00694444444444442
2013-07-19,13.9875,-0.021853146853146876
2013-07-22,14.0375,0.003574620196604039
2013-07-23,14.2625,0.01602849510240434
2013-07-24,14.225,-0.002629272567922891
2013-07-25,14.25,0.0017574692442883233
2013-07-26,14.225,-0.0017543859649122862
2013-07-29,14.125,-0.007029876977152849
2013-07-30,14.2375,0.007964601769911539
2013-07-31,14.15,-0.006145741878841093
2013-08-01,14.05,-0.007067137809187218
2013-08-02,14.1375,0.006227758007117279
2013-08-05,14.175,0.0026525198938993633
2013-08-06,13.975,-0.014109347442680886
2013-08-07,13.775,-0.014311270125223596
2013-08-08,13.725,-0.003629764065335772
2013-08-09,13.7125,-0.0009107468123861207
2013-08-12,13.75,0.0027347310847767314
2013-08-13,13.8875,0.010000000000000009
2013-08-14,13.85,-0.0027002700270026825
2013-08-15,13.75,-0.0072202166064981865
2013-08-16,13.8125,0.00454545454545463
2013-08-19,13.775,-0.002714932126696823
2013-08-20,13.65,-0.00907441016333943
2013-08-22,13.5375,-0.008241758241758323
2013-08-23,13.7125,0.012927054478301114
2013-08-26,13.775,0.004557885141294404
2013-08-27,13.65,-0.00907441016333943
2013-08-28,13.6875,0.0027472527472527375
2013-08-29,13.875,0.013698630136986356
2013-08-30,13.9625,0.006306306306306242
2013-09-02,14.075,0.008057296329453845
2013-09-03,14.1625,0.006216696269982336
2013-09-04,14.1375,-0.001765225066195919
2013-09-05,14.225,0.006189213085764811
2013-09-06,14.25,0.0017574692442883233
2013-09-09,14.3,0.0035087719298245723
2013-09-10,14.3375,0.002622377622377492
2013-09-11,14.375,0.0026155187445509043
2013-09-12,14.3875,0.0008695652173913437
2013-09-13,14.275,-0.007819287576020795
2013-09-14,14.275,0.0
2013-09-16,14.45,0.012259194395796813
2013-09-17,14.4375,-0.0008650519031141446
2013-09-18,14.3875,-0.0034632034632035014
2013-09-23,14.5,0.007819287576020795
2013-09-24,14.5125,0.0008620689655172153
2013-09-25,14.45,-0.004306632213608941
2013-09-26,14.3125,-0.009515570934256035
2013-09-27,14.35,0.0026200873362445254
2013-09-30,14.2875,-0.004355400696864131
2013-10-01,14.2875,0.0
2013-10-02,14.3375,0.0034995625546807574
2013-10-03,14.6375,0.0209241499564079
2013-10-04,14.6125,-0.0017079419299742549
2013-10-07,14.475,-0.009409751924722043
2013-10-08,14.5875,0.007772020725388629
2013-10-09,14.55,-0.0025706940874036244
2013-10-11,14.6125,0.004295532646048095
2013-10-14,14.5,-0.007698887938408894
2013-10-15,14.625,0.008620689655172376
2013-10-16,14.5625,-0.004273504273504258
2013-10-17,14.6375,0.0051502145922746045
2013-10-18,14.7625,0.00853970964987183
2013-10-21,14.75,-0.0008467400508043177
2013-10-22,14.75,0.0
2013-10-23,14.675,-0.005084745762711784
2013-10-24,14.3875,0.0034071550255536653
2013-10-25,14.275,-0.007819287576020795
2013-10-28,14.375,0.007005253940455258
2013-10-29,14.4375,0.004347826086956497
2013-10-30,14.475,0.0025974025974024872
2013-10-31,14.475,0.0
2013-11-01,14.4,-0.005181347150258975
2013-11-04,14.3375,-0.00434027777777779
2013-11-05,14.2,-0.00959023539668713
2013-11-06,14.2,0.0
2013-11-07,14.1625,-0.002640845070422504
2013-11-08,14.1125,-0.003530450132391838
2013-11-11,14.075,-0.0026572187776794376
2013-11-12,14.125,0.00355239786856143
2013-11-13,13.9375,-0.013274336283185861
2013-11-14,13.975,0.0026905829596413078
2013-11-15,14.0375,0.004472271914132353
2013-11-18,14.1125,0.00534283170080152
2013-11-19,14.2,0.006200177147918318
2013-11-20,14.1125,-0.0061619718309857685
2013-11-21,13.8625,-0.017714791851195733
2013-11-22,13.875,0.0009017132551847329
2013-11-25,14.0625,0.013513513513513598
2013-11-26,14.175,0.008000000000000007
2013-11-27,14.25,0.005291005291005346
2013-11-28,14.3375,0.006140350877193113
2013-11-29,14.3875,0.0034873583260679464
2013-12-02,14.3625,-0.0017376194613378804
2013-12-03,14.375,0.0008703220191470518
2013-12-04,14.3625,-0.0008695652173912327
2013-12-05,14.275,-0.006092254134029584
2013-12-06,14.2875,0.0008756567425569628
2013-12-09,14.4125,0.008748906386701671
2013-12-10,14.45,0.002601908065914982
2013-12-11,14.4625,0.0008650519031143666
2013-12-12,14.35,-0.007778738115816863
2013-12-13,14.3375,-0.0008710801393727596
2013-12-16,14.225,-0.007846556233653046
2013-12-17,14.3,0.005272407732864748
2013-12-18,14.25,-0.0034965034965035446
2013-12-19,14.3375,0.006140350877193113
2013-12-20,14.3625,0.0017436791630340842
2013-12-23,14.4625,0.006962576153176636
2013-12-24,14.45,-0.0008643042350908736
2013-12-25,14.4625,0.0008650519031143666
2013-12-26,14.4625,0.0
2013-12-27,14.575,0.007778738115816752
2013-12-30,14.7,0.00857632933104635
2013-12-31,14.675,-0.00170068027210879
2014-01-02,14.6375,-0.0025553662691653045
2014-01-03,14.4625,-0.011955593509820561
2014-01-06,14.425,-0.0025929127052721768
2014-01-07,14.425,0.0
2014-01-08,14.45,0.0017331022530329143
2014-01-09,14.3875,-0.004325259515570945
2014-01-10,14.3875,0.0
2014-01-13,14.475,0.006081668114682914
2014-01-14,14.45,-0.0017271157167529916
2014-01-15,14.6,0.01038062283737018
2014-01-16,14.6375,0.0025684931506848585
2014-01-17,14.6625,0.0017079419299743659
2014-01-20,14.7,0.002557544757033181
2014-01-21,14.6375,-0.004251700680272141
2014-01-22,14.6625,0.0017079419299743659
2014-01-23,14.625,-0.002557544757033181
2014-01-24,14.6625,0.002564102564102555
2014-01-27,14.4,-0.01790281329923271
2014-02-05,13.95,-0.03125000000000011
2014-02-06,14.0,0.0035842293906811484
2014-02-07,14.15,0.010714285714285676
2014-02-10,14.15,0.0
2014-02-11,14.2375,0.006183745583038913
2014-02-12,14.3875,0.010535557506584636
2014-02-13,14.35,-0.0026064291920069316
2014-02-14,14.4875,0.009581881533101022
2014-02-17,14.4875,0.0
2014-02-18,14.5375,0.003451251078515849
2014-02-19,14.5375,0.0
2014-02-20,14.4125,-0.008598452278589908
2014-02-21,14.55,0.009540329575021822
2014-02-24,14.475,-0.005154639175257825
2014-02-25,14.5375,0.0043177892918826455
2014-02-26,14.6,0.004299226139294898
2014-02-27,14.575,-0.00171232876712335
2014-03-03,14.4875,-0.006003430531732357
2014-03-04,14.425,-0.004314063848144922
2014-03-05,14.575,0.010398613518197486
2014-03-06,14.7875,0.014579759862778818
2014-03-07,14.85,0.004226542688081203
2014-03-10,14.7625,-0.005892255892255949
2014-03-11,14.8375,0.005080440304826572
2014-03-12,14.7,-0.009267059814658918
2014-03-13,14.9375,0.016156462585034115
2014-03-14,14.7875,-0.010041841004184149
2014-03-17,14.7625,-0.0016906170752324368
2014-03-18,14.85,0.00592718035563089
2014-03-19,14.8125,-0.002525252525252486
2014-03-20,14.625,-0.012658227848101222
2014-03-21,14.625,0.0
2014-03-24,14.6625,0.002564102564102555
2014-03-25,14.7875,0.008525149190110826
2014-03-26,14.925,0.009298393913778513
2014-03-27,14.95,0.0016750418760467234
2014-03-28,14.975,0.0016722408026756952
2014-03-31,15.025,0.0033388981636059967
2014-04-01,15.15,0.008319467554076532
2014-04-02,15.2,0.0033003300330032292
2014-04-03,15.1625,-0.002467105263157854
2014-04-07,15.125,-0.002473206924979321
2014-04-08,15.2,0.0049586776859502635
2014-04-09,15.25,0.00328947368421062
2014-04-10,15.3,0.003278688524590123
2014-04-11,15.2875,-0.0008169934640523957
2014-04-14,15.2625,-0.0016353229762878785
2014-04-15,15.3375,0.004914004914005066
2014-04-16,15.325,-0.0008149959250204342
2014-04-17,15.2875,-0.002446982055464897
2014-04-18,15.3875,0.006541291905151292
2014-04-21,15.3875,0.0
2014-04-22,15.4375,0.0032493907392363575
2014-04-23,15.4125,-0.0016194331983805377
2014-04-24,15.4375,0.0016220600162206722
2014-04-25,15.175,-0.017004048582995868
2014-04-28,15.3125,0.00906095551894559
2014-04-29,15.3375,0.0016326530612245094
2014-04-30,15.25,-0.005704971475142595
2014-05-02,15.325,0.004918032786885185
2014-05-05,15.3,-0.0016313213703098572
2014-05-06,15.3875,0.005718954248365993
2014-05-07,15.35,-0.002437043054427268
2014-05-08,15.4625,0.007328990228013144
2014-05-09,15.3625,-0.006467259498787348
2014-05-12,15.2875,-0.004882017900732394
2014-05-13,15.3625,0.004905968928863524
2014-05-14,15.45,0.005695687550854256
2014-05-15,15.4375,-0.0008090614886731018
2014-05-16,15.4625,0.0016194331983805377
2014-05-19,15.4625,0.0
2014-05-20,15.525,0.004042037186742009
2014-05-21,15.45,-0.004830917874396157
2014-05-22,15.6625,0.013754045307443397
2014-05-23,15.6875,0.0015961691939345712
2014-05-26,15.7625,0.004780876494023811
2014-05-27,15.775,0.0007930214115781098
2014-05-28,15.925,0.009508716323296307
2014-05-29,15.85,-0.004709576138147598
2014-05-30,15.775,-0.004731861198738141
2014-06-03,15.7875,0.0007923930269413404
2014-06-04,15.85,0.003958828186856778
2014-06-05,15.85,0.0
2014-06-06,15.8875,0.0023659305993690705
2014-06-09,15.95,0.003933910306844979
2014-06-10,16.05,0.006269592476489061
2014-06-11,16.0375,-0.0007788161993769194
2014-06-12,16.0,-0.0023382696804366
2014-06-13,15.9625,-0.002343749999999978
2014-06-16,15.975,0.000783085356303781
2014-06-17,16.0875,0.007042253521126751
2014-06-18,16.125,0.002331002331002363
2014-06-19,16.2375,0.006976744186046657
2014-06-20,16.1875,-0.003079291762894565
2014-06-23,16.175,-0.0007722007722007485
2014-06-24,16.2,0.001545595054095683
2014-06-25,16.1625,-0.0023148148148146586
2014-06-26,16.3375,0.010827532869295942
2014-06-27,16.3375,0.0
2014-06-30,16.4875,0.009181331293037553
2014-07-01,16.6375,0.009097801364670088
2014-07-02,16.775,0.008264462809917328
2014-07-03,16.925,0.008941877794336861
2014-07-04,16.925,0.0
2014-07-07,16.9,-0.001477104874446189
2014-07-08,16.9375,0.002218934911242698
2014-07-09,16.9625,0.0014760147601475815
2014-07-10,17.0875,0.00736919675755332
2014-07-11,17.075,-0.000731528895391298
2014-07-14,17.175,0.005856515373352966
2014-07-15,17.2375,0.00363901018922852
2014-07-16,17.0875,-0.008701957940536742
2014-07-17,16.875,-0.012435991221653175
2014-07-18,16.875,0.0
2014-07-21,16.875,0.0
2014-07-22,17.025,0.008888888888888724
2014-07-24,17.1,0.004405286343612591
2014-07-25,16.9125,-0.010964912280701733
2014-07-28,16.875,-0.0022172949002218223
2014-07-29,16.8625,-0.0007407407407407085
2014-07-30,16.9625,0.005930318754632902
2014-07-31,16.6875,-0.016212232866617438
2014-08-01,16.5625,-0.0074906367041198685
2014-08-04,16.65,0.005283018867924483
2014-08-05,16.3125,-0.020270270270270174
2014-08-06,16.425,0.006896551724137945
2014-08-07,16.425,0.0
2014-08-08,16.425,0.0
2014-08-11,16.5125,0.0053272450532724225
2014-08-12,16.525,0.0007570022710068347
2014-08-13,16.6875,0.009833585476550777
2014-08-14,16.775,0.005243445692883819
2014-08-15,16.775,0.0
2014-08-18,16.725,-0.0029806259314454353
2014-08-19,16.9375,0.012705530642750373
2014-08-20,17.0,0.0036900369003689537
2014-08-21,16.975,-0.0014705882352940014
2014-08-22,17.1875,0.012518409425625876
2014-08-25,17.1625,-0.001454545454545375
2014-08-26,17.15,-0.000728332119446673
2014-08-27,17.3125,0.009475218658892226
2014-08-28,17.3375,0.0014440433212996595
2014-08-29,17.3,-0.0021629416005766178
2014-09-01,17.45,0.00867052023121384
2014-09-02,17.1875,-0.015042979942693324
2014-09-03,17.3125,0.0072727272727273196
2014-09-04,17.25,-0.0036101083032491488
2014-09-05,17.25,0.0
2014-09-09,17.3125,0.0036231884057971175
2014-09-10,17.1625,-0.008664259927797735
2014-09-11,17.1,-0.0036416605972323657
2014-09-12,16.9375,-0.009502923976608235
2014-09-15,16.9375,0.0
2014-09-16,16.8,-0.00811808118081181
2014-09-17,16.925,0.007440476190476275
2014-09-18,16.9625,0.0022156573116689504
2014-09-19,17.0,0.002210759027266196
2014-09-22,16.7375,-0.01544117647058818
2014-09-23,16.7,-0.0022404779686333587
2014-09-24,16.6375,-0.0037425149700598404
2014-09-25,16.4875,-0.009015777610818843
2014-09-26,16.4,-0.005307050796057755
2014-09-29,16.35,-0.0030487804878046587
2014-09-30,16.325,-0.00152905198776776
2014-10-01,16.375,0.003062787136294043
2014-10-02,16.375,0.0
2014-10-03,16.675,0.018320610687022842
2014-10-06,16.6625,-0.0007496251874062887
2014-10-07,16.525,-0.008252063015754096
2014-10-08,16.425,-0.0060514372163387176
2014-10-09,16.5,0.004566210045662045
2014-10-13,16.0,-0.030303030303030276
2014-10-14,16.1375,0.008593749999999956
2014-10-15,16.025,-0.006971340046475594
2014-10-16,16.0,-0.0015600624024960652
2014-10-17,15.8375,-0.010156249999999978
2014-10-20,16.15,0.019731649565903675
2014-10-21,16.075,-0.004643962848297156
2014-10-22,16.325,0.015552099533437058
2014-10-23,16.2625,-0.003828483920367498
2014-10-24,15.7625,-0.006917755572636519
2014-10-27,15.8125,0.003172085646312439
2014-10-28,16.0875,0.017391304347825987
2014-10-29,16.25,0.010101010101010166
2014-10-30,16.2,-0.003076923076923088
2014-10-31,16.325,0.007716049382715973
2014-11-03,16.4,0.004594180704440953
2014-11-04,16.4125,0.0007621951219514145
2014-11-05,16.375,-0.0022848438690024064
2014-11-06,16.275,-0.006106870229007688
2014-11-07,16.3,0.001536098310291889
2014-11-10,16.5375,0.014570552147239235
2014-11-11,16.4875,-0.003023431594860182
2014-11-12,16.25,-0.014404852160727843
2014-11-13,16.4125,0.010000000000000009
2014-11-14,16.425,0.0007616146230007281
2014-11-17,16.275,-0.009132420091324311
2014-11-18,16.225,-0.003072196620583556
2014-11-19,16.4625,0.014637904468412843
2014-11-20,16.65,0.011389521640091216
2014-11-21,16.6625,0.0007507507507509281
2014-11-24,16.7,0.0022505626406601476
2014-11-25,16.7125,0.0007485029940119681
2014-11-26,16.7125,0.0
2014-11-27,16.875,0.00972326103216159
2014-11-28,16.875,0.0
2014-12-01,16.7,-0.010370370370370363
2014-12-02,16.45,-0.014970059880239472
2014-12-03,16.7125,0.015957446808510634
2014-12-04,16.775,0.0037397157816005944
2014-12-05,16.7125,-0.0037257824143069884
2014-12-08,16.5875,-0.007479431563201189
2014-12-09,16.55,-0.0022607385079124187
2014-12-10,16.325,-0.013595166163142047
2014-12-11,16.3125,-0.0007656967840734552
2014-12-12,16.325,0.0007662835249042654
2014-12-15,16.275,-0.003062787136294043
2014-12-16,16.1375,-0.008448540706605168
2014-12-17,15.8875,-0.015491866769945739
2014-12-18,15.925,0.002360346184107076
2014-12-19,16.3,0.023547880690737877
2014-12-22,16.5,0.012269938650306678
2014-12-23,16.45,-0.00303030303030305
2014-12-24,16.575,0.0075987841945288626
2014-12-25,16.575,0.0
2014-12-26,16.6125,0.002262443438914019
2014-12-27,16.65,0.0022573363431150906
2014-12-29,16.8,0.009009009009009139
2014-12-30,16.7125,-0.005208333333333481
2014-12-31,16.7125,0.0
2015-01-05,16.6375,-0.004487658937920691
2015-01-06,16.225,-0.024793388429751984
2015-01-07,16.25,0.0015408320493064398
2015-01-08,16.625,0.023076923076922995
2015-01-09,16.5375,-0.0052631578947367474
2015-01-12,16.4375,-0.006046863189720364
2015-01-13,16.4875,0.003041825095057016
2015-01-14,16.4,-0.005307050796057755
2015-01-15,16.45,0.0030487804878049918
2015-01-16,16.375,-0.004559270516717229
2015-01-19,16.5625,0.011450381679389388
2015-01-20,16.6875,0.007547169811320753
2015-01-21,16.8125,0.0074906367041198685
2015-01-22,16.9,0.005204460966542701
2015-01-23,17.175,0.016272189349112454
2015-01-26,17.175,0.0
2015-01-27,17.2875,0.0065502183406114245
2015-01-28,17.2875,0.0
2015-01-29,17.075,-0.012292118582791112
2015-01-30,17.0,-0.004392386530014614
2015-02-02,17.0375,0.0022058823529411686
2015-02-03,17.1625,0.007336757153338258
2015-02-04,17.35,0.010924981791696986
2015-02-05,17.275,-0.004322766570605374
2015-02-06,17.1875,-0.005065123010130179
2015-02-09,17.125,-0.0036363636363636598
2015-02-10,17.0625,-0.0036496350364964014
2015-02-11,17.25,0.01098901098901095
2015-02-12,17.25,0.0
2015-02-13,17.3625,0.006521739130434856
2015-02-24,17.5625,0.011519078473722022
2015-02-25,17.7,0.00782918149466183
2015-02-26,17.575,-0.007062146892655385
2015-03-02,17.5,-0.004267425320056861
2015-03-03,17.475,-0.0014285714285713347
2015-03-04,17.4875,0.0007153075822603494
2015-03-05,17.425,-0.0035739814152966343
2015-03-06,17.45,0.0014347202295552641
2015-03-09,17.275,-0.01002865329512903
2015-03-10,17.2375,-0.0021707670043413785
2015-03-11,17.2625,0.0014503263234226793
2015-03-12,17.4125,0.00868935553946426
2015-03-13,17.3625,-0.002871500358937573
2015-03-16,17.225,-0.007919366450683918
2015-03-17,17.2875,0.0036284470246734646
2015-03-18,17.475,0.010845986984815648
2015-03-19,17.6625,0.010729613733905685
2015-03-20,17.6375,-0.0014154281670206714
2015-03-23,17.6875,0.0028348688873141015
2015-03-24,17.625,-0.0035335689045936647
2015-03-25,17.5625,-0.0035460992907800915
2015-03-26,17.35,-0.012099644128113818
2015-03-27,17.1875,-0.009365994236311348
2015-03-30,17.2,0.0007272727272726875
2015-03-31,17.2625,0.00363372093023262
2015-04-01,17.1625,-0.005792903692976026
2015-04-02,17.375,0.012381646030589888
2015-04-07,17.4,0.0014388489208632116
2015-04-08,17.25,-0.008620689655172376
2015-04-09,17.275,0.0014492753623187582
2015-04-10,17.4125,0.007959479015919202
2015-04-13,17.4625,0.002871500358937462
2015-04-14,17.375,-0.005010737294201761
2015-04-15,17.1625,-0.012230215827338076
2015-04-16,17.425,0.015294974508375692
2015-04-17,17.2625,-0.009325681492109106
2015-04-20,17.2375,-0.0014482259232438954
2015-04-21,17.2375,0.0
2015-04-22,17.4125,0.010152284263959421
2015-04-23,17.875,0.026561378320172135
2015-04-24,18.05,0.009790209790209836
2015-04-27,18.1875,0.0076177285318559385
2015-04-28,18.15,-0.0020618556701031965
2015-04-29,17.95,-0.011019283746556474
2015-04-30,17.8625,-0.004874651810584885
2015-05-04,17.9,0.002099370188943128
2015-05-05,17.8,-0.005586592178770777
2015-05-06,17.825,0.001404494382022392
2015-05-07,17.6125,-0.01192145862552585
2015-05-08,17.625,0.0007097232079489313
2015-05-11,17.7125,0.004964539007092039
2015-05-12,17.675,-0.0021171489061395654
2015-05-13,17.775,0.005657708628005631
2015-05-14,17.525,-0.01406469760900142
2015-05-15,17.5,-0.0014265335235377208
2015-05-18,17.5625,0.0035714285714285587
2015-05-19,17.825,0.014946619217081736
2015-05-20,17.7,-0.007012622720897643
2015-05-21,17.5375,-0.009180790960451879
2015-05-22,17.675,0.00784034212401985
2015-05-25,17.675,0.0
2015-05-26,17.75,0.004243281471004279
2015-05-27,17.7875,0.0021126760563381364
2015-05-28,17.875,0.004919184820801004
2015-05-29,17.775,-0.005594405594405716
2015-06-01,17.625,-0.00843881856540074
2015-06-02,17.6,-0.0014184397163119478
2015-06-03,17.4875,-0.006392045454545525
2015-06-04,17.15,-0.019299499642602025
2015-06-05,17.1125,-0.0021865889212826506
2015-06-08,17.225,0.006574141709276837
2015-06-09,17.0875,-0.007982583454281711
2015-06-10,17.1625,0.004389173372348454
2015-06-11,17.2125,0.0029133284777858037
2015-06-12,17.2,-0.000726216412490932
2015-06-15,17.1625,-0.0021802325581393722
2015-06-16,17.05,-0.00655498907501828
2015-06-17,17.125,0.004398826979472137
2015-06-18,17.1,-0.0014598540145984717
2015-06-22,17.3375,0.013888888888888618
2015-06-23,17.3875,0.002883922134102379
2015-06-24,17.4125,0.0014378145219267058
2015-06-25,17.6125,0.01148600143575007
2015-06-26,17.6125,0.0
2015-06-29,17.2,-0.023420865862313733
2015-06-30,17.35,0.008720930232558155
2015-07-01,17.5125,0.009365994236311126
2015-07-02,17.525,0.0007137758743753775
2015-07-03,17.525,0.0
2015-07-06,17.325,-0.011412268188302432
2015-07-07,17.4,0.0043290043290042934
2015-07-08,16.875,-0.030172413793103314
2015-07-09,16.775,-0.005925925925926001
2015-07-13,17.025,0.014903129657227954
2015-07-14,17.025,0.0
2015-07-15,17.0625,0.0022026431718062955
2015-07-16,17.15,0.00512820512820511
2015-07-17,17.125,-0.001457725947521804
2015-07-20,17.0,-0.007299270072992692
2015-07-21,17.1625,0.009558823529411953
2015-07-22,16.95,-0.01238164603059011
2015-07-23,16.7875,-0.009587020648967437
2015-07-24,16.6875,-0.005956813104988967
2015-07-27,16.45,-0.014232209737827795
2015-07-28,16.4625,0.0007598784194529085
2015-07-29,16.35,-0.006833712984054552
2015-07-30,16.625,0.01681957186544336
2015-07-31,16.5375,-0.0052631578947367474
2015-08-03,16.3125,-0.013605442176870874
2015-08-04,16.325,0.0007662835249042654
2015-08-05,16.425,0.006125574272588086
2015-08-06,16.25,-0.010654490106544956
2015-08-07,16.175,-0.004615384615384577
2015-08-10,16.1375,-0.0023183925811438577
2015-08-11,16.1375,0.0
2015-08-12,15.8625,-0.01704105344694029
2015-08-13,15.8875,0.0015760441292356209
2015-08-14,15.825,-0.003933910306844979
2015-08-17,15.725,-0.006319115323854652
2015-08-18,15.6375,-0.005564387917329161
2015-08-19,15.4,-0.0151878497202238
2015-08-20,15.35,-0.0032467532467532756
2015-08-21,14.95,-0.026058631921824116
2015-08-24,14.375,-0.038461538461538436
2015-08-25,15.0,0.04347826086956519
2015-08-26,15.0875,0.005833333333333357
2015-08-27,15.0375,-0.003314001657000909
2015-08-28,15.45,0.027431421446383997
2015-08-31,15.575,0.008090614886731462
2015-09-01,15.4375,-0.008828250401284099
2015-09-02,15.525,0.005668016194332104
2015-09-03,15.5375,0.0008051529790660261
2015-09-04,15.3375,-0.012872083668543755
2015-09-07,15.3125,-0.0016299918500407573
2015-09-08,15.3625,0.0032653061224490187
2015-09-09,16.0375,0.04393816110659077
2015-09-10,15.8625,-0.010911925175370318
2015-09-11,15.875,0.0007880220646176994
2015-09-14,15.9125,0.0023622047244094
2015-09-15,15.7875,-0.00785545954438338
2015-09-16,15.975,0.01187648456057011
2015-09-17,16.25,0.017214397496087663
2015-09-18,16.2125,-0.002307692307692344
2015-09-21,15.8625,-0.021588280647648284
2015-09-22,15.95,0.005516154452324562
2015-09-23,15.5875,-0.022727272727272707
2015-09-24,15.5,-0.005613472333600655
2015-09-25,15.5625,0.0040322580645162365
2015-09-30,15.6,0.002409638554216942
2015-10-01,15.9,0.019230769230769384
2015-10-02,15.8125,-0.005503144654088077
2015-10-05,15.85,0.002371541501976271
2015-10-06,15.975,0.007886435331230235
2015-10-07,16.2125,0.014866979655711932
2015-10-08,16.175,-0.0023130300693907646
2015-10-12,16.3875,0.013137557959814528
2015-10-13,16.325,-0.0038138825324179892
2015-10-14,16.2625,-0.003828483920367498
2015-10-15,16.5,0.01460415065334364
2015-10-16,16.4375,-0.0037878787878787845
2015-10-19,16.4875,0.003041825095057016
2015-10-20,16.4875,0.0
2015-10-21,16.375,-0.006823351023502733
2015-10-22,16.375,0.0
2015-10-23,16.475,0.006106870229007688
2015-10-26,16.1375,0.009863429438543125
2015-10-27,16.05,-0.005422153369480931
2015-10-28,15.9375,-0.007009345794392607
2015-10-29,15.825,-0.007058823529411784
2015-10-30,15.8,-0.0015797788309636074
2015-11-02,15.825,0.0015822784810126667
2015-11-03,16.075,0.01579778830963674
2015-11-04,16.3875,0.019440124416796323
2015-11-05,16.35,-0.0022883295194506825
2015-11-06,16.025,-0.01987767584097877
2015-11-09,15.9125,-0.0070202808112324044
2015-11-10,15.725,-0.011783189316575071
2015-11-11,15.5375,-0.0119236883942766
2015-11-12,15.5625,0.0016090104585679832
2015-11-13,15.4,-0.010441767068273045
2015-11-16,15.2875,-0.00730519480519487
2015-11-17,15.5875,0.019623875715453876
2015-11-18,15.35,-0.015236567762630382
2015-11-19,15.575,0.014657980456026065
2015-11-20,15.575,0.0
2015-11-23,15.65,0.0048154093097914075
2015-11-24,15.4875,-0.010383386581469645
2015-11-25,15.4875,0.0
2015-11-26,15.7,0.013720742534301777
2015-11-27,15.4875,-0.013535031847133672
2015-11-30,15.3,-0.01210653753026636
2015-12-01,15.6,0.019607843137254832
2015-12-02,15.575,-0.0016025641025640969
2015-12-03,15.6,0.0016051364365972098
2015-12-04,15.4375,-0.01041666666666663
2015-12-07,15.625,0.012145748987854255
2015-12-08,15.375,-0.016000000000000014
2015-12-09,15.1875,-0.012195121951219523
2015-12-10,15.1375,-0.003292181069958877
2015-12-11,14.9625,-0.01156069364161838
2015-12-14,14.85,-0.007518796992481258
2015-12-15,14.8625,0.0008417508417508657
2015-12-16,15.0875,0.015138772077375906
2015-12-17,15.2625,0.011599005799502793
2015-12-18,15.1875,-0.004914004914004844
2015-12-21,15.1625,-0.0016460905349794386
2015-12-22,15.2,0.002473206924979321
2015-12-23,15.225,0.00164473684210531
2015-12-24,15.3,0.0049261083743843415
2015-12-25,15.4,0.006535947712418277
2015-12-28,15.3625,-0.0024350649350649567
2015-12-29,15.25,-0.007323026851098535
2015-12-30,15.1375,-0.007377049180327888
2015-12-31,15.1875,0.003303055326176807
2016-01-04,14.8875,-0.019753086419753152
2016-01-05,14.7625,-0.008396305625524736
2016-01-06,14.6125,-0.0101608806096527
2016-01-07,14.3375,-0.018819503849443975
2016-01-08,14.3625,0.0017436791630340842
2016-01-11,14.1375,-0.015665796344647598
2016-01-12,14.125,-0.0008841732979663064
2016-01-13,14.2875,0.011504424778761013
2016-01-14,14.175,-0.007874015748031371
2016-01-15,14.175,0.0
2016-01-18,14.275,0.007054673721340388
2016-01-19,14.3125,0.0026269702276706663
2016-01-20,13.975,-0.02358078602620095
2016-01-21,13.95,-0.0017889087656529634
2016-01-22,14.1375,0.013440860215053752
2016-01-25,14.3875,0.017683465959328126
2016-01-26,14.25,-0.009556907037358786
2016-01-27,14.3125,0.004385964912280604
2016-01-28,14.3875,0.005240174672489051
2016-01-29,14.75,0.025195482189400487
2016-01-30,14.8875,0.009322033898305104
2016-02-01,14.8875,0.0
2016-02-02,14.8375,-0.0033585222502098278
2016-02-03,14.7375,-0.006739679865206405
2016-02-15,14.75,0.0008481764206953457
2016-02-16,15.0625,0.021186440677966045
2016-02-17,14.9875,-0.004979253112033177
2016-02-18,15.225,0.015846538782318564
2016-02-19,15.2125,-0.0008210180623973162
2016-02-22,15.2,-0.0008216926869351049
2016-02-23,15.2125,0.000822368421052655
2016-02-24,15.075,-0.009038619556286043
2016-02-25,15.275,0.013266998341625369
2016-02-26,15.3125,0.002454991816693841
2016-03-01,15.4625,0.009795918367347056
2016-03-02,15.5875,0.00808407437348424
2016-03-03,15.7375,0.009623095429029727
2016-03-04,15.775,0.002382843526608447
2016-03-07,15.775,0.0
2016-03-08,15.7625,-0.0007923930269414514
2016-03-09,15.775,0.0007930214115781098
2016-03-10,15.8125,0.002377179080824021
2016-03-11,15.8875,0.004743083003952542
2016-03-14,16.0,0.007081038552321006
2016-03-15,15.7625,-0.014843750000000044
2016-03-16,15.9,0.008723235527359208
2016-03-17,16.075,0.011006289308175932
2016-03-18,16.175,0.0062208398133749565
2016-03-21,16.15,-0.0015455950540959051
2016-03-22,16.1,-0.003095975232197956
2016-03-23,16.0875,-0.0007763975155281599
2016-03-24,16.0875,0.0
2016-03-25,16.0125,-0.004662004662004615
2016-03-28,16.025,0.0007806401249024209
2016-03-29,15.9125,-0.0070202808112324044
2016-03-30,16.175,0.016496465043205122
2016-03-31,16.1625,-0.0007727975270478415
2016-04-01,15.975,-0.011600928074246064
2016-04-06,15.6,-0.023474178403755874
2016-04-07,15.5375,-0.004006410256410242
2016-04-08,15.6875,0.0096540627514079
2016-04-11,15.75,0.003984063745019917
2016-04-12,15.7375,-0.0007936507936507908
2016-04-13,16.0125,0.017474185861795055
2016-04-14,16.0625,0.0031225604996096834
2016-04-15,16.0625,0.0
2016-04-18,15.9625,-0.006225680933852118
2016-04-19,15.9,-0.003915426781519238
2016-04-20,15.6625,-0.014937106918239018
2016-04-21,15.7375,0.004788507581803714
2016-04-22,15.8,0.003971405877680745
2016-04-25,15.8125,0.0007911392405062223
2016-04-26,15.875,0.0039525691699604515
2016-04-27,15.85,-0.0015748031496063408
2016-04-28,15.6,-0.01577287066246058
2016-04-29,15.4,-0.012820512820512775
2016-05-03,15.1875,-0.01379870129870131
2016-05-04,15.025,-0.010699588477366184
2016-05-05,15.05,0.0016638935108153063
2016-05-06,14.925,-0.00830564784053156
2016-05-09,14.925,0.0
2016-05-10,15.0,0.005025125628140614
2016-05-11,14.9625,-0.0024999999999999467
2016-05-12,14.95,-0.0008354218880535225
2016-05-13,14.7875,-0.010869565217391242
2016-05-16,14.9,0.0076077768385460764
2016-05-17,15.0125,0.007550335570469802
2016-05-18,14.9875,-0.0016652789342214147
2016-05-19,14.9125,-0.005004170141784892
2016-05-20,15.0,0.005867560771165126
2016-05-23,15.5,0.03333333333333344
2016-05-24,15.3375,-0.010483870967741948
2016-05-25,15.5,0.010594947025264867
2016-05-26,15.5375,0.0024193548387096975
2016-05-27,15.65,0.007240547063555924
2016-05-30,15.7875,0.0087859424920127
2016-05-31,15.7875,0.0
2016-06-01,15.925,0.008709422011084822
2016-06-02,15.925,0.0
2016-06-03,15.9625,0.0023547880690737433
2016-06-04,15.9875,0.001566170712607784
2016-06-06,16.0125,0.0015637216575448143
2016-06-07,16.225,0.013270882123341377
2016-06-08,16.3125,0.005392912172573094
2016-06-13,15.9375,-0.02298850574712641
2016-06-14,16.0375,0.006274509803921635
2016-06-15,16.0625,0.001558846453624252
2016-06-16,15.8375,-0.014007782101167265
2016-06-17,16.0125,0.011049723756906049
2016-06-20,16.125,0.007025761124121788
2016-06-21,16.1875,0.003875968992248069
2016-06-22,16.2375,0.003088803088803216
2016-06-23,16.2,-0.002309468822170979
2016-06-24,15.775,-0.026234567901234462
2016-06-27,15.9375,0.010301109350237647
2016-06-28,16.0,0.0039215686274509665
2016-06-29,16.175,0.010937500000000044
2016-06-30,16.3625,0.011591962905718622
2016-07-01,16.5625,0.012223071046600475
2016-07-04,16.575,0.0007547169811319421
2016-07-05,16.525,-0.003016591251885359
2016-07-06,16.225,-0.018154311649016486
2016-07-07,16.425,0.01232665639445285
2016-07-11,16.75,0.019786910197869156
2016-07-12,16.9,0.008955223880596996
2016-07-13,16.9125,0.0007396449704144548
2016-07-14,16.925,0.0007390983000739038
2016-07-15,17.125,0.011816838995568624
2016-07-18,17.2875,0.009489051094890621
2016-07-19,17.3125,0.001446131597975242
2016-07-20,17.3,-0.0007220216606498298
2016-07-21,17.3875,0.005057803468208055
2016-07-22,17.325,-0.0035945363048166534
2016-07-25,17.25,-0.0043290043290042934
2016-07-26,17.35,0.005797101449275477
2016-07-27,17.425,0.004322766570605152
2016-07-28,17.2625,0.002869440459110306
2016-07-29,17.1375,-0.007241129616220143
2016-08-01,17.325,0.010940919037199182
2016-08-02,17.325,0.0
2016-08-03,17.1875,-0.007936507936507908
2016-08-04,17.225,0.0021818181818182847
2016-08-05,17.4,0.01015965166908539
2016-08-08,17.5125,0.006465517241379448
2016-08-09,17.6,0.0049964311206283085
2016-08-10,17.65,0.0028409090909089496
2016-08-11,17.4875,-0.009206798866855381
2016-08-12,17.55,0.0035739814152966343
2016-08-15,17.5875,0.002136752136751907
2016-08-16,17.4875,-0.005685856432124936
2016-08-17,17.5125,0.0014295925661185205
2016-08-18,17.475,-0.0021413276231262435
2016-08-19,17.3,-0.010014306151645225
2016-08-22,17.175,-0.007225433526011571
2016-08-23,17.35,0.010189228529839944
2016-08-24,17.3,-0.0028818443804035088
2016-08-25,17.5,0.01156069364161838
2016-08-26,17.525,0.0014285714285713347
2016-08-29,17.5125,-0.0007132667617688604
2016-08-30,17.5,-0.0007137758743753775
2016-08-31,17.35,-0.008571428571428452
2016-09-01,17.2625,-0.005043227665706196
2016-09-02,17.2875,0.0014482259232442285
2016-09-05,17.575,0.01663051337671706
2016-09-06,17.7125,0.007823613086771042
2016-09-07,17.9625,0.014114326040931546
2016-09-08,17.9,-0.00347947112038971
2016-09-09,17.6,-0.016759776536312665
2016-09-10,17.35,-0.014204545454545414
2016-09-12,17.2125,-0.007925072046109705
2016-09-13,17.2125,0.0
2016-09-14,17.1125,-0.005809731299927234
2016-09-19,17.75,0.03725346968590215
2016-09-20,17.725,-0.0014084507042252392
2016-09-21,17.8125,0.0049365303244004455
2016-09-22,17.85,0.002105263157894832
2016-09-23,17.975,0.007002801120448154
2016-09-26,17.75,-0.012517385257301838
2016-09-29,17.975,0.012676056338028152
2016-09-30,17.7375,-0.013212795549374157
2016-10-03,17.8625,0.007047216349541863
2016-10-04,17.9375,0.0041987403778867005
2016-10-05,17.875,-0.0034843205574912606
2016-10-06,17.925,0.002797202797202747
2016-10-07,17.9125,-0.0006973500697349255
2016-10-11,17.8625,-0.002791346824843055
2016-10-12,18.0625,0.011196641007697572
2016-10-13,17.925,-0.00761245674740485
2016-10-14,17.8625,-0.0034867503486750717
2016-10-17,17.8625,0.0
2016-10-18,17.9875,0.0069979006298110935
2016-10-19,18.0875,0.005559416261292416
2016-10-20,18.1625,0.004146510020732741
2016-10-21,18.15,-0.0006882312456987227
2016-10-24,18.175,0.0013774104683197397
2016-10-25,18.35,0.009628610729023324
2016-10-26,18.25,-0.005449591280654031
2016-10-27,18.15,-0.005479452054794609
2016-10-28,18.15,0.0
2016-10-31,18.15,0.0
2016-11-01,18.15,0.0
2016-11-02,17.9375,-0.011707988980716122
2016-11-03,17.8,-0.0076655052264807955
2016-11-04,17.75,-0.002808988764045006
2016-11-07,18.0,0.014084507042253502
2016-11-08,18.0875,0.004861111111110983
2016-11-09,17.5,-0.03248099516240488
2016-11-10,18.0,0.02857142857142847
2016-11-11,17.5125,-0.027083333333333348
2016-11-14,17.525,0.0007137758743753775
2016-11-15,17.475,-0.0028530670470754416
2016-11-16,17.5,0.0014306151645206988
2016-11-17,17.55,0.0028571428571428914
2016-11-18,17.6,0.002849002849002913
2016-11-21,17.625,0.0014204545454543638
2016-11-22,17.8625,0.013475177304964614
2016-11-23,17.95,0.004898530440867743
2016-11-24,17.85,-0.0055710306406684396
2016-11-25,17.8375,-0.0007002801120449265
2016-11-28,17.9375,0.00560616678346193
2016-11-29,17.9125,-0.0013937282229964376
2016-11-30,17.925,0.0006978367062107083
2016-12-01,18.0,0.004184100418409997
2016-12-02,17.8,-0.011111111111111072
2016-12-05,17.775,-0.0014044943820226141
2016-12-06,18.0,0.012658227848101333
2016-12-07,18.0,0.0
2016-12-08,18.225,0.012500000000000178
2016-12-09,18.2875,0.003429355281207025
2016-12-12,18.2125,-0.004101161995898939
2016-12-13,18.2375,0.0013726835964311679
2016-12-14,18.275,0.0020562028786839104
2016-12-15,18.25,-0.001367989056087482
2016-12-16,18.075,-0.009589041095890427
2016-12-19,17.9625,-0.006224066390041583
2016-12-20,17.9375,-0.0013917884481557952
2016-12-21,17.925,-0.0006968641114981633
2016-12-22,17.7,-0.012552301255230214
2016-12-23,17.6375,-0.003531073446327637
2016-12-26,17.7,0.003543586109142405
2016-12-27,17.6875,-0.0007062146892654608
2016-12-28,17.9,0.012014134275618371
2016-12-29,17.8125,-0.004888268156424513
2016-12-30,17.95,0.007719298245614015
2017-01-03,17.975,0.001392757660167332
2017-01-04,17.9625,-0.0006954102920724292
2017-01-05,18.125,0.009046624913013224
2017-01-06,18.1625,0.00206896551724145
2017-01-09,18.1125,-0.002752924982794225
2017-01-10,18.1,-0.0006901311249136732
2017-01-11,18.1,0.0
2017-01-12,18.2875,0.01035911602209949
2017-01-13,18.15,-0.007518796992481369
2017-01-16,18.0,-0.008264462809917328
2017-01-17,18.075,0.004166666666666652
2017-01-18,18.0375,-0.0020746887966803795
2017-01-19,17.9875,-0.002772002772002846
2017-01-20,18.0375,0.00277970813064643
2017-01-23,18.1875,0.008316008316008316
2017-01-24,18.325,0.007560137457044647
2017-02-02,18.225,-0.005457025920873049
2017-02-03,18.2125,-0.000685871056241627
2017-02-06,18.3125,0.0054907343857242275
2017-02-07,18.325,0.0006825938566552558
2017-02-08,17.9375,0.0020463847203275876
2017-02-09,18.0,0.0034843205574912606
2017-02-10,18.2,0.011111111111111072
2017-02-13,18.2375,0.002060439560439553
2017-02-14,18.3,0.0034270047978066653
2017-02-15,18.475,0.0095628415300546
2017-02-16,18.3625,-0.006089309878213878
2017-02-17,18.3375,-0.001361470388019148
2017-02-18,18.375,0.002044989775051187
2017-02-20,18.275,-0.0054421768707483276
2017-02-21,18.3125,0.0020519835841315004
2017-02-22,18.325,0.0006825938566552558
2017-02-23,18.275,-0.0027285129604366354
2017-02-24,18.2875,0.0006839945280439075
2017-03-01,18.0875,-0.010936431989063689
2017-03-02,18.1375,0.0027643400138217533
2017-03-03,18.025,-0.006202618883528688
2017-03-06,18.0375,0.0006934812760057696
2017-03-07,18.1125,0.004158004158004047
2017-03-08,18.2125,0.00552104899930983
2017-03-09,18.0125,-0.010981468771448122
2017-03-10,18.0,-0.000693962526023606
2017-03-13,18.125,0.00694444444444442
2017-03-14,18.25,0.006896551724137945
2017-03-15,18.2125,-0.00205479452054802
2017-03-16,18.45,0.013040494166094652
2017-03-17,18.5,0.0027100271002711285
2017-03-20,18.4875,-0.0006756756756756133
2017-03-21,18.725,0.012846517917511902
2017-03-22,18.55,-0.009345794392523366
2017-03-23,18.5875,0.0020215633423179558
2017-03-24,18.5625,-0.0013449899125755893
2017-03-27,18.55,-0.0006734006734006037
2017-03-28,18.5625,0.0006738544474393926
2017-03-29,18.5,-0.0033670033670033517
2017-03-30,18.475,-0.0013513513513512265
2017-03-31,18.425,-0.0027063599458728715
2017-04-05,18.6625,0.012890094979647326
2017-04-06,18.6,-0.0033489618218351946
2017-04-07,18.525,-0.0040322580645162365
2017-04-10,18.55,0.0013495276653172628
2017-04-11,18.475,-0.0040431266846361336
2017-04-12,18.5125,0.002029769959404515
2017-04-13,18.6,0.004726536124240566
2017-04-14,18.3875,-0.011424731182795855
2017-04-17,18.4,0.0006798096532969478
2017-04-18,18.4,0.0
2017-04-19,18.2,-0.010869565217391242
2017-04-20,18.2,0.0
2017-04-21,18.375,0.009615384615384581
2017-04-24,18.4125,0.0020408163265306367
2017-04-25,18.5875,0.009504412763068348
2017-04-26,18.6375,0.0026899798251514007
2017-04-27,18.625,-0.0006706908115358123
2017-04-28,18.6375,0.0006711409395971923
2017-05-02,18.8,0.00871898054996656
2017-05-03,18.8875,0.00465425531914887
2017-05-04,18.9125,0.001323626737260275
2017-05-05,18.7875,-0.006609385327164596
2017-05-08,18.925,0.007318695941450404
2017-05-09,18.9875,0.0033025099075296716
2017-05-10,19.0625,0.0039499670836076195
2017-05-11,19.125,0.003278688524590123
2017-05-12,19.075,-0.002614379084967311
2017-05-15,19.125,0.002621231979030192
2017-05-16,19.125,0.0
2017-05-17,19.075,-0.002614379084967311
2017-05-18,18.975,-0.005242463958060162
2017-05-19,18.9625,-0.0006587615283268899
2017-05-22,19.0125,0.002636783124588149
2017-05-23,19.0875,0.0039447731755424265
2017-05-24,19.075,-0.0006548788474132206
2017-05-25,19.25,0.00917431192660545
2017-05-26,19.2375,-0.0006493506493505663
2017-05-31,19.125,-0.005847953216374324
2017-06-01,19.225,0.005228758169934622
2017-06-02,19.3,0.0039011703511053764
2017-06-03,19.35,0.002590673575129543
2017-06-05,19.5,0.007751937984496138
2017-06-06,19.4875,-0.0006410256410256387
2017-06-07,19.4875,0.0
2017-06-08,19.5625,0.0038486209108401503
2017-06-09,19.5,-0.0031948881789137795
2017-06-12,19.2875,-0.010897435897435859
2017-06-13,19.3125,0.0012961762799739152
2017-06-14,19.2125,-0.00517799352750814
2017-06-15,19.225,0.0006506180871830303
2017-06-16,19.425,0.01040312093628093
2017-06-19,19.6375,0.010939510939510955
2017-06-20,19.8625,0.01145767027371103
2017-06-21,19.8875,0.0012586532410319151
2017-06-22,19.9375,0.0025141420490257804
2017-06-23,19.925,-0.0006269592476488839
2017-06-26,20.35,0.021329987452948673
2017-06-27,20.325,-0.0012285012285013774
2017-06-28,20.1375,-0.009225092250922495
2017-06-29,20.1625,0.0012414649286158763
2017-06-30,20.1,-0.0030998140111593298
2017-07-03,20.1125,0.0006218905472636926
2017-07-04,20.0,-0.005593536357986317
2017-07-05,20.1875,0.009374999999999911
2017-07-06,20.1,-0.004334365325077361
2017-07-07,19.9875,-0.005597014925373123
2017-07-10,20.0875,0.00500312695434646
2017-07-11,20.3875,0.014934660858743065
2017-07-12,20.3875,0.0
2017-07-13,20.55,0.00797057020232983
2017-07-14,20.5125,-0.0018248175182482562
2017-07-17,20.55,0.001828153564899626
2017-07-18,20.6,0.0024330900243310083
2017-07-19,20.675,0.00364077669902918
2017-07-20,20.6625,-0.0006045949214026347
2017-07-21,20.525,-0.006654567453115656
2017-07-24,20.575,0.0024360535931791105
2017-07-25,20.6125,0.0018226002430135058
2017-07-26,20.5375,-0.0036385688295936802
2017-07-27,20.75,0.010346926354229957
2017-07-28,20.525,-0.010843373493976016
2017-07-31,20.3375,-0.0006090133982947776
2017-08-01,20.45,0.005531653349723387
2017-08-02,20.625,0.008557457212714059
2017-08-03,20.55,-0.0036363636363635488
2017-08-04,20.5875,0.0018248175182480342
2017-08-07,20.7375,0.007285974499089409
2017-08-08,20.725,-0.0006027727546714656
2017-08-09,20.5375,-0.009047044632086831
2017-08-10,20.4,-0.0066950699939136715
2017-08-11,20.3125,-0.0042892156862744946
2017-08-14,20.1875,-0.006153846153846176
2017-08-15,20.325,0.0068111455108359475
2017-08-16,20.25,-0.0036900369003689537
2017-08-17,20.4125,0.00802469135802486
2017-08-18,20.2875,-0.006123698714023296
2017-08-21,20.2625,-0.0012322858903266454
2017-08-22,20.4625,0.009870450339296788
2017-08-23,20.4375,-0.0012217470983505452
2017-08-24,20.6375,0.009785932721712465
2017-08-25,20.675,0.001817080557238171
2017-08-28,20.6375,-0.0018137847642080152
2017-08-29,20.575,-0.0030284675953967666
2017-08-30,20.675,0.00486026731470246
2017-08-31,20.7375,0.0030229746070133956
2017-09-01,20.75,0.0006027727546713546
2017-09-04,20.7125,-0.001807228915662762
2017-09-05,20.7375,0.001207000603500319
2017-09-06,20.65,-0.0042194092827004814
2017-09-07,20.5625,-0.004237288135593098
2017-09-08,20.675,0.005471124620060719
2017-09-11,20.6375,-0.0018137847642080152
2017-09-12,20.7125,0.00363416111447612
2017-09-13,20.575,-0.006638503319251643
2017-09-14,20.5875,0.0006075334143378353
2017-09-15,20.5875,0.0
2017-09-18,20.7875,0.009714632665452472
2017-09-19,20.6875,-0.0048105832832231465
2017-09-20,20.55,-0.006646525679758319
2017-09-21,20.675,0.006082725060827299
2017-09-22,20.4,-0.01330108827085863
2017-09-25,20.2375,-0.007965686274509665
2017-09-26,20.075,-0.008029647930821615
2017-09-27,20.175,0.00498132004981322
2017-09-28,20.1,-0.0037174721189591198
2017-09-29,20.1625,0.003109452736318463
2017-09-30,20.3,0.0068195908245505255
2017-10-02,20.375,0.003694581280788034
2017-10-03,20.375,0.0
2017-10-05,20.4625,0.004294478527607337
2017-10-06,20.525,0.0030543677458765295
2017-10-11,20.85,0.015834348355663996
2017-10-12,21.05,0.00959232613908867
2017-10-13,21.0125,-0.0017814726840855721
2017-10-16,21.125,0.005353955978584235
2017-10-17,21.075,-0.002366863905325478
2017-10-18,21.15,0.003558718861209842
2017-10-19,21.225,0.0035460992907803135
2017-10-20,21.1375,-0.0041224970553593865
2017-10-23,21.125,-0.0005913660555884048
2017-10-24,21.1,-0.0011834319526626835
2017-10-25,21.0875,-0.0005924170616115054
2017-10-26,21.0625,-0.0011855364552458836
2017-10-27,21.075,0.0005934718100890635
2017-10-30,21.2375,0.007710557532621731
2017-10-31,21.3,0.00294290759270166
2017-11-01,21.275,-0.0011737089201878659
2017-11-02,21.2,-0.003525264394829586
2017-11-03,21.175,-0.001179245283018826
2017-11-06,21.2125,0.0017709563164107767
2017-11-07,21.325,0.005303476723629963
2017-11-08,21.2375,-0.004103165298944833
2017-11-09,21.1,-0.0064743967039434525
2017-11-10,21.1375,0.0017772511848339612
2017-11-13,21.075,-0.002956830277942024
2017-11-14,21.0375,-0.001779359430604921
2017-11-15,20.825,-0.010101010101010166
2017-11-16,20.9,0.0036014405762303525
2017-11-17,21.0875,0.008971291866028741
2017-11-20,21.0,-0.004149377593360981
2017-11-21,21.1875,0.008928571428571397
2017-11-22,21.2875,0.004719764011799521
2017-11-23,21.3,0.0005871990604815469
2017-11-24,21.2875,-0.0005868544600938774
2017-11-27,21.0375,-0.01174398120963005
2017-11-28,20.9,-0.0065359477124183885
2017-11-29,20.925,0.0011961722488038617
2017-11-30,20.5625,-0.01732377538829155
2017-12-01,20.65,0.004255319148936065
2017-12-04,20.725,0.003631961259080052
2017-12-05,20.5625,-0.007840772014475306
2017-12-06,20.2125,-0.017021276595744705
2017-12-07,20.225,0.0006184291898578831
2017-12-08,20.225,0.0
2017-12-11,20.375,0.007416563658837916
2017-12-12,20.2375,-0.006748466257668673
2017-12-13,20.25,0.0006176652254477055
2017-12-14,20.4375,0.0092592592592593
2017-12-15,20.275,-0.00795107033639153
2017-12-18,20.3,0.0012330456226881115
2017-12-19,20.2,-0.0049261083743843415
2017-12-20,20.2625,0.0030940594059405413
2017-12-21,20.25,-0.0006169031462059937
2017-12-22,20.325,0.0037037037037037646
2017-12-25,20.3625,0.0018450184501845879
2017-12-26,20.1625,-0.009821976672805377
2017-12-27,20.225,0.0030998140111593298
2017-12-28,20.425,0.009888751545117369
2017-12-29,20.5375,0.005507955936352449
2018-01-02,20.65,0.0054777845404745396
2018-01-03,20.8375,0.009079903147699797
2018-01-04,20.875,0.001799640071985742
2018-01-05,20.9375,0.0029940119760478723
2018-01-08,21.025,0.004179104477611828
2018-01-09,21.0375,0.0005945303210466157
2018-01-10,20.9375,-0.004753416518122444
2018-01-11,20.85,-0.004179104477611828
2018-01-12,21.025,0.008393285371702586
2018-01-15,21.1625,0.006539833531510331
2018-01-16,21.25,0.0041346721795627595
2018-01-17,21.2875,0.0017647058823531125
2018-01-18,21.575,0.013505578391074469
2018-01-19,21.7875,0.009849362688296726
2018-01-22,21.9875,0.009179575444635546
2018-01-23,22.075,0.003979533826037551
2018-01-24,21.8,-0.01245753114382775
2018-01-25,21.8625,0.0028669724770642446
2018-01-26,21.875,0.0005717552887363198
2018-01-29,21.3875,0.0028571428571428914
2018-01-30,21.1375,-0.011689070718877814
2018-01-31,21.1625,0.0011827321111768097
2018-02-01,21.3125,0.007088009450679111
2018-02-02,21.225,-0.004105571847507261
2018-02-05,20.9,-0.01531213191990588
2018-02-06,19.9125,-0.047248803827751096
2018-02-07,20.1625,0.012554927809165006
2018-02-08,20.15,-0.000619962802231977
2018-02-09,19.7625,-0.019230769230769162
2018-02-12,19.925,0.008222643896268256
2018-02-21,20.375,0.02258469259723972
2018-02-22,20.25,-0.006134969325153339
2018-02-23,20.5,0.012345679012345734
2018-02-26,20.6,0.004878048780487809
2018-02-27,20.5875,-0.0006067961165049374
2018-03-01,20.4375,-0.007285974499089187
2018-03-02,20.2875,-0.007339449541284293
2018-03-05,20.1875,-0.004929143561306248
2018-03-06,20.5375,0.017337461300309664
2018-03-07,20.45,-0.004260499087035963
2018-03-08,20.6875,0.011613691931540382
2018-03-09,20.7125,0.0012084592145014117
2018-03-12,21.0375,0.015691007845504146
2018-03-13,21.2375,0.009506833036244666
2018-03-14,21.075,-0.007651559741024161
2018-03-15,21.0625,-0.0005931198102016033
2018-03-16,20.975,-0.004154302670623111
2018-03-19,20.9625,-0.000595947556615184
2018-03-20,20.95,-0.0005963029218842841
2018-03-21,20.9625,0.0005966587112171684
2018-03-22,20.8875,-0.003577817531305816
2018-03-23,20.525,-0.017354877318970674
2018-03-26,20.55,0.0012180267965895553
2018-03-27,20.85,0.014598540145985384
2018-03-28,20.5625,-0.013788968824940073
2018-03-29,20.525,-0.0018237082066869803
2018-03-30,20.7125,0.009135200974421442
2018-03-31,20.7375,0.001207000603500319
2018-04-02,20.5625,-0.008438818565400852
2018-04-03,20.375,-0.00911854103343468
2018-04-09,20.55,0.008588957055214674
2018-04-10,20.625,0.0036496350364962904
2018-04-11,20.7125,0.004242424242424159
2018-04-12,20.625,-0.004224502112251005
2018-04-13,20.625,0.0
2018-04-16,20.575,-0.00242424242424244
2018-04-17,20.35,-0.010935601458080146
2018-04-18,20.4,0.002457002457002311
2018-04-19,20.6625,0.012867647058823595
2018-04-20,20.1875,-0.02298850574712652
2018-04-23,19.9875,-0.009907120743034015
2018-04-24,19.8875,-0.005003126954346571
2018-04-25,19.825,-0.00314267756128217
2018-04-26,19.7625,-0.0031525851197982124
2018-04-27,19.8,0.00189753320683117
2018-04-30,20.0,0.010101010101010166
2018-05-02,19.85,-0.007499999999999951
2018-05-03,19.6375,-0.010705289672544138
2018-05-04,19.7375,0.005092297899427223
2018-05-07,19.875,0.006966434452184922
2018-05-08,20.0,0.0062893081761006275
2018-05-09,20.1125,0.005624999999999991
2018-05-10,20.1625,0.0024860161591051533
2018-05-11,20.4,0.011779293242405231
2018-05-14,20.625,0.011029411764705843
2018-05-15,20.4125,-0.010303030303030258
2018-05-16,20.4375,0.0012247397428046813
2018-05-17,20.3,-0.006727828746177389
2018-05-18,20.2375,-0.0030788177339901024
2018-05-21,20.5125,0.013588634959851742
2018-05-22,20.4375,-0.003656307129798919
2018-05-23,20.3375,-0.004892966360856343
2018-05-24,20.3875,0.0024585125998770607
2018-05-25,20.4625,0.0036787247087675112
2018-05-28,20.55,0.004276114844227408
2018-05-29,20.4625,-0.0042579075425791535
2018-05-30,20.1,-0.017715332926084182
2018-05-31,20.1875,0.004353233830845626
2018-06-01,20.3375,0.007430340557275539
2018-06-04,20.65,0.01536570374923163
2018-06-05,20.625,-0.001210653753026536
2018-06-06,20.825,0.00969696969696976
2018-06-07,20.8625,0.0018007202881153983
2018-06-08,20.6375,-0.010784901138406244
2018-06-11,20.6625,0.0012113870381587066
2018-06-12,20.625,-0.001814882032667997
2018-06-13,20.75,0.0060606060606061
2018-06-14,20.4375,-0.015060240963855387
2018-06-15,20.4875,0.0024464831804280607
2018-06-19,20.15,-0.01647345942647971
2018-06-20,20.375,0.011166253101737134
2018-06-21,20.3125,-0.0030674846625766694
2018-06-22,20.2875,-0.0012307692307691465
2018-06-25,20.225,-0.0030807147258163914
2018-06-26,20.175,-0.0024721878862793423
2018-06-27,20.1,-0.0037174721189591198
2018-06-28,20.0125,-0.0043532338308458485
2018-06-29,20.3625,0.017489069331667828
2018-07-02,20.2625,-0.0049109883364027995
2018-07-03,20.2875,0.0012338062924122095
2018-07-04,20.35,0.0030807147258162804
2018-07-05,20.1875,-0.007985257985258065
2018-07-06,20.2375,0.002476780185758587
2018-07-09,20.5625,0.016059295861643008
2018-07-10,20.6125,0.002431610942249307
2018-07-11,20.425,-0.0090964220739842
2018-07-12,20.6625,0.011627906976744207
2018-07-13,20.8375,0.00846944948578332
2018-07-16,20.75,-0.004199160167966287
2018-07-17,20.6375,-0.005421686746987953
2018-07-18,20.7625,0.006056935190793533
2018-07-19,20.825,0.003010234798314304
2018-07-20,21.1625,0.016206482593037252
2018-07-23,21.1375,0.007088009450679111
2018-07-24,21.175,0.0017740981667653255
2018-07-25,21.1875,0.0005903187721369996
2018-07-26,21.25,0.002949852507374562
2018-07-27,21.425,0.008235294117647118
2018-07-30,21.3875,-0.0017502917152859565
2018-07-31,21.3875,0.0
2018-08-01,21.5375,0.007013442431326844
2018-08-02,21.2125,-0.015089959373186468
2018-08-03,21.3875,0.008249852681202263
2018-08-06,21.425,0.001753360607831711
2018-08-07,21.375,-0.002333722287047868
2018-08-08,21.5375,0.007602339181286721
2018-08-09,21.5375,0.0
2018-08-10,21.425,-0.0052234474753337645
2018-08-13,20.9875,-0.020420070011668567
2018-08-14,21.1375,0.007147111375818804
2018-08-15,20.9375,-0.009461856889414477
2018-08-16,20.95,0.0005970149253731183
2018-08-17,20.9125,-0.0017899761336513942
2018-08-20,20.9875,0.0035863717872086642
2018-08-21,21.1375,0.007147111375818804
2018-08-22,21.1625,0.0011827321111768097
2018-08-23,21.2625,0.004725339633786074
2018-08-24,21.2,-0.0029394473838918467
2018-08-27,21.3875,0.008844339622641417
2018-08-28,21.5625,0.008182349503214503
2018-08-29,21.8125,0.011594202898550732
2018-08-30,21.8875,0.0034383954154726393
2018-08-31,21.7375,-0.00685322672758415
2018-09-03,21.6125,-0.005750431282346202
2018-09-04,21.75,0.0063620589936379535
2018-09-05,21.75,0.0
2018-09-06,21.625,-0.005747126436781658
2018-09-07,21.6,-0.0011560693641617936
2018-09-10,21.5,-0.00462962962962965
2018-09-11,21.4125,-0.0040697674418603835
2018-09-12,21.3875,-0.0011675423234093207
2018-09-13,21.2375,-0.007013442431326622
2018-09-14,21.625,0.01824602707474976
2018-09-17,21.4625,-0.007514450867052047
2018-09-18,21.35,-0.005241700640652214
2018-09-19,21.5375,0.008782201405152179
2018-09-20,21.475,-0.0029019152640742396
2018-09-21,21.7125,0.01105937136204882
2018-09-25,21.775,0.0028785261945882823
2018-09-26,21.725,-0.0022962112514349764
2018-09-27,21.8375,0.005178365937859475
2018-09-28,21.725,-0.005151688609043914
2018-10-01,21.8375,0.005178365937859475
2018-10-02,21.5125,-0.014882655981682813
2018-10-03,21.4875,-0.0011621150493897892
2018-10-04,21.225,-0.012216404886561949
2018-10-05,20.8625,-0.0170789163722026
2018-10-08,20.75,-0.005392450569203122
2018-10-09,20.8125,0.003012048192771122
2018-10-11,19.35,-0.07027027027027022
2018-10-12,20.0125,0.0342377260981912
2018-10-15,19.8,-0.010618363522798213
2018-10-16,19.825,0.0012626262626262985
2018-10-17,19.85,0.0012610340479193294
2018-10-18,19.7875,-0.0031486146095718315
2018-10-19,19.825,0.0018951358180667732
2018-10-22,19.8,-0.0012610340479192184
2018-10-23,19.4375,-0.018308080808080884
2018-10-24,19.35,-0.004501607717041778
2018-10-25,18.875,-0.02454780361757114
2018-10-26,18.85,-0.0013245033112582183
2018-10-29,18.9375,0.004641909814323553
2018-10-30,18.9875,0.0026402640264027166
2018-10-31,19.3875,0.02106649111257397
2018-11-01,19.6,0.010960670535138828
2018-11-02,19.6625,0.0031887755102040227
2018-11-05,19.5625,-0.005085823267641509
2018-11-06,19.5,-0.0031948881789137795
2018-11-07,19.6,0.00512820512820511
2018-11-08,19.7125,0.005739795918367152
2018-11-09,19.45,-0.01331642358909313
2018-11-12,19.5,0.0025706940874037354
2018-11-13,19.275,-0.011538461538461608
2018-11-14,19.3375,0.003242542153047978
2018-11-15,19.4,0.003232062055591456
2018-11-16,19.2375,-0.008376288659793674
2018-11-19,19.175,-0.0032488628979857603
2018-11-20,19.0,-0.009126466753585416
2018-11-21,19.0,0.0
2018-11-22,18.9,-0.0052631578947369695
2018-11-23,18.8375,-0.003306878306878258
2018-11-26,19.0375,0.01061712010617133
2018-11-27,19.0125,-0.0013131976362443787
2018-11-28,19.225,0.011176857330703616
2018-11-29,19.2625,0.0019505851755525772
2018-11-30,19.1875,-0.0038935756002594912
2018-12-03,19.7,0.026710097719869763
2018-12-04,19.5625,-0.006979695431472033
2018-12-05,19.1625,-0.020447284345047834
2018-12-06,18.775,-0.02022178734507518
2018-12-07,18.8625,0.0046604527296938425
2018-12-10,18.6125,-0.013253810470510219
2018-12-11,18.7625,0.008059100067159042
2018-12-12,19.05,0.015323117921385743
2018-12-13,19.075,0.001312335958005173
2018-12-14,18.8375,-0.01245085190039319
2018-12-17,18.9875,0.007962840079628553
2018-12-18,18.825,-0.008558262014483287
2018-12-19,18.975,0.007968127490040056
2018-12-20,18.7625,-0.011198945981554798
2018-12-21,18.8,0.0019986675549634736
2018-12-22,18.7125,-0.004654255319149092
2018-12-24,18.675,-0.002004008016031955
2018-12-25,18.4375,-0.012717536813922403
2018-12-26,18.3875,-0.0027118644067797293
2018-12-27,18.7625,0.020394289598912207
2018-12-28,18.875,0.005996002664890199
2019-01-02,18.5125,-0.01920529801324511
2019-01-03,18.3375,-0.009453072248480798
2019-01-04,18.05,-0.015678254942058545
2019-01-07,18.4875,0.02423822714681445
2019-01-08,18.4125,-0.0040567951318457585
2019-01-09,18.75,0.018329938900203624
2019-01-10,18.7,-0.002666666666666706
2019-01-11,18.875,0.009358288770053624
2019-01-14,18.75,-0.0066225165562914245
2019-01-15,18.9125,0.008666666666666822
2019-01-16,18.8875,-0.0013218770654330747
2019-01-17,18.8875,0.0
2019-01-18,18.9875,0.005294506949040434
2019-01-21,19.125,0.007241606319947191
2019-01-22,18.5125,-0.0019607843137255943
2019-01-23,18.425,-0.004726536124240344
2019-01-24,18.5125,0.004748982360922582
2019-01-25,18.75,0.01282916948008106
2019-01-28,18.7875,0.0020000000000000018
2019-01-29,18.625,-0.008649367930805174
2019-01-30,18.5875,-0.002013422818792021
2019-02-11,18.7875,0.01075991930060538
2019-02-12,18.9125,0.006653359946773074
2019-02-13,18.875,-0.001982815598149501
2019-02-14,18.8125,-0.0033112582781457123
2019-02-15,18.7625,-0.0026578073089701393
2019-02-18,18.9125,0.00799467021985345
2019-02-19,18.875,-0.001982815598149501
2019-02-20,19.0875,0.011258278145695355
2019-02-21,19.275,0.00982318271119853
2019-02-22,19.2375,-0.0019455252918286758
2019-02-25,19.375,0.007147498375568606
2019-02-26,19.425,0.002580645161290418
2019-02-27,19.4125,-0.0006435006435006052
2019-03-04,19.2375,-0.009014810045074095
2019-03-05,19.1875,-0.002599090318388564
2019-03-06,19.2375,0.002605863192182367
2019-03-07,19.1625,-0.003898635477582846
2019-03-08,19.0,-0.008480104370515384
2019-03-11,19.0375,0.0019736842105264607
2019-03-12,19.3125,0.014445173998686833
2019-03-13,19.275,-0.001941747572815622
2019-03-14,19.2625,-0.0006485084306095956
2019-03-15,19.4,0.007138221933809197
2019-03-18,19.525,0.006443298969072142
2019-03-19,19.6,0.003841229193342066
2019-03-20,19.625,0.0012755102040815647
2019-03-21,19.7875,0.008280254777070173
2019-03-22,19.8375,0.0025268477574225123
2019-03-25,19.5375,-0.015122873345935539
2019-03-26,19.6625,0.006397952655150307
2019-03-27,19.625,-0.00190718372536558
2019-03-28,19.625,0.0
2019-03-29,19.7875,0.008280254777070173
2019-04-01,19.9625,0.008843967150979015
2019-04-02,20.0375,0.0037570444583596707
2019-04-03,20.0375,0.0
2019-04-08,20.225,0.009357454772301876
2019-04-09,20.35,0.006180469715698411
2019-04-10,20.375,0.0012285012285011554
2019-04-11,20.2875,-0.004294478527607337
2019-04-12,20.275,-0.0006161429451634337
2019-04-15,20.4625,0.009247842170160281
2019-04-16,20.525,0.0030543677458765295
2019-04-17,20.6875,0.007917174177831887
2019-04-18,20.675,-0.0006042296072507058
2019-04-19,20.7,0.0012091898428052694
2019-04-22,20.675,-0.0012077294685989282
2019-04-23,20.7625,0.004232164449818443
2019-04-24,20.8,0.0018061408789886713
2019-04-25,20.85,0.0024038461538462563
2019-04-26,20.6125,-0.011390887290167906
2019-04-29,20.7,0.004244996967859294
2019-04-30,20.7,0.0
2019-05-02,20.75,0.0024154589371980784
2019-05-03,20.9375,0.009036144578313143
2019-05-06,20.575,-0.017313432835820874
2019-05-07,20.7875,0.010328068043742533
2019-05-08,20.6375,-0.007215874924834775
2019-05-09,20.3875,-0.012113870381586955
2019-05-10,20.375,-0.0006131207847945852
2019-05-13,20.0375,-0.016564417177914015
2019-05-14,19.9125,-0.006238303181534621
2019-05-15,19.9375,0.0012554927809165228
2019-05-16,19.7625,-0.008777429467084708
2019-05-17,19.5625,-0.010120177103099315
2019-05-20,19.55,-0.0006389776357826893
2019-05-21,19.6,0.002557544757033181
2019-05-22,19.6,0.0
2019-05-23,19.2375,-0.018494897959183687
2019-05-24,19.3375,0.005198180636777128
2019-05-27,19.2875,-0.0025856496444730537
2019-05-28,19.275,-0.0006480881399871796
2019-05-29,19.1875,-0.004539559014267058
2019-05-30,19.35,0.00846905537459297
2019-05-31,19.6125,0.013565891472868241
2019-06-03,19.6375,0.001274697259400881
2019-06-04,19.5125,-0.0063653723742839174
2019-06-05,19.575,0.0032030749519538215
2019-06-06,19.425,-0.007662835249042099
2019-06-10,19.7625,0.01737451737451723
2019-06-11,19.85,0.004427577482606138
2019-06-12,19.925,0.0037783375314861534
2019-06-13,19.7625,-0.008155583437892133
2019-06-14,19.725,-0.001897533206831059
2019-06-17,19.675,-0.0025348542458808465
2019-06-18,19.725,0.0025412960609911828
2019-06-19,20.1875,0.02344740177439797
2019-06-20,20.2125,0.0012383900928791824
2019-06-21,20.2125,0.0
2019-06-24,20.3,0.0043290043290045155
2019-06-25,20.1875,-0.005541871921182273
2019-06-26,20.0875,-0.004953560371517063
2019-06-27,20.375,0.014312383322962141
2019-06-28,20.225,-0.007361963190184007
2019-07-01,20.6625,0.02163164400494444
2019-07-02,20.6125,-0.002419842710223885
2019-07-03,20.375,-0.011522134627046765
2019-07-04,20.5,0.006134969325153339
2019-07-05,20.475,-0.0012195121951218413
2019-07-08,20.4,-0.003663003663003761
2019-07-09,20.375,-0.001225490196078316
2019-07-10,20.55,0.008588957055214674
2019-07-11,20.7125,0.007907542579075333
2019-07-12,20.6875,-0.0012070006035002079
2019-07-15,20.8,0.005438066465256908
2019-07-16,20.8375,0.0018028846153845812
2019-07-17,20.7,-0.006598680263947165
2019-07-18,20.675,-0.0012077294685989282
2019-07-19,20.75,0.012091898428053138
2019-07-22,20.85,0.004819277108433884
2019-07-23,20.9,0.0023980815347719453
2019-07-24,20.8875,-0.0005980861244019309
2019-07-25,20.95,0.0029922202274086374
2019-07-26,20.8125,-0.0065632458233889635
2019-07-29,20.8625,0.002402402402402526
2019-07-30,20.8,-0.0029958058717795
2019-07-31,20.7,-0.004807692307692402
2019-08-01,20.575,-0.006038647342995196
2019-08-02,20.2375,-0.01640340218712022
2019-08-05,20.0375,-0.009882643607164843
2019-08-06,20.025,-0.0006238303181536065
2019-08-07,19.925,-0.004993757802746468
2019-08-08,20.1625,0.011919698870765494
2019-08-12,20.15,-0.000619962802231977
2019-08-13,19.925,-0.011166253101736912
2019-08-14,20.075,0.007528230865746499
2019-08-15,19.85,-0.011207970112079635
2019-08-16,20.0875,0.01196473551637256
2019-08-19,20.2,0.0056004978220287605
2019-08-20,20.25,0.0024752475247524774
2019-08-21,20.275,0.0012345679012344402
2019-08-22,20.225,-0.00246609124537589
2019-08-23,20.25,0.0012360939431395046
2019-08-26,19.9125,-0.016666666666666607
2019-08-27,19.9625,0.0025109855618328236
2019-08-28,20.1,0.006887914840325804
2019-08-29,20.1375,0.0018656716417908559
2019-08-30,20.4625,0.016139044072004838
2019-09-02,20.475,0.0006108735491754391
2019-09-03,20.3,-0.008547008547008628
2019-09-04,20.5375,0.011699507389162589
2019-09-05,20.75,0.010346926354229957
2019-09-06,20.875,0.006024096385542244
2019-09-09,20.95,0.003592814371257358
2019-09-10,20.85,-0.004773269689737347
2019-09-11,20.8625,0.0005995203836930418
2019-09-12,20.975,0.005392450569203122
2019-09-16,21.1,0.005959475566150285
2019-09-17,21.0625,-0.0017772511848341832
2019-09-18,21.2375,0.008308605341246222
2019-09-19,21.1125,-0.005885815185403209
2019-09-20,21.175,0.002960331557134488
2019-09-23,21.125,-0.0023612750885478873
2019-09-24,21.1625,0.0017751479289942473
2019-09-25,21.025,-0.00649734199645613
2019-09-26,21.075,0.0023781212841855748
2019-09-27,21.15,0.003558718861209842
2019-10-01,21.4875,0.015957446808510634
2019-10-02,21.4125,-0.003490401396160525
2019-10-03,21.2,-0.009924109748978505
2019-10-04,21.2875,0.004127358490566113
2019-10-07,21.3625,0.0035231943628890594
2019-10-08,21.625,0.012287887653598561
2019-10-09,21.45,-0.008092485549133
2019-10-14,21.8875,0.020396270396270344
2019-10-15,21.925,0.0017133066818961762
2019-10-16,22.025,0.004561003420752385
2019-10-17,22.0375,0.0005675368898980793
2019-10-18,21.9875,-0.0022688598979013763
2019-10-21,21.9625,-0.0011370096645823002
2019-10-22,22.175,0.009675583380762687
2019-10-23,22.1125,-0.002818489289740711
2019-10-24,22.2,0.003957037874505298
2019-10-25,22.2,0.0
2019-10-28,22.3,0.0045045045045044585
2019-10-29,22.3625,0.002802690582959677
2019-10-30,22.4625,0.004471771939630997
2019-10-31,22.525,0.0027824151363382565
2019-11-01,22.525,0.0
2019-11-04,23.05,0.023307436182020025
2019-11-05,23.225,0.00759219088937102
2019-11-06,23.3375,0.004843918191603791
2019-11-07,23.2125,-0.005356186395286566
2019-11-08,23.1375,-0.003231017770597755
2019-11-11,22.7875,-0.01512695840086431
2019-11-12,23.0,0.009325287986834851
2019-11-13,22.8625,-0.005978260869565211
2019-11-14,22.85,-0.0005467468562055933
2019-11-15,23.075,0.009846827133479064
2019-11-18,23.225,0.00650054171180936
2019-11-19,23.4,0.007534983853605848
2019-11-20,23.3125,-0.003739316239316226
2019-11-21,23.125,-0.008042895442359255
2019-11-22,23.1375,0.000540540540540535
2019-11-25,23.15,0.0005402485143166658
2019-11-26,23.2125,0.0026997840172786614
2019-11-27,23.3,0.003769520732364029
2019-11-28,23.2375,-0.002682403433476366
2019-11-29,22.875,-0.015599784830554131
2019-12-02,23.0125,0.006010928961748707
2019-12-03,23.0125,0.0
2019-12-04,22.925,-0.0038022813688212143
2019-12-05,23.225,0.013086150490730697
2019-12-06,23.2625,0.0016146393972011897
2019-12-09,23.4125,0.006448146157979728
2019-12-10,23.25,-0.006940736785905011
2019-12-11,23.4375,0.008064516129032251
2019-12-12,23.9625,0.022399999999999975
2019-12-13,24.225,0.010954616588419563
2019-12-16,24.2125,-0.0005159958720331037
2019-12-17,24.5375,0.013422818791946511
2019-12-18,24.55,0.0005094243504839557
2019-12-19,24.4125,-0.005600814663951126
2019-12-20,24.2375,-0.007168458781362075
2019-12-23,24.2875,0.00206291903042799
2019-12-24,24.3,0.0005146680391148184
2019-12-25,24.3375,0.0015432098765431057
2019-12-26,24.3375,0.0
2019-12-27,24.5,0.00667693888032872
2019-12-30,24.45,-0.0020408163265306367
2019-12-31,24.2375,-0.008691206543967267
2020-01-02,24.4125,0.0072202166064982976
2020-01-03,24.4125,0.0
2020-01-06,24.1,-0.01280081925243215
2020-01-07,24.025,-0.003112033195020847
2020-01-08,23.9125,-0.004682622268470271
2020-01-09,24.2375,0.013591217982226844
2020-01-10,24.325,0.0036101083032491488
2020-01-13,24.5,0.007194244604316502
2020-01-14,24.65,0.006122448979591688
2020-01-15,24.4,-0.010141987829614618
2020-01-16,24.325,-0.0030737704918032405
2020-01-17,24.325,0.0
2020-01-20,24.425,0.004110996916752319
2020-01-30,23.0375,-0.056806550665301936
2020-01-31,22.4875,0.007596310363537695
2020-02-03,22.2625,-0.010005558643691015
2020-02-04,22.65,0.01740595171252113
2020-02-05,22.7125,0.0027593818984548157
2020-02-06,23.075,0.015960374243258135
2020-02-07,22.8,-0.011917659804983716
2020-02-10,22.75,-0.002192982456140413
2020-02-11,22.9375,0.008241758241758212
2020-02-12,23.1625,0.009809264305177257
2020-02-13,23.2,0.0016189962223420729
2020-02-14,23.2375,0.001616379310344973
2020-02-17,23.075,-0.006993006993007089
2020-02-18,22.7625,-0.013542795232936111
2020-02-19,23.025,0.011532125205930832
2020-02-20,22.925,-0.004343105320303908
2020-02-21,22.8125,-0.004907306434024039
2020-02-24,22.525,-0.012602739726027434
2020-02-25,22.5875,0.002774694783573839
2020-02-26,22.3625,-0.009961261759822815
2020-02-27,22.1625,-0.008943543879262106
2020-03-02,21.8375,-0.014664410603496991
2020-03-03,22.15,0.01431024613623344
2020-03-04,22.3,0.006772009029345494
2020-03-05,22.55,0.011210762331838486
2020-03-06,22.0875,-0.020509977827051107
2020-03-09,21.4625,-0.028296547821165863
2020-03-10,21.575,0.005241700640652436
2020-03-11,21.325,-0.011587485515643148
2020-03-12,20.5375,-0.03692848769050405
2020-03-13,20.25,-0.013998782714546576
2020-03-16,19.325,-0.04567901234567906
2020-03-17,18.7125,-0.0316946959896508
2020-03-18,18.2,-0.0273881095524382
2020-03-19,17.1375,-0.058379120879120894
2020-03-20,18.5,0.07950401167031362
2020-03-23,17.7,-0.043243243243243246
2020-03-24,18.5625,0.048728813559322015
2020-03-25,19.2125,0.035016835016834946
2020-03-26,19.3,0.00455432661027988
2020-03-27,19.15,-0.00777202072538874
2020-03-30,18.9625,-0.009791122715404721
2020-03-31,19.0375,0.0039551746868822235
2020-04-01,18.975,-0.0032829940906106136
2020-04-06,19.2625,0.015151515151515138
2020-04-07,19.625,0.018818948734588004
2020-04-08,19.9,0.014012738853503182
2020-04-09,19.8125,-0.0043969849246230375
2020-04-10,19.825,0.0006309148264984632
2020-04-13,19.7,-0.006305170239596425
2020-04-14,20.2375,0.027284263959390875
2020-04-15,20.3,0.0030883261272389717
2020-04-16,20.2,-0.0049261083743843415
2020-04-17,20.8125,0.030321782178217793
2020-04-20,20.75,-0.0030030030030030463
2020-04-21,20.15,-0.028915662650602525
2020-04-22,20.15,0.0
2020-04-23,20.225,0.0037220843672458592
2020-04-24,20.225,0.0
2020-04-27,20.6375,0.02039555006180449
2020-04-28,20.6375,0.0
2020-04-29,20.925,0.013930950938825015
2020-04-30,21.375,0.021505376344086002
2020-05-04,20.75,-0.0292397660818714
2020-05-05,20.85,0.004819277108433884
2020-05-06,20.875,0.0011990407673860837
2020-05-07,20.9625,0.004191616766467066
2020-05-08,21.0875,0.005963029218843063
2020-05-11,21.2625,0.008298755186721962
2020-05-12,21.0125,-0.011757789535567276
2020-05-13,21.075,0.002974419988102328
2020-05-14,20.825,-0.011862396204033177
2020-05-15,20.9625,0.006602641056422609
2020-05-18,20.7875,-0.008348240906380311
2020-05-19,20.975,0.009019843656043358
2020-05-20,20.95,-0.0011918951132301459
2020-05-21,21.125,0.00835322195704058
2020-05-22,20.7375,-0.01834319526627215
2020-05-25,20.875,0.006630500301386233
2020-05-26,21.1125,0.011377245508982003
2020-05-27,21.0875,-0.001184132622853884
2020-05-28,20.9625,-0.005927682276229973
2020-05-29,21.1125,0.007155635062611854
2020-06-01,21.225,0.005328596802842034
2020-06-02,21.325,0.004711425206124664
2020-06-03,21.7,0.017584994138335253
2020-06-04,21.9,0.009216589861751112
2020-06-05,22.0875,0.008561643835616417
2020-06-08,22.375,0.013016411997736288
2020-06-09,22.4,0.0011173184357540222
2020-06-10,22.6125,0.009486607142857206
2020-06-11,22.2625,-0.015478164731896116
2020-06-12,22.0625,-0.008983717012914116
2020-06-15,21.75,-0.014164305949008527
2020-06-16,22.225,0.02183908045977012
2020-06-17,22.25,0.0011248593925758943
2020-06-18,22.225,-0.0011235955056179137
2020-06-19,22.2125,-0.0005624296962880582
2020-06-22,22.2625,0.0022509848058525073
2020-06-23,22.3625,0.004491858506457058
2020-06-24,22.5,0.006148686416992621
2020-06-29,22.275,-0.010000000000000009
2020-06-30,22.475,0.008978675645342493
2020-07-01,22.625,0.006674082313681717
2020-07-02,22.875,0.011049723756906049
2020-07-03,23.1375,0.011475409836065653
2020-07-06,23.5375,0.017287952458130862
2020-07-07,23.625,0.0037174721189590088
2020-07-08,23.7875,0.006878306878306928
2020-07-09,23.8625,0.0031529164477142047
2020-07-10,23.6625,-0.00838135149292818
2020-07-13,24.0125,0.014791336502905317
2020-07-14,24.1625,0.006246746486205268
2020-07-15,24.2625,0.0041386445938953464
2020-07-16,24.025,-0.009788768675940251
2020-07-17,24.3,0.011446409989594342
2020-07-20,24.2625,-0.0015432098765432167
2020-07-21,24.675,0.024214322514167996
2020-07-22,24.7375,0.002532928064842954
2020-07-23,24.7125,-0.001010611419909102
2020-07-24,24.625,-0.0035407182599898057
2020-07-27,25.825,0.04873096446700509
2020-07-28,25.9,0.0029041626331074433
2020-07-29,25.6375,-0.010135135135135087
2020-07-30,26.0125,0.014627011214041863
2020-07-31,25.95,-0.0024026910139356428
2020-08-03,25.5,-0.01734104046242768
2020-08-04,25.825,0.012745098039215641
2020-08-05,26.075,0.00968054211035807
2020-08-06,26.35,0.010546500479386545
2020-08-07,26.1625,-0.007115749525616666
2020-08-10,26.4,0.009077878643095838
2020-08-11,26.2,-0.007575757575757569
2020-08-12,25.8125,-0.014790076335877811
2020-08-13,26.0625,0.009685230024213176
2020-08-14,26.125,0.0023980815347721673
2020-08-17,26.4,0.010526315789473717
2020-08-18,26.25,-0.005681818181818121
2020-08-19,26.0625,-0.0071428571428571175
2020-08-20,25.15,-0.03501199040767389
2020-08-21,25.7,0.021868787276341894
2020-08-24,25.775,0.0029182879377431803
2020-08-25,25.975,0.0077594568380214834
2020-08-26,26.075,0.0038498556304138454
2020-08-27,26.1375,0.0023969319271333056
2020-08-28,25.875,-0.010043041606886627
2020-08-31,25.45,-0.01642512077294689
2020-09-01,25.8375,0.015225933202357433
2020-09-02,25.75,-0.0033865505563618337
2020-09-03,25.825,0.002912621359223211
2020-09-04,25.6375,-0.007260406582768608
2020-09-07,25.6,-0.0014627011214041197
2020-09-08,25.75,0.005859375
2020-09-09,25.575,-0.006796116504854344
2020-09-10,25.8,0.008797653958944274
2020-09-11,25.8125,0.0004844961240308976
2020-09-14,26.1375,0.012590799031476863
2020-09-15,26.2375,0.003825920612147371
2020-09-16,26.6375,0.015245354930919497
2020-09-17,26.35,-0.010793054903801003
2020-09-18,26.325,-0.0009487666034156961
2020-09-21,26.1125,-0.008072174738841364
2020-09-22,25.775,-0.012924844423169102
2020-09-23,25.7375,-0.0014548981571289588
2020-09-24,25.1125,-0.024283632831471613
2020-09-25,25.1625,0.0019910403185665615
2020-09-28,25.575,0.016393442622950838
2020-09-29,25.6375,0.0024437927663734094
2020-09-30,25.75,0.004388103364212581
2020-10-05,25.7625,0.0004854368932039055
2020-10-06,26.0625,0.011644832605531397
2020-10-07,26.2,0.005275779376498813
2020-10-08,26.55,0.01335877862595436
2020-10-12,26.7625,0.008003766478342778
2020-10-13,26.775,0.0004670714619336991
2020-10-14,26.675,-0.0037348272642389047
2020-10-15,26.425,-0.009372071227741308
2020-10-16,26.3125,-0.004257332071901598
2020-10-19,26.65,0.01282660332541563
2020-10-20,26.5,-0.0056285178236397115
2020-10-21,26.4875,-0.0004716981132075748
2020-10-22,26.525,0.0014157621519583774
2020-10-23,26.525,0.0
2020-10-26,26.525,0.0
2020-10-27,26.375,-0.005655042412818001
2020-10-28,26.25,-0.004739336492891044
2020-10-29,25.9625,-0.010952380952381047
2020-10-30,25.75,-0.008184882041405772
2020-11-02,25.85,0.003883495145631022
2020-11-03,26.15,0.011605415860734825
2020-11-04,26.5375,0.014818355640535463
2020-11-05,26.5125,-0.0009420631182289751
2020-11-06,26.675,0.006129184347006156
2020-11-09,27.025,0.013120899718837675
2020-11-10,26.775,-0.009250693802035137
2020-11-11,27.1875,0.01540616246498594
2020-11-12,27.2,0.00045977011494247044
2020-11-13,27.3125,0.004136029411764719
2020-11-16,28.2,0.03249427917620129
2020-11-17,28.4,0.007092198581560183
2020-11-18,28.5875,0.00660211267605626
2020-11-19,28.5375,-0.0017490161783995095
2020-11-20,28.5,-0.0013140604467806183
2020-11-23,28.8625,0.01271929824561413
2020-11-24,28.725,-0.0047639670853183436
2020-11-25,28.4875,-0.008268059181897325
2020-11-26,28.7125,0.007898200965335667
2020-11-27,28.6625,-0.0017414018284718225
2020-11-30,28.325,-0.011774967291757643
2020-12-01,28.575,0.008826125330979595
2020-12-02,28.85,0.00962379702537186
2020-12-03,28.85,0.0
2020-12-04,29.325,0.016464471403812686
2020-12-07,29.6,0.009377664109121886
2020-12-08,30.0125,0.013935810810810745
2020-12-09,30.0125,0.0
2020-12-10,29.65,-0.012078300708038392
2020-12-11,29.6875,0.001264755480607116
2020-12-14,29.5625,-0.004210526315789442
2020-12-15,29.2625,-0.010147991543340451
2020-12-16,29.8125,0.018795386586928586
2020-12-17,29.65,-0.005450733752620618
2020-12-18,29.55,-0.003372681281618828
2020-12-21,29.8375,0.009729272419627621
2020-12-22,29.5,-0.011311269375785415
2020-12-23,29.5375,0.0012711864406780293
2020-12-24,29.7,0.00550148116800675
2020-12-25,29.7375,0.0012626262626262985
2020-12-28,30.0,0.008827238335435084
2020-12-29,29.975,-0.0008333333333332416
2020-12-30,30.4,0.01417848206839012
2020-12-31,30.5625,0.005345394736842257
2021-01-04,31.0875,0.01717791411042935
2021-01-05,31.15,0.002010454362685987
2021-01-06,31.4875,0.010834670947030611
2021-01-07,32.225,0.02342199285430735
2021-01-08,32.8,0.01784328937160584
2021-01-11,33.075,0.00838414634146356
2021-01-12,33.025,-0.0015117157974302575
2021-01-13,33.825,0.024224072672218044
2021-01-14,33.5125,-0.009238728750923908
2021-01-15,33.625,0.0033569563595672314
2021-01-18,33.6,-0.0007434944237917351
2021-01-19,34.4875,0.026413690476190244
2021-01-20,34.55,0.0018122508155129502
2021-01-21,35.75,0.03473227206946472
2021-01-22,34.3625,-0.0174825174825175
2021-01-25,33.9,-0.013459439796289496
2021-01-26,33.2125,-0.020280235988200612
2021-01-27,33.2625,0.0015054572826498358
2021-01-28,32.5875,-0.020293122886133164
2021-01-29,32.05,-0.016494054468738084
2021-02-01,32.6875,0.019890795631825275
2021-02-02,33.6125,0.028298279158699646
2021-02-03,33.5875,-0.0007437709185570407
2021-02-04,33.3875,-0.005954596203944784
2021-02-05,33.7,0.009359790340696339
2021-02-17,35.1375,0.04265578635014844
2021-02-18,35.0875,-0.0014229811454999908
2021-02-19,34.7125,-0.010687566797292436
2021-02-22,34.7,-0.0003601008282317908
2021-02-23,34.625,-0.002161383285302687
2021-02-24,34.1125,-0.014801444043321399
2021-02-25,34.3875,0.008061561011359686
2021-02-26,33.35,-0.03017084696474015
2021-03-02,33.3625,0.00037481259370308884
2021-03-03,33.85,0.014612214312476723
2021-03-04,33.1875,-0.019571639586410727
2021-03-05,32.9875,-0.006026365348399287
2021-03-08,32.9625,-0.0007578628268283261
2021-03-09,32.8375,-0.003792188092529347
2021-03-10,32.975,0.004187285877426783
2021-03-11,33.675,0.021228203184230354
2021-03-12,33.8125,0.004083147735709058
2021-03-15,33.725,-0.0025878003696857554
2021-03-16,33.8375,0.0033358042994811044
2021-03-17,33.55,-0.008496490579977922
2021-03-18,33.725,0.005216095380029984
2021-03-19,33.2,-0.015567086730911783
2021-03-22,33.35,0.004518072289156683
2021-03-23,33.4,0.0014992503748125774
2021-03-24,32.875,-0.01571856287425144
2021-03-25,32.9875,0.003422053231939115
2021-03-26,33.5875,0.01818870784388027
2021-03-29,33.8625,0.00818756978042412
2021-03-30,33.975,0.0033222591362127574
2021-03-31,33.6875,-0.008462104488594635
2021-04-01,33.9375,0.007421150278293043
2021-04-06,34.4125,0.013996316758747795
2021-04-07,34.45,0.0010897203051216664
2021-04-08,34.5625,0.0032656023222059627
2021-04-09,34.4875,-0.0021699819168173873
2021-04-12,34.2875,-0.005799202609641063
2021-04-13,34.2875,0.0
2021-04-14,34.475,0.0054684651841050425
2021-04-15,34.7625,0.008339376359681072
2021-04-16,34.8125,0.0014383315354187243
2021-04-19,34.875,0.0017953321364452268
2021-04-20,34.8125,-0.0017921146953404632
2021-04-21,34.5,-0.008976660682226245
2021-04-22,34.475,-0.0007246376811593791
2021-04-23,34.7875,0.009064539521392412
2021-04-26,35.3,0.014732303269852531
2021-04-27,35.3125,0.0003541076487252326
2021-04-28,35.1,-0.006017699115044239
2021-04-29,35.15,0.0014245014245013454
2021-05-03,34.5625,-0.016714082503556105
2021-05-04,34.2625,-0.008679927667269327
2021-05-05,33.9375,-0.009485589201021605
2021-05-06,34.2375,0.008839779005524795
2021-05-07,34.85,0.01788974078130723
2021-05-10,34.6125,-0.006814921090387505
2021-05-11,33.3125,-0.037558685446009266
2021-05-12,32.35,-0.028893058161350793
2021-05-13,31.875,-0.014683153013910433
2021-05-14,32.2375,0.011372549019607714
2021-05-17,31.625,-0.018999612252811104
2021-05-18,33.075,0.04584980237154168
2021-05-19,32.85,-0.006802721088435382
2021-05-20,32.625,-0.006849315068493178
2021-05-21,33.0875,0.014176245210727911
2021-05-24,33.0375,-0.001511144692104227
2021-05-25,33.6,0.017026106696935273
2021-05-26,33.625,0.0007440476190476719
2021-05-27,33.3875,-0.0070631970260222054
2021-05-28,33.95,0.016847622613253455
2021-05-31,34.275,0.009572901325478611
2021-06-01,34.425,0.004376367614879584
2021-06-02,34.425,0.0
2021-06-03,34.4,-0.000726216412490932
2021-06-04,34.2375,-0.004723837209302362
2021-06-07,34.325,0.002555677254472588
2021-06-08,34.125,-0.0058266569555718295
2021-06-09,33.875,-0.0073260073260073
2021-06-10,34.4,0.015498154981549828
2021-06-11,34.525,0.00363372093023262
2021-06-15,34.7125,0.005430847212165135
2021-06-16,34.675,-0.0010803024846957054
2021-06-17,34.575,-0.002883922134102268
2021-06-18,34.5,-0.002169197396963196
2021-06-21,33.675,-0.023913043478260954
2021-06-22,33.7125,0.00111358574610243
2021-06-23,34.2625,0.01631442343344469
2021-06-24,34.175,-0.002553812477198214
2021-06-25,34.2375,0.001828822238478356
2021-06-28,34.3,0.001825483753194579
2021-06-29,34.4,0.00291545189504383
2021-06-30,34.7375,0.009811046511627897
2021-07-01,34.575,-0.004677941705649391
2021-07-02,34.575,0.0
2021-07-05,34.9,0.009399855386840184
2021-07-06,34.9375,0.0010744985673352137
2021-07-07,34.75,-0.00536672629695889
2021-07-08,34.7125,-0.0010791366906475197
2021-07-09,34.4375,-0.00792221822110184
2021-07-12,34.75,0.00907441016333932
2021-07-13,35.0375,0.008273381294964022
2021-07-14,35.125,0.0024973242953978403
2021-07-15,35.45,0.0092526690391459
2021-07-16,34.975,-0.013399153737658764
2021-07-19,34.575,-0.011436740528949163
2021-07-20,34.3,-0.007953723788864941
2021-07-21,34.175,-0.0010932944606414363
2021-07-22,34.4125,0.006949524506218108
2021-07-23,34.4125,0.0
2021-07-26,34.1125,-0.008717762440973553
2021-07-27,34.1,-0.0003664345914252687
2021-07-28,33.5625,-0.01576246334310849
2021-07-29,34.125,0.016759776536312776
2021-07-30,34.0125,-0.003296703296703174
2021-08-02,34.475,0.0135979419331127
2021-08-03,34.6125,0.00398839738941259
2021-08-04,34.8125,0.005778259299386246
2021-08-05,34.75,-0.0017953321364452268
2021-08-06,34.7,-0.0014388489208632116
2021-08-09,34.6,-0.0028818443804035088
2021-08-10,34.4125,-0.005419075144508678
2021-08-11,34.3,-0.0032691609153652212
2021-08-12,34.2375,-0.0018221574344022828
2021-08-13,33.9125,-0.009492515516611788
2021-08-16,33.8375,-0.002211573903428077
2021-08-17,33.5875,-0.007388252678241614
2021-08-18,33.725,0.004093784890212282
2021-08-19,32.95,-0.022979985174203077
2021-08-20,32.6875,-0.007966616084977285
2021-08-23,33.5875,0.027533460803059295
2021-08-24,33.6875,0.0029772981019724476
2021-08-25,34.0125,0.009647495361781111
2021-08-26,34.25,0.006982726938625339
2021-08-27,34.5375,0.008394160583941712
2021-08-30,34.875,0.009771986970684043
2021-08-31,35.0875,0.0060931899641576415
2021-09-01,35.25,0.004631278945493422
2021-09-02,34.975,-0.007801418439716268
2021-09-03,35.475,0.014295925661186537
2021-09-06,35.6375,0.004580690627202344
2021-09-07,35.475,-0.004559803577692034
2021-09-08,35.1625,-0.00880902043692744
2021-09-09,35.075,-0.0024884464984002985
2021-09-10,35.4875,0.011760513186029664
2021-09-13,35.3625,-0.0035223670306445687
2021-09-14,35.4,0.0010604453870626251
2021-09-15,35.1875,-0.006002824858757028
2021-09-16,35.025,-0.004618117229129748
2021-09-17,35.125,0.002855103497501732
2021-09-22,34.3,-0.023487544483985823
2021-09-23,34.5,0.005830903790087438
2021-09-24,34.9125,0.011956521739130421
2021-09-27,35.0,0.0025062656641603454
2021-09-28,34.75,-0.0071428571428571175
2021-09-29,34.0,-0.021582733812949617
2021-09-30,34.2625,0.007720588235294201
2021-10-01,33.4875,-0.02261948194089769
2021-10-04,33.2875,-0.005972377752892721
2021-10-05,33.2375,-0.0015020653398424288
2021-10-06,33.25,0.00037608123354648804
2021-10-07,33.8375,0.017669172932330834
2021-10-08,33.55,-0.008496490579977922
2021-10-12,33.2125,-0.010059612518628858
2021-10-13,33.1,-0.0033872788859615754
2021-10-14,33.1875,0.0026435045317219075
2021-10-15,34.0625,0.026365348399246757
2021-10-18,33.9625,-0.0029357798165138282
2021-10-19,34.2375,0.008097165991902688
2021-10-20,34.15,-0.002555677254472366
2021-10-21,34.025,-0.0036603221083455484
2021-10-22,34.125,0.0029390154298309934
2021-10-25,34.1,-0.00073260073260073
2021-10-26,34.3875,0.008431085043988373
2021-10-27,34.3875,0.0
2021-10-28,34.2875,-0.002908033442384661
2021-10-29,33.95,-0.009843237331388921
2021-11-01,34.125,0.005154639175257714
2021-11-02,34.0625,-0.001831501831501825
2021-11-03,34.15,0.0025688073394494193
2021-11-04,34.0375,-0.0032942898975109047
2021-11-05,34.525,0.014322438486962907
2021-11-08,34.8,0.007965242577842035
2021-11-09,35.175,0.010775862068965525
2021-11-10,35.125,-0.001421464108031234
2021-11-11,34.8125,-0.008896797153024938
2021-11-12,34.925,0.0032315978456014527
2021-11-15,35.2375,0.008947745168217613
2021-11-16,35.3,0.0017736786094360024
2021-11-17,35.4125,0.0031869688385270933
2021-11-18,35.6125,0.005647723261560156
2021-11-19,35.7,0.002457002457002533
2021-11-22,35.6125,-0.002450980392157076
2021-11-23,35.275,-0.009477009477009468
2021-11-24,35.125,-0.00425230333097093
2021-11-25,35.1125,-0.000355871886121073
2021-11-26,34.5375,-0.016375934496261846
2021-11-29,34.5375,0.0
2021-11-30,34.5,-0.0010857763300760048
2021-12-01,35.075,0.01666666666666683
2021-12-02,35.45,0.010691375623663513
2021-12-03,35.4375,-0.00035260930888580955
2021-12-06,35.3375,-0.002821869488536244
2021-12-07,35.45,0.0031835868411744794
2021-12-08,35.5875,0.003878702397743128
2021-12-09,35.5,-0.0024587284861257164
2021-12-10,35.4875,-0.00035211267605639307
2021-12-13,35.375,-0.0031701303275800674
2021-12-14,35.025,-0.009893992932862195
2021-12-15,35.075,0.001427551748750977
2021-12-16,35.5125,0.012473271560940802
2021-12-17,35.475,-0.001055966209081327
2021-12-20,35.1625,-0.00880902043692744
2021-12-21,35.4625,0.008531816565943817
2021-12-22,35.4625,0.0
2021-12-23,35.6625,0.005639760310186981
2021-12-24,35.7625,0.002804065895548602
2021-12-27,36.0375,0.007689619014330518
2021-12-28,36.325,0.007977800901838306
2021-12-29,36.4875,0.004473503097040421
2021-12-30,36.375,-0.0030832476875641834
2022-01-03,36.6,0.006185567010309256
2022-01-04,37.4,0.021857923497267784
2022-01-05,37.325,-0.002005347593582729
2022-01-06,36.975,-0.009377093101138656
2022-01-07,36.65,-0.008789722785666032
2022-01-10,36.8875,0.0064802182810368425
2022-01-11,37.075,0.00508302270416805
2022-01-12,37.3875,0.00842886041807156
2022-01-13,37.575,0.005015045135406293
2022-01-14,37.575,0.0
2022-01-17,38.0,0.01131071190951416
2022-01-18,37.575,-0.011184210526315685
2022-01-19,37.125,-0.011976047904191711
2022-01-20,37.275,0.004040404040404066
2022-01-21,35.6625,-0.021797451374916177
2022-01-24,36.0,0.009463722397476282
2022-01-25,35.4125,-0.016319444444444442
2022-01-26,35.3875,-0.000705965407694964
2022-02-07,35.575,0.005298481102083974
2022-02-08,35.725,0.0042164441321153046
2022-02-09,35.85,0.0034989503149054357
2022-02-10,36.2625,0.011506276150627714
2022-02-11,36.2375,-0.0006894174422614752
2022-02-14,35.675,-0.015522593997930323
2022-02-15,35.5125,-0.004555010511562596
2022-02-16,36.1,0.016543470608940458
2022-02-17,36.125,0.0006925207756232066
2022-02-18,36.025,-0.0027681660899654403
2022-02-21,35.95,-0.002081887578070707
2022-02-22,35.4625,-0.013560500695410371
2022-02-23,35.5625,0.0028198801550933794
2022-02-24,34.7,-0.024253075571177396
2022-02-25,34.625,-0.002161383285302687
2022-03-01,35.1125,0.014079422382671458
2022-03-02,34.9125,-0.005695977216091053
2022-03-03,34.9875,0.002148227712137407
2022-03-04,34.6125,-0.010718113612004254
2022-03-07,33.5,-0.03214156735283491
2022-03-08,32.7875,-0.021268656716417866
2022-03-09,33.125,0.010293556995806252
2022-03-10,34.0875,0.029056603773584877
2022-03-11,33.6,-0.014301430143014215
2022-03-14,33.6,0.0
2022-03-15,32.9125,-0.020461309523809534
2022-03-16,33.05,0.004177744018230012
2022-03-17,34.1,0.03177004538577921
2022-03-18,34.025,-0.0021994134897361795
2022-03-21,34.25,0.006612784717119791
2022-03-22,34.2,-0.0014598540145984717
2022-03-23,34.525,0.009502923976608013
2022-03-24,34.5,-0.0007241129616220032
2022-03-25,34.55,0.0014492753623187582
2022-03-28,34.175,-0.01085383502170767
2022-03-29,34.2125,0.001097293343087058
2022-03-30,34.6375,0.012422360248447228
2022-03-31,34.525,-0.003247924936846003
2022-04-01,34.2375,-0.008327299058653148
2022-04-06,34.0625,-0.005111354508944843
2022-04-07,33.45,-0.017981651376146712
2022-04-08,33.6375,0.005605381165919354
2022-04-11,33.1125,-0.015607580824972267
2022-04-12,33.1375,0.0007550018875048803
2022-04-13,33.7625,0.018860807242550015
2022-04-14,33.6375,-0.003702332469455727
2022-04-15,33.0625,-0.017094017094017144
2022-04-18,32.8875,-0.005293005671077378
2022-04-19,33.0,0.003420752565564289
2022-04-20,33.1625,0.0049242424242423866
2022-04-21,33.1875,0.0007538635506971758
2022-04-22,32.9,-0.008662900188323941
2022-04-25,32.3125,-0.017857142857142794
2022-04-26,32.3125,0.0
2022-04-27,31.6375,-0.020889748549323017
2022-04-28,31.775,0.00434610825760573
2022-04-29,32.1875,0.012981904012588474
2022-05-03,31.95,-0.00737864077669903
2022-05-04,31.95,0.0
2022-05-05,32.3125,0.011345852895148667
2022-05-06,31.6625,-0.02011605415860729
2022-05-09,31.1375,-0.01658112909593379
2022-05-10,31.0,-0.00441589723002811
2022-05-11,31.05,0.001612903225806539
2022-05-12,30.3125,-0.02375201288244766
2022-05-13,30.5875,0.009072164948453532
2022-05-16,30.75,0.005312627707396933
2022-05-17,31.0875,0.01097560975609757
2022-05-18,31.425,0.010856453558504287
2022-05-19,30.825,-0.019093078758949944
2022-05-20,31.1625,0.010948905109489093
2022-05-23,31.225,0.0020056157240273542
2022-05-24,30.875,-0.011208967173738982
2022-05-25,31.1125,0.007692307692307665
2022-05-26,30.725,-0.012454801124949788
2022-05-27,31.375,0.0211554109031733
2022-05-30,32.1375,0.02430278884462167
2022-05-31,32.45,0.009723842862699339
2022-06-01,32.2875,-0.00500770416024654
2022-06-02,31.95,-0.010452961672473893
2022-06-06,32.175,0.007042253521126751
2022-06-07,31.85,-0.010101010101009944
2022-06-08,32.2,0.01098901098901095
2022-06-09,32.1,-0.0031055900621118626
2022-06-10,31.775,-0.010124610591900396
2022-06-13,30.8875,-0.02793076317859955
2022-06-14,30.8375,-0.0016187778227438887
2022-06-15,30.6875,-0.004864207539521659
2022-06-16,30.625,-0.0020366598778004397
2022-06-17,30.2125,-0.013469387755102091
2022-06-20,29.9375,-0.009102192800992892
2022-06-21,30.55,0.0204592901878915
2022-06-22,29.875,-0.02209492635024557
2022-06-23,29.475,-0.013389121338912124
2022-06-24,29.5375,0.0021204410517388084
2022-06-27,30.2375,0.023698688108336752
2022-06-28,29.95,-0.009508061182306737
2022-06-29,29.7,-0.008347245409014992
2022-06-30,28.95,-0.025252525252525304
2022-07-01,27.8875,-0.03670120898100171
2022-07-04,27.6125,-0.009861048857014776
2022-07-05,27.75,0.004979628791308199
2022-07-06,27.2125,-0.019369369369369394
2022-07-07,28.025,0.029857602204869105
2022-07-08,28.3125,0.010258697591436272
2022-07-11,28.0625,-0.008830022075055233
2022-07-12,27.3875,-0.02405345211581289
2022-07-13,28.3625,0.03560018256503894
2022-07-14,28.5,0.004847950639047971
2022-07-15,28.875,0.013157894736842035
2022-07-18,28.55,0.0043290043290042934
2022-07-19,28.575,0.0008756567425569628
2022-07-20,28.7625,0.006561679790026309
2022-07-21,29.0875,0.011299435028248483
2022-07-22,29.2,0.0038676407391491363
2022-07-25,29.175,-0.0008561643835616195
2022-07-26,28.9125,-0.008997429305912519
2022-07-27,29.175,0.009079118028534339
2022-07-28,29.225,0.001713796058269157
2022-07-29,29.5,0.009409751924722043
2022-08-01,29.4125,-0.0029661016949151797
2022-08-02,28.8875,-0.017849553761156045
2022-08-03,29.0625,0.0060579835569019025
2022-08-04,29.1375,0.002580645161290196
2022-08-05,29.875,0.02531102531102536
2022-08-08,29.8125,-0.0020920502092049986
2022-08-09,29.7875,-0.0008385744234800097
2022-08-10,29.475,-0.010490977759127107
2022-08-11,30.0125,0.018235793044953263
2022-08-12,30.2,0.006247396917950843
2022-08-15,30.475,0.009105960264900625
2022-08-16,30.525,0.0016406890894173909
2022-08-17,30.5375,0.0004095004095006072
2022-08-18,30.3375,-0.00654932460090063
2022-08-19,30.3875,0.0016481252575195615
2022-08-22,29.95,-0.014397367338543798
2022-08-23,29.55,-0.013355592654423987
2022-08-24,29.475,-0.0025380710659898
2022-08-25,29.75,0.00932994062765058
2022-08-26,29.9,0.005042016806722671
2022-08-29,29.1375,-0.025501672240802686
2022-08-30,29.1875,0.001716001716001836
2022-08-31,29.4,0.007280513918629605
2022-09-01,28.7875,-0.02083333333333326
2022-09-02,28.475,-0.010855405992184153
2022-09-05,28.5375,0.0021949078138718825
2022-09-06,28.725,0.006570302233902758
2022-09-07,28.05,-0.023498694516971286
2022-09-08,28.25,0.007130124777183555
2022-09-12,28.85,0.02123893805309729
2022-09-13,29.0,0.005199306759098743
2022-09-14,28.4125,-0.020258620689655116
2022-09-15,28.4625,0.001759788825340891
2022-09-16,28.1375,-0.011418533157663613
2022-09-19,28.0125,-0.004442470013327426
2022-09-20,28.2625,0.008924587237840287
2022-09-21,28.025,-0.008403361344537785
2022-09-22,27.6875,-0.012042818911685904
2022-09-23,27.425,-0.00948081264108347
2022-09-26,26.9125,-0.018687329079307147
2022-09-27,26.875,-0.0013934045517882687
2022-09-28,26.3125,-0.020930232558139528
2022-09-29,26.225,-0.003325415676959542
2022-09-30,25.8625,-0.013822688274547246
2022-10-03,25.55,-0.012083131947800863
2022-10-04,26.2,0.02544031311154593
2022-10-05,26.8125,0.023377862595419963
2022-10-06,27.0,0.006993006993007089
2022-10-07,26.55,-0.016666666666666607
2022-10-11,25.175,-0.05178907721280601
2022-10-12,25.05,-0.0049652432969214955
2022-10-13,24.75,-0.0119760479041916
2022-10-14,25.4625,0.028787878787878807
2022-10-17,24.9875,-0.01865488463426601
2022-10-18,25.275,0.01150575287643818
2022-10-19,24.9375,-0.013353115727002929
2022-10-20,24.8,-0.005513784461152804
2022-10-21,24.725,-0.003024193548387122
2022-10-24,24.65,-0.0030333670374116384
2022-10-25,24.175,-0.01926977687626763
2022-10-26,24.4,0.009307135470527417
2022-10-27,24.75,0.014344262295082011
2022-10-28,24.4375,-0.012626262626262652
2022-10-31,24.7625,0.013299232736572852
2022-11-01,24.9,0.005552751135790013
2022-11-02,25.0,0.004016064257028162
2022-11-03,24.675,-0.013000000000000012
2022-11-04,24.7125,0.0015197568389055949
2022-11-07,25.1375,0.017197774405665278
2022-11-08,25.4,0.01044256588761816
2022-11-09,26.125,0.028543307086614123
2022-11-10,25.875,-0.009569377990430672
2022-11-11,27.25,0.0531400966183575
2022-11-14,27.5,0.00917431192660545
2022-11-15,28.675,0.042727272727272725
2022-11-16,28.625,-0.0017436791630339732
2022-11-17,28.6375,0.0004366812227074579
2022-11-18,28.5625,-0.0026189436927105403
2022-11-21,28.4625,-0.0035010940919038003
2022-11-22,28.7,0.008344312692138756
2022-11-23,28.9,0.006968641114982521
2022-11-24,29.175,0.009515570934256035
2022-11-25,29.175,0.0
2022-11-28,28.5875,-0.020137103684661595
2022-11-29,28.85,0.009182334936598258
2022-11-30,29.0875,0.008232235701906232
2022-12-01,29.5875,0.01718951439621841
2022-12-02,29.325,-0.008871989860583018
2022-12-05,29.3625,0.0012787723785165905
2022-12-06,28.825,-0.018305661983822996
2022-12-07,28.65,-0.006071118820468402
2022-12-08,28.3125,-0.011780104712041828
2022-12-09,28.75,0.015452538631346657
2022-12-12,28.475,-0.009565217391304337
2022-12-13,28.35,-0.004389815627743654
2022-12-14,28.7,0.012345679012345512
2022-12-15,28.725,0.0008710801393729817
2022-12-16,28.25,-0.01653611836379465
2022-12-19,28.0875,-0.005752212389380618
2022-12-20,27.575,-0.018246550956831253
2022-12-21,27.6875,0.004079782411604782
2022-12-22,28.15,0.016704288939051848
2022-12-23,27.675,-0.01687388987566596
2022-12-26,27.775,0.0036133694670279493
2022-12-27,27.9,0.004500450045004545
2022-12-28,27.5,-0.014336917562723928
2022-12-29,27.375,-0.004545454545454519
2022-12-30,27.55,0.006392694063926951
2023-01-03,27.6875,0.004990925589836603
2023-01-04,27.625,-0.0022573363431150906
2023-01-05,27.825,0.007239819004524861
2023-01-06,27.95,0.004492362982928988
2023-01-09,28.95,0.035778175313059046
2023-01-10,29.0625,0.0038860103626943143
2023-01-11,29.0875,0.0008602150537633246
2023-01-12,28.9625,-0.0042973785990545466
2023-01-13,29.3,0.011652999568407596
2023-01-16,29.525,0.007679180887371961
2023-01-17,29.525,0.0
2023-01-30,30.175,0.04403048264182896
2023-01-31,29.575,-0.01988400994200501
2023-02-01,29.75,0.00591715976331364
2023-02-02,30.25,0.01680672268907557
2023-02-03,30.25,0.0
2023-02-06,29.8125,-0.01446280991735538
2023-02-07,29.75,-0.002096436058700246
2023-02-08,30.2125,0.015546218487394903
2023-02-09,30.225,0.0004137360364089293
2023-02-10,30.25,0.0008271298593878207
2023-02-13,30.1875,-0.0020661157024793875
2023-02-14,30.4125,0.00745341614906847
2023-02-15,29.7125,-0.023016851623510193
2023-02-16,30.075,0.012200252419015678
2023-02-17,29.6875,-0.012884455527847005
2023-02-20,29.75,0.002105263157894832
2023-02-21,29.7375,-0.00042016806722688926
2023-02-22,29.4125,-0.010928961748633892
2023-02-23,29.85,0.01487462813429663
2023-02-24,29.7,-0.005025125628140725
2023-03-01,29.8375,0.004629629629629539
2023-03-02,29.8125,-0.0008378718056136769
2023-03-03,29.8375,0.0008385744234800097
2023-03-06,30.125,0.009635525764558173
2023-03-07,30.325,0.00663900414937757
2023-03-08,30.075,-0.008244023083264662
2023-03-09,30.05,-0.0008312551953448821
2023-03-10,29.575,-0.01580698835274552
2023-03-13,29.7,0.004226542688081203
2023-03-14,29.375,-0.01094276094276092
2023-03-15,29.4,0.0008510638297871687
2023-03-16,29.2625,-0.0046768707482992555
2023-03-17,29.7375,0.01623237932507471
2023-03-20,29.525,-0.007145859604876015
2023-03-21,29.6625,0.004657070279424413
2023-03-22,30.225,0.01896333754740831
2023-03-23,30.4625,0.007857733664185185
2023-03-24,30.55,0.0028723840787854282
2023-03-27,30.3625,-0.006137479541734825
2023-03-28,30.1,-0.008645533141210304
2023-03-29,30.15,0.0016611295681061566
2023-03-30,30.3,0.004975124378109541
2023-03-31,30.4,0.0033003300330032292
2023-04-06,30.25,-0.004934210526315708
2023-04-07,30.25,0.0
2023-04-10,30.25,0.0
2023-04-11,30.2125,-0.001239669421487677
2023-04-12,30.1375,-0.0024824162184525767
2023-04-13,29.875,-0.008710078805474919
2023-04-14,30.1625,0.009623430962343082
2023-04-17,30.0875,-0.002486531288852123
2023-04-18,29.9875,-0.0033236393851266977
2023-04-19,29.7625,-0.007503126302626173
2023-04-20,29.725,-0.0012599748005038824
2023-04-21,29.65,-0.002523128679562725
2023-04-24,29.5375,-0.003794266441821126
2023-04-25,29.15,-0.013118916631400857
2023-04-26,29.025,-0.004288164665523175
2023-04-27,29.0,-0.0008613264427217437
2023-04-28,29.35,0.012068965517241459
2023-05-02,29.425,0.0025553662691653045
2023-05-03,29.3,-0.004248088360237934
2023-05-04,29.375,0.0025597269624573205
2023-05-05,29.45,0.002553191489361728
2023-05-08,29.6375,0.006366723259762397
2023-05-09,29.725,0.002952340784479146
2023-05-10,29.45,-0.00925147182506314
2023-05-11,29.3875,-0.0021222410865874286
2023-05-12,29.3,-0.002977456401531242
2023-05-15,29.3,0.0
2023-05-16,29.65,0.011945392491467421
2023-05-17,30.1375,0.016441821247892063
2023-05-18,30.5375,0.01327250103691413
2023-05-19,30.625,0.002865329512893977
2023-05-22,30.575,-0.0016326530612245094
2023-05-23,30.55,-0.0008176614881438837
2023-05-24,30.4,-0.004909983633387904
2023-05-25,30.7625,0.011924342105263275
2023-05-26,31.4875,0.023567655424624245
2023-05-29,31.6875,0.006351726875744257
2023-05-30,31.6875,0.0
2023-05-31,31.5375,-0.004733727810650845
2023-06-01,31.2875,-0.007927070947284953
2023-06-02,31.6875,0.012784658409908056
2023-06-05,31.5875,-0.0031558185404340078
2023-06-06,31.675,0.0027700831024930483
2023-06-07,32.025,0.011049723756906049
2023-06-08,31.7125,-0.00975800156128026
2023-06-09,31.95,0.007489160425699692
2023-06-12,32.25,0.009389671361502261
2023-06-13,32.8875,0.019767441860465196
2023-06-14,32.875,-0.00038008361839614313
2023-06-15,32.975,0.003041825095057016
2023-06-16,32.8875,-0.0026535253980287665
2023-06-19,32.8125,-0.0022805017103764147
2023-06-20,32.6375,-0.005333333333333301
2023-06-21,32.6375,0.0
2023-06-26,32.4375,-0.006127920337035686
2023-06-27,32.225,-0.006551059730250386
2023-06-28,32.275,0.0015515903801395226
2023-06-29,32.2625,-0.0003872966692485269
2023-06-30,32.275,0.0003874467260749359
2023-07-03,32.675,0.012393493415956636
2023-07-04,32.75,0.002295332823259555
2023-07-05,32.7,-0.0015267175572518665
2023-07-06,31.975,-0.022171253822629966
2023-07-07,31.925,-0.0015637216575449253
2023-07-10,31.8625,-0.0019577133907595634
2023-07-11,32.3,0.013730874852883268
2023-07-12,32.3625,0.0019349845201237503
2023-07-13,32.725,0.011201235998455239
2023-07-14,33.0625,0.01031321619556902
2023-07-17,33.0,-0.001890359168241984
2023-07-18,32.4625,-0.0018939393939394478
2023-07-19,32.1875,-0.008471313053523222
2023-07-20,32.3375,0.004660194174757271
2023-07-21,31.8,-0.01662156938538839
2023-07-24,31.8125,0.00039308176100627534
2023-07-25,32.2125,0.012573673870333923
2023-07-26,32.125,-0.00271633682576633
2023-07-27,32.375,0.0077821011673151474
2023-07-28,32.375,0.0
2023-07-31,32.2,-0.00540540540540535
2023-08-01,32.3625,0.005046583850931485
2023-08-02,31.9625,-0.012359984550019298
2023-08-04,31.8125,-0.00469299960891667
2023-08-07,32.125,0.00982318271119853
2023-08-08,31.75,-0.011673151750972721
2023-08-09,31.8,0.0015748031496063408
2023-08-10,31.6,-0.0062893081761006275
2023-08-11,31.575,-0.0007911392405064444
2023-08-14,31.125,-0.014251781472684022
2023-08-15,31.175,0.0016064257028112205
2023-08-16,31.0125,-0.005212510024057759
2023-08-17,31.15,0.00443369609028621
2023-08-18,30.9625,-0.006019261637239204
2023-08-21,30.75,-0.006863140896245401
2023-08-22,31.0,0.008130081300812941
2023-08-23,31.2125,0.006854838709677402
2023-08-24,31.75,0.0172206647977573
2023-08-25,31.1375,-0.019291338582677175
2023-08-28,31.3375,0.006423123243677109
2023-08-29,31.5125,0.005584363781412138
2023-08-30,31.65,0.004363347877826218
2023-08-31,31.425,-0.0071090047393364
2023-09-01,31.475,0.0015910898965791898
2023-09-04,31.6875,0.006751389992057044
2023-09-05,31.6125,-0.002366863905325367
2023-09-06,31.5,-0.003558718861209953
2023-09-07,31.2125,-0.009126984126984206
2023-09-08,31.075,-0.004405286343612258
2023-09-11,30.95,-0.004022526146419958
2023-09-12,31.2625,0.010096930533117998
2023-09-13,31.3,0.0011995201919232645
2023-09-14,31.7375,0.013977635782747688
2023-09-15,31.8375,0.003150846790074713
2023-09-18,31.5,-0.010600706713780883
2023-09-19,31.3625,-0.00436507936507935
2023-09-20,31.1875,-0.005579912315663682
2023-09-21,30.6875,-0.01603206412825653
2023-09-22,30.6625,-0.0008146639511200648
2023-09-25,30.8875,0.007337953526294294
2023-09-26,30.525,-0.011736139214892805
2023-09-27,30.5375,0.0004095004095006072
2023-09-28,30.6625,0.004093327875562824
2023-10-02,31.0625,0.013045250713412004
2023-10-03,30.875,-0.006036217303822977
2023-10-04,30.475,-0.012955465587044523
2023-10-05,30.9125,0.014356029532403669
2023-10-06,31.025,0.003639304488475492
2023-10-11,31.5625,0.01732473811442392
2023-10-12,31.825,0.008316831683168324
2023-10-13,31.7375,-0.00274941084053415
2023-10-16,31.5625,-0.0055139818826309694
2023-10-17,31.6375,0.0023762376237623783
2023-10-18,31.2,-0.013828526274199948
2023-10-19,31.2125,0.0004006410256409687
2023-10-20,31.35,0.004405286343612369
2023-10-23,30.9625,-0.012360446570973016
2023-10-24,30.9875,0.0008074283407348837
2023-10-25,31.05,0.002016942315449688
2023-10-26,30.4375,-0.01972624798711753
2023-10-27,30.575,0.004517453798768001
2023-10-30,30.5,-0.002452984464431651
2023-10-31,30.2875,-0.006967213114754012
2023-11-01,30.4375,0.004952538175815091
2023-11-02,31.125,0.022587268993839782
2023-11-03,31.3625,0.007630522088353464
2023-11-06,31.6375,0.008768433638900008
2023-11-07,31.625,-0.0003951007506913795
2023-11-08,31.8,0.005533596837944632
2023-11-09,31.8125,0.00039308176100627534
2023-11-10,31.6875,-0.003929273084479323
2023-11-13,32.175,0.01538461538461533
2023-11-14,32.25,0.002331002331002363
2023-11-15,32.6375,0.012015503875969058
2023-11-16,32.65,0.0003829950210645361
2023-11-17,32.75,0.003062787136294043
2023-11-20,32.7375,-0.0003816793893131054
2023-11-21,33.1375,0.012218403970981395
2023-11-22,32.8375,-0.00905318747642414
2023-11-23,32.825,-0.0003806623524932329
2023-11-24,32.8,-0.0007616146230009502
2023-11-27,32.5875,-0.006478658536585358
2023-11-28,32.8125,0.0069044879171462625
2023-11-29,32.7875,-0.0007619047619047414
2023-11-30,32.8375,0.0015249714067859799
2023-12-01,32.95,0.003425961172440095
2023-12-04,32.825,-0.003793626707132014
2023-12-05,32.5875,-0.007235338918507361
2023-12-06,32.7,0.0034522439585731313
2023-12-07,32.5,-0.006116207951070374
2023-12-08,32.7625,0.008076923076923093
2023-12-11,32.8,0.0011446012972147201
2023-12-12,32.875,0.0022865853658537993
2023-12-13,32.8875,0.00038022813688232127
2023-12-14,33.2875,0.012162675788673472
2023-12-15,33.425,0.004130679684566152
2023-12-18,33.475,0.0014958863126404154
2023-12-19,33.35,-0.0037341299477221535
2023-12-20,33.4375,0.002623688155922066
2023-12-21,33.15,-0.008598130841121487
2023-12-22,33.2375,0.002639517345399689
2023-12-25,33.375,0.004136893569010924
2023-12-26,33.5625,0.00561797752808979
2023-12-27,33.9375,0.011173184357541999
2023-12-28,33.9375,0.0
2023-12-29,33.8625,-0.0022099447513812542
2024-01-02,33.725,-0.004060538944259728
2024-01-03,33.1375,-0.017420311341734607
2024-01-04,33.125,-0.0003772161448510891
2024-01-05,33.0375,-0.0026415094339622414
2024-01-08,33.1875,0.004540295119182636
2024-01-09,33.25,0.0018832391713747842
2024-01-10,33.075,-0.0052631578947367474
2024-01-11,33.2125,0.004157218442932598
2024-01-12,33.1625,-0.0015054572826495027
2024-01-15,33.25,0.0026385224274405594
2024-01-16,32.9125,-0.010150375939849576
2024-01-17,31.8625,-0.009115077857956844
2024-01-18,32.075,0.006669282071400717
2024-01-19,33.225,0.03585346843335935
2024-01-22,33.45,0.006772009029345494
2024-01-23,33.5125,0.0018684603886398587
2024-01-24,33.5,-0.00037299515106314907
2024-01-25,33.9125,0.012313432835820981
2024-01-26,33.9125,0.0
2024-01-29,34.125,0.006266126059712551
2024-01-30,34.0375,-0.002564102564102555
2024-01-31,33.5875,-0.01322071244950429
2024-02-01,33.5875,0.0
2024-02-02,33.775,0.005582433941198284
2024-02-05,33.9875,0.0062916358253144455
2024-02-15,35.5875,0.047076130930489235
2024-02-16,35.325,-0.007376185458377149
2024-02-19,35.275,-0.0014154281670206714
2024-02-20,35.4125,0.0038979447200566675
2024-02-21,35.3,-0.0031768443346277264
2024-02-22,35.7,0.011331444759206999
2024-02-23,35.9375,0.006652661064425747
2024-02-26,35.9875,0.0013913043478259723
2024-02-27,35.8375,-0.004168113928447292
2024-02-29,35.825,-0.0003487966515520746
2024-03-01,35.7,-0.0034891835310537633
2024-03-04,36.7375,0.02906162464985984
2024-03-05,37.0375,0.008166042871725177
2024-03-06,37.2125,0.004724940938238165
2024-03-07,38.075,0.023177695666778853
2024-03-08,38.6125,0.014116874589625628
2024-03-11,38.225,-0.01003561022984778
2024-03-12,38.625,0.01046435578809679
2024-03-13,38.8125,0.004854368932038833
2024-03-14,38.775,-0.0009661835748792091
2024-03-15,38.25,-0.013539651837524147
2024-03-18,38.6,0.009150326797385588
2024-03-19,38.5125,-0.00226683937823835
2024-03-20,38.3,-0.005517689061993014
2024-03-21,39.35,0.027415143603133352
2024-03-22,39.3,-0.0012706480304957024
2024-03-25,39.375,0.001908396946564972
2024-03-26,39.4,0.0006349206349205438
2024-03-27,39.4125,0.00031725888324873885
2024-03-28,39.225,-0.004757373929590858
2024-03-29,39.475,0.006373486297004405
2024-04-01,39.35,-0.0031665611146295403
2024-04-02,39.9125,0.014294790343075015
2024-04-03,39.6375,-0.006890072032571193
2024-04-08,39.8625,0.005676442762535316
2024-04-09,40.8125,0.02383192223267483
2024-04-10,40.75,-0.0015313935681470214
2024-04-11,40.625,-0.0030674846625766694
2024-04-12,40.525,-0.002461538461538515
2024-04-15,40.0,-0.012954966070326979
2024-04-16,38.9125,-0.02718749999999992
2024-04-17,39.35,0.011243173787343297
2024-04-18,39.7375,0.009847522236340334
2024-04-19,37.725,-0.050644856873230504
2024-04-22,37.6125,-0.0029821073558649047
2024-04-23,37.975,0.009637753406447347
2024-04-24,39.0875,0.029295589203423233
2024-04-25,38.375,-0.018228333866325497
2024-04-26,39.0,0.016286644951140072
2024-04-29,39.7,0.017948717948718107
2024-04-30,39.5625,-0.0034634760705289924
2024-05-02,39.0375,-0.013270142180094702
2024-05-03,39.2375,0.005123278898494954
2024-05-06,39.8,0.014335775724753086
2024-05-07,40.025,0.005653266331658413
2024-05-08,40.175,0.0037476577139288203
2024-05-09,40.125,-0.001244555071561848
2024-05-10,40.4125,0.007165109034267925
2024-05-13,40.825,0.010207237859573226
2024-05-14,41.1,0.006736068585425636
2024-05-15,41.6625,0.013686131386861256
2024-05-16,41.8625,0.004800480048004596
2024-05-17,41.8125,-0.0011943863839951607
2024-05-20,41.8,-0.0002989536621824662
2024-05-21,41.75,-0.0011961722488037507
2024-05-22,42.5,0.017964071856287456
2024-05-23,42.825,0.007647058823529562
2024-05-24,42.65,-0.004086398131932345
2024-05-27,43.2375,0.013774912075029233
2024-05-28,43.3,0.0014455044810639528
2024-05-29,42.7125,-0.013568129330253975
2024-05-30,41.975,-0.017266608135791617
2024-05-31,41.5,-0.011316259678380014
2024-06-03,42.3875,0.02138554216867483
2024-06-04,41.7125,-0.0159245060454144
2024-06-05,42.1125,0.009589451603236432
2024-06-06,43.55,0.034134758088453454
2024-06-07,43.2125,-0.007749712973593503
2024-06-11,43.325,0.002603413364188789
2024-06-12,44.1,0.017888055395268276
2024-06-13,44.7375,0.014455782312924992
2024-06-14,45.0,0.005867560771165126
2024-06-17,45.0,0.0
2024-06-18,45.75,0.016666666666666607
2024-06-19,46.9875,0.027049180327868738
2024-06-20,47.4375,0.009577015163607427
2024-06-21,47.15,-0.0060606060606061
2024-06-24,46.0,-0.024390243902439046
2024-06-25,45.975,-0.0005434782608695343
2024-06-26,46.3375,0.007884719956497976
2024-06-27,46.325,-0.0002697599136767259
2024-06-28,46.6125,0.006206152185644687
2024-07-01,46.65,0.0008045052292839916
2024-07-02,46.3375,-0.006698821007502631
2024-07-03,46.9,0.012139196115457329
2024-07-04,48.125,0.026119402985074647
2024-07-05,47.95,-0.0036363636363635488
2024-07-08,49.4625,0.03154327424400405
2024-07-09,49.4125,-0.0010108668182966518
2024-07-10,49.5875,0.0035416139640778166
2024-07-11,50.6875,0.02218300983110666
2024-07-12,49.0875,-0.03156596794081379
2024-07-15,49.175,0.0017825311942958333
2024-07-16,49.2125,0.005846466700559327
2024-07-17,48.525,-0.013970027940055862
2024-07-18,47.65,-0.018031942297784598
2024-07-19,46.5625,-0.022822665267576037
2024-07-22,45.175,-0.029798657718120847
2024-07-23,46.575,0.030990592141671325
2024-07-26,44.75,-0.03918411164787983
2024-07-29,45.15,0.00893854748603351
2024-07-30,45.15,0.0
2024-07-31,45.2125,0.0013842746400885009
2024-08-01,46.0,0.017417749516173586
2024-08-02,43.675,-0.05054347826086958
2024-08-05,39.6875,-0.0912993703491699
2024-08-06,41.875,0.055118110236220375
2024-08-07,43.5375,0.039701492537313365
2024-08-08,42.6375,-0.02067183462532296
2024-08-09,43.9625,0.03107593081207849
2024-08-12,44.5125,0.012510662496445946
2024-08-13,44.625,0.002527379949452291
2024-08-14,45.1875,0.012605042016806678
2024-08-15,44.8375,-0.007745504840940609
2024-08-16,45.85,0.0225815444661277
2024-08-19,45.9125,0.0013631406761178688
2024-08-20,45.9375,0.0005445140212361199
2024-08-21,45.45,-0.010612244897959089
2024-08-22,45.2125,-0.0052255225522552795
2024-08-23,45.2375,0.0005529444290848229
2024-08-26,45.3125,0.001657916551533578
2024-08-27,45.1125,-0.00441379310344836
2024-08-28,45.75,0.01413133832086455
2024-08-29,45.125,-0.013661202185792365
2024-08-30,45.3375,0.00470914127423816
2024-09-02,45.2125,-0.0027570995312931057
2024-09-03,45.0125,-0.004423555432678916
2024-09-04,42.8125,-0.04887531241321863
2024-09-05,43.075,0.006131386861313981
2024-09-06,43.6875,0.014219384793964007
2024-09-09,43.0125,-0.015450643776823925
2024-09-10,43.0875,0.0017436791630338622
2024-09-11,42.9625,-0.0029010733971569502
2024-09-12,44.575,0.037532732033750404
2024-09-13,44.6,0.000560852495793629
2024-09-16,44.6875,0.001961883408071685
2024-09-18,44.4625,-0.005034965034965033
2024-09-19,45.0375,0.01293224627495082
2024-09-20,45.6125,0.012767138495697994
2024-09-23,45.8125,0.004384762948753229
2024-09-24,46.25,0.009549795361528002
2024-09-25,46.9375,0.014864864864864824
2024-09-26,47.325,0.008255659121171766
2024-09-27,47.225,-0.0021130480718436484
2024-09-30,45.9875,-0.026204340921122338
2024-10-01,45.9,-0.0019026909486272725
2024-10-04,45.9,0.0
2024-10-07,47.0375,0.02478213507625271
2024-10-08,46.8125,-0.00478341748604838
2024-10-09,47.25,0.009345794392523255
2024-10-11,48.0375,0.016666666666666607
2024-10-14,48.075,0.0007806401249024209
2024-10-15,49.1,0.021320852834113335
2024-10-16,48.25,-0.01731160896130346
2024-10-17,48.325,0.0015544041450776813
2024-10-18,49.525,0.024831867563372967
2024-10-21,49.5125,-0.00025239777889940473
2024-10-22,49.325,-0.0037869224943196667
2024-10-23,49.0,-0.006588950836289964
2024-10-24,48.7,-0.006122448979591799
2024-10-25,49.1,0.008213552361396204
2024-10-28,49.0125,-0.001782077393075343
2024-10-29,47.875,-0.023208365212955884
2024-10-30,47.95,0.0015665796344648264
2024-11-01,47.625,-0.006777893639207555
2024-11-04,48.2375,0.01286089238845145
2024-11-05,48.4125,0.0036278828712101863
2024-11-06,48.8,0.00800413116447185
2024-11-07,49.3625,0.011526639344262346
2024-11-08,49.75,0.007850088630033003
2024-11-11,49.775,0.0005025125628139726
2024-11-12,48.5,-0.025615268709191286
2024-11-13,48.1875,-0.006443298969072142
2024-11-14,47.75,-0.009079118028534339
2024-11-15,48.0875,0.007068062827225052
2024-11-18,47.4125,-0.014036911879386493
2024-11-19,48.0625,0.013709464803585591
2024-11-20,47.8625,-0.004161248374512372
2024-11-21,47.3375,-0.010968921389396646
2024-11-22,48.2625,0.019540533403749727
2024-11-25,48.0875,-0.0036260036260037376
2024-11-26,47.4625,-0.012997140629061654
2024-11-27,46.775,-0.014485119831445847
2024-11-28,46.7,-0.0016034206306786425
2024-11-29,46.8125,0.0024089935760169823
2024-12-02,47.925,0.02376502002670211
2024-12-03,48.575,0.013562858633281216
2024-12-04,48.8625,0.0059186824498198565
2024-12-05,49.125,0.005372217958557135
2024-12-06,48.9375,-0.003816793893129722
2024-12-09,49.0,0.0012771392081736277
2024-12-10,48.65,-0.0071428571428571175
2024-12-11,48.225,-0.008735868448098594
2024-12-12,48.7875,0.011664074650077794
2024-12-13,48.825,0.000768639508070823
2024-12-16,49.025,0.004096262160778297
2024-12-17,49.275,0.0050994390617031815
2024-12-18,49.275,0.0
2024-12-19,48.6,-0.013698630136986245
2024-12-20,48.15,-0.0092592592592593
2024-12-23,49.3125,0.02414330218068539
2024-12-24,49.45,0.0027883396704690977
2024-12-25,49.6,0.0030333670374114163
2024-12-26,49.5625,-0.0007560483870967527
2024-12-27,49.725,0.003278688524590123
2024-12-30,49.45,-0.005530417295123158
2024-12-31,48.9375,-0.01036400404448945
2025-01-02,48.5125,-0.008684546615581046
2025-01-03,49.0,0.010048956454521862
2025-01-06,50.5375,0.03137755102040818
2025-01-07,51.1,0.011130348750927554
2025-01-08,50.3375,-0.014921722113502955
2025-01-09,49.7625,-0.011422895455674098
2025-01-10,49.75,-0.00025119316754584897
2025-01-13,48.6,-0.02311557788944718
2025-01-14,48.9,0.006172839506172867
2025-01-15,48.525,-0.0076687116564416735
2025-01-16,49.5125,0.020350334878928455
2025-01-17,49.075,0.004796768492804748
2025-01-20,49.575,0.010188487009679115
2025-01-21,49.675,0.0020171457387794245
2025-01-22,50.325,0.013085052843482714
2025-02-03,48.175,-0.04272230501738705
2025-02-04,48.4625,0.0059678256357031945
2025-02-05,49.2,0.015217952024761505
2025-02-06,49.4125,0.004319105691056979
2025-02-07,49.6375,0.004553503668100145
2025-02-10,49.075,-0.011332158146562632
2025-02-11,49.375,0.006113092205807469
2025-02-12,49.3,-0.0015189873417722488
2025-02-13,49.0875,-0.004310344827586188
2025-02-14,48.5,-0.011968423733129563
2025-02-17,49.2375,0.015206185567010255
2025-02-18,49.4125,0.003554201574003546
2025-02-19,49.325,-0.0017708069820389083
2025-02-20,49.1375,-0.0038013177901672357
2025-02-21,49.4875,0.007122869498855211
2025-02-24,49.05,-0.00884061631725186
2025-02-25,48.4125,-0.012996941896024405
2025-02-26,48.675,0.005422153369480931
2025-02-27,48.125,-0.011299435028248483
2025-03-03,47.0125,-0.02311688311688309
2025-03-04,46.7,-0.006647168306301521
2025-03-05,47.3125,0.013115631691648755
2025-03-06,47.025,-0.0060766182298547244
2025-03-07,46.5875,-0.009303561935140925
2025-03-10,46.3125,-0.005902870941776217
2025-03-11,45.5,-0.01754385964912286
2025-03-12,45.7,0.00439560439560438
2025-03-13,45.275,-0.009299781181619338
2025-03-14,45.125,-0.00331308669243513
2025-03-17,45.5125,0.008587257617728605
2025-03-18,45.7,0.004119747322164136
2025-03-19,45.1375,-0.012308533916849052
2025-03-20,46.1125,0.021600664635834876
2025-03-21,45.7375,-0.00813228517213338
2025-03-24,45.6875,-0.0010931948619841148
2025-03-25,46.1625,0.010396716826265529
2025-03-26,46.125,-0.0008123476848090894
2025-03-27,45.25,-0.01897018970189701
2025-03-28,44.8,-0.009944751381215533
2025-03-31,43.1875,-0.03599330357142849
2025-04-01,44.075,0.020549927641099863
2025-04-02,44.0,-0.00170164492342606
2025-04-07,39.6,-0.09999999999999998
2025-04-08,38.3125,-0.0325126262626263
2025-04-09,36.55,-0.04600326264274068
2025-04-10,40.2,0.0998632010943914
2025-04-11,41.1375,0.02332089552238803
2025-04-14,40.925,-0.005165603160133814
2025-04-15,41.3375,0.010079413561392858
2025-04-16,40.5875,-0.018143332325370465
2025-04-17,40.1375,-0.01108715737603927
2025-04-18,40.225,0.0021800062285892707
2025-04-21,39.65,-0.01429459291485402
2025-04-22,38.9875,-0.016708701134930726
2025-04-23,40.7125,0.04424495030458475
2025-04-24,40.475,-0.005833589192508426
2025-04-25,41.4375,0.023780111179740437
2025-04-28,41.7875,0.008446455505279005
2025-04-29,41.95,0.0038887227041579653
2025-04-30,42.15,0.004767580452920139
2025-05-02,43.375,0.02906287069988145
2025-05-05,42.9875,-0.008933717579250766
2025-05-06,42.75,-0.0055248618784530246
2025-05-07,42.5875,-0.0038011695906433607
2025-05-08,43.15,0.013208100968594039
2025-05-09,43.6875,0.012456546929316303
2025-05-12,44.175,0.011158798283261717
2025-05-13,44.7125,0.012167515563101361
2025-05-14,45.725,0.022644674308079482
2025-05-15,45.625,-0.002186987424822373
2025-05-16,45.75,0.00273972602739736
2025-05-19,45.1125,-0.013934426229508245
2025-05-20,45.2,0.001939595455805021
2025-05-21,45.9,0.015486725663716783
2025-05-22,45.4,-0.01089324618736387
2025-05-23,45.2125,-0.00412995594713661
2025-05-26,45.1625,-0.0011058888581696458
2025-05-27,44.7625,-0.00885690561859942
2025-05-28,44.8375,0.0016755096341802833
2025-05-29,44.9375,0.002230275996654596
2025-06-02,43.975,-0.021418636995827467
2025-06-03,44.2875,0.007106310403638405
2025-06-04,45.325,0.0234264747389219
2025-06-05,45.4125,0.0019305019305018156
2025-06-06,45.4875,0.0016515276630881814
2025-06-09,45.925,0.00961802693047531
2025-06-10,47.1625,0.026946107784431295
2025-06-18,47.57,0.008640339252584228
2025-06-19,47.1,-0.00988017658187934
2025-06-20,47.03,-0.0014861995753715496
2025-06-23,46.64,-0.008292579204762895
2025-06-24,47.49,0.018224699828473412
2025-06-25,48.18,0.014529374605180001
2025-06-26,48.24,0.001245330012453305
2025-06-27,48.29,0.0010364842454393397
2025-06-30,48.36,0.00144957548146607
2025-07-01,48.64,0.005789909015715411
2025-07-02,48.65,0.00020559210526305272
2025-07-03,49.32,0.01377183967112039
2025-07-04,48.86,-0.009326845093268421
2025-07-07,48.57,-0.005935325419566095
2025-07-08,48.35,-0.004529544986617284
2025-07-09,48.85,0.010341261633919352
2025-07-10,49.41,0.011463664278403174
2025-07-11,49.62,0.004250151791135526
2025-07-14,49.33,-0.005844417573559024
2025-07-15,50.0,0.013581998783701588
2025-07-16,50.4,0.008000000000000007
2025-07-17,50.7,0.005952380952380931
2025-07-18,51.45,0.014792899408283988
2025-07-21,50.9,-0.0036929057337221627
2025-07-22,50.55,-0.006876227897838927
2025-07-23,50.7,0.0029673590504453173
2025-07-24,51.0,0.00591715976331364
2025-07-25,50.9,-0.0019607843137254832
2025-07-28,51.05,0.0029469548133596035
2025-07-29,50.45,-0.011753183153770719
2025-07-30,51.0,0.01090188305252715
2025-07-31,51.55,0.010784313725490158
2025-08-01,51.1,-0.008729388942773975
2025-08-04,50.8,-0.005870841487279899
2025-08-05,51.45,0.01279527559055138
2025-08-06,51.0,-0.008746355685131268
2025-08-07,52.45,0.02843137254901973
2025-08-08,52.45,0.0
2025-08-11,52.85,0.007626310772163913
2025-08-12,52.9,0.0009460737937558861
2025-08-13,53.35,0.008506616257088817
2025-08-14,53.15,-0.0037488284910965897
2025-08-15,53.15,0.0
2025-08-18,53.3,0.002822201317027151
2025-08-19,53.2,-0.0018761726078798668
2025-08-20,51.7,-0.02819548872180455
2025-08-21,52.0,0.005802707930367523
2025-08-22,51.75,-0.004807692307692291
2025-08-25,52.7,0.018357487922705307
2025-08-26,52.75,0.000948766603415585
2025-08-27,53.0,0.004739336492890933
2025-08-28,52.5,-0.009433962264150941
2025-08-29,52.5,0.0
2025-09-01,52.0,-0.00952380952380949
2025-09-02,52.0,0.0
2025-09-03,51.95,-0.0009615384615384581
2025-09-04,52.3,0.006737247353224118
2025-09-05,52.85,0.01051625239005749
2025-09-08,53.35,0.009460737937559083
2025-09-09,53.9,0.010309278350515427
2025-09-10,54.95,0.019480519480519654
2025-09-11,55.45,0.009099181073703333
2025-09-12,56.0,0.009918845807033394
2025-09-15,56.0,0.0
2025-09-16,56.75,0.013392857142857206
2025-09-17,56.35,-0.007048458149779724
2025-09-18,56.95,0.010647737355811815
2025-09-19,57.0,0.0008779631255486642
2025-09-22,57.4,0.007017543859649145
2025-09-23,58.45,0.018292682926829285
2025-09-24,58.4,-0.0008554319931566301
2025-09-25,58.2,-0.003424657534246478
2025-09-26,57.25,-0.01632302405498287
2025-09-30,57.8,0.009606986899563186
2025-10-01,58.1,0.00519031141868509
2025-10-02,59.2,0.018932874354561147
2025-10-03,60.05,0.014358108108108114
2025-10-07,61.7,0.02747710241465451
2025-10-08,61.15,-0.008914100486223764
2025-10-09,61.6,0.007358953393295176
2025-10-13,61.0,-0.009740259740259716
2025-10-14,60.7,-0.004918032786885185
2025-10-15,61.8,0.01812191103789118
2025-10-16,63.0,0.01941747572815533
2025-10-17,62.05,-0.015079365079365137
2025-10-20,63.1,0.01692183722804197
2025-10-21,63.2,0.0015847860538826808
2025-10-22,62.7,-0.007911392405063333
2025-10-23,62.35,-0.005582137161084577
2025-10-27,63.8,0.023255813953488413
2025-10-28,63.35,-0.007053291536050055
2025-10-29,64.4,0.016574585635359185
2025-10-30,64.4,0.0
2025-10-31,64.75,0.005434782608695565
2025-11-03,64.15,-0.009266409266409203
2025-11-04,63.95,-0.003117692907248726
2025-11-05,63.15,-0.012509773260359736
2025-11-06,63.3,0.002375296912114022
2025-11-07,62.55,-0.011848341232227444
2025-11-10,63.35,0.012789768185451633
2025-11-11,62.9,-0.007103393843725381
2025-11-12,63.2,0.004769475357710773
2025-11-13,62.9,-0.004746835443038
2025-11-14,61.7,-0.019077901430842537
2025-11-17,61.9,0.0032414910858995505
2025-11-18,60.45,-0.02342487883683353
2025-11-19,60.05,-0.006617038875103454
2025-11-20,61.9,0.030807660283097338
2025-11-21,59.85,-0.033117932148626794
2025-11-24,59.55,-0.005012531328320913
2025-11-25,60.35,0.013434089000839755
2025-11-26,61.35,0.016570008285004212
2025-11-27,61.9,0.008964955175223999
2025-11-28,62.35,0.007269789983844976
2025-12-01,61.5,-0.013632718524458687
2025-12-02,61.7,0.003252032520325354
2025-12-03,62.3,0.00972447325769843
2025-12-04,62.2,-0.0016051364365969878
2025-12-05,62.75,0.008842443729903504
2025-12-08,63.7,0.015139442231075773
2025-12-09,63.6,-0.0015698587127158659
2025-12-10,64.05,0.007075471698113178
2025-12-11,63.35,-0.010928961748633781
2025-12-12,63.45,0.0015785319652723562
2025-12-15,62.8,-0.010244286840031647
2025-12-16,62.25,-0.00875796178343946
2025-12-17,61.9,-0.005622489959839383
2025-12-18,61.9,0.0
2025-12-19,62.5,0.009693053311793154
2025-12-22,63.4,0.014399999999999968
2025-12-23,63.7,0.004731861198738141
2025-12-24,63.85,0.0023547880690737433
2025-12-26,64.4,0.008613938919342257
2025-12-29,65.25,0.013198757763975166
2025-12-30,65.15,-0.0015325670498083088
2025-12-31,65.6,0.006907137375287586
2026-01-02,66.95,0.020579268292683084
2026-01-05,69.5,0.03808812546676621
2026-01-06,70.4,0.012949640287769792
2026-01-07,69.85,-0.007812500000000111
2026-01-08,70.1,0.0035790980672869566
2026-01-09,69.85,-0.003566333808844524
2026-01-12,70.35,0.007158196134574135
2026-01-13,70.7,0.004975124378109541
2026-01-14,70.75,0.0007072135785006761
2026-01-15,70.65,-0.001413427561837377
2026-01-16,72.0,0.019108280254777066
2026-01-19,72.6,0.008333333333333304
2026-01-20,72.6,0.0
2026-01-21,71.85,-0.010330578512396715
2026-01-22,71.8,0.013221990257480831
2026-01-23,72.25,0.0062674094707522165
2026-01-26,72.25,0.0
2026-01-27,73.05,0.01107266435986154
2026-01-28,74.2,0.015742642026009612
2026-01-29,73.75,-0.0060646900269542
2026-01-30,72.6,-0.015593220338983138
2026-02-02,71.5,-0.015151515151515027
2026-02-03,72.95,0.020279720279720248
2026-02-04,72.9,-0.0006854009595612665
2026-02-05,72.0,-0.012345679012345734
2026-02-06,71.9,-0.001388888888888773
2026-02-09,73.95,0.028511821974965157
2026-02-10,75.5,0.02096010818120342
2026-02-11,77.2,0.02251655629139071
2026-02-23,77.4,0.002590673575129543
2026-02-24,79.4,0.025839793281653645
2026-02-25,81.1,0.021410579345088054
2026-02-26,81.15,0.0006165228113441668
2026-03-02,80.35,-0.009858287122612608
2026-03-03,78.75,-0.01991288114499057
2026-03-04,75.6,-0.040000000000000036
2026-03-05,77.4,0.023809523809523947
2026-03-06,76.85,-0.007105943152454941
2026-03-09,73.6,-0.042290175666883534
2026-03-10,75.2,0.021739130434782705
2026-03-11,78.2,0.039893617021276695
2026-03-12,76.6,-0.020460358056266115
2026-03-13,75.95,-0.008485639686683921
2026-03-16,75.6,-0.004608294930875667
2026-03-17,76.65,0.013888888888889062
2026-03-18,77.8,0.015003261578603988
2026-03-19,76.0,-0.023136246786632397
2026-03-20,75.9,-0.001315789473684159
2026-03-23,74.25,-0.021739130434782705
2026-03-24,74.4,0.002020202020202033
2026-03-25,76.2,0.024193548387096753
2026-03-26,75.8,-0.005249343832021025
2026-03-27,75.0,-0.01055408970976246
2026-03-30,73.9,-0.014666666666666606
2026-03-31,72.35,-0.020974289580514394
2026-04-01,75.45,0.0428472702142364
2026-04-02,73.95,-0.01988071570576544
2026-04-07,75.3,0.018255578093306246
2026-04-08,79.2,0.05179282868525914
2026-04-09,79.15,-0.0006313131313131493
2026-04-10,80.75,0.020214782059380765
2026-04-13,80.6,-0.0018575851393189957
2026-04-14,83.1,0.03101736972704705
2026-04-15,84.15,0.01263537906137202
2026-04-16,85.0,0.010101010101009944
2026-04-17,84.15,-0.009999999999999898
2026-04-20,84.55,0.004753416518122222
2026-04-21,86.0,0.01714961561206385
2026-04-22,86.35,0.0040697674418603835
2026-04-23,86.35,0.0
2026-04-24,89.95,0.04169079328315006
2026-04-27,93.0,0.033907726514730285
2026-04-28,92.0,-0.010752688172043001
2026-04-29,90.75,-0.013586956521739135
2026-04-30,90.5,-0.0027548209366391463
2026-05-04,94.6,0.045303867403314824
2026-05-05,94.6,0.0
2026-05-06,95.75,0.012156448202959913
2026-05-07,97.7,0.020365535248041855
2026-05-08,97.0,-0.007164790174002067
2026-05-11,96.9,-0.0010309278350515427
2026-05-12,96.85,-0.0005159958720331037
2026-05-13,95.5,-0.013939081053174984
2026-05-14,96.05,0.0057591623036648
2026-05-15,95.4,-0.006767308693388818
2026-05-18,94.9,-0.00524109014675056
2026-05-19,93.1,-0.018967334035827288
2026-05-20,92.5,-0.0064446831364124435
2026-05-21,95.85,0.03621621621621607
2026-05-22,97.3,0.015127803860198297
2026-05-25,100.8,0.03597122302158273
2026-05-26,100.1,-0.00694444444444442
2026-05-27,102.55,0.02447552447552459
2026-05-28,100.5,-0.019990248659190635
2026-05-29,105.4,0.04875621890547266
2026-06-01,105.5,0.000948766603415585
2026-06-02,105.7,0.0018957345971564177
2026-06-03,107.6,0.01797540208136228
2026-06-04,106.1,-0.013940520446096616
2026-06-05,104.15,-0.018378887841658753
2026-06-08,100.95,-0.03072491598655791
2026-06-09,103.5,0.02526002971768193
2026-06-10,100.25,-0.03140096618357491
2026-06-11,99.85,-0.003990024937655878
2026-06-12,101.95,0.02103154732098167
2026-06-15,105.25,0.03236880823933297
2026-06-16,105.9,0.0061757719714965464
2026-06-17,106.0,0.0009442870632672129
2026-06-18,107.3,0.01226415094339628
2026-06-22,111.15,0.03588070829450141
2026-06-23,110.1,-0.009446693657220062
2026-06-24,107.15,-0.026793823796548488
2026-06-25,107.2,0.00046663555762949116
2026-06-26,103.1,-0.03824626865671654
2026-06-29,104.45,0.013094083414161073
2026-06-30,107.8,0.03207276208712306
2026-07-01,109.35,0.01437847866419295
2026-07-02,108.8,-0.005029721079103822
2026-07-03,108.35,-0.004136029411764719
2026-07-06,108.25,-0.0009229349330871495
2026-07-07,106.2,-0.01893764434180134
2026-07-08,106.05,-0.0014124293785311437
2026-07-09,105.8,-0.0023573785950024018
2026-07-13,106.0,0.001890359168241984
2026-07-14,104.4,-0.015094339622641506
2026-07-15,106.3,0.018199233716474916
2026-07-16,106.4,0.0009407337723426057
2026-07-17,100.15,-0.05874060150375937
2026-07-20,99.2,-0.00948577134298556
2026-07-21,102.5,0.03931451612903225
2026-07-22,103.85,0.013170731707317085
2026-07-23,103.9,0.000481463649494529
2026-07-24,101.7,-0.02117420596727626
2026-07-27,101.45,-0.002458210422812246
2026-07-28,97.15,-0.04238541153277475
2026-07-29,93.7,-0.03551209469891925
2026-07-30,93.5,-0.002134471718249764
2026-07-31,102.85,0.09999999999999987
2026-08-03,102.0,-0.008264462809917328
2026-08-04,100.65,-0.013235294117647012
2026-08-05,103.8,0.03129657228017879
2026-08-06,103.3,-0.004816955684007751
2026-08-07,102.85,-0.004356243949661165
2026-08-10,104.25,0.01361205639280505
2026-08-11,104.6,0.003357314148680901
2026-08-12,105.2,0.005736137667304186
2026-08-13,106.7,0.014258555133079831
2026-08-14,106.4,-0.002811621368322359
2026-08-17,106.45,0.00046992481203012026
2026-08-18,104.9,-0.014560826679192118
2026-08-19,103.1,-0.017159199237369083
2026-08-20,103.8,0.00678952473326877
2026-08-21,104.65,0.008188824662813232
2026-08-24,103.8,-0.008122312470138615
2026-08-25,104.4,0.005780346820809301
2026-08-26,105.9,0.014367816091954033
2026-08-27,106.05,0.0014164305949007083
2026-08-28,106.95,0.008486562942008558
2026-08-31,106.25,-0.00654511453950446
2026-09-01,108.45,0.02070588235294113
2026-09-02,106.8,-0.015214384508990375
2026-09-03,106.2,-0.00561797752808979
2026-09-04,107.9,0.016007532956685555
2026-09-07,109.9,0.01853568118628357
2026-09-08,109.65,-0.0022747952684258888
2026-09-09,109.65,0.0
2026-09-10,109.15,-0.004559963520291865
2026-09-11,107.7,-0.013284470911589574
2026-09-14,106.9,-0.00742804085422466
2026-09-15,106.25,-0.006080449017773715
2026-09-16,106.9,0.006117647058823561
2026-09-17,108.05,0.010757717492984042
2026-09-18,109.85,0.016658954187875885
2026-09-21,111.35,0.013654984069185305
2026-09-22,111.85,0.004490345756623215
2026-09-23,112.45,0.005364327223960741
2026-09-24,112.4,-0.00044464206313910015
2026-09-29,111.3,-0.009786476868327454
2026-09-30,112.05,0.006738544474393482
2026-10-01,112.9,0.007585899152164233
2026-10-02,112.8,-0.0008857395925598865
