date,close_split_adj,total_ret
2007-12-26,25.15,0.0
2007-12-27,25.43,0.011133200795228726
2007-12-28,25.6,0.006685017695635231
2007-12-31,26.04,0.01718749999999991
2008-01-02,25.75,-0.011136712749615918
2008-01-03,25.4,-0.013592233009708798
2008-01-04,25.45,0.0019685039370078705
2008-01-07,25.05,-0.015717092337917404
2008-01-08,25.36,0.012375249500997887
2008-01-09,25.56,0.007886435331230235
2008-01-10,25.75,0.007433489827856077
2008-01-11,25.8,0.001941747572815622
2008-01-14,25.9,0.003875968992248069
2008-01-15,26.22,0.01235521235521242
2008-01-16,25.75,-0.017925247902364605
2008-01-17,25.04,-0.02757281553398061
2008-01-18,25.05,0.0003993610223642641
2008-01-21,24.89,-0.006387225548902253
2008-01-22,23.5,-0.05584572117316189
2008-01-23,23.01,-0.020851063829787186
2008-01-24,23.41,0.017383746197305427
2008-01-25,23.8,0.01665954720205054
2008-01-28,22.9,-0.037815126050420256
2008-01-29,22.73,-0.007423580786026118
2008-01-30,22.74,0.0004399472063352228
2008-01-31,22.73,-0.0004397537379067229
2008-02-01,23.05,0.014078310602727795
2008-02-12,22.92,-0.00563991323210411
2008-02-13,22.8,-0.005235602094240899
2008-02-14,23.5,0.030701754385964897
2008-02-15,23.5,0.0
2008-02-18,23.66,0.006808510638297793
2008-02-19,23.93,0.011411665257819115
2008-02-20,23.67,-0.0108650229837024
2008-02-21,23.79,0.005069708491761693
2008-02-22,23.8,0.0004203446826398505
2008-02-25,24.25,0.018907563025210017
2008-02-26,24.5,0.010309278350515427
2008-02-27,24.55,0.0020408163265306367
2008-02-29,24.75,0.008146639511201537
2008-03-03,24.64,-0.004444444444444473
2008-03-04,24.96,0.012987012987013102
2008-03-05,25.0,0.0016025641025640969
2008-03-06,25.5,0.020000000000000018
2008-03-07,25.3,-0.007843137254901933
2008-03-10,24.97,-0.013043478260869601
2008-03-11,24.95,-0.0008009611533840166
2008-03-12,25.11,0.006412825651302523
2008-03-13,24.88,-0.00915969733174038
2008-03-14,24.63,-0.010048231511254002
2008-03-17,24.2,-0.017458384084449885
2008-03-18,24.25,0.0020661157024792765
2008-03-19,24.3,0.0020618556701030855
2008-03-20,24.6,0.012345679012345734
2008-03-21,24.99,0.015853658536585158
2008-03-24,25.79,0.03201280512204896
2008-03-25,25.71,-0.00310197751066299
2008-03-26,25.7,-0.000388953714508089
2008-03-27,25.26,-0.017120622568093324
2008-03-28,25.73,0.018606492478226322
2008-03-31,25.5,-0.008938981733385143
2008-04-01,25.45,-0.0019607843137254832
2008-04-02,25.56,0.0043222003929273
2008-04-03,25.5,-0.0023474178403755097
2008-04-07,25.63,0.005098039215686301
2008-04-08,25.6,-0.001170503316425986
2008-04-09,25.55,-0.001953125
2008-04-10,25.75,0.007827788649706457
2008-04-11,25.98,0.008932038834951417
2008-04-14,26.16,0.006928406466512715
2008-04-15,26.25,0.0034403669724769603
2008-04-16,26.74,0.01866666666666661
2008-04-17,26.82,0.0029917726252806087
2008-04-18,26.65,-0.006338553318419149
2008-04-21,26.6,-0.0018761726078798668
2008-04-22,26.7,0.003759398496240518
2008-04-23,26.6,-0.0037453183520598232
2008-04-24,26.6,0.0
2008-04-25,26.65,0.001879699248120259
2008-04-28,26.75,0.0037523452157599557
2008-04-29,26.5,-0.009345794392523366
2008-04-30,26.3,-0.007547169811320753
2008-05-02,26.63,0.012547528517110162
2008-05-05,26.32,-0.01164100638377763
2008-05-06,26.25,-0.0026595744680850686
2008-05-07,26.28,0.0011428571428571122
2008-05-08,26.25,-0.0011415525114155667
2008-05-09,26.15,-0.003809523809523818
2008-05-12,26.05,-0.003824091778202643
2008-05-13,26.6,0.02111324376199608
2008-05-14,26.65,0.001879699248120259
2008-05-15,26.97,0.012007504690431547
2008-05-16,27.08,0.004078605858361062
2008-05-19,27.5,0.015509601181683985
2008-05-20,27.09,-0.014909090909090872
2008-05-21,26.9,-0.007013658176448945
2008-05-22,26.87,-0.0011152416356876582
2008-05-23,26.39,-0.017863788611834797
2008-05-26,26.12,-0.010231148162182624
2008-05-27,26.14,0.0007656967840734552
2008-05-28,26.12,-0.0007651109410864443
2008-05-29,25.96,-0.006125574272588086
2008-05-30,25.73,-0.008859784283513084
2008-06-02,25.62,-0.0042751651768363486
2008-06-03,25.33,-0.011319281811085213
2008-06-04,25.41,0.0031583103039873883
2008-06-05,25.75,0.013380558835104361
2008-06-06,25.9,0.005825242718446644
2008-06-09,25.7,-0.007722007722007707
2008-06-10,25.05,-0.02529182879377423
2008-06-11,24.94,-0.0043912175648702645
2008-06-12,23.91,-0.04129911788291907
2008-06-13,23.82,-0.0037641154328732496
2008-06-16,24.14,0.013434089000839533
2008-06-17,24.19,0.0020712510356255542
2008-06-18,24.2,0.00041339396444795007
2008-06-19,23.89,-0.012809917355371847
2008-06-20,23.47,-0.017580577647551388
2008-06-23,23.23,-0.010225820195994828
2008-06-24,23.0,-0.00990099009900991
2008-06-25,23.25,0.010869565217391353
2008-06-26,23.08,-0.00731182795698937
2008-06-27,23.0,-0.0034662045060658286
2008-06-30,22.9,-0.004347826086956608
2008-07-01,22.48,-0.018340611353711678
2008-07-02,22.53,0.0022241992882563455
2008-07-03,22.6,0.0031069684864624136
2008-07-04,22.1,-0.02212389380530977
2008-07-07,22.4,0.013574660633484115
2008-07-08,21.41,-0.04419642857142847
2008-07-09,21.41,0.0
2008-07-10,21.62,0.009808500700607237
2008-07-11,22.05,0.019888991674375633
2008-07-14,21.94,-0.0049886621315192725
2008-07-15,21.26,-0.030993618960802216
2008-07-16,21.0,-0.012229539040451654
2008-07-17,21.32,0.015238095238095273
2008-07-18,20.68,-0.03001876172607887
2008-07-21,21.38,0.03384912959381037
2008-07-22,21.3,-0.003741814780168329
2008-07-23,22.1,0.03755868544600949
2008-07-24,22.19,0.004072398190045234
2008-07-25,21.98,-0.009463722397476393
2008-07-29,21.5,-0.021838034576888155
2008-07-30,21.7,0.009302325581395321
2008-07-31,21.47,-0.010599078341013812
2008-08-01,21.33,-0.00652072659524916
2008-08-04,21.19,-0.006563525550867144
2008-08-05,20.82,-0.017461066540821135
2008-08-06,21.17,0.01681075888568695
2008-08-07,21.1,-0.003306565895134672
2008-08-08,21.45,0.016587677725118377
2008-08-11,21.81,0.016783216783216703
2008-08-12,21.81,0.0
2008-08-13,21.92,0.005043558000917159
2008-08-14,22.31,0.0177919708029195
2008-08-15,21.95,-0.01613626176602423
2008-08-18,21.6,-0.015945330296127436
2008-08-19,21.53,-0.0032407407407407662
2008-08-20,21.6,0.0032512772875057383
2008-08-21,21.31,-0.013425925925926063
2008-08-22,21.3,-0.000469263256686947
2008-08-25,21.5,0.009389671361502261
2008-08-26,21.4,-0.0046511627906977715
2008-08-27,21.74,0.015887850467289688
2008-08-28,21.8,0.002759889604415866
2008-08-29,21.9,0.004587155963302614
2008-09-01,21.43,-0.021461187214611877
2008-09-02,21.35,-0.0037330844610358183
2008-09-03,20.74,-0.028571428571428692
2008-09-04,20.1,-0.030858244937319035
2008-09-05,19.6,-0.02487562189054726
2008-09-08,20.9,0.0663265306122447
2008-09-09,19.9,-0.04784688995215314
2008-09-10,20.03,0.006532663316582976
2008-09-11,19.26,-0.03844233649525708
2008-09-12,19.31,0.0025960539979230646
2008-09-15,18.4,-0.04712584153288457
2008-09-16,17.25,-0.06249999999999989
2008-09-17,17.48,0.01333333333333342
2008-09-18,16.8,-0.0389016018306636
2008-09-19,17.97,0.06964285714285712
2008-09-22,18.48,0.028380634390651194
2008-09-23,18.54,0.0032467532467532756
2008-09-24,18.54,0.0
2008-09-25,18.32,-0.011866235167205974
2008-09-26,17.81,-0.027838427947598388
2008-09-30,17.0,-0.045480067377877575
2008-10-01,17.35,0.020588235294117796
2008-10-02,17.26,-0.005187319884726205
2008-10-03,17.42,0.009269988412514474
2008-10-06,16.71,-0.040757749712973634
2008-10-07,16.93,0.013165769000598404
2008-10-08,16.05,-0.05197873597164793
2008-10-09,15.6,-0.028037383177570208
2008-10-13,15.2,-0.02564102564102566
2008-10-14,16.26,0.06973684210526332
2008-10-15,15.76,-0.03075030750307517
2008-10-16,15.21,-0.034898477157360386
2008-10-17,14.8,-0.0269559500328731
2008-10-20,14.66,-0.009459459459459474
2008-10-21,14.74,0.005457025920873049
2008-10-22,14.26,-0.03256445047489831
2008-10-23,13.78,-0.033660589060308554
2008-10-24,13.3,-0.03483309143686497
2008-10-27,12.55,-0.05639097744360899
2008-10-28,13.39,0.06693227091633469
2008-10-29,13.39,0.0
2008-10-30,14.32,0.06945481702763256
2008-10-31,14.65,0.02304469273743015
2008-11-03,15.06,0.027986348122866822
2008-11-04,15.2,0.009296148738379806
2008-11-05,15.15,-0.003289473684210509
2008-11-06,14.1,-0.06930693069306937
2008-11-07,14.5,0.028368794326241176
2008-11-10,14.49,-0.0006896551724138167
2008-11-11,14.4,-0.006211180124223614
2008-11-12,14.1,-0.02083333333333337
2008-11-13,13.42,-0.04822695035460989
2008-11-14,14.04,0.046199701937406745
2008-11-17,13.85,-0.013532763532763448
2008-11-18,13.4,-0.032490974729241784
2008-11-19,13.41,0.0007462686567163423
2008-11-20,12.85,-0.041759880686055184
2008-11-21,12.98,0.010116731517509692
2008-11-24,12.65,-0.025423728813559365
2008-11-25,12.95,0.02371541501976271
2008-11-26,13.0,0.0038610038610038533
2008-11-27,13.52,0.040000000000000036
2008-11-28,13.45,-0.005177514792899407
2008-12-01,13.7,0.018587360594795488
2008-12-02,13.14,-0.040875912408758985
2008-12-03,13.1,-0.003044140030441511
2008-12-04,12.89,-0.016030534351144987
2008-12-05,12.8,-0.006982156710628407
2008-12-08,13.5,0.0546875
2008-12-09,13.51,0.0007407407407407085
2008-12-10,14.05,0.0399703923019985
2008-12-11,14.05,0.0
2008-12-12,13.38,-0.04768683274021357
2008-12-15,13.9,0.038863976083707064
2008-12-16,13.8,-0.007194244604316502
2008-12-17,13.9,0.007246376811594235
2008-12-18,14.0,0.007194244604316502
2008-12-19,14.14,0.010000000000000009
2008-12-22,13.6,-0.03818953323903829
2008-12-23,13.15,-0.03308823529411764
2008-12-24,13.2,0.0038022813688212143
2008-12-25,13.18,-0.0015151515151514694
2008-12-26,13.28,0.007587253414264028
2008-12-29,13.19,-0.006777108433734913
2008-12-30,13.66,0.03563305534495842
2008-12-31,13.49,-0.012445095168374776
2009-01-05,13.92,0.03187546330615265
2009-01-06,14.04,0.008620689655172376
2009-01-07,14.28,0.017094017094017033
2009-01-08,13.61,-0.046918767507002745
2009-01-09,13.6,-0.0007347538574576928
2009-01-10,13.7,0.007352941176470562
2009-01-12,13.7,0.0
2009-01-13,13.8,0.007299270072992803
2009-01-14,13.7,-0.007246376811594346
2009-01-15,13.2,-0.03649635036496346
2009-01-16,13.21,0.0007575757575759567
2009-01-17,13.45,0.018168054504163367
2009-01-19,13.3,-0.011152416356877248
2009-01-20,13.19,-0.008270676691729428
2009-01-21,13.13,-0.004548900682335044
2009-02-02,13.19,0.004569687738004369
2009-02-03,13.38,0.014404852160727843
2009-02-04,13.5,0.008968609865470878
2009-02-05,13.64,0.010370370370370363
2009-02-06,13.8,0.011730205278592365
2009-02-09,13.94,0.010144927536231751
2009-02-10,14.05,0.007890961262553953
2009-02-11,14.2,0.010676156583629748
2009-02-12,13.8,-0.028169014084506894
2009-02-13,14.19,0.02826086956521734
2009-02-16,14.1,-0.006342494714587699
2009-02-17,13.92,-0.012765957446808529
2009-02-18,13.9,-0.001436781609195359
2009-02-19,14.08,0.012949640287769792
2009-02-20,13.8,-0.019886363636363535
2009-02-23,13.86,0.004347826086956497
2009-02-24,13.8,-0.004329004329004182
2009-02-25,13.9,0.007246376811594235
2009-02-26,13.98,0.0057553956834532904
2009-02-27,14.12,0.010014306151645114
2009-03-02,13.82,-0.021246458923512623
2009-03-03,14.02,0.01447178002894356
2009-03-04,14.26,0.01711840228245376
2009-03-05,14.65,0.027349228611500687
2009-03-06,14.7,0.0034129692832762792
2009-03-09,14.8,0.006802721088435382
2009-03-10,15.02,0.014864864864864824
2009-03-11,15.14,0.007989347536617952
2009-03-12,15.14,0.0
2009-03-13,15.55,0.02708058124174384
2009-03-16,15.7,0.009646302250803762
2009-03-17,15.83,0.008280254777070173
2009-03-18,15.79,-0.0025268477574226234
2009-03-19,15.65,-0.008866371120962557
2009-03-20,15.6,-0.0031948881789137795
2009-03-23,16.1,0.03205128205128216
2009-03-24,16.35,0.01552795031055898
2009-03-25,16.7,0.021406727828745975
2009-03-26,16.7,0.0
2009-03-27,16.51,-0.011377245508981892
2009-03-30,16.0,-0.030890369473046686
2009-03-31,16.01,0.0006250000000000977
2009-04-01,16.45,0.02748282323547757
2009-04-02,16.76,0.018844984802431686
2009-04-03,16.95,0.011336515513126422
2009-04-06,17.1,0.00884955752212413
2009-04-07,17.29,0.011111111111111072
2009-04-08,17.01,-0.016194331983805488
2009-04-09,17.6,0.03468547912992359
2009-04-10,17.92,0.0181818181818183
2009-04-13,18.1,0.010044642857142794
2009-04-14,18.16,0.0033149171270716593
2009-04-15,18.13,-0.0016519823788546661
2009-04-16,18.46,0.01820187534473261
2009-04-17,17.49,-0.05254604550379216
2009-04-20,17.51,0.0011435105774730836
2009-04-21,18.0,0.027984009137635546
2009-04-22,18.21,0.011666666666666714
2009-04-23,18.16,-0.0027457440966501823
2009-04-24,18.12,-0.0022026431718060735
2009-04-27,17.67,-0.024834437086092676
2009-04-28,17.1,-0.032258064516129004
2009-04-29,17.13,0.0017543859649120641
2009-04-30,18.32,0.06946876824284898
2009-05-04,19.6,0.06986899563318794
2009-05-05,19.1,-0.025510204081632626
2009-05-06,19.55,0.023560209424083656
2009-05-07,19.99,0.02250639386189257
2009-05-08,19.95,-0.002001000500250094
2009-05-11,20.22,0.013533834586466176
2009-05-12,19.36,-0.042532146389713144
2009-05-13,19.6,0.012396694214876103
2009-05-14,19.31,-0.01479591836734706
2009-05-15,19.6,0.015018125323666531
2009-05-18,19.82,0.011224489795918391
2009-05-19,19.88,0.003027245206861595
2009-05-20,19.98,0.005030181086519203
2009-05-21,19.99,0.0005005005005003227
2009-05-22,19.96,-0.0015007503751874873
2009-05-25,20.06,0.005010020040079999
2009-05-26,19.87,-0.009471585244267056
2009-05-27,20.41,0.027176648213387056
2009-06-01,20.55,0.006859382655560964
2009-06-02,20.65,0.0048661800486617945
2009-06-03,20.52,-0.006295399515738431
2009-06-04,20.38,-0.006822612085770063
2009-06-05,20.39,0.0004906771344455052
2009-06-06,20.4,0.0004904364884745771
2009-06-08,19.9,-0.02450980392156865
2009-06-09,19.15,-0.03768844221105527
2009-06-10,19.26,0.005744125326370808
2009-06-11,19.52,0.01349948078920038
2009-06-12,19.45,-0.0035860655737705027
2009-06-15,18.61,-0.04318766066838042
2009-06-16,18.7,0.004836109618484574
2009-06-17,18.67,-0.0016042780748661833
2009-06-18,18.49,-0.009641135511516019
2009-06-19,18.77,0.015143320713899566
2009-06-22,18.96,0.010122535961641033
2009-06-23,18.7,-0.013713080168776481
2009-06-24,19.05,0.018716577540107027
2009-06-25,19.33,0.014698162729658737
2009-06-26,19.45,0.006207966890843242
2009-06-29,19.32,-0.006683804627249268
2009-06-30,19.26,-0.0031055900621117516
2009-07-01,19.62,0.01869158878504673
2009-07-02,19.9,0.014271151885830724
2009-07-03,20.1,0.01005025125628145
2009-07-06,20.11,0.0004975124378108209
2009-07-07,20.26,0.007458975634013099
2009-07-08,20.25,-0.000493583415597354
2009-07-09,20.42,0.008395061728395214
2009-07-10,20.5,0.003917727717923425
2009-07-13,19.86,-0.03121951219512198
2009-07-14,20.2,0.017119838872104776
2009-07-15,20.8,0.02970297029702973
2009-07-16,20.9,0.004807692307692291
2009-07-17,21.04,0.006698564593301537
2009-07-20,21.34,0.014258555133079831
2009-07-21,21.49,0.007029053420805953
2009-07-22,21.56,0.0032573289902280145
2009-07-23,21.53,-0.0013914656771798484
2009-07-24,21.6,0.0032512772875057383
2009-07-27,21.75,0.00694444444444442
2009-07-28,22.15,0.018390804597701038
2009-07-29,22.05,-0.004514672686230181
2009-07-30,22.0,-0.0022675736961451642
2009-07-31,22.0,0.0
2009-08-03,22.14,0.006363636363636349
2009-08-04,21.8,-0.015356820234869062
2009-08-05,21.55,-0.011467889908256867
2009-08-06,21.5,-0.0023201856148492572
2009-08-10,21.62,0.005581395348837281
2009-08-11,21.72,0.0046253469010175685
2009-08-12,21.67,-0.002302025782688677
2009-08-13,22.05,0.01753576372865706
2009-08-14,22.16,0.0049886621315191615
2009-08-17,21.85,-0.01398916967509023
2009-08-18,21.22,-0.028832951945080176
2009-08-19,21.42,0.009425070688030335
2009-08-20,21.04,-0.017740429505135547
2009-08-21,20.95,-0.004277566539923949
2009-08-24,21.5,0.026252983293556076
2009-08-25,21.22,-0.013023255813953583
2009-08-26,21.0,-0.010367577756833168
2009-08-27,20.94,-0.0028571428571427804
2009-08-28,21.2,0.01241642788920716
2009-08-31,21.3,0.004716981132075526
2009-09-01,21.78,0.022535211267605604
2009-09-02,21.84,0.0027548209366390353
2009-09-03,22.16,0.0146520146520146
2009-09-04,22.35,0.008574007220216728
2009-09-07,22.45,0.004474272930648615
2009-09-08,22.68,0.01024498886414249
2009-09-09,22.55,-0.0057319223985889955
2009-09-10,22.58,0.001330376940132938
2009-09-11,22.75,0.0075287865367583695
2009-09-14,22.55,-0.00879120879120876
2009-09-15,22.6,0.0022172949002217113
2009-09-16,22.9,0.01327433628318575
2009-09-17,23.0,0.004366812227074357
2009-09-18,23.09,0.003913043478260825
2009-09-21,23.12,0.0012992637505413462
2009-09-22,23.0,-0.005190311418685201
2009-09-23,22.7,-0.013043478260869601
2009-09-24,22.65,-0.0022026431718061845
2009-09-25,22.62,-0.0013245033112582183
2009-09-28,22.45,-0.0075154730327144925
2009-09-29,22.62,0.007572383073496836
2009-09-30,22.79,0.0075154730327142705
2009-10-01,23.1,0.013602457218078179
2009-10-02,22.8,-0.012987012987012991
2009-10-05,22.9,0.004385964912280604
2009-10-06,23.13,0.010043668122270866
2009-10-07,23.6,0.02031993082576755
2009-10-08,23.5,-0.00423728813559332
2009-10-09,23.5,0.0
2009-10-12,23.84,0.014468085106382977
2009-10-13,23.75,-0.003775167785234901
2009-10-14,24.05,0.01263157894736855
2009-10-15,24.0,-0.0020790020790021346
2009-10-16,24.2,0.008333333333333304
2009-10-19,24.16,-0.0016528925619834212
2009-10-20,24.0,-0.0066225165562914245
2009-10-21,23.9,-0.004166666666666763
2009-10-22,23.63,-0.011297071129707126
2009-10-23,21.76,0.005501481168006972
2009-10-26,21.66,-0.004595588235294157
2009-10-27,21.54,-0.005540166204986208
2009-10-28,21.4,-0.006499535747446661
2009-10-29,20.88,-0.024299065420560706
2009-10-30,20.93,0.002394636015325746
2009-11-02,20.81,-0.005733397037744892
2009-11-03,20.83,0.0009610764055743015
2009-11-04,21.2,0.01776284205472889
2009-11-05,21.1,-0.004716981132075415
2009-11-06,21.24,0.006635071090047351
2009-11-09,21.25,0.0004708097928438626
2009-11-10,21.42,0.008000000000000007
2009-11-11,21.5,0.0037348272642390157
2009-11-12,21.61,0.005116279069767415
2009-11-13,21.59,-0.0009254974548820183
2009-11-16,21.8,0.009726725335803543
2009-11-17,21.82,0.0009174311926605228
2009-11-18,22.0,0.008249312557286892
2009-11-19,22.05,0.002272727272727204
2009-11-20,21.82,-0.0104308390022676
2009-11-23,21.71,-0.005041246562786372
2009-11-24,21.85,0.006448641179180203
2009-11-25,22.0,0.00686498855835227
2009-11-26,22.0,0.0
2009-11-27,21.37,-0.02863636363636357
2009-11-30,21.62,0.01169864295741685
2009-12-01,21.68,0.0027752081406104967
2009-12-02,21.8,0.005535055350553542
2009-12-03,21.77,-0.0013761467889908952
2009-12-04,21.72,-0.0022967386311437687
2009-12-07,21.9,0.008287292817679592
2009-12-08,21.83,-0.0031963470319634757
2009-12-09,21.97,0.006413192853870875
2009-12-10,21.72,-0.011379153390987717
2009-12-11,22.1,0.017495395948434744
2009-12-14,22.32,0.009954751131221684
2009-12-15,22.28,-0.0017921146953404632
2009-12-16,22.1,-0.008078994614003632
2009-12-17,22.05,-0.002262443438914019
2009-12-18,22.0,-0.0022675736961451642
2009-12-21,22.23,0.010454545454545494
2009-12-22,22.34,0.004948268106162779
2009-12-23,22.35,0.00044762757385852225
2009-12-24,22.51,0.007158836689038051
2009-12-25,22.55,0.0017769880053308817
2009-12-28,22.7,0.006651884700665134
2009-12-29,22.66,-0.0017621145374449032
2009-12-30,23.0,0.015004413062665423
2009-12-31,23.4,0.017391304347825987
2010-01-04,23.5,0.004273504273504258
2010-01-05,23.4,-0.004255319148936176
2010-01-06,23.75,0.014957264957265126
2010-01-07,23.55,-0.008421052631578885
2010-01-08,23.8,0.010615711252653925
2010-01-11,24.05,0.010504201680672232
2010-01-12,23.92,-0.00540540540540535
2010-01-13,23.66,-0.010869565217391353
2010-01-14,24.0,0.014370245139475823
2010-01-15,24.12,0.0050000000000001155
2010-01-18,24.01,-0.004560530679933672
2010-01-19,23.99,-0.0008329862557269196
2010-01-20,23.7,-0.01208837015423092
2010-01-21,23.47,-0.009704641350210985
2010-01-22,23.05,-0.01789518534299095
2010-01-25,22.96,-0.0039045553145335976
2010-01-26,22.54,-0.018292682926829396
2010-01-27,22.1,-0.019520851818988327
2010-01-28,22.49,0.01764705882352935
2010-01-29,22.35,-0.00622498888394829
2010-02-01,22.14,-0.00939597315436247
2010-02-02,22.0,-0.006323396567299078
2010-02-03,22.27,0.012272727272727213
2010-02-04,22.2,-0.0031432420296363395
2010-02-05,21.21,-0.04459459459459447
2010-02-06,21.34,0.006129184347006156
2010-02-08,21.35,0.00046860356138722636
2010-02-09,21.75,0.0187353629976581
2010-02-10,21.95,0.009195402298850519
2010-02-22,22.1,0.006833712984054774
2010-02-23,22.28,0.008144796380090469
2010-02-24,22.08,-0.008976660682226356
2010-02-25,21.97,-0.004981884057970953
2010-02-26,21.9,-0.003186162949476601
2010-03-01,22.35,0.020547945205479534
2010-03-02,22.15,-0.008948545861297674
2010-03-03,22.3,0.006772009029345494
2010-03-04,22.15,-0.0067264573991032695
2010-03-05,22.4,0.011286681715575675
2010-03-08,22.69,0.012946428571428692
2010-03-09,22.59,-0.004407227853680085
2010-03-10,22.69,0.004426737494466648
2010-03-11,22.48,-0.009255178492728056
2010-03-12,22.41,-0.0031138790035587505
2010-03-15,22.23,-0.008032128514056214
2010-03-16,22.27,0.001799370220422869
2010-03-17,22.5,0.010327795240233417
2010-03-18,22.65,0.006666666666666599
2010-03-19,22.68,0.0013245033112583293
2010-03-22,22.7,0.0008818342151675207
2010-03-23,22.65,-0.0022026431718061845
2010-03-24,22.65,0.0
2010-03-25,22.7,0.002207505518763808
2010-03-26,22.7,0.0
2010-03-29,22.71,0.00044052863436139233
2010-03-30,22.69,-0.0008806693086745865
2010-03-31,22.8,0.004847950639047971
2010-04-01,22.97,0.00745614035087705
2010-04-02,22.96,-0.0004353504571178446
2010-04-06,23.12,0.006968641114982521
2010-04-07,23.32,0.00865051903114189
2010-04-08,23.23,-0.0038593481989708245
2010-04-09,23.26,0.0012914334911753311
2010-04-12,23.25,-0.00042992261392960085
2010-04-13,23.01,-0.010322580645161228
2010-04-14,23.2,0.008257279443720122
2010-04-15,23.31,0.004741379310344795
2010-04-16,23.38,0.0030030030030030463
2010-04-19,22.71,-0.02865697177074411
2010-04-20,23.0,0.01276970497578156
2010-04-21,23.05,0.0021739130434783593
2010-04-22,23.0,-0.002169197396963196
2010-04-23,23.02,0.0008695652173913437
2010-04-26,23.35,0.014335360556038346
2010-04-27,23.36,0.0004282655246252709
2010-04-28,23.32,-0.001712328767123239
2010-04-29,23.37,0.002144082332761643
2010-04-30,23.34,-0.0012836970474968679
2010-05-03,23.3,-0.001713796058269046
2010-05-04,23.28,-0.0008583690987123971
2010-05-05,22.93,-0.015034364261168442
2010-05-06,22.7,-0.01003052769297863
2010-05-07,22.5,-0.008810572687224627
2010-05-10,22.7,0.008888888888888946
2010-05-11,22.52,-0.007929515418502175
2010-05-12,22.52,0.0
2010-05-13,22.74,0.009769094138543544
2010-05-14,22.86,0.005277044854881341
2010-05-17,22.41,-0.019685039370078705
2010-05-18,22.36,-0.0022311468094601272
2010-05-19,22.58,0.009838998211091132
2010-05-20,22.3,-0.012400354295836968
2010-05-21,21.8,-0.022421524663677084
2010-05-24,21.97,0.0077981651376146655
2010-05-25,21.41,-0.025489303595812363
2010-05-26,21.45,0.0018682858477345743
2010-05-27,21.6,0.006993006993007089
2010-05-28,21.76,0.007407407407407307
2010-05-31,21.87,0.005055147058823595
2010-06-01,21.8,-0.0032007315957933713
2010-06-02,21.53,-0.01238532110091739
2010-06-03,21.8,0.012540640966093752
2010-06-04,21.74,-0.0027522935779817903
2010-06-07,21.5,-0.011039558417663242
2010-06-08,21.52,0.0009302325581395099
2010-06-09,21.54,0.0009293680297397522
2010-06-10,21.63,0.00417827298050133
2010-06-11,21.88,0.0115580212667592
2010-06-14,21.91,0.0013711151736746086
2010-06-15,22.15,0.010953902327704101
2010-06-17,22.25,0.004514672686230403
2010-06-18,22.28,0.001348314606741674
2010-06-21,22.56,0.012567324955116588
2010-06-22,22.56,0.0
2010-06-23,22.35,-0.00930851063829774
2010-06-24,22.45,0.004474272930648615
2010-06-25,22.24,-0.009354120267260568
2010-06-28,22.26,0.0008992805755396738
2010-06-29,22.12,-0.0062893081761006275
2010-06-30,21.9,-0.009945750452079682
2010-07-01,21.85,-0.0022831050228309113
2010-07-02,22.04,0.008695652173912993
2010-07-05,22.18,0.006352087114337657
2010-07-06,22.52,0.015329125338142457
2010-07-07,22.64,0.005328596802842034
2010-07-08,22.96,0.014134275618374659
2010-07-09,23.0,0.0017421602787455193
2010-07-12,23.03,0.0013043478260870156
2010-07-13,23.0,-0.0013026487190621605
2010-07-14,23.18,0.00782608695652165
2010-07-15,23.2,0.0008628127696290733
2010-07-16,23.19,-0.00043103448275849665
2010-07-19,23.15,-0.0017248814144028568
2010-07-20,23.43,0.012095032397408279
2010-07-21,23.39,-0.0017072129748185727
2010-07-22,23.23,-0.0068405301410859876
2010-07-23,23.6,0.01592767972449427
2010-07-26,23.6,0.0
2010-07-27,23.78,0.007627118644067732
2010-07-28,23.96,0.007569386038688064
2010-07-29,24.0,0.0016694490818029983
2010-07-30,23.9,-0.004166666666666763
2010-08-02,24.2,0.012552301255230214
2010-08-03,24.24,0.0016528925619834212
2010-08-04,24.2,-0.0016501650165016146
2010-08-05,24.16,-0.0016528925619834212
2010-08-06,24.2,0.0016556291390728006
2010-08-09,24.36,0.006611570247933907
2010-08-10,24.34,-0.0008210180623973162
2010-08-11,24.06,-0.011503697617091246
2010-08-12,23.9,-0.006650041562759723
2010-08-13,24.12,0.009205020920502127
2010-08-16,24.1,-0.0008291873963515162
2010-08-17,24.19,0.003734439834024883
2010-08-18,24.55,0.014882182720132198
2010-08-19,24.47,-0.0032586558044807035
2010-08-20,24.59,0.004903964037597186
2010-08-23,24.82,0.0093533956893046
2010-08-24,24.76,-0.002417405318291599
2010-08-25,24.1,-0.026655896607431395
2010-08-26,24.15,0.0020746887966804906
2010-08-27,24.15,0.0
2010-08-30,24.28,0.0053830227743272285
2010-08-31,23.9,-0.01565074135090616
2010-09-01,24.01,0.004602510460251175
2010-09-02,24.16,0.006247396917950843
2010-09-03,24.34,0.007450331125827825
2010-09-06,24.41,0.002875924404272867
2010-09-07,24.36,-0.002048340843916474
2010-09-08,24.23,-0.0053366174055828886
2010-09-09,24.45,0.00907965332232763
2010-09-10,24.57,0.004907975460122671
2010-09-13,25.0,0.017501017501017513
2010-09-14,25.2,0.008000000000000007
2010-09-15,25.26,0.0023809523809523725
2010-09-16,25.29,0.0011876484560569
2010-09-17,25.3,0.0003954132068011429
2010-09-20,25.31,0.00039525691699604515
2010-09-21,25.3,-0.0003951007506913795
2010-09-23,25.27,-0.0011857707509881354
2010-09-24,25.15,-0.00474871388998821
2010-09-27,25.25,0.003976143141153132
2010-09-28,25.2,-0.001980198019801982
2010-09-29,25.35,0.005952380952380931
2010-09-30,25.3,-0.0019723865877712132
2010-10-01,25.39,0.0035573122529644063
2010-10-04,25.4,0.0003938558487592836
2010-10-05,25.49,0.0035433070866142113
2010-10-06,25.84,0.01373087485288349
2010-10-07,25.82,-0.0007739938080495445
2010-10-08,25.75,-0.0027110766847405765
2010-10-11,25.67,-0.003106796116504773
2010-10-12,25.55,-0.004674717569146947
2010-10-13,25.45,-0.00391389432485334
2010-10-14,25.9,0.017681728880157177
2010-10-15,26.04,0.00540540540540535
2010-10-18,25.55,-0.018817204301075252
2010-10-19,25.53,-0.0007827788649705791
2010-10-20,25.75,0.008617312965139012
2010-10-21,25.8,0.001941747572815622
2010-10-22,25.83,0.0011627906976743319
2010-10-25,26.2,0.01432442895857533
2010-10-26,26.4,0.007633587786259444
2010-10-27,26.3,-0.0037878787878786735
2010-10-28,26.32,0.0007604562737641984
2010-10-29,26.3,-0.0007598784194529085
2010-11-01,26.5,0.0076045627376426506
2010-11-02,26.5,0.0
2010-11-03,26.33,-0.006415094339622729
2010-11-04,26.5,0.0064565134827194726
2010-11-05,26.89,0.014716981132075535
2010-11-08,27.14,0.00929713648196362
2010-11-09,27.11,-0.001105379513633098
2010-11-10,26.86,-0.009221689413500544
2010-11-11,26.97,0.004095309009679804
2010-11-12,26.69,-0.010381905821282844
2010-11-15,26.29,-0.014986886474334993
2010-11-16,26.47,0.0068467097755799955
2010-11-17,26.32,-0.005666792595390935
2010-11-18,26.43,0.0041793313069908855
2010-11-19,26.56,0.004918653045781207
2010-11-22,26.72,0.006024096385542244
2010-11-23,26.64,-0.0029940119760478723
2010-11-24,26.63,-0.00037537537537546406
2010-11-25,26.78,0.005632745024408692
2010-11-26,26.38,-0.014936519790888836
2010-11-29,26.65,0.010235026535253988
2010-11-30,26.75,0.0037523452157599557
2010-12-01,27.19,0.016448598130841097
2010-12-02,27.5,0.01140125045972784
2010-12-03,27.44,-0.0021818181818181737
2010-12-06,27.55,0.0040087463556850444
2010-12-07,27.64,0.0032667876588021727
2010-12-08,27.6,-0.0014471780028942893
2010-12-09,27.5,-0.0036231884057971175
2010-12-10,27.14,-0.013090909090909042
2010-12-13,27.29,0.005526897568165046
2010-12-14,27.25,-0.0014657383657017409
2010-12-15,27.34,0.003302752293578015
2010-12-16,27.47,0.00475493782004377
2010-12-17,27.48,0.0003640334910812726
2010-12-20,27.23,-0.0090975254730713
2010-12-21,27.47,0.008813808299669379
2010-12-22,27.65,0.00655260283946113
2010-12-23,27.9,0.009041591320072317
2010-12-24,27.87,-0.0010752688172042113
2010-12-27,27.9,0.0010764262648008671
2010-12-28,27.9,0.0
2010-12-29,27.6,-0.01075268817204289
2010-12-30,27.7,0.0036231884057971175
2010-12-31,27.82,0.0043321299638989785
2011-01-03,28.09,0.009705248023005097
2011-01-04,28.35,0.009255962976148169
2011-01-05,28.05,-0.010582010582010581
2011-01-06,28.2,0.005347593582887722
2011-01-07,28.0,-0.007092198581560294
2011-01-10,27.86,-0.0050000000000000044
2011-01-11,28.08,0.007896625987078298
2011-01-12,28.15,0.00249287749287741
2011-01-13,28.05,-0.003552397868561208
2011-01-14,28.0,-0.0017825311942959443
2011-01-17,28.05,0.0017857142857142794
2011-01-18,28.12,0.002495543672014211
2011-01-19,28.4,0.009957325746799306
2011-01-20,28.35,-0.0017605633802816323
2011-01-21,28.2,-0.005291005291005346
2011-01-24,27.97,-0.008156028368794366
2011-01-25,28.22,0.008938148015731118
2011-01-26,28.16,-0.002126151665485465
2011-01-27,28.2,0.0014204545454545858
2011-01-28,28.13,-0.0024822695035461306
2011-02-08,28.13,0.0
2011-02-09,28.1,-0.0010664770707429216
2011-02-10,27.56,-0.019217081850533946
2011-02-11,26.82,-0.02685050798258337
2011-02-14,27.0,0.006711409395973034
2011-02-15,27.4,0.014814814814814836
2011-02-16,27.26,-0.005109489051094762
2011-02-17,27.1,-0.005869405722670584
2011-02-18,27.45,0.012915129151291449
2011-02-21,27.4,-0.0018214936247723523
2011-02-22,26.9,-0.018248175182481785
2011-02-23,26.95,0.0018587360594795044
2011-02-24,26.71,-0.008905380333951718
2011-02-25,27.1,0.014601272931486386
2011-03-01,27.3,0.007380073800737907
2011-03-02,26.61,-0.025274725274725296
2011-03-03,26.77,0.00601277715144688
2011-03-04,26.68,-0.0033619723571162163
2011-03-07,26.46,-0.008245877061469176
2011-03-08,26.65,0.007180650037792891
2011-03-09,26.55,-0.0037523452157597337
2011-03-10,26.3,-0.00941619585687381
2011-03-11,26.16,-0.005323193916349833
2011-03-14,26.0,-0.006116207951070374
2011-03-15,25.01,-0.03807692307692301
2011-03-16,25.6,0.023590563774490203
2011-03-17,25.5,-0.00390625
2011-03-18,25.78,0.01098039215686275
2011-03-21,25.84,0.002327385570209506
2011-03-22,25.85,0.0003869969040248833
2011-03-23,25.99,0.005415860735009659
2011-03-24,26.19,0.0076952674105426055
2011-03-25,26.35,0.006109201985490698
2011-03-28,26.1,-0.009487666034155628
2011-03-29,26.4,0.011494252873563093
2011-03-30,26.44,0.0015151515151516914
2011-03-31,26.3,-0.005295007564296572
2011-04-01,26.3,0.0
2011-04-06,26.59,0.011026615969581766
2011-04-07,26.67,0.0030086498683716822
2011-04-08,26.73,0.0022497187851517886
2011-04-11,26.76,0.001122334455667895
2011-04-12,26.59,-0.006352765321375298
2011-04-13,26.5,-0.0033847311019180593
2011-04-14,26.65,0.005660377358490454
2011-04-15,26.55,-0.0037523452157597337
2011-04-18,26.5,-0.0018832391713747842
2011-04-19,26.3,-0.007547169811320753
2011-04-20,26.7,0.015209125475285079
2011-04-21,27.08,0.014232209737827572
2011-04-22,27.05,-0.0011078286558344752
2011-04-25,26.95,-0.003696857670979714
2011-04-26,27.0,0.0018552875695732052
2011-04-27,27.2,0.007407407407407307
2011-04-28,27.3,0.003676470588235281
2011-04-29,27.0,-0.010989010989011061
2011-05-03,27.06,0.0022222222222221255
2011-05-04,27.04,-0.0007390983000739038
2011-05-05,27.11,0.0025887573964498145
2011-05-06,27.0,-0.004057543341940195
2011-05-09,27.25,0.0092592592592593
2011-05-10,27.21,-0.0014678899082568586
2011-05-11,27.3,0.00330760749724357
2011-05-12,27.24,-0.002197802197802301
2011-05-13,27.26,0.0007342143906021725
2011-05-16,27.2,-0.0022010271460015662
2011-05-17,27.15,-0.0018382352941176405
2011-05-18,27.3,0.005524861878453136
2011-05-19,27.06,-0.008791208791208871
2011-05-20,26.9,-0.00591278640059123
2011-05-23,26.79,-0.004089219330855043
2011-05-24,26.88,0.0033594624860022737
2011-05-25,26.86,-0.0007440476190475609
2011-05-26,26.99,0.004839910647803425
2011-05-27,27.1,0.004075583549462802
2011-05-30,27.23,0.004797047970479751
2011-05-31,27.71,0.01762761659933898
2011-06-01,27.88,0.006134969325153339
2011-06-02,27.78,-0.0035868005738880493
2011-06-03,28.0,0.007919366450683807
2011-06-07,27.96,-0.0014285714285714457
2011-06-08,27.97,0.0003576537911300637
2011-06-09,27.85,-0.004290311047550843
2011-06-10,27.55,-0.010771992818671472
2011-06-13,27.2,-0.012704174228675202
2011-06-14,27.5,0.011029411764705843
2011-06-15,27.8,0.01090909090909098
2011-06-16,27.38,-0.015107913669064832
2011-06-17,27.2,-0.006574141709276837
2011-06-20,27.09,-0.004044117647058809
2011-06-21,27.26,0.006275378368401752
2011-06-22,27.22,-0.0014673514306677848
2011-06-23,27.1,-0.004408523144746379
2011-06-24,27.03,-0.0025830258302582676
2011-06-27,27.0,-0.0011098779134295356
2011-06-28,27.1,0.0037037037037037646
2011-06-29,27.5,0.014760147601476037
2011-06-30,27.8,0.01090909090909098
2011-07-01,27.9,0.003597122302158251
2011-07-04,27.91,0.00035842293906807043
2011-07-05,27.92,0.0003582945180939934
2011-07-06,28.0,0.002865329512893977
2011-07-07,28.23,0.00821428571428573
2011-07-08,28.28,0.0017711654268508514
2011-07-11,28.0,-0.00990099009900991
2011-07-12,27.65,-0.012500000000000067
2011-07-13,27.55,-0.003616636528028905
2011-07-14,27.57,0.0007259528130671988
2011-07-15,27.95,0.013783097569822322
2011-07-18,28.09,0.005008944543828386
2011-07-19,27.95,-0.0049839800640797405
2011-07-20,28.15,0.007155635062611854
2011-07-21,28.2,0.001776198934280604
2011-07-22,28.5,0.010638297872340496
2011-07-25,28.13,-0.012982456140350873
2011-07-26,28.41,0.009953785993601194
2011-07-27,28.42,0.0003519887363605534
2011-07-28,28.45,0.001055594651653724
2011-07-29,28.2,-0.008787346221441172
2011-08-01,28.26,0.0021276595744681437
2011-08-02,28.2,-0.002123142250530896
2011-08-03,27.9,-0.010638297872340496
2011-08-04,27.63,-0.009677419354838679
2011-08-05,25.83,-0.06514657980456029
2011-08-08,25.3,-0.020518776616337497
2011-08-09,25.0,-0.011857707509881465
2011-08-10,25.5,0.020000000000000018
2011-08-11,25.5,0.0
2011-08-12,25.4,-0.0039215686274510775
2011-08-15,25.65,0.009842519685039353
2011-08-16,25.7,0.0019493177387914784
2011-08-17,25.72,0.0007782101167315147
2011-08-18,25.3,-0.016329704510108844
2011-08-19,24.41,-0.03517786561264824
2011-08-22,24.33,-0.0032773453502663585
2011-08-23,25.0,0.0275380189066996
2011-08-24,24.8,-0.008000000000000007
2011-08-25,24.6,-0.008064516129032251
2011-08-26,24.71,0.004471544715447084
2011-08-29,25.07,0.014569000404694332
2011-08-30,25.25,0.007179896290386845
2011-08-31,25.43,0.007128712871287135
2011-09-01,25.66,0.009044435705859222
2011-09-02,25.55,-0.004286827747466804
2011-09-05,25.0,-0.021526418786692814
2011-09-06,24.5,-0.020000000000000018
2011-09-07,24.9,0.01632653061224487
2011-09-08,25.05,0.006024096385542244
2011-09-09,25.12,0.0027944111776447844
2011-09-13,24.58,-0.021496815286624282
2011-09-14,24.3,-0.011391375101708623
2011-09-15,24.8,0.020576131687242816
2011-09-16,25.5,0.028225806451612767
2011-09-19,25.08,-0.016470588235294237
2011-09-20,25.07,-0.00039872408293450956
2011-09-21,25.09,0.0007977662544873532
2011-09-22,24.42,-0.0267038660821044
2011-09-23,24.09,-0.013513513513513598
2011-09-26,23.24,-0.03528435035284361
2011-09-27,23.74,0.02151462994836484
2011-09-28,23.51,-0.00968828980623404
2011-09-29,23.87,0.015312632922160674
2011-09-30,24.0,0.005446166736489344
2011-10-03,23.59,-0.01708333333333334
2011-10-04,23.74,0.006358626536667966
2011-10-05,23.58,-0.006739679865206405
2011-10-06,23.73,0.006361323155216425
2011-10-07,23.73,0.0
2011-10-11,24.5,0.032448377581120846
2011-10-12,24.61,0.004489795918367401
2011-10-13,24.9,0.011783827712312123
2011-10-14,24.7,-0.008032128514056214
2011-10-17,25.12,0.01700404858299609
2011-10-18,24.72,-0.015923566878981
2011-10-19,25.04,0.012944983818770295
2011-10-20,24.9,-0.005591054313099031
2011-10-21,24.84,-0.002409638554216831
2011-10-24,25.14,0.012077294685990392
2011-10-25,25.21,0.0027844073190135266
2011-10-26,23.0,-0.0003966679888933733
2011-10-27,22.95,-0.0021739130434782483
2011-10-28,23.12,0.007407407407407529
2011-10-31,22.98,-0.006055363321799345
2011-11-01,23.14,0.006962576153176636
2011-11-02,23.18,0.0017286084701815252
2011-11-03,22.92,-0.011216566005176842
2011-11-04,23.44,0.022687609075043635
2011-11-07,23.46,0.0008532423208191808
2011-11-08,23.42,-0.0017050298380221207
2011-11-09,23.36,-0.00256191289496166
2011-11-10,22.72,-0.0273972602739726
2011-11-11,22.87,0.006602112676056482
2011-11-14,23.24,0.01617839965019674
2011-11-15,23.14,-0.004302925989672857
2011-11-16,22.93,-0.009075194468452952
2011-11-17,22.93,0.0
2011-11-18,22.56,-0.016136066288704787
2011-11-21,21.9,-0.0292553191489362
2011-11-22,21.81,-0.004109589041095929
2011-11-23,21.15,-0.030261348005502064
2011-11-24,21.31,0.00756501182033098
2011-11-25,21.2,-0.005161895823556972
2011-11-28,21.42,0.010377358490566202
2011-11-29,21.66,0.011204481792717047
2011-11-30,21.51,-0.006925207756232621
2011-12-01,22.68,0.05439330543933041
2011-12-02,22.46,-0.00970017636684295
2011-12-05,22.46,0.0
2011-12-06,22.01,-0.020035618878005312
2011-12-07,22.2,0.008632439800090763
2011-12-08,22.03,-0.0076576576576575794
2011-12-09,21.89,-0.0063549704947798435
2011-12-12,21.9,0.0004568296025582175
2011-12-13,21.8,-0.004566210045662045
2011-12-14,21.85,0.002293577981651307
2011-12-15,21.46,-0.01784897025171628
2011-12-16,21.45,-0.0004659832246040052
2011-12-19,20.86,-0.02750582750582753
2011-12-20,20.89,0.0014381591562799834
2011-12-21,21.82,0.04451890856869323
2011-12-22,21.78,-0.0018331805682859637
2011-12-23,22.25,0.021579430670339628
2011-12-26,22.25,0.0
2011-12-27,22.16,-0.004044943820224689
2011-12-28,22.12,-0.0018050541516244634
2011-12-29,22.15,0.0013562386980108254
2011-12-30,22.14,-0.0004514672686228849
2012-01-02,21.88,-0.011743450767841113
2012-01-03,22.12,0.010968921389396868
2012-01-04,22.2,0.0036166365280287938
2012-01-05,22.34,0.006306306306306242
2012-01-06,22.41,0.003133393017009878
2012-01-09,22.31,-0.004462293618920143
2012-01-10,22.75,0.01972209771402955
2012-01-11,22.8,0.00219780219780219
2012-01-12,22.9,0.004385964912280604
2012-01-13,22.8,-0.004366812227074135
2012-01-16,22.67,-0.0057017543859648745
2012-01-17,22.96,0.012792236435818172
2012-01-18,23.02,0.002613240418118501
2012-01-30,23.66,0.027801911381407418
2012-01-31,23.78,0.005071851225697532
2012-02-01,24.04,0.010933557611437994
2012-02-02,24.45,0.01705490848585689
2012-02-03,24.49,0.0016359918200408163
2012-02-04,24.67,0.007349938750510487
2012-02-06,24.37,-0.012160518848804203
2012-02-07,24.48,0.004513746409519959
2012-02-08,25.0,0.0212418300653594
2012-02-09,25.11,0.0043999999999999595
2012-02-10,25.0,-0.004380724810832293
2012-02-13,25.08,0.0031999999999998696
2012-02-14,24.86,-0.00877192982456132
2012-02-15,25.15,0.011665325824617767
2012-02-16,25.0,-0.005964214711729587
2012-02-17,25.05,0.0020000000000000018
2012-02-20,25.18,0.005189620758482949
2012-02-21,25.09,-0.0035742652899126703
2012-02-22,25.25,0.006377042646472653
2012-02-23,25.24,-0.0003960396039605074
2012-02-24,25.17,-0.0027733755942946914
2012-02-29,25.59,0.016686531585220488
2012-03-01,25.72,0.005080109417741285
2012-03-02,25.69,-0.001166407465007735
2012-03-03,25.55,-0.00544959128065392
2012-03-05,25.19,-0.014090019569471646
2012-03-06,25.02,-0.006748709805478481
2012-03-07,24.9,-0.004796163069544446
2012-03-08,25.18,0.011244979919678766
2012-03-09,25.15,-0.0011914217633042234
2012-03-12,25.0,-0.005964214711729587
2012-03-13,25.24,0.009599999999999831
2012-03-14,25.46,0.008716323296355188
2012-03-15,25.5,0.0015710919088767206
2012-03-16,25.4,-0.0039215686274510775
2012-03-19,25.21,-0.007480314960629841
2012-03-20,25.1,-0.004363347877826218
2012-03-21,25.05,-0.0019920318725099584
2012-03-22,25.2,0.0059880239520957446
2012-03-23,25.18,-0.0007936507936507908
2012-03-26,24.91,-0.0107227958697379
2012-03-27,24.9,-0.0004014452027298887
2012-03-28,24.92,0.0008032128514057213
2012-03-29,24.48,-0.01765650080256831
2012-03-30,24.53,0.0020424836601307117
2012-04-02,24.55,0.0008153281695881809
2012-04-03,24.3,-0.010183299389002087
2012-04-05,23.83,-0.019341563786008376
2012-04-06,24.0,0.007133864876206486
2012-04-09,23.9,-0.004166666666666763
2012-04-10,24.0,0.004184100418409997
2012-04-11,24.02,0.0008333333333332416
2012-04-12,24.05,0.0012489592006661443
2012-04-13,24.34,0.012058212058212003
2012-04-16,24.33,-0.00041084634346755244
2012-04-17,23.87,-0.018906699547883155
2012-04-18,23.97,0.004189359028068607
2012-04-19,23.97,0.0
2012-04-20,23.73,-0.01001251564455563
2012-04-23,23.68,-0.0021070375052676393
2012-04-24,23.7,0.0008445945945945166
2012-04-25,23.85,0.006329113924050667
2012-04-26,23.82,-0.0012578616352201255
2012-04-27,23.68,-0.005877413937867337
2012-04-30,23.84,0.006756756756756799
2012-05-02,24.35,0.021392617449664586
2012-05-03,24.37,0.000821355236139576
2012-05-04,24.45,0.003282724661468839
2012-05-07,24.1,-0.014314928425357754
2012-05-08,24.13,0.0012448132780082943
2012-05-09,24.01,-0.004973062577704024
2012-05-10,23.9,-0.004581424406497447
2012-05-11,23.76,-0.0058577405857739295
2012-05-14,23.67,-0.0037878787878787845
2012-05-15,23.7,0.0012674271229402567
2012-05-16,23.38,-0.013502109704641385
2012-05-17,23.5,0.0051325919589393365
2012-05-18,22.98,-0.02212765957446805
2012-05-21,23.05,0.003046127067014792
2012-05-22,23.16,0.004772234273318743
2012-05-23,22.9,-0.011226252158894723
2012-05-24,22.69,-0.009170305676855728
2012-05-25,22.58,-0.004847950639048193
2012-05-28,22.78,0.008857395925597977
2012-05-29,23.29,0.02238805970149249
2012-05-30,23.19,-0.004293688278230956
2012-05-31,23.19,0.0
2012-06-01,22.89,-0.01293661060802076
2012-06-04,22.31,-0.025338575797291485
2012-06-05,22.53,0.009861048857014998
2012-06-06,22.72,0.0084332001775409
2012-06-07,22.72,0.0
2012-06-08,22.6,-0.005281690140845008
2012-06-11,22.84,0.010619469026548645
2012-06-12,22.95,0.004816112084063073
2012-06-13,22.78,-0.007407407407407307
2012-06-14,22.79,0.0004389815627743321
2012-06-15,23.0,0.009214567792891648
2012-06-18,23.33,0.014347826086956506
2012-06-19,23.25,-0.0034290612944705146
2012-06-20,23.4,0.006451612903225712
2012-06-21,23.3,-0.004273504273504147
2012-06-22,23.2,-0.0042918454935623185
2012-06-25,23.08,-0.005172413793103514
2012-06-26,23.08,0.0
2012-06-27,23.15,0.003032928942807711
2012-06-28,23.16,0.0004319654427646924
2012-06-29,23.4,0.010362694300518172
2012-07-02,23.67,0.01153846153846172
2012-07-03,24.05,0.016054076890578806
2012-07-04,24.03,-0.0008316008316008316
2012-07-05,24.0,-0.0012484394506866447
2012-07-06,23.9,-0.004166666666666763
2012-07-09,23.95,0.0020920502092049986
2012-07-10,23.77,-0.007515657620041694
2012-07-11,23.77,0.0
2012-07-12,23.54,-0.009676062263357155
2012-07-13,23.45,-0.0038232795242141293
2012-07-16,23.34,-0.004690831556503183
2012-07-17,23.47,0.005569837189374427
2012-07-18,23.32,-0.0063911376224967675
2012-07-19,23.58,0.011149228130360012
2012-07-20,23.58,0.0
2012-07-23,23.38,-0.008481764206955011
2012-07-24,23.23,-0.00641573994867406
2012-07-25,23.21,-0.0008609556607834801
2012-07-26,23.32,0.004739336492890933
2012-07-27,23.59,0.011578044596912473
2012-07-30,23.79,0.00847816871555751
2012-07-31,24.05,0.010928961748633892
2012-08-01,24.14,0.003742203742203687
2012-08-03,23.93,-0.008699254349627261
2012-08-06,24.24,0.012954450480568314
2012-08-07,24.25,0.0004125412541253759
2012-08-08,24.5,0.010309278350515427
2012-08-09,24.87,0.01510204081632649
2012-08-10,24.83,-0.001608363490148923
2012-08-13,24.72,-0.004430124848972983
2012-08-14,24.77,0.0020226537216829765
2012-08-15,24.7,-0.0028259991925716488
2012-08-16,25.0,0.012145748987854255
2012-08-17,25.12,0.0048000000000001375
2012-08-20,24.86,-0.010350318471337605
2012-08-21,25.06,0.008045052292839916
2012-08-22,24.99,-0.0027932960893854997
2012-08-23,25.03,0.0016006402561026256
2012-08-24,24.91,-0.004794246903715549
2012-08-27,24.82,-0.0036130068245684432
2012-08-28,24.63,-0.007655116841257081
2012-08-29,24.66,0.0012180267965895553
2012-08-30,24.45,-0.008515815085158196
2012-08-31,24.71,0.010633946830265861
2012-09-03,24.79,0.0032375556454875554
2012-09-04,24.76,-0.0012101653892697684
2012-09-05,24.55,-0.008481421647819065
2012-09-06,24.42,-0.005295315682281032
2012-09-07,24.63,0.008599508599508532
2012-09-10,24.75,0.004872107186358221
2012-09-11,24.72,-0.00121212121212122
2012-09-12,24.94,0.008899676375404564
2012-09-13,24.96,0.000801924619085792
2012-09-14,25.24,0.011217948717948678
2012-09-17,25.38,0.005546751188589605
2012-09-18,25.38,0.0
2012-09-19,25.35,-0.0011820330969266601
2012-09-20,25.26,-0.0035502958579881616
2012-09-21,25.4,0.005542359461599311
2012-09-24,25.42,0.0007874015748032814
2012-09-25,25.32,-0.00393391030684509
2012-09-26,25.0,-0.012638230647709303
2012-09-27,24.95,-0.0020000000000000018
2012-09-28,25.0,0.002004008016032177
2012-10-01,24.98,-0.0008000000000000229
2012-10-02,25.07,0.0036028823058447124
2012-10-03,24.94,-0.00518548065416824
2012-10-04,24.79,-0.006014434643143662
2012-10-05,24.73,-0.0024203307785396477
2012-10-08,24.55,-0.007278608976951095
2012-10-09,24.46,-0.0036659877800406804
2012-10-11,23.97,-0.020032706459525818
2012-10-12,23.9,-0.002920317062995448
2012-10-15,23.85,-0.0020920502092048876
2012-10-16,23.88,0.0012578616352201255
2012-10-17,23.96,0.003350083752093891
2012-10-18,23.89,-0.002921535893155247
2012-10-19,23.85,-0.001674340728338164
2012-10-22,23.88,0.0012578616352201255
2012-10-23,24.4,0.021775544388609624
2012-10-24,22.38,-0.02950819672131144
2012-10-25,22.23,-0.006702412868632601
2012-10-26,21.4,-0.03733693207377431
2012-10-29,21.19,-0.009813084112149428
2012-10-30,21.27,0.003775365738555747
2012-10-31,21.19,-0.003761165961447932
2012-11-01,21.3,0.0051911278905143465
2012-11-02,21.34,0.001877934272300319
2012-11-05,21.17,-0.007966260543580073
2012-11-06,21.37,0.009447331128956016
2012-11-07,21.46,0.004211511464670137
2012-11-08,21.28,-0.008387698042870428
2012-11-09,21.5,0.010338345864661536
2012-11-12,21.55,0.0023255813953488857
2012-11-13,21.15,-0.018561484918793614
2012-11-14,21.24,0.004255319148936065
2012-11-15,21.29,0.002354048964218425
2012-11-16,21.28,-0.0004697040864254376
2012-11-19,21.32,0.001879699248120259
2012-11-20,21.29,-0.001407129455910039
2012-11-21,21.12,-0.007984969469234326
2012-11-22,21.14,0.0009469696969697239
2012-11-23,21.55,0.01939451277199633
2012-11-26,21.8,0.011600928074245953
2012-11-27,21.82,0.0009174311926605228
2012-11-28,21.9,0.0036663611365719273
2012-11-29,22.14,0.010958904109589218
2012-11-30,22.41,0.012195121951219523
2012-12-03,22.43,0.0008924587237839621
2012-12-04,22.45,0.000891662951404415
2012-12-05,22.68,0.01024498886414249
2012-12-06,22.65,-0.001322751322751392
2012-12-07,22.54,-0.004856512141280356
2012-12-10,22.57,0.0013309671694765601
2012-12-11,22.54,-0.0013291980505095724
2012-12-12,22.71,0.007542147293700063
2012-12-13,22.85,0.006164685160722216
2012-12-14,22.75,-0.004376367614879695
2012-12-17,22.52,-0.010109890109890163
2012-12-18,22.5,-0.000888099467140302
2012-12-19,22.55,0.0022222222222223476
2012-12-20,22.41,-0.006208425720620858
2012-12-21,22.31,-0.004462293618920143
2012-12-22,22.39,0.0035858359480054336
2012-12-24,22.41,0.0008932559178205235
2012-12-25,22.62,0.009370816599732379
2012-12-26,22.59,-0.0013262599469496816
2012-12-27,22.62,0.0013280212483399723
2012-12-28,22.78,0.007073386383731117
2013-01-02,22.95,0.00746268656716409
2013-01-03,23.06,0.004793028322439996
2013-01-04,22.95,-0.0047701647875108
2013-01-07,22.97,0.0008714596949890296
2013-01-08,22.8,-0.0074009577710055785
2013-01-09,22.89,0.003947368421052699
2013-01-10,23.06,0.007426823940585248
2013-01-11,23.03,-0.0013009540329573799
2013-01-14,23.15,0.005210594876248198
2013-01-15,23.07,-0.00345572354211654
2013-01-16,23.08,0.00043346337234484444
2013-01-17,22.82,-0.011265164644713943
2013-01-18,23.06,0.010517090271691343
2013-01-21,23.15,0.0039028620988725837
2013-01-22,23.25,0.004319654427645814
2013-01-23,23.14,-0.004731182795698952
2013-01-24,23.09,-0.002160760587726962
2013-01-25,23.1,0.00043308791684726344
2013-01-28,23.22,0.0051948051948049745
2013-01-29,23.42,0.008613264427218104
2013-01-30,23.64,0.009393680614859123
2013-01-31,23.76,0.005076142131979822
2013-02-01,23.83,0.002946127946127808
2013-02-04,23.9,0.002937473772555599
2013-02-05,23.82,-0.0033472803347279756
2013-02-06,23.68,-0.005877413937867337
2013-02-18,23.75,0.002956081081081141
2013-02-19,23.72,-0.001263157894736855
2013-02-20,23.82,0.004215851602023646
2013-02-21,23.73,-0.0037783375314861534
2013-02-22,23.7,-0.0012642225031606058
2013-02-23,23.67,-0.0012658227848100223
2013-02-25,23.62,-0.0021123785382340943
2013-02-26,23.52,-0.0042337002540220325
2013-02-27,23.58,0.0025510204081631294
2013-03-01,23.76,0.007633587786259666
2013-03-04,23.6,-0.006734006734006703
2013-03-05,23.69,0.003813559322033866
2013-03-06,23.75,0.0025327142254114587
2013-03-07,23.7,-0.002105263157894721
2013-03-08,23.8,0.0042194092827005925
2013-03-11,23.8,0.0
2013-03-12,23.69,-0.004621848739495782
2013-03-13,23.51,-0.007598142676234709
2013-03-14,23.5,-0.0004253509145045742
2013-03-15,23.3,-0.008510638297872353
2013-03-18,23.17,-0.005579399141630859
2013-03-19,23.02,-0.006473888649115356
2013-03-20,22.84,-0.007819287576020795
2013-03-21,23.06,0.009632224168126147
2013-03-22,23.04,-0.0008673026886383273
2013-03-25,23.14,0.004340277777777901
2013-03-26,23.08,-0.002592912705272399
2013-03-27,23.17,0.0038994800693241682
2013-03-28,23.1,-0.0030211480362537513
2013-03-29,23.2,0.0043290043290042934
2013-04-01,23.15,-0.0021551724137931494
2013-04-02,23.17,0.0008639308855293848
2013-04-03,23.33,0.006905481225722765
2013-04-08,22.98,-0.015002143163308945
2013-04-09,22.91,-0.003046127067014792
2013-04-10,22.9,-0.0004364906154518122
2013-04-11,23.1,0.008733624454148492
2013-04-12,23.09,-0.00043290043290045155
2013-04-15,23.04,-0.002165439584235651
2013-04-16,23.04,0.0
2013-04-17,23.06,0.0008680555555555802
2013-04-18,23.06,0.0
2013-04-19,23.2,0.006071118820468291
2013-04-22,23.29,0.00387931034482758
2013-04-23,23.32,0.0012881064834693312
2013-04-24,23.54,0.00943396226415083
2013-04-25,23.54,0.0
2013-04-26,23.65,0.004672897196261738
2013-04-29,23.73,0.0033826638477802984
2013-04-30,23.96,0.009692372524231052
2013-05-02,24.05,0.0037562604340568573
2013-05-03,24.11,0.002494802494802384
2013-05-06,24.18,0.002903359601825084
2013-05-07,24.03,-0.006203473945409321
2013-05-08,24.27,0.009987515605493158
2013-05-09,24.28,0.0004120313143800569
2013-05-10,24.21,-0.002883031301482708
2013-05-13,24.22,0.0004130524576619887
2013-05-14,24.2,-0.0008257638315442017
2013-05-15,24.3,0.004132231404958775
2013-05-16,24.61,0.0127572016460904
2013-05-17,24.54,-0.002844372206420198
2013-05-20,24.58,0.0016299918500406463
2013-05-21,24.71,0.005288852725793491
2013-05-22,24.63,-0.0032375556454877774
2013-05-23,24.26,-0.015022330491270663
2013-05-24,24.1,-0.0065952184666117075
2013-05-27,24.16,0.0024896265560165887
2013-05-28,24.26,0.004139072847682224
2013-05-29,24.35,0.0037098103874690924
2013-05-30,24.13,-0.009034907597536002
2013-05-31,24.14,0.00041442188147544634
2013-06-03,24.1,-0.001657000828500399
2013-06-04,23.98,-0.004979253112033288
2013-06-05,23.92,-0.002502085070892335
2013-06-06,23.66,-0.010869565217391353
2013-06-07,23.6,-0.002535925612848655
2013-06-10,23.78,0.007627118644067732
2013-06-11,23.61,-0.007148864592094295
2013-06-13,23.25,-0.015247776365946653
2013-06-14,23.22,-0.001290322580645209
2013-06-17,23.33,0.004737295434969813
2013-06-18,23.39,0.002571795970853108
2013-06-19,23.45,0.002565198802907176
2013-06-20,23.25,-0.008528784648187626
2013-06-21,23.14,-0.004731182795698952
2013-06-24,23.04,-0.004321521175453813
2013-06-25,22.8,-0.01041666666666663
2013-06-26,22.98,0.007894736842105177
2013-06-27,23.3,0.013925152306353272
2013-06-28,23.41,0.0047210300429183505
2013-07-01,23.69,0.011960700555318393
2013-07-02,23.55,-0.0059096665259603665
2013-07-03,23.53,-0.000849256900212314
2013-07-04,23.52,-0.00042498937526569414
2013-07-05,23.73,0.008928571428571397
2013-07-08,23.55,-0.007585335018963302
2013-07-09,23.62,0.002972399150743099
2013-07-10,23.65,0.0012701100762064765
2013-07-11,24.04,0.01649048625792804
2013-07-12,24.1,0.0024958402662229595
2013-07-15,24.27,0.007053941908713668
2013-07-16,24.35,0.003296250515039123
2013-07-17,24.3,-0.002053388090349051
2013-07-18,24.22,-0.003292181069958877
2013-07-19,23.98,-0.009909165978530088
2013-07-22,24.16,0.007506255212677226
2013-07-23,24.47,0.012831125827814427
2013-07-24,24.43,-0.001634654679198988
2013-07-25,24.3,-0.005321326238231672
2013-07-26,24.24,-0.0024691358024692134
2013-07-29,24.18,-0.0024752475247524774
2013-07-30,24.25,0.0028949545078578165
2013-07-31,24.3,0.0020618556701030855
2013-08-01,24.28,-0.0008230452674896638
2013-08-02,24.27,-0.0004118616144975773
2013-08-05,24.28,0.0004120313143800569
2013-08-06,24.15,-0.00535420098846795
2013-08-07,23.83,-0.013250517598343725
2013-08-08,23.8,-0.0012589173310951773
2013-08-09,23.72,-0.003361344537815225
2013-08-12,23.83,0.004637436762225944
2013-08-13,23.99,0.006714225765841464
2013-08-14,23.92,-0.002917882451021092
2013-08-15,23.8,-0.0050167224080267525
2013-08-16,23.8,0.0
2013-08-19,23.68,-0.005042016806722782
2013-08-20,23.4,-0.011824324324324342
2013-08-22,23.2,-0.008547008547008517
2013-08-23,23.39,0.008189655172413879
2013-08-26,23.58,0.008123129542539465
2013-08-27,23.4,-0.007633587786259555
2013-08-28,23.37,-0.0012820512820511665
2013-08-29,23.5,0.005562687205819428
2013-08-30,23.65,0.006382978723404209
2013-09-02,23.84,0.008033826638477848
2013-09-03,24.03,0.007969798657718075
2013-09-04,24.03,0.0
2013-09-05,24.18,0.006242197253433224
2013-09-06,24.2,0.0008271298593878207
2013-09-09,24.19,-0.00041322314049574427
2013-09-10,24.25,0.0024803637866885886
2013-09-11,24.25,0.0
2013-09-12,24.3,0.0020618556701030855
2013-09-13,24.19,-0.004526748971193428
2013-09-14,24.18,-0.0004133939644481721
2013-09-16,24.39,0.008684863523573227
2013-09-17,24.34,-0.0020500205002050853
2013-09-18,24.38,0.0016433853738702098
2013-09-23,24.46,0.003281378178835226
2013-09-24,24.45,-0.0004088307440720529
2013-09-25,24.43,-0.0008179959100204082
2013-09-26,24.2,-0.009414654113794496
2013-09-27,24.21,0.0004132231404958553
2013-09-30,24.19,-0.0008261049153241995
2013-10-01,24.23,0.0016535758577924664
2013-10-02,24.27,0.0016508460586051044
2013-10-03,24.46,0.007828594973217973
2013-10-04,24.45,-0.0004088307440720529
2013-10-07,24.39,-0.0024539877300613355
2013-10-08,24.33,-0.00246002460024608
2013-10-09,24.2,-0.005343197698314817
2013-10-11,24.18,-0.0008264462809917106
2013-10-14,23.92,-0.01075268817204289
2013-10-15,24.03,0.00459866220735794
2013-10-16,24.02,-0.0004161464835622519
2013-10-17,24.08,0.0024979184013320666
2013-10-18,24.19,0.00456810631229243
2013-10-21,24.16,-0.0012401818933444053
2013-10-22,24.16,0.0
2013-10-23,24.18,0.0008278145695364003
2013-10-24,23.31,-0.0008271298593879317
2013-10-25,23.15,-0.0068640068640069
2013-10-28,23.11,-0.0017278617710583255
2013-10-29,23.11,0.0
2013-10-30,23.26,0.006490696668109086
2013-10-31,23.29,0.0012897678417884695
2013-11-01,23.01,-0.012022327179046721
2013-11-04,22.9,-0.00478053020425917
2013-11-05,22.73,-0.007423580786026118
2013-11-06,22.7,-0.0013198416190057793
2013-11-07,22.74,0.0017621145374449032
2013-11-08,22.59,-0.00659630606860151
2013-11-11,22.46,-0.0057547587428065095
2013-11-12,22.37,-0.004007123775601085
2013-11-13,22.16,-0.009387572641931241
2013-11-14,22.24,0.0036101083032489267
2013-11-15,22.37,0.005845323741007213
2013-11-18,22.24,-0.0058113544926241545
2013-11-19,22.43,0.008543165467626013
2013-11-20,22.32,-0.00490414623272406
2013-11-21,22.04,-0.012544802867383575
2013-11-22,22.06,0.0009074410163338875
2013-11-25,22.25,0.008612873980054392
2013-11-26,22.33,0.0035955056179775013
2013-11-27,22.48,0.006717420510524041
2013-11-28,22.62,0.006227758007117501
2013-11-29,22.8,0.007957559681697646
2013-12-02,22.77,-0.0013157894736842701
2013-12-03,22.77,0.0
2013-12-04,22.75,-0.0008783487044355942
2013-12-05,22.69,-0.0026373626373625836
2013-12-06,22.65,-0.0017628911414721005
2013-12-09,22.78,0.005739514348785946
2013-12-10,22.73,-0.0021949078138718825
2013-12-11,22.66,-0.0030796304443466704
2013-12-12,22.64,-0.0008826125330979595
2013-12-13,22.65,0.0004416961130742081
2013-12-16,22.6,-0.002207505518763697
2013-12-17,22.68,0.003539823008849474
2013-12-18,22.66,-0.0008818342151675207
2013-12-19,22.72,0.0026478375992937675
2013-12-20,22.78,0.002640845070422726
2013-12-23,22.83,0.0021949078138716605
2013-12-24,22.84,0.00043802014892690977
2013-12-25,22.85,0.0004378283712784814
2013-12-26,22.87,0.0008752735229760056
2013-12-27,22.93,0.0026235242675993753
2013-12-30,23.03,0.004361098996947366
2013-12-31,23.06,0.0013026487190619385
2014-01-02,23.09,0.001300954032957602
2014-01-03,22.97,-0.005197055002165496
2014-01-06,22.79,-0.007836308228123645
2014-01-07,22.9,0.004826678367705117
2014-01-08,23.04,0.006113537117903967
2014-01-09,23.0,-0.0017361111111110494
2014-01-10,23.01,0.00043478260869567187
2014-01-13,23.08,0.003042155584528361
2014-01-14,23.09,0.0004332755632583396
2014-01-15,23.3,0.009094846253789646
2014-01-16,23.36,0.0025751072961373023
2014-01-17,23.33,-0.0012842465753425403
2014-01-20,23.6,0.01157308186883843
2014-01-21,23.57,-0.0012711864406780293
2014-01-22,23.59,0.0008485362749257597
2014-01-23,23.54,-0.002119542178889433
2014-01-24,23.31,-0.00977060322854717
2014-01-27,23.07,-0.010296010296010238
2014-02-05,22.58,-0.021239705244906926
2014-02-06,22.63,0.0022143489813994943
2014-02-07,22.81,0.00795404330534688
2014-02-10,22.9,0.00394563787812352
2014-02-11,22.96,0.0026200873362447474
2014-02-12,23.09,0.005662020905923271
2014-02-13,23.01,-0.0034647033347768863
2014-02-14,23.07,0.0026075619295957697
2014-02-17,23.08,0.00043346337234484444
2014-02-18,23.14,0.0025996533795495935
2014-02-19,23.11,-0.0012964563526361994
2014-02-20,22.97,-0.0060579835569017915
2014-02-21,23.12,0.006530256856769778
2014-02-24,23.05,-0.003027681660899617
2014-02-25,23.07,0.0008676789587851452
2014-02-26,23.12,0.0021673168617251104
2014-02-27,23.16,0.0017301038062282892
2014-03-03,23.05,-0.004749568221070755
2014-03-04,23.01,-0.0017353579175705125
2014-03-05,23.11,0.004345936549326357
2014-03-06,23.21,0.004327131112072724
2014-03-07,23.22,0.0004308487720809939
2014-03-10,23.1,-0.0051679586563306845
2014-03-11,23.12,0.0008658008658009031
2014-03-12,23.11,-0.0004325259515571833
2014-03-13,23.24,0.005625270445694497
2014-03-14,23.17,-0.0030120481927708997
2014-03-17,23.15,-0.0008631851532154844
2014-03-18,23.3,0.006479481641468832
2014-03-19,23.25,-0.0021459227467811592
2014-03-20,23.06,-0.008172043010752694
2014-03-21,23.06,0.0
2014-03-24,23.16,0.004336513443191636
2014-03-25,23.3,0.006044905008635526
2014-03-26,23.38,0.0034334763948498104
2014-03-27,23.51,0.0055603079555175405
2014-03-28,23.5,-0.0004253509145045742
2014-03-31,23.65,0.006382978723404209
2014-04-01,23.78,0.005496828752642902
2014-04-02,23.92,0.005887300252312988
2014-04-03,23.9,-0.0008361204013379586
2014-04-07,23.85,-0.0020920502092048876
2014-04-08,23.87,0.0008385744234800097
2014-04-09,23.95,0.0033514872224549297
2014-04-10,24.01,0.0025052192066807866
2014-04-11,24.0,-0.0004164931278634043
2014-04-14,23.92,-0.0033333333333332993
2014-04-15,24.16,0.010033444816053505
2014-04-16,24.25,0.0037251655629138014
2014-04-17,24.23,-0.0008247422680411898
2014-04-18,24.18,-0.0020635575732562694
2014-04-21,24.1,-0.003308519437551616
2014-04-22,24.13,0.0012448132780082943
2014-04-23,24.03,-0.004144218814753353
2014-04-24,23.98,-0.0020807324178111486
2014-04-25,23.63,-0.014595496246872508
2014-04-28,23.68,0.0021159542953872457
2014-04-29,23.9,0.00929054054054057
2014-04-30,23.81,-0.003765690376569042
2014-05-02,24.04,0.009659806803864024
2014-05-05,24.1,0.0024958402662229595
2014-05-06,24.22,0.004979253112033177
2014-05-07,24.12,-0.004128819157720787
2014-05-08,24.19,0.0029021558872304176
2014-05-09,24.12,-0.0028937577511368717
2014-05-12,23.99,-0.005389718076285299
2014-05-13,23.98,-0.00041684035014577514
2014-05-14,23.95,-0.0012510425354462784
2014-05-15,24.02,0.0029227557411273253
2014-05-16,24.09,0.00291423813488767
2014-05-19,24.17,0.0033208800332089616
2014-05-20,24.2,0.0012412081092261218
2014-05-21,24.09,-0.004545454545454519
2014-05-22,24.28,0.007887090078871006
2014-05-23,24.38,0.004118616144975107
2014-05-26,24.46,0.003281378178835226
2014-05-27,24.47,0.00040883074407194187
2014-05-28,24.7,0.009399264405394403
2014-05-29,24.88,0.007287449392712642
2014-05-30,24.88,0.0
2014-06-03,24.83,-0.002009646302250867
2014-06-04,24.88,0.002013693113169568
2014-06-05,24.97,0.003617363344051494
2014-06-06,24.99,0.0008009611533841277
2014-06-09,25.1,0.004401760704281887
2014-06-10,25.2,0.003984063745019917
2014-06-11,25.18,-0.0007936507936507908
2014-06-12,25.1,-0.003177124702144485
2014-06-13,25.11,0.00039840637450194727
2014-06-16,25.15,0.0015929908403027326
2014-06-17,25.22,0.002783300198807126
2014-06-18,25.23,0.0003965107057890549
2014-06-19,25.2,-0.0011890606420927874
2014-06-20,25.19,-0.0003968253968252844
2014-06-23,25.0,-0.0075426756649464854
2014-06-24,24.94,-0.0023999999999999577
2014-06-25,24.98,0.001603849238171584
2014-06-26,25.08,0.004003202562049557
2014-06-27,25.07,-0.00039872408293450956
2014-06-30,25.17,0.00398883127243721
2014-07-01,25.39,0.008740564163686848
2014-07-02,25.32,-0.0027569909413155402
2014-07-03,25.43,0.004344391785150004
2014-07-04,25.59,0.006291781360597826
2014-07-07,25.62,0.0011723329425556983
2014-07-08,25.79,0.006635441061670466
2014-07-09,25.72,-0.0027142303218301578
2014-07-10,25.75,0.001166407465007735
2014-07-11,25.43,-0.012427184466019425
2014-07-14,25.52,0.0035391270153362075
2014-07-15,25.6,0.0031347962382446415
2014-07-16,25.56,-0.0015625000000001332
2014-07-17,25.47,-0.0035211267605633756
2014-07-18,25.53,0.002355712603062443
2014-07-21,25.55,0.0007833920877398093
2014-07-22,25.76,0.008219178082191858
2014-07-24,25.8,0.0015527950310558758
2014-07-25,25.6,-0.007751937984496138
2014-07-28,25.68,0.0031249999999998224
2014-07-29,25.62,-0.002336448598130758
2014-07-30,25.64,0.0007806401249024209
2014-07-31,25.45,-0.007410296411856532
2014-08-01,25.32,-0.0051080550098231425
2014-08-04,25.65,0.013033175355450233
2014-08-05,25.27,-0.014814814814814725
2014-08-06,25.32,0.0019786307874951614
2014-08-07,25.25,-0.002764612954186396
2014-08-08,25.2,-0.001980198019801982
2014-08-11,25.48,0.011111111111111072
2014-08-12,25.45,-0.0011773940345369827
2014-08-13,25.57,0.004715127701375277
2014-08-14,25.52,-0.001955416503715335
2014-08-15,25.5,-0.0007836990595611049
2014-08-18,25.55,0.0019607843137254832
2014-08-19,25.7,0.005870841487279899
2014-08-20,25.74,0.0015564202334630295
2014-08-21,25.83,0.0034965034965035446
2014-08-22,26.32,0.01897018970189701
2014-08-25,26.27,-0.0018996960486322712
2014-08-26,26.29,0.0007613247049866878
2014-08-27,26.45,0.006085964244959996
2014-08-28,26.4,-0.001890359168241984
2014-08-29,26.52,0.00454545454545463
2014-09-01,26.6,0.003016591251885359
2014-09-02,26.31,-0.010902255639097858
2014-09-03,26.36,0.0019004180919801605
2014-09-04,26.3,-0.0022761760242792084
2014-09-05,26.15,-0.005703422053232043
2014-09-09,26.2,0.0019120458891013214
2014-09-10,26.01,-0.007251908396946449
2014-09-11,26.03,0.0007689350249904248
2014-09-12,25.72,-0.011909335382251363
2014-09-15,25.71,-0.00038880248833583764
2014-09-16,25.52,-0.007390120575651582
2014-09-17,25.63,0.004310344827586077
2014-09-18,25.7,0.0027311744049942632
2014-09-19,25.64,-0.0023346303501945442
2014-09-22,25.3,-0.013260530421216887
2014-09-23,25.12,-0.007114624505928813
2014-09-24,25.25,0.0051751592356688025
2014-09-25,24.85,-0.015841584158415745
2014-09-26,24.75,-0.004024144869215318
2014-09-29,24.72,-0.00121212121212122
2014-09-30,24.58,-0.005663430420712046
2014-10-01,24.65,0.002847843775427128
2014-10-02,24.72,0.0028397565922921864
2014-10-03,24.91,0.007686084142394911
2014-10-06,24.95,0.0016057808109193328
2014-10-07,24.77,-0.007214428857715394
2014-10-08,24.7,-0.0028259991925716488
2014-10-09,24.55,-0.006072874493927016
2014-10-13,23.82,-0.029735234215885975
2014-10-14,23.83,0.0004198152812762146
2014-10-15,23.67,-0.006714225765841242
2014-10-16,23.61,-0.0025348542458809575
2014-10-17,23.53,-0.0033883947479880216
2014-10-20,23.97,0.01869953251168721
2014-10-21,23.88,-0.003754693366708417
2014-10-22,24.0,0.005025125628140836
2014-10-23,23.96,-0.0016666666666665941
2014-10-24,22.75,-0.008764607679465852
2014-10-27,22.68,-0.003076923076923088
2014-10-28,23.0,0.014109347442680775
2014-10-29,23.3,0.01304347826086949
2014-10-30,23.34,0.0017167381974247942
2014-10-31,23.43,0.003856041131105492
2014-11-03,23.58,0.006402048655569814
2014-11-04,23.59,0.0004240882103478949
2014-11-05,23.46,-0.005510809665112304
2014-11-06,23.24,-0.009377664109121997
2014-11-07,23.3,0.002581755593803914
2014-11-10,23.51,0.009012875536480669
2014-11-11,23.54,0.0012760527435133895
2014-11-12,23.22,-0.0135938827527613
2014-11-13,23.15,-0.003014642549526325
2014-11-14,23.16,0.0004319654427646924
2014-11-17,23.06,-0.0043177892918826455
2014-11-18,22.94,-0.005203816131829853
2014-11-19,23.08,0.006102877070618851
2014-11-20,23.25,0.007365684575389997
2014-11-21,23.28,0.00129032258064532
2014-11-24,23.31,0.0012886597938144284
2014-11-25,23.3,-0.00042900042900029245
2014-11-26,23.36,0.0025751072961373023
2014-11-27,23.47,0.004708904109588907
2014-11-28,23.47,0.0
2014-12-01,23.4,-0.0029825308904984915
2014-12-02,23.41,0.00042735042735042583
2014-12-03,23.77,0.01537804357112349
2014-12-04,23.88,0.00462768195204033
2014-12-05,24.0,0.005025125628140836
2014-12-08,23.96,-0.0016666666666665941
2014-12-09,23.92,-0.0016694490818029983
2014-12-10,23.8,-0.0050167224080267525
2014-12-11,23.77,-0.0012605042016806678
2014-12-12,23.81,0.0016827934371055342
2014-12-15,23.7,-0.004619907601847939
2014-12-16,23.73,0.0012658227848101333
2014-12-17,23.5,-0.009692372524230941
2014-12-18,23.45,-0.0021276595744681437
2014-12-19,23.61,0.006823027718550145
2014-12-22,23.72,0.004659042778483613
2014-12-23,23.82,0.004215851602023646
2014-12-24,23.9,0.0033585222502099388
2014-12-25,23.89,-0.0004184100418409553
2014-12-26,23.92,0.0012557555462537895
2014-12-27,23.92,0.0
2014-12-29,24.14,0.009197324414715657
2014-12-30,24.18,0.001657000828500399
2014-12-31,24.16,-0.0008271298593879317
2015-01-05,24.15,-0.0004139072847683112
2015-01-06,23.89,-0.010766045548654124
2015-01-07,23.91,0.000837170364169193
2015-01-08,24.12,0.008782936010037767
2015-01-09,24.16,0.0016583747927030323
2015-01-12,24.15,-0.0004139072847683112
2015-01-13,24.3,0.006211180124223725
2015-01-14,24.32,0.0008230452674897748
2015-01-15,24.26,-0.002467105263157854
2015-01-16,24.09,-0.007007419620775002
2015-01-19,24.15,0.00249066002490661
2015-01-20,24.23,0.003312629399585987
2015-01-21,24.3,0.0028889806025589326
2015-01-22,24.63,0.013580246913580174
2015-01-23,24.77,0.00568412505075111
2015-01-26,24.77,0.0
2015-01-27,24.83,0.002422285022204207
2015-01-28,24.91,0.003221908981071442
2015-01-29,24.72,-0.007627458851866775
2015-01-30,24.65,-0.0028317152103559673
2015-02-02,24.57,-0.0032454361054765624
2015-02-03,24.7,0.005291005291005346
2015-02-04,24.83,0.0052631578947368585
2015-02-05,24.81,-0.000805477245267805
2015-02-06,24.74,-0.0028214429665457397
2015-02-09,24.72,-0.0008084074373484462
2015-02-10,24.63,-0.003640776699029069
2015-02-11,24.7,0.002842062525375555
2015-02-12,24.65,-0.002024291497975783
2015-02-13,24.8,0.006085192697768749
2015-02-24,25.06,0.010483870967741948
2015-02-25,25.16,0.003990422984836428
2015-02-26,25.14,-0.0007949125596183881
2015-03-02,25.21,0.0027844073190135266
2015-03-03,25.19,-0.0007933359777865245
2015-03-04,25.19,0.0
2015-03-05,25.18,-0.0003969829297341132
2015-03-06,25.25,0.0027799841143765214
2015-03-09,25.2,-0.001980198019801982
2015-03-10,25.07,-0.00515873015873014
2015-03-11,24.94,-0.00518548065416824
2015-03-12,25.07,0.005212510024057648
2015-03-13,25.06,-0.0003988831272437876
2015-03-16,25.0,-0.002394253790901746
2015-03-17,25.0,0.0
2015-03-18,25.04,0.0016000000000000458
2015-03-19,25.22,0.007188498402555865
2015-03-20,25.2,-0.0007930214115781098
2015-03-23,25.15,-0.001984126984126977
2015-03-24,25.11,-0.0015904572564612307
2015-03-25,25.01,-0.0039824771007566095
2015-03-26,24.9,-0.004398240703718637
2015-03-27,24.84,-0.002409638554216831
2015-03-30,24.87,0.0012077294685990392
2015-03-31,24.85,-0.0008041817450743505
2015-04-01,24.78,-0.0028169014084507005
2015-04-02,24.85,0.0028248587570620654
2015-04-07,24.89,0.0016096579476860828
2015-04-08,24.9,0.0004017677782242046
2015-04-09,24.86,-0.0016064257028112205
2015-04-10,24.86,0.0
2015-04-13,24.86,0.0
2015-04-14,24.88,0.0008045052292839916
2015-04-15,24.85,-0.001205787781350387
2015-04-16,24.83,-0.0008048289738431524
2015-04-17,24.71,-0.00483286347160683
2015-04-20,24.45,-0.010522055847834944
2015-04-21,24.4,-0.002044989775051187
2015-04-22,24.6,0.00819672131147553
2015-04-23,25.03,0.017479674796748057
2015-04-24,25.1,0.0027966440271673942
2015-04-27,25.3,0.007968127490039834
2015-04-28,25.2,-0.0039525691699605625
2015-04-29,25.08,-0.004761904761904856
2015-04-30,25.04,-0.0015948963317383713
2015-05-04,25.05,0.0003993610223642641
2015-05-05,25.01,-0.00159680638722548
2015-05-06,25.08,0.0027988804478207285
2015-05-07,24.9,-0.0071770334928229484
2015-05-08,24.89,-0.0004016064257027496
2015-05-11,24.71,-0.00723182000803535
2015-05-12,24.69,-0.0008093889113719444
2015-05-13,24.8,0.0044552450384771625
2015-05-14,24.64,-0.006451612903225823
2015-05-15,24.55,-0.0036525974025973795
2015-05-18,24.64,0.0036659877800406804
2015-05-19,24.8,0.006493506493506551
2015-05-20,24.8,0.0
2015-05-21,24.51,-0.011693548387096686
2015-05-22,24.54,0.001223990208078174
2015-05-25,24.51,-0.0012224938875304847
2015-05-26,24.64,0.005303957568339346
2015-05-27,24.69,0.0020292207792207417
2015-05-28,24.77,0.003240178209801492
2015-05-29,24.72,-0.002018570851836876
2015-06-01,24.68,-0.0016181229773462036
2015-06-02,24.65,-0.001215559157212387
2015-06-03,24.5,-0.006085192697768749
2015-06-04,24.06,-0.017959183673469492
2015-06-05,24.0,-0.0024937655860348684
2015-06-08,24.08,0.0033333333333331883
2015-06-09,23.51,-0.023671096345514786
2015-06-10,23.56,0.002126754572522316
2015-06-11,23.45,-0.004668930390492321
2015-06-12,23.35,-0.004264392324093702
2015-06-15,23.45,0.004282655246252487
2015-06-16,23.29,-0.006823027718550145
2015-06-17,23.36,0.003005581794761625
2015-06-18,23.51,0.006421232876712368
2015-06-22,23.81,0.012760527435133895
2015-06-23,23.89,0.0033599328013440566
2015-06-24,23.89,0.0
2015-06-25,23.95,0.002511511092507357
2015-06-26,23.95,0.0
2015-06-29,23.76,-0.007933194154488454
2015-06-30,23.7,-0.002525252525252597
2015-07-01,23.84,0.005907172995780696
2015-07-02,23.85,0.000419463087248495
2015-07-03,23.82,-0.0012578616352201255
2015-07-06,23.69,-0.005457598656591012
2015-07-07,23.71,0.0008442380751372269
2015-07-08,23.22,-0.02066638549135391
2015-07-09,22.84,-0.01636520241171402
2015-07-13,23.03,0.008318739054290702
2015-07-14,23.12,0.0039079461571862595
2015-07-15,23.0,-0.005190311418685201
2015-07-16,23.05,0.0021739130434783593
2015-07-17,23.05,0.0
2015-07-20,22.96,-0.0039045553145335976
2015-07-21,22.88,-0.0034843205574913716
2015-07-22,22.57,-0.013548951048951041
2015-07-23,22.5,-0.003101462117855558
2015-07-24,22.3,-0.008888888888888835
2015-07-27,21.85,-0.020179372197309364
2015-07-28,21.77,-0.0036613272311213363
2015-07-29,21.98,0.009646302250803984
2015-07-30,21.96,-0.0009099181073702889
2015-07-31,21.95,-0.00045537340619317135
2015-08-03,21.79,-0.007289293849658374
2015-08-04,21.63,-0.007342817806333168
2015-08-05,21.72,0.004160887656033285
2015-08-06,21.34,-0.017495395948434522
2015-08-07,21.25,-0.004217432052483594
2015-08-10,21.48,0.010823529411764676
2015-08-11,21.37,-0.005121042830540046
2015-08-12,21.25,-0.005615348619560145
2015-08-13,21.43,0.008470588235294008
2015-08-14,21.25,-0.008399440037330841
2015-08-17,21.12,-0.00611764705882345
2015-08-18,20.93,-0.008996212121212155
2015-08-19,20.31,-0.029622551361681793
2015-08-20,20.47,0.007877892663712416
2015-08-21,20.02,-0.021983390327308228
2015-08-24,19.95,-0.0034965034965035446
2015-08-25,19.5,-0.022556390977443552
2015-08-26,19.68,0.009230769230769154
2015-08-27,20.15,0.02388211382113825
2015-08-28,20.6,0.022332506203474045
2015-08-31,20.78,0.008737864077669855
2015-09-01,20.75,-0.0014436958614052475
2015-09-02,20.7,-0.002409638554216942
2015-09-03,20.81,0.005314009661835817
2015-09-04,20.73,-0.003844305622296873
2015-09-07,20.77,0.0019295706705257931
2015-09-08,20.85,0.003851709195955788
2015-09-09,21.3,0.021582733812949506
2015-09-10,21.45,0.007042253521126751
2015-09-11,21.65,0.00932400932400923
2015-09-14,21.69,0.0018475750577369165
2015-09-15,21.67,-0.0009220839096357736
2015-09-16,21.7,0.0013844023996307797
2015-09-17,22.0,0.01382488479262678
2015-09-18,22.13,0.005909090909090864
2015-09-21,21.74,-0.017623136014460083
2015-09-22,21.82,0.0036798528058878954
2015-09-23,21.41,-0.018790100824931266
2015-09-24,21.12,-0.013545072396076607
2015-09-25,21.12,0.0
2015-09-30,21.04,-0.0037878787878788955
2015-10-01,21.33,0.013783269961977096
2015-10-02,21.36,0.0014064697609001975
2015-10-05,21.58,0.010299625468164653
2015-10-06,21.88,0.013901760889712733
2015-10-07,21.89,0.00045703839122501755
2015-10-08,21.82,-0.0031978072179077444
2015-10-12,21.97,0.006874427131072336
2015-10-13,22.05,0.003641329085116052
2015-10-14,22.15,0.0045351473922901064
2015-10-15,22.33,0.00812641083521437
2015-10-16,22.4,0.0031347962382444194
2015-10-19,22.5,0.0044642857142858094
2015-10-20,22.58,0.003555555555555534
2015-10-21,22.47,-0.004871567759078821
2015-10-22,22.5,0.001335113484646211
2015-10-23,22.65,0.006666666666666599
2015-10-26,21.93,0.01236203090507737
2015-10-27,21.95,0.0009119927040583953
2015-10-28,21.95,0.0
2015-10-29,21.72,-0.010478359908883794
2015-10-30,21.66,-0.0027624309392264568
2015-11-02,21.66,0.0
2015-11-03,21.89,0.01061865189289013
2015-11-04,22.09,0.009136592051164794
2015-11-05,22.16,0.0031688546853780863
2015-11-06,21.97,-0.008574007220216617
2015-11-09,21.68,-0.013199817933545743
2015-11-10,21.55,-0.005996309963099633
2015-11-11,21.13,-0.019489559164733272
2015-11-12,21.08,-0.0023663038334122977
2015-11-13,20.88,-0.009487666034155517
2015-11-16,20.83,-0.002394636015325746
2015-11-17,21.23,0.019203072491598805
2015-11-18,21.12,-0.005181347150259086
2015-11-19,21.22,0.004734848484848397
2015-11-20,21.24,0.0009425070688029447
2015-11-23,21.26,0.0009416195856875031
2015-11-24,21.25,-0.00047036688617130284
2015-11-25,21.18,-0.0032941176470588918
2015-11-26,21.35,0.008026440037771643
2015-11-27,21.36,0.0004683840749413193
2015-11-30,21.21,-0.0070224719101122934
2015-12-01,21.47,0.01225836869401209
2015-12-02,21.66,0.008849557522123908
2015-12-03,21.67,0.00046168051708228575
2015-12-04,21.66,-0.00046146746654363024
2015-12-07,21.84,0.008310249307479145
2015-12-08,21.68,-0.0073260073260073
2015-12-09,21.48,-0.009225092250922495
2015-12-10,21.37,-0.005121042830540046
2015-12-11,21.33,-0.0018717828731867892
2015-12-14,21.14,-0.00890764181903414
2015-12-15,21.29,0.007095553453169368
2015-12-16,21.5,0.009863785814936632
2015-12-17,21.79,0.013488372093023226
2015-12-18,21.95,0.007342817806333279
2015-12-21,22.03,0.0036446469248292424
2015-12-22,21.95,-0.0036314117113028788
2015-12-23,22.01,0.002733485193622043
2015-12-24,21.98,-0.0013630168105407403
2015-12-25,22.0,0.0009099181073703999
2015-12-28,22.01,0.00045454545454548523
2015-12-29,21.95,-0.0027260336210814806
2015-12-30,21.84,-0.005011389521640042
2015-12-31,21.85,0.00045787545787545625
2016-01-04,21.48,-0.016933638443935917
2016-01-05,21.43,-0.002327746741154546
2016-01-06,21.1,-0.015398973401773097
2016-01-07,21.29,0.009004739336492706
2016-01-08,21.03,-0.012212306247064264
2016-01-11,20.62,-0.0194959581550167
2016-01-12,20.7,0.0038797284190106307
2016-01-13,20.73,0.0014492753623189802
2016-01-14,20.6,-0.006271104679208883
2016-01-15,20.6,0.0
2016-01-18,20.77,0.00825242718446595
2016-01-19,20.74,-0.001444390948483476
2016-01-20,20.59,-0.007232401157184154
2016-01-21,20.41,-0.008742107819329714
2016-01-22,20.5,0.004409603135717699
2016-01-25,20.77,0.013170731707317085
2016-01-26,20.76,-0.000481463649494418
2016-01-27,20.81,0.002408477842003709
2016-01-28,21.01,0.009610764055742571
2016-01-29,21.34,0.015706806282722363
2016-01-30,21.55,0.009840674789128423
2016-02-01,21.58,0.0013921113689094877
2016-02-02,21.72,0.006487488415199305
2016-02-03,21.62,-0.004604051565377465
2016-02-15,21.6,-0.0009250693802035359
2016-02-16,21.76,0.007407407407407307
2016-02-17,21.84,0.003676470588235281
2016-02-18,22.11,0.012362637362637319
2016-02-19,22.24,0.005879692446856488
2016-02-22,22.17,-0.003147482014388303
2016-02-23,22.22,0.00225529995489393
2016-02-24,22.15,-0.0031503150315032036
2016-02-25,22.24,0.004063205417607296
2016-02-26,22.49,0.01124100719424459
2016-03-01,22.63,0.006224988883948512
2016-03-02,22.68,0.002209456473707405
2016-03-03,22.8,0.005291005291005346
2016-03-04,22.77,-0.0013157894736842701
2016-03-07,22.78,0.0004391743522178526
2016-03-08,22.59,-0.008340649692712976
2016-03-09,22.59,0.0
2016-03-10,22.72,0.005754758742806398
2016-03-11,22.75,0.001320422535211252
2016-03-14,22.82,0.0030769230769231992
2016-03-15,22.46,-0.015775635407537236
2016-03-16,22.55,0.004007123775600974
2016-03-17,22.61,0.002660753880266098
2016-03-18,22.71,0.00442282176028308
2016-03-21,22.79,0.003522677234698346
2016-03-22,22.69,-0.00438788942518642
2016-03-23,22.55,-0.006170118995152074
2016-03-24,22.43,-0.005321507760532196
2016-03-25,22.4,-0.0013374944271066225
2016-03-28,22.41,0.0004464285714287364
2016-03-29,22.19,-0.009817045961624249
2016-03-30,22.4,0.009463722397476282
2016-03-31,22.43,0.001339285714285765
2016-04-01,22.28,-0.006687472135532668
2016-04-06,22.08,-0.008976660682226356
2016-04-07,22.03,-0.0022644927536230597
2016-04-08,21.95,-0.0036314117113028788
2016-04-11,21.97,0.0009111617312071996
2016-04-12,22.02,0.002275830678197588
2016-04-13,22.13,0.004995458673932696
2016-04-14,22.21,0.0036150022593763875
2016-04-15,22.26,0.002251238180999593
2016-04-18,22.23,-0.0013477088948787852
2016-04-19,22.23,0.0
2016-04-20,21.93,-0.013495276653171406
2016-04-21,21.86,-0.0031919744642042724
2016-04-22,21.79,-0.003202195791399798
2016-04-25,21.92,0.005966039467645734
2016-04-26,22.0,0.0036496350364962904
2016-04-27,21.96,-0.0018181818181818299
2016-04-28,21.8,-0.007285974499089298
2016-04-29,21.6,-0.00917431192660545
2016-05-03,21.35,-0.01157407407407407
2016-05-04,21.0,-0.016393442622950838
2016-05-05,20.93,-0.0033333333333332993
2016-05-06,20.75,-0.008600095556617338
2016-05-09,20.85,0.004819277108433884
2016-05-10,20.9,0.0023980815347719453
2016-05-11,20.9,0.0
2016-05-12,20.8,-0.004784688995215225
2016-05-13,20.69,-0.00528846153846152
2016-05-16,20.84,0.007249879168680362
2016-05-17,20.91,0.0033589251439538614
2016-05-18,20.93,0.0009564801530368428
2016-05-19,20.81,-0.005733397037744892
2016-05-20,20.88,0.0033637674195099443
2016-05-23,21.31,0.020593869731800662
2016-05-24,21.3,-0.000469263256686947
2016-05-25,21.41,0.00516431924882621
2016-05-26,21.49,0.0037365716954693706
2016-05-27,21.68,0.008841321544904579
2016-05-30,21.92,0.011070110701107083
2016-05-31,21.95,0.0013686131386860811
2016-06-01,22.05,0.004555808656036442
2016-06-02,22.05,0.0
2016-06-03,22.03,-0.0009070294784579991
2016-06-04,22.05,0.0009078529278256919
2016-06-06,21.98,-0.0031746031746031633
2016-06-07,22.29,0.0141037306642402
2016-06-08,22.36,0.003140421713772934
2016-06-13,22.06,-0.01341681574239717
2016-06-14,22.28,0.00997280145058932
2016-06-15,22.27,-0.0004488330341113622
2016-06-16,22.08,-0.008531656937584287
2016-06-17,22.18,0.004528985507246341
2016-06-20,22.44,0.011722272317403082
2016-06-21,22.58,0.0062388591800355275
2016-06-22,22.58,0.0
2016-06-23,22.5,-0.003542958370239102
2016-06-24,21.99,-0.022666666666666724
2016-06-27,22.14,0.0068212824010915885
2016-06-28,22.29,0.006775067750677488
2016-06-29,22.5,0.009421265141319024
2016-06-30,22.6,0.004444444444444473
2016-07-01,22.8,0.008849557522123908
2016-07-04,22.99,0.008333333333333304
2016-07-05,22.94,-0.0021748586341886478
2016-07-06,22.66,-0.012205754141238034
2016-07-07,22.86,0.008826125330979595
2016-07-11,23.42,0.024496937882764858
2016-07-12,23.43,0.00042698548249342494
2016-07-13,23.79,0.015364916773367376
2016-07-14,23.8,0.0004203446826398505
2016-07-15,23.94,0.00588235294117645
2016-07-18,24.13,0.007936507936507908
2016-07-19,24.2,0.0029009531703274583
2016-07-20,24.05,-0.00619834710743794
2016-07-21,24.26,0.008731808731808677
2016-07-22,24.24,-0.0008244023083265883
2016-07-25,24.17,-0.0028877887788777423
2016-07-26,24.19,0.0008274720728174145
2016-07-27,24.33,0.005787515502273521
2016-07-28,24.42,0.0036991368680643344
2016-07-29,24.37,-0.0020475020475020367
2016-08-01,24.55,0.007386130488305387
2016-08-02,24.61,0.0024439918533605276
2016-08-03,24.49,-0.004876066639577403
2016-08-04,24.47,-0.0008166598611678566
2016-08-05,24.58,0.004495300367797217
2016-08-08,24.67,0.003661513425549323
2016-08-09,24.68,0.0004053506282934993
2016-08-10,24.67,-0.0004051863857373883
2016-08-11,24.48,-0.007701661937576043
2016-08-12,24.56,0.0032679738562091387
2016-08-15,24.59,0.00122149837133545
2016-08-16,24.64,0.0020333468889792705
2016-08-17,24.58,-0.0024350649350650677
2016-08-18,24.72,0.005695687550854478
2016-08-19,24.65,-0.0028317152103559673
2016-08-22,24.3,-0.014198782961460377
2016-08-23,24.41,0.004526748971193317
2016-08-24,24.4,-0.0004096681687832948
2016-08-25,24.66,0.010655737704918122
2016-08-26,24.7,0.0016220600162206722
2016-08-29,24.6,-0.004048582995951344
2016-08-30,24.74,0.005691056910569037
2016-08-31,24.65,-0.003637833468067897
2016-09-01,24.39,-0.010547667342799105
2016-09-02,24.4,0.00041000410004099486
2016-09-05,24.65,0.010245901639344357
2016-09-06,24.86,0.008519269776876337
2016-09-07,25.0,0.005631536604987941
2016-09-08,25.08,0.0031999999999998696
2016-09-09,24.95,-0.0051834130781498455
2016-09-10,24.63,-0.012825651302605268
2016-09-12,24.55,-0.0032480714575719993
2016-09-13,24.37,-0.007331975560081472
2016-09-14,24.35,-0.0008206811653672652
2016-09-19,24.77,0.017248459958932205
2016-09-20,24.8,0.0012111425111021035
2016-09-21,24.95,0.006048387096774244
2016-09-22,25.01,0.0024048096192386126
2016-09-23,25.02,0.0003998400639744215
2016-09-26,24.85,-0.006794564348521104
2016-09-29,25.1,0.010060362173038184
2016-09-30,25.1,0.0
2016-10-03,25.05,-0.0019920318725099584
2016-10-04,25.07,0.0007984031936127955
2016-10-05,25.1,0.0011966493817312518
2016-10-06,25.1,0.0
2016-10-07,25.06,-0.0015936254980081221
2016-10-11,24.88,-0.0071827613727054596
2016-10-12,24.97,0.003617363344051494
2016-10-13,24.87,-0.004004805766920194
2016-10-14,24.66,-0.008443908323281124
2016-10-17,24.69,0.0012165450121655041
2016-10-18,24.81,0.004860267314702238
2016-10-19,24.95,0.005642885933091479
2016-10-20,25.01,0.0024048096192386126
2016-10-21,25.0,-0.0003998400639744215
2016-10-24,25.09,0.0036000000000000476
2016-10-25,25.35,0.010362694300518172
2016-10-26,23.79,-0.010256410256410331
2016-10-27,23.75,-0.0016813787305590688
2016-10-28,23.75,0.0
2016-10-31,23.8,0.002105263157894832
2016-11-01,23.7,-0.004201680672269004
2016-11-02,23.28,-0.017721518987341645
2016-11-03,23.09,-0.008161512027491491
2016-11-04,23.06,-0.0012992637505414573
2016-11-07,23.27,0.009106678230702547
2016-11-08,23.4,0.005586592178770999
2016-11-09,22.72,-0.029059829059829068
2016-11-10,23.26,0.02376760563380298
2016-11-11,22.7,-0.024075666380051652
2016-11-14,22.89,0.008370044052863568
2016-11-15,22.74,-0.00655307994757548
2016-11-16,22.78,0.0017590149516271136
2016-11-17,22.65,-0.005706760316066872
2016-11-18,22.85,0.008830022075055233
2016-11-21,22.94,0.003938730853391581
2016-11-22,23.19,0.010897994768962471
2016-11-23,23.2,0.00043122035360054767
2016-11-24,23.17,-0.001293103448275712
2016-11-25,23.23,0.002589555459646009
2016-11-28,23.29,0.00258286698235044
2016-11-29,23.25,-0.0017174753112924046
2016-11-30,23.26,0.00043010752688177334
2016-12-01,23.32,0.002579535683576939
2016-12-02,23.13,-0.008147512864494
2016-12-05,22.98,-0.006485084306095956
2016-12-06,23.14,0.006962576153176636
2016-12-07,23.2,0.0025929127052721768
2016-12-08,23.33,0.005603448275862011
2016-12-09,23.43,0.004286326618088365
2016-12-12,23.27,-0.006828851899274402
2016-12-13,23.28,0.0004297378599056323
2016-12-14,23.3,0.0008591065292096189
2016-12-15,23.3,0.0
2016-12-16,23.31,0.000429184549356032
2016-12-19,23.07,-0.010296010296010238
2016-12-20,23.1,0.0013003901170351995
2016-12-21,23.03,-0.00303030303030305
2016-12-22,23.0,-0.0013026487190621605
2016-12-23,22.85,-0.006521739130434745
2016-12-26,22.9,0.002188183807439792
2016-12-27,22.86,-0.0017467248908296096
2016-12-28,23.0,0.006124234470691103
2016-12-29,22.99,-0.00043478260869567187
2016-12-30,23.07,0.003479773814702103
2017-01-03,23.12,0.0021673168617251104
2017-01-04,23.2,0.0034602076124565784
2017-01-05,23.28,0.0034482758620690834
2017-01-06,23.34,0.002577319587628857
2017-01-09,23.3,-0.001713796058269046
2017-01-10,23.41,0.0047210300429183505
2017-01-11,23.5,0.003844510892780928
2017-01-12,23.58,0.0034042553191488967
2017-01-13,23.56,-0.0008481764206954567
2017-01-16,23.44,-0.005093378607809784
2017-01-17,23.44,0.0
2017-01-18,23.42,-0.0008532423208190698
2017-01-19,23.39,-0.00128095644748083
2017-01-20,23.35,-0.0017101325352714136
2017-01-23,23.48,0.005567451820128522
2017-01-24,23.54,0.0025553662691650825
2017-02-02,23.55,0.0004248088360239155
2017-02-03,23.65,0.00424628450106157
2017-02-06,23.93,0.01183932346723049
2017-02-07,23.96,0.001253656498119593
2017-02-08,24.15,0.007929883138564131
2017-02-09,24.19,0.0016563146997929934
2017-02-10,24.33,0.005787515502273521
2017-02-13,24.33,0.0
2017-02-14,24.4,0.0028771064529387047
2017-02-15,24.59,0.0077868852459017646
2017-02-16,24.48,-0.004473363155754306
2017-02-17,24.45,-0.001225490196078427
2017-02-18,24.5,0.002044989775051187
2017-02-20,24.37,-0.0053061224489795444
2017-02-21,24.24,-0.005334427574887224
2017-02-22,24.38,0.005775577557755707
2017-02-23,24.44,0.0024610336341264194
2017-02-24,24.48,0.0016366612111291534
2017-03-01,24.5,0.0008169934640522847
2017-03-02,24.5,0.0
2017-03-03,24.47,-0.001224489795918382
2017-03-06,24.45,-0.000817327339599494
2017-03-07,24.51,0.0024539877300613355
2017-03-08,24.56,0.002039983680130364
2017-03-09,24.5,-0.002442996742671011
2017-03-10,24.4,-0.004081632653061273
2017-03-13,24.49,0.0036885245901638886
2017-03-14,24.6,0.004491629236423211
2017-03-15,24.59,-0.0004065040650407248
2017-03-16,24.76,0.006913379422529564
2017-03-17,24.8,0.001615508885298933
2017-03-20,24.92,0.004838709677419395
2017-03-21,25.03,0.004414125200641994
2017-03-22,25.08,0.0019976028765480436
2017-03-23,25.0,-0.0031897926634768536
2017-03-24,24.98,-0.0008000000000000229
2017-03-27,24.86,-0.0048038430744595795
2017-03-28,24.75,-0.004424778761061954
2017-03-29,24.8,0.002020202020202033
2017-03-30,24.8,0.0
2017-03-31,24.73,-0.0028225806451612767
2017-04-05,24.91,0.007278608976950984
2017-04-06,24.85,-0.002408671216378888
2017-04-07,24.79,-0.0024144869215292353
2017-04-10,24.82,0.0012101653892699904
2017-04-11,24.59,-0.009266720386784888
2017-04-12,24.49,-0.004066693777958541
2017-04-13,24.52,0.001224989791751785
2017-04-14,24.27,-0.010195758564437218
2017-04-17,24.18,-0.003708281829419069
2017-04-18,24.25,0.0028949545078578165
2017-04-19,24.18,-0.0028865979381443863
2017-04-20,24.01,-0.007030603804797253
2017-04-21,24.09,0.0033319450229070124
2017-04-24,24.11,0.0008302200083021294
2017-04-25,24.23,0.004977187888842938
2017-04-26,24.45,0.00907965332232763
2017-04-27,24.44,-0.00040899795501014857
2017-04-28,24.45,0.00040916530278223284
2017-05-02,24.56,0.0044989775051125225
2017-05-03,24.51,-0.0020358306188923425
2017-05-04,24.61,0.00407996736026095
2017-05-05,24.51,-0.00406338886631441
2017-05-08,24.57,0.00244798041615657
2017-05-09,24.5,-0.002849002849002913
2017-05-10,24.47,-0.001224489795918382
2017-05-11,24.48,0.000408663669799747
2017-05-12,24.56,0.0032679738562091387
2017-05-15,24.7,0.005700325732899136
2017-05-16,24.75,0.002024291497975783
2017-05-17,24.7,-0.002020202020202033
2017-05-18,24.66,-0.0016194331983805377
2017-05-19,24.69,0.0012165450121655041
2017-05-22,24.75,0.002430133657351119
2017-05-23,24.76,0.00040404040404040664
2017-05-24,24.76,0.0
2017-05-25,24.81,0.0020193861066235552
2017-05-26,24.89,0.0032245062474809405
2017-05-31,24.83,-0.0024106066693452277
2017-06-01,24.84,0.000402738622633958
2017-06-02,24.86,0.0008051529790660261
2017-06-03,24.9,0.0016090104585679832
2017-06-05,24.99,0.0036144578313253017
2017-06-06,25.0,0.0004001600640257674
2017-06-07,24.93,-0.0028000000000000247
2017-06-08,25.0,0.0028078620136382515
2017-06-09,25.0,0.0
2017-06-12,25.07,0.0027999999999999137
2017-06-13,25.16,0.0035899481451935333
2017-06-14,24.96,-0.007949125596184436
2017-06-15,24.98,0.0008012820512819374
2017-06-16,25.05,0.002802241793434801
2017-06-19,25.22,0.00678642714570854
2017-06-20,25.26,0.0015860428231564416
2017-06-21,25.42,0.0063341250989708
2017-06-22,25.56,0.0055074744295828815
2017-06-23,25.48,-0.00312989045383405
2017-06-26,25.7,0.008634222919937207
2017-06-27,25.76,0.0023346303501945442
2017-06-28,25.57,-0.007375776397515632
2017-06-29,25.6,0.001173249902229223
2017-06-30,25.58,-0.0007812500000000666
2017-07-03,25.75,0.006645817044566238
2017-07-04,25.65,-0.003883495145631133
2017-07-05,25.68,0.0011695906432749315
2017-07-06,25.64,-0.0015576323987538387
2017-07-07,25.56,-0.0031201248049922414
2017-07-10,25.58,0.0007824726134584292
2017-07-11,25.8,0.008600469116497367
2017-07-12,25.94,0.005426356589147252
2017-07-13,26.0,0.0023130300693907646
2017-07-14,26.04,0.0015384615384614886
2017-07-17,26.11,0.0026881720430107503
2017-07-18,26.13,0.0007659900421295163
2017-07-19,26.25,0.004592422502870397
2017-07-20,26.25,0.0
2017-07-21,26.11,-0.005333333333333301
2017-07-24,26.03,-0.003063960168517732
2017-07-25,26.16,0.0049942374183633564
2017-07-26,26.15,-0.0003822629969419955
2017-07-27,26.22,0.0026768642447418944
2017-07-28,26.19,-0.0011441647597253413
2017-07-31,26.09,-0.0038182512409317138
2017-08-01,26.2,0.0042161747796090054
2017-08-02,26.28,0.003053435114503955
2017-08-03,26.23,-0.0019025875190259445
2017-08-04,26.29,0.002287457110179192
2017-08-07,26.34,0.0019018638265499987
2017-08-08,26.36,0.0007593014426727773
2017-08-09,26.26,-0.003793626707131903
2017-08-10,25.9,-0.013709063214013772
2017-08-11,25.86,-0.001544401544401497
2017-08-14,25.44,-0.016241299303944245
2017-08-15,25.68,0.00943396226415083
2017-08-16,25.64,-0.0015576323987538387
2017-08-17,25.85,0.008190327613104564
2017-08-18,25.78,-0.0027079303675048294
2017-08-21,25.67,-0.00426687354538402
2017-08-22,25.78,0.004285157771718007
2017-08-23,25.87,0.003491078355314148
2017-08-24,25.92,0.0019327406262079627
2017-08-25,25.94,0.0007716049382715529
2017-08-28,25.98,0.0015420200462605838
2017-08-29,25.85,-0.005003849114703529
2017-08-30,25.98,0.005029013539651794
2017-08-31,26.09,0.004234026173979943
2017-09-01,26.25,0.006132617861249523
2017-09-04,26.22,-0.0011428571428572232
2017-09-05,26.29,0.002669717772692648
2017-09-06,26.25,-0.001521491061239999
2017-09-07,26.14,-0.004190476190476189
2017-09-08,26.23,0.0034429992348889993
2017-09-11,26.31,0.0030499428135721818
2017-09-12,26.49,0.0068415051311288
2017-09-13,26.5,0.0003775009437523291
2017-09-14,26.51,0.0003773584905661931
2017-09-15,26.55,0.0015088645794039124
2017-09-18,26.8,0.009416195856873921
2017-09-19,26.48,-0.011940298507462699
2017-09-20,26.34,-0.005287009063444148
2017-09-21,26.43,0.003416856492027387
2017-09-22,26.2,-0.008702232311766922
2017-09-25,25.8,-0.015267175572518998
2017-09-26,25.65,-0.005813953488372214
2017-09-27,25.77,0.004678362573099504
2017-09-28,25.8,0.0011641443538998875
2017-09-29,25.8,0.0
2017-09-30,25.96,0.006201550387596955
2017-10-02,26.15,0.007318952234206311
2017-10-03,26.24,0.0034416826003824674
2017-10-05,26.29,0.001905487804878092
2017-10-06,26.41,0.004564473183719997
2017-10-11,26.41,0.0
2017-10-12,26.39,-0.0007572889057174681
2017-10-13,26.28,-0.004168245547555904
2017-10-16,26.38,0.003805175038051667
2017-10-17,26.31,-0.0026535253980287665
2017-10-18,26.33,0.0007601672367920642
2017-10-19,26.35,0.0007595898214964869
2017-10-20,26.33,-0.0007590132827325347
2017-10-23,26.5,0.0064565134827194726
2017-10-24,26.64,0.005283018867924483
2017-10-25,26.64,0.0
2017-10-26,26.62,-0.0007507507507507061
2017-10-27,26.39,-0.008640120210368196
2017-10-30,25.5,0.002273588480484978
2017-10-31,25.58,0.0031372549019608176
2017-11-01,25.6,0.0007818608287726292
2017-11-02,25.67,0.0027343749999999556
2017-11-03,25.69,0.00077911959485788
2017-11-06,25.6,-0.0035033086804203695
2017-11-07,25.6,0.0
2017-11-08,25.65,0.001953124999999778
2017-11-09,25.41,-0.009356725146198785
2017-11-10,25.29,-0.0047225501770956635
2017-11-13,25.0,-0.011466982997232034
2017-11-14,25.14,0.005600000000000049
2017-11-15,25.03,-0.004375497215592605
2017-11-16,25.04,0.0003995205753095643
2017-11-17,25.13,0.0035942492012779326
2017-11-20,25.09,-0.001591723040190951
2017-11-21,25.19,0.003985651654045519
2017-11-22,25.17,-0.0007939658594680044
2017-11-23,25.2,0.0011918951132299238
2017-11-24,25.26,0.0023809523809523725
2017-11-27,25.2,-0.002375296912114133
2017-11-28,25.1,-0.003968253968253843
2017-11-29,25.15,0.0019920318725097363
2017-11-30,24.99,-0.006361829025844923
2017-12-01,24.99,0.0
2017-12-04,24.99,0.0
2017-12-05,24.86,-0.005202080832332867
2017-12-06,24.61,-0.010056315366049895
2017-12-07,24.48,-0.005282405526208844
2017-12-08,24.72,0.009803921568627416
2017-12-11,24.9,0.007281553398058138
2017-12-12,24.8,-0.004016064257028051
2017-12-13,24.83,0.0012096774193548487
2017-12-14,24.92,0.0036246476037054
2017-12-15,24.86,-0.0024077046548957037
2017-12-18,24.95,0.003620273531777851
2017-12-19,24.88,-0.002805611222444937
2017-12-20,24.9,0.000803858520900258
2017-12-21,24.9,0.0
2017-12-22,24.9,0.0
2017-12-25,24.94,0.0016064257028114426
2017-12-26,24.89,-0.002004811547714591
2017-12-27,24.9,0.0004017677782242046
2017-12-28,24.9,0.0
2017-12-29,25.0,0.004016064257028162
2018-01-02,25.13,0.005199999999999871
2018-01-03,25.31,0.007162753680859613
2018-01-04,25.41,0.003951007506914239
2018-01-05,25.44,0.0011806375442739991
2018-01-08,25.57,0.0051100628930818015
2018-01-09,25.5,-0.0027375831052014465
2018-01-10,25.37,-0.00509803921568619
2018-01-11,25.41,0.0015766653527788943
2018-01-12,25.54,0.0051160960251868115
2018-01-15,25.65,0.004306969459671128
2018-01-16,25.8,0.005847953216374435
2018-01-17,25.92,0.0046511627906977715
2018-01-18,26.02,0.0038580246913579863
2018-01-19,26.0,-0.000768639508070712
2018-01-22,26.25,0.009615384615384581
2018-01-23,26.2,-0.0019047619047619646
2018-01-24,26.32,0.004580152671755711
2018-01-25,26.45,0.004939209726443794
2018-01-26,26.54,0.0034026465028356156
2018-01-29,26.8,0.009796533534287999
2018-01-30,26.41,-0.014552238805970119
2018-01-31,26.45,0.0015145778114349362
2018-02-01,26.42,-0.0011342155009450572
2018-02-02,26.34,-0.003028009084027339
2018-02-05,26.0,-0.012908124525436548
2018-02-06,24.99,-0.038846153846153864
2018-02-07,25.43,0.017607042817126883
2018-02-08,25.5,0.002752654345261618
2018-02-09,25.5,0.0
2018-02-12,25.15,-0.013725490196078494
2018-02-21,25.72,0.022664015904572565
2018-02-22,25.62,-0.0038880248833591535
2018-02-23,25.8,0.007025761124121788
2018-02-26,25.98,0.006976744186046435
2018-02-27,25.95,-0.0011547344110854896
2018-03-01,25.91,-0.0015414258188823915
2018-03-02,25.76,-0.005789270551910364
2018-03-05,25.63,-0.005046583850931818
2018-03-06,25.76,0.005072181037846457
2018-03-07,25.7,-0.0023291925465839247
2018-03-08,26.01,0.0120622568093387
2018-03-09,25.93,-0.003075740099961588
2018-03-12,26.1,0.00655611261087552
2018-03-13,26.17,0.002681992337164818
2018-03-14,26.08,-0.0034390523500192893
2018-03-15,26.11,0.0011503067484663898
2018-03-16,26.16,0.0019149751053235686
2018-03-19,26.19,0.0011467889908256534
2018-03-20,26.13,-0.002290950744559095
2018-03-21,26.17,0.001530807500956799
2018-03-22,26.14,-0.0011463507833398001
2018-03-23,25.82,-0.01224177505738333
2018-03-26,26.0,0.006971340046475483
2018-03-27,26.08,0.003076923076922977
2018-03-28,25.93,-0.005751533742331283
2018-03-29,25.9,-0.0011569610489781113
2018-03-30,25.96,0.0023166023166023564
2018-03-31,25.95,-0.00038520801232666546
2018-04-02,26.02,0.002697495183044296
2018-04-03,25.92,-0.003843197540353449
2018-04-09,25.95,0.0011574074074072183
2018-04-10,25.95,0.0
2018-04-11,26.11,0.006165703275529788
2018-04-12,26.0,-0.004212945231712006
2018-04-13,25.99,-0.00038461538461542766
2018-04-16,25.98,-0.00038476337052706366
2018-04-17,25.77,-0.008083140877598205
2018-04-18,25.68,-0.0034924330616996624
2018-04-19,25.86,0.007009345794392496
2018-04-20,25.82,-0.0015467904098994678
2018-04-23,25.69,-0.005034856700232293
2018-04-24,25.5,-0.007395873880887582
2018-04-25,25.31,-0.0074509803921568585
2018-04-26,25.23,-0.003160806005531369
2018-04-27,25.15,-0.0031708283789140257
2018-04-30,25.4,0.00994035785288272
2018-05-02,25.34,-0.0023622047244094
2018-05-03,25.22,-0.0047355958958169575
2018-05-04,25.2,-0.0007930214115781098
2018-05-07,25.3,0.003968253968253954
2018-05-08,25.43,0.005138339920948587
2018-05-09,25.4,-0.0011797090051121062
2018-05-10,25.48,0.0031496062992126816
2018-05-11,25.6,0.004709576138147709
2018-05-14,25.85,0.009765625
2018-05-15,25.78,-0.0027079303675048294
2018-05-16,25.93,0.005818463925523654
2018-05-17,26.06,0.005013497878904705
2018-05-18,26.2,0.005372217958557135
2018-05-21,26.35,0.005725190839694694
2018-05-22,26.4,0.001897533206830948
2018-05-23,26.4,0.0
2018-05-24,26.41,0.00037878787878797837
2018-05-25,26.33,-0.0030291556228702055
2018-05-28,26.39,0.0022787694644892387
2018-05-29,26.37,-0.0007578628268283261
2018-05-30,26.01,-0.013651877133105783
2018-05-31,26.19,0.006920415224913379
2018-06-01,26.4,0.008018327605956443
2018-06-04,26.62,0.008333333333333526
2018-06-05,26.61,-0.00037565740045086837
2018-06-06,26.79,0.006764374295377573
2018-06-07,26.79,0.0
2018-06-08,26.67,-0.004479283314669513
2018-06-11,26.69,0.0007499062617173369
2018-06-12,26.6,-0.0033720494567253123
2018-06-13,26.56,-0.0015037593984963404
2018-06-14,26.39,-0.006400602409638467
2018-06-15,26.32,-0.0026525198938992522
2018-06-19,26.2,-0.00455927051671734
2018-06-20,26.1,-0.003816793893129722
2018-06-21,26.12,0.0007662835249042654
2018-06-22,26.0,-0.004594180704441064
2018-06-25,25.78,-0.00846153846153841
2018-06-26,25.65,-0.005042668735453892
2018-06-27,25.64,-0.00038986354775816245
2018-06-28,25.4,-0.009360374414976724
2018-06-29,25.66,0.010236220472441104
2018-07-02,25.61,-0.0019485580670304259
2018-07-03,25.5,-0.0042951971885981655
2018-07-04,25.53,0.0011764705882353343
2018-07-05,25.31,-0.008617312965139123
2018-07-06,25.3,-0.0003951007506913795
2018-07-09,25.6,0.011857707509881354
2018-07-10,25.63,0.0011718749999998224
2018-07-11,25.51,-0.004682013265704166
2018-07-12,25.61,0.003920031360250764
2018-07-13,25.79,0.007028504490433463
2018-07-16,25.93,0.0054284606436603156
2018-07-17,25.97,0.001542614731970593
2018-07-18,26.21,0.009241432422025575
2018-07-19,26.13,-0.0030522701259062535
2018-07-20,26.14,0.00038270187523914423
2018-07-23,26.23,0.0034429992348889993
2018-07-24,26.42,0.0072436141822340705
2018-07-25,26.47,0.0018925056775169757
2018-07-26,26.59,0.004533434076312792
2018-07-27,26.89,0.011282437006393309
2018-07-30,27.04,0.005578281889178083
2018-07-31,27.19,0.005547337278106523
2018-08-01,27.28,0.0033100404560499896
2018-08-02,27.0,-0.01026392961876832
2018-08-03,27.18,0.006666666666666599
2018-08-06,27.43,0.00919793966151583
2018-08-07,27.45,0.0007291286912138872
2018-08-08,27.6,0.005464480874316946
2018-08-09,27.5,-0.0036231884057971175
2018-08-10,27.53,0.0010909090909090313
2018-08-13,27.18,-0.012713403559753034
2018-08-14,27.38,0.00735835172921262
2018-08-15,27.1,-0.010226442658874957
2018-08-16,27.09,-0.0003690036900370064
2018-08-17,27.12,0.001107419712070845
2018-08-20,27.19,0.002581120943952797
2018-08-21,27.23,0.0014711290915776498
2018-08-22,27.29,0.0022034520749172337
2018-08-23,27.3,0.0003664345914253797
2018-08-24,27.2,-0.003663003663003761
2018-08-27,27.35,0.005514705882353033
2018-08-28,27.56,0.00767824497257763
2018-08-29,27.61,0.0018142235123368433
2018-08-30,27.7,0.003259688518652659
2018-08-31,27.78,0.002888086642599319
2018-09-03,27.63,-0.005399568034557323
2018-09-04,27.63,0.0
2018-09-05,27.53,-0.0036192544335865717
2018-09-06,27.45,-0.002905920813657925
2018-09-07,27.19,-0.00947176684881601
2018-09-10,26.67,-0.019124678190511224
2018-09-11,26.78,0.00412448443944502
2018-09-12,26.74,-0.0014936519790890168
2018-09-13,26.92,0.006731488406881203
2018-09-14,27.4,0.017830609212481363
2018-09-17,27.46,0.0021897810218978186
2018-09-18,27.4,-0.002184996358339464
2018-09-19,27.41,0.00036496350364978447
2018-09-20,27.4,-0.00036483035388545915
2018-09-21,27.41,0.00036496350364978447
2018-09-25,27.49,0.002918642831083451
2018-09-26,27.4,-0.0032739177882866732
2018-09-27,27.33,-0.002554744525547492
2018-09-28,27.28,-0.0018294914013903263
2018-10-01,27.32,0.0014662756598240456
2018-10-02,27.2,-0.004392386530014725
2018-10-03,26.97,-0.008455882352941146
2018-10-04,26.78,-0.007044864664441874
2018-10-05,26.43,-0.013069454817027704
2018-10-08,26.7,0.010215664018161208
2018-10-09,26.34,-0.013483146067415741
2018-10-11,24.91,-0.054290053151101025
2018-10-12,25.26,0.014050582095544106
2018-10-15,25.18,-0.0031670625494854
2018-10-16,25.39,0.008339952343129564
2018-10-17,25.51,0.004726270185112291
2018-10-18,25.54,0.0011760094080752737
2018-10-19,25.55,0.0003915426781520015
2018-10-22,25.81,0.010176125244618417
2018-10-23,24.13,-0.008911274699728855
2018-10-24,24.12,-0.0004144218814752243
2018-10-25,23.59,-0.021973466003316844
2018-10-26,23.43,-0.006782534972445964
2018-10-29,23.34,-0.003841229193341844
2018-10-30,23.42,0.003427592116538314
2018-10-31,23.78,0.015371477369769293
2018-11-01,24.08,0.01261564339781307
2018-11-02,24.18,0.004152823920265947
2018-11-05,24.18,0.0
2018-11-06,24.08,-0.0041356492969396585
2018-11-07,24.21,0.00539867109634562
2018-11-08,24.37,0.00660883932259404
2018-11-09,24.21,-0.006565449322938011
2018-11-12,24.18,-0.0012391573729864103
2018-11-13,24.12,-0.002481389578163684
2018-11-14,24.15,0.0012437810945271632
2018-11-15,24.22,0.0028985507246377384
2018-11-16,24.29,0.0028901734104045396
2018-11-19,24.4,0.0045286125977768155
2018-11-20,24.17,-0.009426229508196604
2018-11-21,24.14,-0.0012412081092263438
2018-11-22,23.98,-0.006628003314001707
2018-11-23,23.94,-0.0016680567139282232
2018-11-26,24.11,0.007101086048454386
2018-11-27,24.1,-0.00041476565740350413
2018-11-28,24.27,0.007053941908713668
2018-11-29,24.38,0.00453234445817885
2018-11-30,24.46,0.003281378178835226
2018-12-03,24.89,0.017579721995093944
2018-12-04,24.82,-0.0028123744475693213
2018-12-05,24.6,-0.008863819500402825
2018-12-06,24.19,-0.01666666666666672
2018-12-07,24.28,0.003720545680033105
2018-12-10,24.07,-0.008649093904448124
2018-12-11,24.18,0.004570004154549112
2018-12-12,24.32,0.005789909015715411
2018-12-13,24.39,0.0028782894736842923
2018-12-14,24.31,-0.00328003280032807
2018-12-17,24.31,0.0
2018-12-18,24.03,-0.011517893870834905
2018-12-19,24.14,0.004577611319184438
2018-12-20,24.13,-0.00041425020712515526
2018-12-21,24.14,0.00041442188147544634
2018-12-22,24.17,0.0012427506213754658
2018-12-24,24.18,0.00041373603640870726
2018-12-25,23.97,-0.008684863523573227
2018-12-26,23.72,-0.01042970379641217
2018-12-27,23.91,0.008010118043844994
2018-12-28,23.94,0.0012547051442910462
2019-01-02,23.83,-0.0045948203842941515
2019-01-03,23.59,-0.010071338648761974
2019-01-04,23.4,-0.008054260279779624
2019-01-07,23.73,0.014102564102564275
2019-01-08,23.79,0.0025284450063209896
2019-01-09,24.05,0.010928961748633892
2019-01-10,24.01,-0.0016632016632016633
2019-01-11,24.04,0.0012494793835899909
2019-01-14,23.99,-0.002079866888519133
2019-01-15,24.13,0.005835764902042628
2019-01-16,24.25,0.004973062577704246
2019-01-17,24.26,0.0004123711340207059
2019-01-18,24.39,0.005358615004122047
2019-01-21,24.51,0.004920049200491938
2019-01-22,24.5,-0.000407996736026206
2019-01-23,24.44,-0.002448979591836653
2019-01-24,24.55,0.0045008183306054494
2019-01-25,24.9,0.014256619144602745
2019-01-28,25.01,0.004417670682731023
2019-01-29,24.89,-0.004798080767692947
2019-01-30,24.92,0.0012053033346726139
2019-02-11,24.99,0.002808988764044784
2019-02-12,25.26,0.010804321728691502
2019-02-13,25.42,0.0063341250989708
2019-02-14,25.43,0.00039339103068436465
2019-02-15,25.39,-0.001572945340149401
2019-02-18,25.52,0.005120126033871575
2019-02-19,25.52,0.0
2019-02-20,25.74,0.008620689655172376
2019-02-21,25.84,0.0038850038850040125
2019-02-22,25.9,0.0023219814241486336
2019-02-25,26.13,0.008880308880308885
2019-02-26,26.18,0.0019135093761959432
2019-02-27,25.96,-0.008403361344537785
2019-03-04,26.12,0.006163328197226425
2019-03-05,26.0,-0.004594180704441064
2019-03-06,26.08,0.003076923076922977
2019-03-07,25.98,-0.0038343558282207812
2019-03-08,25.84,-0.005388760585065433
2019-03-11,25.89,0.0019349845201239724
2019-03-12,26.01,0.004634994206257348
2019-03-13,25.98,-0.0011534025374856371
2019-03-14,25.91,-0.002694380292532772
2019-03-15,25.91,0.0
2019-03-18,26.13,0.008490930142802
2019-03-19,26.22,0.003444316877152742
2019-03-20,26.2,-0.0007627765064835978
2019-03-21,26.37,0.0064885496183206826
2019-03-22,26.37,0.0
2019-03-25,26.1,-0.010238907849829282
2019-03-26,26.25,0.005747126436781658
2019-03-27,26.28,0.0011428571428571122
2019-03-28,26.24,-0.0015220700152207556
2019-03-29,26.4,0.0060975609756097615
2019-04-01,26.51,0.004166666666666874
2019-04-02,26.58,0.0026405130139568467
2019-04-03,26.73,0.0056433408577878375
2019-04-08,26.93,0.007482229704451893
2019-04-09,27.02,0.0033419977720015037
2019-04-10,26.97,-0.0018504811250925624
2019-04-11,26.89,-0.0029662588060808126
2019-04-12,26.76,-0.004834510970621042
2019-04-15,26.99,0.008594917787742684
2019-04-16,27.25,0.009633197480548361
2019-04-17,27.44,0.006972477064220328
2019-04-18,27.14,-0.01093294460641403
2019-04-19,27.35,0.0077376565954310195
2019-04-22,27.41,0.002193784277879196
2019-04-23,27.36,-0.0018241517694272957
2019-04-24,27.57,0.007675438596491224
2019-04-25,27.65,0.0029017047515413896
2019-04-26,27.52,-0.004701627486437543
2019-04-29,27.35,-0.0061773255813952765
2019-04-30,27.35,0.0
2019-05-02,27.4,0.001828153564899404
2019-05-03,27.56,0.005839416058394109
2019-05-06,27.08,-0.01741654571843254
2019-05-07,27.26,0.006646971935007517
2019-05-08,27.2,-0.0022010271460015662
2019-05-09,26.74,-0.016911764705882404
2019-05-10,26.55,-0.007105459985041085
2019-05-13,26.09,-0.017325800376647882
2019-05-14,26.07,-0.0007665772326561626
2019-05-15,26.18,0.00421940928270037
2019-05-16,25.92,-0.009931245225362817
2019-05-17,25.7,-0.008487654320987748
2019-05-20,25.7,0.0
2019-05-21,25.76,0.0023346303501945442
2019-05-22,25.79,0.0011645962732917958
2019-05-23,25.44,-0.013571151609150789
2019-05-24,25.44,0.0
2019-05-27,25.45,0.00039308176100627534
2019-05-28,25.5,0.0019646365422396617
2019-05-29,25.39,-0.004313725490196041
2019-05-30,25.58,0.0074832611264277205
2019-05-31,25.94,0.014073494917904661
2019-06-03,25.84,-0.0038550501156515704
2019-06-04,25.76,-0.003095975232198067
2019-06-05,25.81,0.0019409937888197337
2019-06-06,25.69,-0.0046493607129018955
2019-06-10,25.99,0.011677695601401306
2019-06-11,26.04,0.0019238168526356514
2019-06-12,26.1,0.0023041474654379446
2019-06-13,26.01,-0.0034482758620689724
2019-06-14,25.99,-0.0007689350249905358
2019-06-17,26.05,0.002308580223162826
2019-06-18,26.06,0.00038387715930898736
2019-06-19,26.47,0.01573292402148896
2019-06-20,26.61,0.005289006422364961
2019-06-21,26.52,-0.0033821871476887866
2019-06-24,26.6,0.003016591251885359
2019-06-25,26.47,-0.004887218045112829
2019-06-26,26.43,-0.001511144692104227
2019-06-27,26.61,0.006810442678774065
2019-06-28,26.59,-0.0007515971439308045
2019-07-01,26.95,0.013538924407672015
2019-07-02,26.96,0.00037105751391464104
2019-07-03,26.78,-0.00667655786350152
2019-07-04,26.93,0.005601194921583286
2019-07-05,26.99,0.002227998514667595
2019-07-08,26.96,-0.0011115227862170673
2019-07-09,26.87,-0.00333827893175076
2019-07-10,26.95,0.0029772981019724476
2019-07-11,27.11,0.005936920222634479
2019-07-12,27.16,0.00184433788270022
2019-07-15,27.21,0.0018409425625920406
2019-07-16,27.26,0.0018375597206909955
2019-07-17,27.14,-0.0044020542920030215
2019-07-18,27.06,-0.0029476787030214835
2019-07-19,27.06,0.0
2019-07-22,27.11,0.0018477457501848704
2019-07-23,27.24,0.004795278495020261
2019-07-24,27.28,0.001468428781204123
2019-07-25,27.47,0.006964809384164106
2019-07-26,27.4,-0.002548234437568242
2019-07-29,27.37,-0.0010948905109487983
2019-07-30,27.29,-0.002922908293752302
2019-07-31,27.2,-0.0032979113228288615
2019-08-01,27.1,-0.00367647058823517
2019-08-02,26.85,-0.009225092250922495
2019-08-05,26.6,-0.009310986964618295
2019-08-06,26.52,-0.00300751879699257
2019-08-07,26.43,-0.0033936651583710287
2019-08-08,26.56,0.004918653045781207
2019-08-12,26.9,0.012801204819277157
2019-08-13,26.76,-0.00520446096654259
2019-08-14,26.93,0.006352765321375076
2019-08-15,26.82,-0.004084663943557332
2019-08-16,26.95,0.004847129008202833
2019-08-19,27.03,0.0029684601113173503
2019-08-20,27.07,0.0014798372179058994
2019-08-21,27.05,-0.0007388252678240947
2019-08-22,27.02,-0.0011090573012939586
2019-08-23,27.02,0.0
2019-08-26,26.88,-0.005181347150259086
2019-08-27,26.96,0.0029761904761904656
2019-08-28,26.97,0.00037091988130555364
2019-08-29,27.0,0.0011123470522802492
2019-08-30,27.25,0.0092592592592593
2019-09-02,27.44,0.006972477064220328
2019-09-03,27.4,-0.001457725947521915
2019-09-04,27.54,0.005109489051094984
2019-09-05,27.71,0.006172839506172867
2019-09-06,27.83,0.004330566582461115
2019-09-09,27.77,-0.002155946819978438
2019-09-10,27.74,-0.0010803024846957054
2019-09-11,27.81,0.0025234318673394984
2019-09-12,27.92,0.003955411722402102
2019-09-16,27.94,0.0007163323782235498
2019-09-17,28.0,0.0021474588403722628
2019-09-18,28.05,0.0017857142857142794
2019-09-19,27.97,-0.002852049910873511
2019-09-20,27.98,0.0003575259206292092
2019-09-23,28.12,0.005003573981415377
2019-09-24,28.33,0.0074679943100994794
2019-09-25,28.2,-0.004588775150017654
2019-09-26,28.15,-0.0017730496453900457
2019-09-27,27.88,-0.009591474245115417
2019-10-01,28.18,0.010760401721664259
2019-10-02,28.17,-0.0003548616039743546
2019-10-03,28.12,-0.0017749378771743096
2019-10-04,28.14,0.0007112375533429027
2019-10-07,28.42,0.00995024875621886
2019-10-08,28.44,0.0007037297677692234
2019-10-09,28.28,-0.005625879043600568
2019-10-14,28.52,0.008486562942008335
2019-10-15,28.45,-0.0024544179523141585
2019-10-16,28.51,0.002108963093145899
2019-10-17,28.7,0.006664328305857614
2019-10-18,28.82,0.004181184668989646
2019-10-21,28.95,0.004510756419153328
2019-10-22,29.03,0.002763385146804964
2019-10-23,27.54,0.010678608336203821
2019-10-24,27.65,0.00399419026869996
2019-10-25,27.6,-0.0018083182640143969
2019-10-28,27.7,0.0036231884057971175
2019-10-29,27.62,-0.002888086642599208
2019-10-30,27.65,0.0010861694424328938
2019-10-31,27.58,-0.0025316455696202667
2019-11-01,27.63,0.0018129079042785712
2019-11-04,27.84,0.007600434310532034
2019-11-05,28.03,0.006824712643678232
2019-11-06,27.93,-0.0035676061362825973
2019-11-07,27.8,-0.0046544933762978635
2019-11-08,27.88,0.0028776978417266452
2019-11-11,27.5,-0.013629842180774676
2019-11-12,27.74,0.008727272727272695
2019-11-13,27.79,0.0018024513338139592
2019-11-14,27.83,0.0014393666786614023
2019-11-15,27.88,0.0017966223499821243
2019-11-18,28.05,0.0060975609756097615
2019-11-19,28.14,0.0032085561497325887
2019-11-20,28.09,-0.0017768301350391535
2019-11-21,28.0,-0.003203987184051238
2019-11-22,28.01,0.0003571428571429447
2019-11-25,27.99,-0.000714030703320323
2019-11-26,28.06,0.0025008931761343334
2019-11-27,28.04,-0.0007127583749109156
2019-11-28,28.03,-0.0003566333808844302
2019-11-29,27.75,-0.009989297181591139
2019-12-02,27.65,-0.003603603603603678
2019-12-03,27.92,0.009764918625678298
2019-12-04,27.88,-0.0014326647564470996
2019-12-05,28.03,0.0053802008608321295
2019-12-06,28.13,0.0035676061362823752
2019-12-09,28.21,0.0028439388553147538
2019-12-10,28.14,-0.002481389578163795
2019-12-11,28.21,0.0024875621890547706
2019-12-12,28.31,0.0035448422545196756
2019-12-13,28.37,0.0021193924408338116
2019-12-16,28.57,0.0070497003877334485
2019-12-17,28.71,0.004900245012250615
2019-12-18,28.77,0.002089864158829613
2019-12-19,28.69,-0.0027806743135209144
2019-12-20,28.8,0.003834088532589819
2019-12-23,28.72,-0.002777777777777879
2019-12-24,28.74,0.0006963788300835549
2019-12-25,28.83,0.0031315240083507057
2019-12-26,28.86,0.0010405827263266776
2019-12-27,28.9,0.001386001386001423
2019-12-30,29.0,0.0034602076124568004
2019-12-31,28.97,-0.001034482758620725
2020-01-02,29.09,0.004142216085605943
2020-01-03,29.18,0.003093846682708845
2020-01-06,28.96,-0.007539410555174708
2020-01-07,28.69,-0.009323204419889541
2020-01-08,28.5,-0.0066225165562914245
2020-01-09,28.7,0.007017543859649145
2020-01-10,28.69,-0.00034843205574908165
2020-01-13,28.84,0.005228302544440622
2020-01-14,29.02,0.006241331484049928
2020-01-15,29.01,-0.00034458993797370496
2020-01-16,29.1,0.0031023784901758056
2020-01-17,29.16,0.0020618556701030855
2020-01-20,29.19,0.0010288065843622185
2020-01-30,27.7,-0.051044878383007974
2020-01-31,27.92,0.007942238267148127
2020-02-03,27.74,-0.006446991404011615
2020-02-04,28.12,0.013698630136986356
2020-02-05,28.08,-0.0014224751066856944
2020-02-06,28.44,0.012820512820512997
2020-02-07,28.23,-0.007383966244725815
2020-02-10,28.14,-0.0031880977683315104
2020-02-11,28.34,0.007107320540156392
2020-02-12,28.56,0.007762879322512406
2020-02-13,28.64,0.0028011204481792618
2020-02-14,28.79,0.005237430167597701
2020-02-17,28.8,0.0003473428273705892
2020-02-18,28.8,0.0
2020-02-19,28.96,0.005555555555555536
2020-02-20,28.93,-0.001035911602209949
2020-02-21,28.9,-0.0010369858278603816
2020-02-24,28.7,-0.00692041522491349
2020-02-25,28.67,-0.001045296167247356
2020-02-26,28.3,-0.012905476107429426
2020-02-27,27.9,-0.014134275618374659
2020-03-02,27.75,-0.005376344086021501
2020-03-03,27.93,0.00648648648648642
2020-03-04,27.86,-0.0025062656641604564
2020-03-05,28.1,0.008614501076812608
2020-03-06,27.88,-0.007829181494662052
2020-03-09,27.25,-0.022596843615494966
2020-03-10,27.25,0.0
2020-03-11,26.97,-0.010275229357798232
2020-03-12,25.93,-0.038561364479050786
2020-03-13,25.29,-0.02468183571153104
2020-03-16,24.41,-0.034796362198497355
2020-03-17,23.67,-0.03031544448996304
2020-03-18,23.29,-0.016054076890578917
2020-03-19,21.85,-0.061829111206526344
2020-03-20,23.28,0.06544622425629298
2020-03-23,22.49,-0.03393470790378017
2020-03-24,23.38,0.039573143619386464
2020-03-25,24.09,0.03036783575705737
2020-03-26,24.26,0.007056870070568877
2020-03-27,24.35,0.0037098103874690924
2020-03-30,24.32,-0.001232032854209475
2020-03-31,24.49,0.006990131578947345
2020-04-01,24.52,0.001224989791751785
2020-04-06,24.84,0.013050570962479524
2020-04-07,25.22,0.015297906602254496
2020-04-08,25.77,0.02180808881839802
2020-04-09,25.65,-0.00465657741559955
2020-04-10,25.73,0.00311890838206641
2020-04-13,25.68,-0.001943256898562007
2020-04-14,26.05,0.014408099688473452
2020-04-15,26.47,0.0161228406909788
2020-04-16,26.44,-0.0011333585190781426
2020-04-17,26.5,0.0022692889561271024
2020-04-20,26.6,0.0037735849056603765
2020-04-21,26.1,-0.018796992481203034
2020-04-22,26.23,0.004980842911877392
2020-04-23,26.34,0.004193671368661889
2020-04-24,26.33,-0.00037965072133638866
2020-04-27,26.79,0.01747056589441698
2020-04-28,26.91,0.004479283314669624
2020-04-29,27.07,0.0059457450761799535
2020-04-30,27.46,0.014407092722571235
2020-05-04,27.09,-0.013474144209759675
2020-05-05,27.33,0.008859357696566983
2020-05-06,27.32,-0.00036589828027799864
2020-05-07,27.4,0.002928257686676261
2020-05-08,27.5,0.0036496350364965124
2020-05-11,27.66,0.005818181818181722
2020-05-12,27.55,-0.00397686189443236
2020-05-13,27.75,0.007259528130671544
2020-05-14,27.48,-0.009729729729729741
2020-05-15,27.43,-0.00181950509461426
2020-05-18,27.25,-0.006562158220925984
2020-05-19,27.43,0.00660550458715603
2020-05-20,27.48,0.0018228217280349401
2020-05-21,27.63,0.005458515283842669
2020-05-22,27.45,-0.006514657980456029
2020-05-25,27.5,0.0018214936247722413
2020-05-26,27.82,0.011636363636363667
2020-05-27,27.85,0.0010783608914450848
2020-05-28,27.9,0.0017953321364452268
2020-05-29,27.86,-0.0014336917562723928
2020-06-01,28.05,0.006819813352476611
2020-06-02,28.17,0.004278074866310266
2020-06-03,28.48,0.011004614838480586
2020-06-04,28.67,0.0066713483146068064
2020-06-05,28.8,0.004534356470177858
2020-06-08,28.88,0.002777777777777768
2020-06-09,28.84,-0.0013850415512465242
2020-06-10,28.86,0.0006934812760055475
2020-06-11,28.43,-0.01489951489951491
2020-06-12,28.29,-0.004924375659514646
2020-06-15,28.13,-0.005655708731000408
2020-06-16,28.45,0.011375755421258349
2020-06-17,28.46,0.0003514938488577979
2020-06-18,28.55,0.003162333099086423
2020-06-19,28.56,0.0003502626970226519
2020-06-22,28.48,-0.0028011204481792618
2020-06-23,28.54,0.002106741573033588
2020-06-24,28.54,0.0
2020-06-29,28.51,-0.0010511562718990008
2020-06-30,28.56,0.0017537706068044834
2020-07-01,28.79,0.008053221288515378
2020-07-02,29.09,0.010420284821118564
2020-07-03,29.33,0.008250257820556772
2020-07-06,29.83,0.017047391749062335
2020-07-07,29.43,-0.013409319477036497
2020-07-08,29.72,0.00985389058783559
2020-07-09,29.74,0.0006729475100941684
2020-07-10,29.52,-0.007397444519166019
2020-07-13,29.65,0.004403794037940445
2020-07-14,29.58,-0.0023608768971332683
2020-07-15,29.53,-0.0016903313049356772
2020-07-16,29.63,0.0033863867253640656
2020-07-17,29.59,-0.0013499831252109518
2020-07-20,29.55,-0.0013518080432578516
2020-07-21,29.84,0.009813874788494159
2020-07-22,29.97,0.00435656836461118
2020-07-23,30.17,0.006673340006673412
2020-07-24,29.85,-0.010606562810739129
2020-07-27,29.84,-0.0003350083752093891
2020-07-28,29.46,-0.012734584450402098
2020-07-29,29.62,0.005431093007467691
2020-07-30,29.99,0.012491559756920845
2020-07-31,30.24,0.008336112037345744
2020-08-03,30.01,-0.007605820105820005
2020-08-04,30.17,0.005331556147950778
2020-08-05,30.62,0.014915478952601813
2020-08-06,30.7,0.002612671456564186
2020-08-07,30.65,-0.0016286644951140072
2020-08-10,30.6,-0.0016313213703098572
2020-08-11,30.35,-0.008169934640522847
2020-08-12,30.22,-0.004283360790774404
2020-08-13,30.32,0.0033090668431503545
2020-08-14,30.63,0.010224274406332334
2020-08-17,30.96,0.010773751224290029
2020-08-18,30.9,-0.0019379844961241455
2020-08-19,30.77,-0.004207119741100329
2020-08-20,29.79,-0.03184920376990574
2020-08-21,30.11,0.010741859684457955
2020-08-24,30.14,0.0009963467286615568
2020-08-25,30.44,0.00995355009953558
2020-08-26,30.43,-0.0003285151116951823
2020-08-27,30.33,-0.0032862306933947316
2020-08-28,30.24,-0.0029673590504450953
2020-08-31,30.16,-0.002645502645502562
2020-09-01,30.06,-0.003315649867374093
2020-09-02,30.14,0.0026613439787093185
2020-09-03,30.25,0.0036496350364962904
2020-09-04,30.09,-0.005289256198347081
2020-09-07,29.96,-0.004320372216683244
2020-09-08,29.97,0.0003337783711614417
2020-09-09,29.85,-0.004004004004003914
2020-09-10,29.85,0.0
2020-09-11,29.75,-0.003350083752093891
2020-09-14,29.98,0.007731092436974896
2020-09-15,30.1,0.004002668445630464
2020-09-16,30.25,0.004983388704318914
2020-09-17,30.23,-0.0006611570247934129
2020-09-18,30.2,-0.000992391663910075
2020-09-21,30.03,-0.0056291390728475665
2020-09-22,29.8,-0.007659007659007622
2020-09-23,29.7,-0.003355704697986628
2020-09-24,29.06,-0.02154882154882154
2020-09-25,28.9,-0.00550584996558845
2020-09-28,29.38,0.01660899653979242
2020-09-29,29.4,0.000680735194009463
2020-09-30,29.48,0.0027210884353741083
2020-10-05,29.45,-0.0010176390773406485
2020-10-06,29.68,0.007809847198641862
2020-10-07,29.65,-0.001010781671159089
2020-10-08,29.76,0.003709949409780977
2020-10-12,29.74,-0.0006720430107527431
2020-10-13,29.71,-0.0010087424344316087
2020-10-14,29.74,0.0010097610232244758
2020-10-15,29.69,-0.0016812373907194589
2020-10-16,29.56,-0.004378578646008879
2020-10-19,29.64,0.0027063599458727605
2020-10-20,29.64,0.0
2020-10-21,29.59,-0.001686909581646412
2020-10-22,29.59,0.0
2020-10-23,29.63,0.0013518080432577406
2020-10-26,29.69,0.002024974687816483
2020-10-27,29.69,0.0
2020-10-28,28.19,0.003368137420006745
2020-10-29,27.98,-0.007449450159631055
2020-10-30,27.8,-0.006433166547533897
2020-11-02,27.72,-0.0028776978417266452
2020-11-03,28.01,0.010461760461760505
2020-11-04,28.05,0.001428061406640424
2020-11-05,28.12,0.002495543672014211
2020-11-06,28.19,0.0024893314366998265
2020-11-09,28.4,0.007449450159630944
2020-11-10,28.29,-0.0038732394366196576
2020-11-11,28.5,0.007423117709437932
2020-11-12,28.4,-0.0035087719298245723
2020-11-13,28.53,0.004577464788732444
2020-11-16,28.8,0.009463722397476282
2020-11-17,28.81,0.00034722222222205446
2020-11-18,28.9,0.0031239153071849213
2020-11-19,28.86,-0.0013840830449827202
2020-11-20,28.88,0.0006930006930006005
2020-11-23,29.14,0.009002770083102574
2020-11-24,29.11,-0.0010295126973233204
2020-11-25,29.01,-0.003435245620061811
2020-11-26,29.15,0.004825922095828883
2020-11-27,29.32,0.005831903945111572
2020-11-30,29.35,0.0010231923601637938
2020-12-01,29.35,0.0
2020-12-02,29.44,0.003066439522998232
2020-12-03,29.45,0.00033967391304345895
2020-12-04,29.68,0.007809847198641862
2020-12-07,29.85,0.005727762803234615
2020-12-08,29.9,0.0016750418760467234
2020-12-09,30.14,0.008026755852842848
2020-12-10,29.94,-0.006635700066356942
2020-12-11,29.81,-0.004342017368069606
2020-12-14,29.82,0.0003354579000336422
2020-12-15,29.51,-0.010395707578806146
2020-12-16,29.8,0.00982717722805826
2020-12-17,29.66,-0.004697986577181235
2020-12-18,29.61,-0.001685772083614312
2020-12-21,29.6,-0.00033772374197904576
2020-12-22,29.43,-0.005743243243243268
2020-12-23,29.42,-0.0003397893306149591
2020-12-24,29.48,0.0020394289598912874
2020-12-25,29.51,0.0010176390773406485
2020-12-28,29.75,0.008132836326668835
2020-12-29,29.67,-0.0026890756302520025
2020-12-30,29.78,0.003707448601280694
2020-12-31,29.95,0.00570852921423759
2021-01-04,29.94,-0.00033388981636051085
2021-01-05,30.02,0.002672010688042681
2021-01-06,30.0,-0.0006662225183211579
2021-01-07,30.22,0.007333333333333192
2021-01-08,30.46,0.00794176042356054
2021-01-11,30.61,0.004924491135915865
2021-01-12,30.35,-0.008493956223456278
2021-01-13,30.69,0.011202635914332681
2021-01-14,30.92,0.007494297816878381
2021-01-15,30.79,-0.004204398447606783
2021-01-18,30.61,-0.005846053913608262
2021-01-19,30.74,0.00424697811172825
2021-01-20,30.25,-0.015940143135979135
2021-01-21,30.3,0.0016528925619834212
2021-01-22,30.53,0.0075907590759076715
2021-01-25,30.83,0.009826400262037183
2021-01-26,30.68,-0.0048653908530651435
2021-01-27,30.95,0.008800521512385862
2021-01-28,30.72,-0.0074313408723748475
2021-01-29,30.26,-0.01497395833333326
2021-02-01,30.25,-0.0003304692663582687
2021-02-02,30.5,0.008264462809917328
2021-02-03,30.51,0.0003278688524590567
2021-02-04,30.51,0.0
2021-02-05,30.55,0.0013110455588332126
2021-02-17,31.0,0.014729950900163713
2021-02-18,31.13,0.004193548387096735
2021-02-19,31.12,-0.0003212335367811514
2021-02-22,31.5,0.012210796915167021
2021-02-23,31.8,0.00952380952380949
2021-02-24,31.8,0.0
2021-02-25,32.01,0.006603773584905603
2021-02-26,31.9,-0.0034364261168384758
2021-03-02,31.9,0.0
2021-03-03,31.93,0.0009404388714733258
2021-03-04,31.8,-0.004071406201064831
2021-03-05,31.8,0.0
2021-03-08,32.0,0.0062893081761006275
2021-03-09,32.0,0.0
2021-03-10,32.1,0.0031250000000000444
2021-03-11,32.33,0.007165109034267925
2021-03-12,32.43,0.003093102381688917
2021-03-15,32.74,0.00955905026210302
2021-03-16,32.99,0.007635919364691546
2021-03-17,32.95,-0.0012124886329190065
2021-03-18,33.53,0.017602427921092456
2021-03-19,33.6,0.0020876826722338038
2021-03-22,33.6,0.0
2021-03-23,33.66,0.0017857142857140573
2021-03-24,33.65,-0.0002970885323826389
2021-03-25,33.66,0.0002971768202080227
2021-03-26,33.8,0.004159239453357166
2021-03-29,34.34,0.015976331360946894
2021-03-30,34.6,0.007571345369830951
2021-03-31,34.63,0.0008670520231213175
2021-04-01,34.61,-0.0005775339301185012
2021-04-06,34.74,0.0037561398439758253
2021-04-07,34.71,-0.0008635578583765513
2021-04-08,34.75,0.0011524056467875354
2021-04-09,34.7,-0.0014388489208632116
2021-04-12,34.69,-0.0002881844380404619
2021-04-13,34.47,-0.0063418852695300565
2021-04-14,34.35,-0.003481288076588318
2021-04-15,34.5,0.004366812227074135
2021-04-16,34.94,0.012753623188405783
2021-04-19,35.2,0.0074413279908416285
2021-04-20,35.33,0.00369318181818179
2021-04-21,35.53,0.005660911406736524
2021-04-22,35.4,-0.003658879819870564
2021-04-23,35.3,-0.0028248587570621764
2021-04-26,35.99,0.019546742209631818
2021-04-27,35.98,-0.0002778549597112212
2021-04-28,35.98,0.0
2021-04-29,36.12,0.0038910505836575737
2021-05-03,35.91,-0.005813953488372103
2021-05-04,35.3,-0.016986911723753773
2021-05-05,35.35,0.0014164305949009304
2021-05-06,35.3,-0.0014144271570015743
2021-05-07,35.72,0.011898016997167193
2021-05-10,35.88,0.004479283314669846
2021-05-11,34.7,-0.032887402452619785
2021-05-12,33.5,-0.03458213256484155
2021-05-13,33.4,-0.0029850746268657025
2021-05-14,33.65,0.007485029940119681
2021-05-17,32.75,-0.026745913818722045
2021-05-18,34.01,0.03847328244274806
2021-05-19,34.1,0.002646280505733678
2021-05-20,33.86,-0.007038123167155463
2021-05-21,34.0,0.0041346721795629815
2021-05-24,34.05,0.0014705882352941124
2021-05-25,34.34,0.008516886930983958
2021-05-26,34.32,-0.0005824111822947398
2021-05-27,34.28,-0.0011655011655011815
2021-05-28,34.55,0.007876312718786416
2021-05-31,34.75,0.005788712011577601
2021-06-01,35.06,0.00892086330935249
2021-06-02,34.96,-0.0028522532800913103
2021-06-03,34.95,-0.00028604118993125205
2021-06-04,34.77,-0.0051502145922747156
2021-06-07,34.72,-0.0014380212827150851
2021-06-08,34.65,-0.0020161290322581182
2021-06-09,34.45,-0.005772005772005651
2021-06-10,34.6,0.004354136429608024
2021-06-11,34.55,-0.0014450867052023808
2021-06-15,34.65,0.0028943560057888007
2021-06-16,34.78,0.0037518037518038394
2021-06-17,34.9,0.0034502587694076325
2021-06-18,34.91,0.0002865329512893311
2021-06-21,34.55,-0.010312231452305864
2021-06-22,34.43,-0.0034732272069464276
2021-06-23,34.45,0.0005808887598026669
2021-06-24,34.66,0.00609579100145119
2021-06-25,34.74,0.002308136180034781
2021-06-28,35.1,0.010362694300518172
2021-06-29,34.8,-0.008547008547008628
2021-06-30,35.0,0.005747126436781658
2021-07-01,35.0,0.0
2021-07-02,35.2,0.005714285714285783
2021-07-05,35.69,0.01392045454545432
2021-07-06,35.91,0.006164191650322115
2021-07-07,35.61,-0.008354218880534559
2021-07-08,35.8,0.005335579893288367
2021-07-09,35.44,-0.010055865921787643
2021-07-12,35.27,-0.004796839729119484
2021-07-13,34.85,-0.011908137227105264
2021-07-14,34.48,-0.010616929698708866
2021-07-15,34.98,0.01450116009280733
2021-07-16,35.12,0.004002287021154904
2021-07-19,35.14,0.0005694760820047495
2021-07-20,34.56,-0.016505406943653878
2021-07-21,34.13,-0.01244212962962965
2021-07-22,34.21,0.002343978904189914
2021-07-23,34.47,0.007600116924875611
2021-07-26,34.5,0.0008703220191470518
2021-07-27,34.07,-0.012463768115942075
2021-07-28,33.89,-0.00528324038743766
2021-07-29,34.1,0.006196518146946106
2021-07-30,33.9,-0.0058651026392962935
2021-08-02,34.0,0.002949852507374784
2021-08-03,34.15,0.004411764705882337
2021-08-04,34.35,0.005856515373352966
2021-08-05,34.2,-0.004366812227074246
2021-08-06,34.25,0.0014619883040933868
2021-08-09,34.1,-0.004379562043795526
2021-08-10,33.79,-0.00909090909090915
2021-08-11,33.49,-0.008878366380585923
2021-08-12,33.51,0.0005971931919974693
2021-08-13,33.27,-0.007162041181736689
2021-08-16,32.86,-0.012323414487526385
2021-08-17,32.53,-0.010042604990870285
2021-08-18,33.07,0.016600061481709227
2021-08-19,32.32,-0.022679165406712998
2021-08-20,32.26,-0.0018564356435644136
2021-08-23,32.88,0.019218846869188067
2021-08-24,32.8,-0.0024330900243311193
2021-08-25,33.0,0.0060975609756097615
2021-08-26,32.99,-0.00030303030303024947
2021-08-27,33.11,0.0036374658987570196
2021-08-30,33.29,0.0054364240410751385
2021-08-31,33.38,0.002703514568939802
2021-09-01,33.39,0.0002995805871779389
2021-09-02,33.16,-0.006888289907157952
2021-09-03,33.24,0.0024125452352232735
2021-09-06,33.07,-0.005114320096269553
2021-09-07,33.16,0.002721499848805431
2021-09-08,32.8,-0.010856453558504175
2021-09-09,32.94,0.004268292682926944
2021-09-10,33.22,0.00850030358227083
2021-09-13,33.41,0.005719446116797089
2021-09-14,33.36,-0.0014965579167912635
2021-09-15,33.33,-0.0008992805755395628
2021-09-16,33.28,-0.001500150015001367
2021-09-17,33.42,0.0042067307692308376
2021-09-22,32.9,-0.015559545182525558
2021-09-23,33.08,0.005471124620060719
2021-09-24,33.3,0.006650544135429204
2021-09-27,33.3,0.0
2021-09-28,33.08,-0.006606606606606613
2021-09-29,32.7,-0.011487303506650393
2021-09-30,32.77,0.002140672782874553
2021-10-01,32.26,-0.015563014952700849
2021-10-04,31.84,-0.013019218846869185
2021-10-05,31.96,0.0037688442211054607
2021-10-06,31.88,-0.0025031289111390187
2021-10-07,32.57,0.02164366373902138
2021-10-08,32.59,0.00061406202026415
2021-10-12,32.24,-0.010739490641301086
2021-10-13,32.17,-0.002171215880893307
2021-10-14,32.18,0.0003108486167235913
2021-10-15,32.31,0.004039776258545791
2021-10-18,32.36,0.0015475085112968134
2021-10-19,32.4,0.0012360939431397266
2021-10-20,32.37,-0.0009259259259259967
2021-10-21,32.4,0.000926784059314123
2021-10-22,30.84,0.007407407407407529
2021-10-25,30.86,0.0006485084306095956
2021-10-26,31.05,0.006156837329876819
2021-10-27,31.15,0.0032206119162641045
2021-10-28,31.39,0.007704654895666296
2021-10-29,31.45,0.0019114367633004115
2021-11-01,31.56,0.0034976152623211743
2021-11-02,31.53,-0.000950570342205248
2021-11-03,31.77,0.007611798287345373
2021-11-04,31.86,0.0028328611898016387
2021-11-05,31.95,0.0028248587570620654
2021-11-08,32.39,0.013771517996870042
2021-11-09,32.35,-0.001234949058351309
2021-11-10,32.34,-0.0003091190108190922
2021-11-11,32.15,-0.00587507730364889
2021-11-12,32.2,0.0015552099533437946
2021-11-15,32.43,0.0071428571428571175
2021-11-16,32.59,0.004933703361085451
2021-11-17,32.71,0.003682111077017325
2021-11-18,32.98,0.008254356465912549
2021-11-19,32.93,-0.0015160703456639224
2021-11-22,32.93,0.0
2021-11-23,32.63,-0.009110233829334846
2021-11-24,32.61,-0.0006129328838493375
2021-11-25,32.65,0.0012266176019626318
2021-11-26,32.35,-0.009188361408882018
2021-11-29,32.22,-0.004018547140649198
2021-11-30,32.3,0.0024829298572315306
2021-12-01,32.5,0.006191950464396356
2021-12-02,32.47,-0.0009230769230769154
2021-12-03,32.65,0.005543578688019801
2021-12-06,32.86,0.006431852986217512
2021-12-07,33.03,0.005173463177114979
2021-12-08,33.18,0.004541326067211582
2021-12-09,33.32,0.00421940928270037
2021-12-10,33.3,-0.0006002400960385401
2021-12-13,33.33,0.0009009009009008917
2021-12-14,32.95,-0.011401140114011277
2021-12-15,33.04,0.0027314112291350057
2021-12-16,33.45,0.012409200968523049
2021-12-17,33.43,-0.0005979073243648214
2021-12-20,33.41,-0.0005982650314090288
2021-12-21,33.36,-0.0014965579167912635
2021-12-22,33.3,-0.0017985611510792365
2021-12-23,33.34,0.001201201201201485
2021-12-24,33.29,-0.0014997000599881183
2021-12-27,33.38,0.002703514568939802
2021-12-28,33.56,0.005392450569203122
2021-12-29,33.61,0.0014898688915374603
2021-12-30,33.58,-0.0008925914906278143
2022-01-03,33.42,-0.004764740917212573
2022-01-04,33.41,-0.00029922202274101917
2022-01-05,33.45,0.0011972463334333217
2022-01-06,33.41,-0.0011958146487296428
2022-01-07,33.17,-0.007183478000598487
2022-01-10,33.27,0.0030147723846849495
2022-01-11,33.2,-0.0021039975954313395
2022-01-12,33.1,-0.003012048192771122
2022-01-13,33.2,0.0030211480362538623
2022-01-14,33.15,-0.001506024096385672
2022-01-17,33.22,0.002111613876319751
2022-01-18,33.45,0.006923540036122944
2022-01-19,33.21,-0.007174887892376747
2022-01-20,33.36,0.004516711833784992
2022-01-21,32.84,-0.015587529976019088
2022-01-24,32.72,-0.0036540803897686658
2022-01-25,32.34,-0.01161369193154016
2022-01-26,32.4,0.0018552875695732052
2022-02-07,33.0,0.0185185185185186
2022-02-08,33.3,0.009090909090909038
2022-02-09,33.5,0.006006006006006093
2022-02-10,33.49,-0.00029850746268655914
2022-02-11,33.43,-0.0017915795759928521
2022-02-14,33.13,-0.008973975471133655
2022-02-15,33.1,-0.0009055236945366696
2022-02-16,33.27,0.005135951661631388
2022-02-17,33.34,0.0021039975954313395
2022-02-18,33.5,0.004799040191961534
2022-02-21,33.8,0.008955223880596996
2022-02-22,33.49,-0.009171597633135908
2022-02-23,33.75,0.007763511495968878
2022-02-24,33.19,-0.016592592592592714
2022-02-25,33.33,0.004218137993371451
2022-03-01,33.88,0.01650165016501659
2022-03-02,33.97,0.002656434474616276
2022-03-03,34.22,0.007359434795407793
2022-03-04,34.04,-0.005260081823495022
2022-03-07,33.45,-0.017332549941245445
2022-03-08,33.0,-0.013452914798206317
2022-03-09,33.36,0.01090909090909098
2022-03-10,33.89,0.01588729016786572
2022-03-11,33.9,0.00029507229271175106
2022-03-14,34.13,0.006784660766961714
2022-03-15,33.78,-0.010254907705830707
2022-03-16,33.71,-0.002072232089994075
2022-03-17,34.01,0.00889943636902979
2022-03-18,33.9,-0.0032343428403410757
2022-03-21,33.95,0.001474926253687503
2022-03-22,33.87,-0.002356406480118034
2022-03-23,33.96,0.0026572187776794376
2022-03-24,33.96,0.0
2022-03-25,33.81,-0.00441696113074197
2022-03-28,33.78,-0.0008873114463177068
2022-03-29,33.64,-0.00414446417998815
2022-03-30,33.7,0.001783590963139181
2022-03-31,33.63,-0.002077151335311611
2022-04-01,33.55,-0.0023788284269998794
2022-04-06,33.47,-0.0023845007451563927
2022-04-07,32.9,-0.01703017627726322
2022-04-08,33.17,0.00820668693009119
2022-04-11,32.81,-0.01085318058486584
2022-04-12,32.69,-0.003657421517830106
2022-04-13,33.11,0.012847965738758127
2022-04-14,33.07,-0.0012080942313500431
2022-04-15,32.9,-0.005140610825521641
2022-04-18,32.68,-0.006686930091185372
2022-04-19,32.85,0.005201958384333016
2022-04-20,32.83,-0.0006088280060884133
2022-04-21,32.9,0.002132196162046851
2022-04-22,32.78,-0.0036474164133737386
2022-04-25,32.03,-0.022879804758999422
2022-04-26,31.93,-0.0031220730565095778
2022-04-27,31.48,-0.01409332915753203
2022-04-28,31.72,0.007623888182973326
2022-04-29,32.01,0.00914249684741475
2022-05-03,32.09,0.002499218994064467
2022-05-04,32.31,0.006855718292302804
2022-05-05,32.54,0.007118539151965253
2022-05-06,32.25,-0.008912108174554345
2022-05-09,31.57,-0.021085271317829446
2022-05-10,31.65,0.0025340513145390986
2022-05-11,31.17,-0.01516587677725112
2022-05-12,30.63,-0.017324350336862415
2022-05-13,30.8,0.005550114267058426
2022-05-16,30.72,-0.0025974025974027093
2022-05-17,30.69,-0.000976562499999889
2022-05-18,31.01,0.010426849136526473
2022-05-19,30.68,-0.010641728474685697
2022-05-20,30.72,0.0013037809647979959
2022-05-23,30.86,0.004557291666666741
2022-05-24,30.7,-0.005184705119896327
2022-05-25,30.88,0.005863192182410382
2022-05-26,30.8,-0.002590673575129432
2022-05-27,31.08,0.009090909090909038
2022-05-30,31.43,0.011261261261261257
2022-05-31,31.4,-0.0009545020680878924
2022-06-01,31.52,0.003821656050955413
2022-06-02,31.4,-0.0038071065989847552
2022-06-06,31.48,0.002547770700636942
2022-06-07,31.44,-0.0012706480304954804
2022-06-08,31.6,0.0050890585241729624
2022-06-09,31.3,-0.009493670886076
2022-06-10,31.08,-0.007028753993610248
2022-06-13,30.51,-0.018339768339768248
2022-06-14,30.48,-0.000983284169124965
2022-06-15,30.39,-0.0029527559055118058
2022-06-16,29.94,-0.014807502467917066
2022-06-17,29.62,-0.010688042752171056
2022-06-20,28.87,-0.025320729237002015
2022-06-21,29.28,0.014201593349497665
2022-06-22,28.5,-0.026639344262295084
2022-06-23,28.05,-0.015789473684210464
2022-06-24,28.1,0.0017825311942958333
2022-06-27,28.86,0.027046263345195554
2022-06-28,28.53,-0.011434511434511352
2022-06-29,28.14,-0.013669821240799185
2022-06-30,27.56,-0.02061122956645356
2022-07-01,26.81,-0.027213352685050762
2022-07-04,26.68,-0.0048489369638193835
2022-07-05,26.96,0.010494752623688264
2022-07-06,26.32,-0.023738872403560873
2022-07-07,26.76,0.016717325227963542
2022-07-08,27.25,0.018310911808669506
2022-07-11,27.25,0.0
2022-07-12,26.62,-0.023119266055045884
2022-07-13,27.08,0.01728024042073617
2022-07-14,27.18,0.0036927621861153614
2022-07-15,27.09,-0.0033112582781457123
2022-07-18,27.48,0.01439645625692143
2022-07-19,27.68,0.00727802037845704
2022-07-20,28.0,0.011560693641618602
2022-07-21,28.38,0.013571428571428568
2022-07-22,28.4,0.0007047216349542751
2022-07-25,28.33,-0.0024647887323944184
2022-07-26,28.12,-0.007412636780797621
2022-07-27,28.25,0.004623044096728313
2022-07-28,28.18,-0.002477876106194654
2022-07-29,28.55,0.013129879347054674
2022-08-01,28.76,0.007355516637478132
2022-08-02,28.45,-0.010778859527121099
2022-08-03,28.44,-0.00035149384885757584
2022-08-04,28.43,-0.00035161744022504937
2022-08-05,28.87,0.015476609215617332
2022-08-08,28.87,0.0
2022-08-09,29.07,0.006927606511950124
2022-08-10,28.81,-0.008943928448572502
2022-08-11,29.12,0.010760152724748506
2022-08-12,29.3,0.006181318681318659
2022-08-15,29.22,-0.0027303754266212454
2022-08-16,29.24,0.000684462696783017
2022-08-17,29.28,0.001367989056087593
2022-08-18,29.29,0.0003415300546447675
2022-08-19,29.42,0.004438374871970074
2022-08-22,29.25,-0.005778382053025166
2022-08-23,28.93,-0.010940170940170968
2022-08-24,28.8,-0.004493605254061506
2022-08-25,28.94,0.004861111111111205
2022-08-26,29.1,0.005528680027643507
2022-08-29,28.45,-0.022336769759450203
2022-08-30,28.67,0.007732864674868223
2022-08-31,28.79,0.004185559818625562
2022-09-01,28.44,-0.012156998957971399
2022-09-02,28.1,-0.011954992967651235
2022-09-05,28.18,0.002846975088967918
2022-09-06,28.08,-0.0035486160397445454
2022-09-07,27.9,-0.0064102564102563875
2022-09-08,28.25,0.012544802867383575
2022-09-12,28.56,0.010973451327433548
2022-09-13,28.71,0.005252100840336116
2022-09-14,28.35,-0.01253918495297801
2022-09-15,28.59,0.00846560846560851
2022-09-16,28.28,-0.010842952081147161
2022-09-19,28.06,-0.007779349363507881
2022-09-20,27.98,-0.0028510334996435516
2022-09-21,27.64,-0.012151536812008534
2022-09-22,27.17,-0.01700434153400865
2022-09-23,27.06,-0.004048582995951566
2022-09-26,26.33,-0.02697708795269771
2022-09-27,26.33,0.0
2022-09-28,25.83,-0.01898974553740984
2022-09-29,25.81,-0.0007742934572202431
2022-09-30,25.78,-0.0011623401782253628
2022-10-03,25.67,-0.00426687354538402
2022-10-04,26.27,0.02337358784573418
2022-10-05,26.62,0.013323182337266815
2022-10-06,26.57,-0.0018782870022540088
2022-10-07,26.28,-0.010914565299209644
2022-10-11,25.85,-0.016362252663622567
2022-10-12,25.82,-0.0011605415860735935
2022-10-13,25.53,-0.011231603408210611
2022-10-14,25.91,0.014884449667058375
2022-10-17,25.77,-0.005403319181783162
2022-10-18,25.84,0.00271633682576633
2022-10-19,23.95,0.008126934984520107
2022-10-20,23.65,-0.012526096033402934
2022-10-21,23.58,-0.0029598308668076223
2022-10-24,23.69,0.004664970313825512
2022-10-25,23.4,-0.012241452089489346
2022-10-26,23.41,0.00042735042735042583
2022-10-27,23.58,0.0072618539085860245
2022-10-28,23.31,-0.011450381679389277
2022-10-31,23.48,0.007293007293007303
2022-11-01,23.55,0.002981260647359374
2022-11-02,23.67,0.005095541401273884
2022-11-03,23.58,-0.0038022813688214363
2022-11-04,23.64,0.0025445292620867033
2022-11-07,24.06,0.017766497461928932
2022-11-08,24.23,0.007065669160432275
2022-11-09,24.61,0.015683037556747825
2022-11-10,24.53,-0.003250711093051528
2022-11-11,25.0,0.019160211985324027
2022-11-14,25.42,0.016800000000000148
2022-11-15,25.55,0.005114083398898517
2022-11-16,25.53,-0.0007827788649705791
2022-11-17,25.58,0.0019584802193497453
2022-11-18,25.43,-0.005863956215793498
2022-11-21,25.22,-0.008257963035784521
2022-11-22,25.1,-0.004758128469468548
2022-11-23,25.3,0.007968127490039834
2022-11-24,25.54,0.009486166007905084
2022-11-25,25.52,-0.000783085356303781
2022-11-28,25.32,-0.00783699059561127
2022-11-29,25.47,0.005924170616113722
2022-11-30,25.65,0.007067137809187329
2022-12-01,25.82,0.006627680311890982
2022-12-02,25.73,-0.0034856700232377413
2022-12-05,25.87,0.005441119315973575
2022-12-06,25.61,-0.01005025125628145
2022-12-07,25.44,-0.006638032018742579
2022-12-08,25.29,-0.005896226415094463
2022-12-09,25.51,0.008699090549624477
2022-12-12,25.5,-0.00039200313602516523
2022-12-13,25.53,0.0011764705882353343
2022-12-14,25.68,0.005875440658049236
2022-12-15,25.7,0.0007788161993769194
2022-12-16,25.7,0.0
2022-12-19,25.73,0.0011673151750972721
2022-12-20,25.3,-0.01671200932763306
2022-12-21,25.34,0.0015810276679841806
2022-12-22,25.67,0.013022888713496439
2022-12-23,25.6,-0.002726918582002358
2022-12-26,25.58,-0.0007812500000000666
2022-12-27,25.63,0.001954652071931129
2022-12-28,25.38,-0.009754194303550512
2022-12-29,25.29,-0.0035460992907800915
2022-12-30,25.4,0.004349545274812128
2023-01-03,25.49,0.0035433070866142113
2023-01-04,25.45,-0.0015692428403295544
2023-01-05,25.46,0.00039292730844797674
2023-01-06,25.66,0.00785545954438338
2023-01-09,25.94,0.010911925175370207
2023-01-10,26.06,0.004626060138781751
2023-01-11,26.07,0.00038372985418266836
2023-01-12,25.99,-0.0030686612965095117
2023-01-13,25.98,-0.00038476337052706366
2023-01-16,26.02,0.0015396458814471714
2023-01-17,26.06,0.001537279016141424
2023-01-30,26.53,0.01803530314658497
2023-01-31,26.54,0.0003769317753485879
2023-02-01,26.67,0.0048982667671439994
2023-02-02,26.99,0.011998500187476502
2023-02-03,27.0,0.0003705075954056891
2023-02-06,26.92,-0.002962962962962945
2023-02-07,26.94,0.0007429420505200568
2023-02-08,27.15,0.007795100222717011
2023-02-09,27.15,0.0
2023-02-10,27.02,-0.0047882136279926435
2023-02-13,26.97,-0.0018504811250925624
2023-02-14,27.13,0.005932517612161625
2023-02-15,27.05,-0.002948765204570547
2023-02-16,27.33,0.010351201478743022
2023-02-17,27.24,-0.003293084522502765
2023-02-20,27.41,0.006240822320117578
2023-02-21,27.53,0.004377964246625288
2023-02-22,27.4,-0.004722121322194073
2023-02-23,27.74,0.012408759124087565
2023-02-24,27.67,-0.0025234318673394984
2023-03-01,27.72,0.0018070112034693775
2023-03-02,27.78,0.0021645021645022577
2023-03-03,27.95,0.006119510439164699
2023-03-06,28.25,0.01073345259391778
2023-03-07,28.38,0.004601769911504405
2023-03-08,28.37,-0.0003523608174770265
2023-03-09,28.24,-0.004582305252026853
2023-03-10,27.86,-0.013456090651558061
2023-03-13,27.93,0.002512562814070307
2023-03-14,27.66,-0.009667024704618665
2023-03-15,27.66,0.0
2023-03-16,27.5,-0.005784526391901634
2023-03-17,27.76,0.009454545454545604
2023-03-20,27.76,0.0
2023-03-21,27.84,0.0028818443804032867
2023-03-22,28.05,0.007543103448275801
2023-03-23,28.12,0.002495543672014211
2023-03-24,28.26,0.004978662873399653
2023-03-27,28.31,0.0017692852087756172
2023-03-28,28.06,-0.008830801836806734
2023-03-29,28.15,0.0032074126870991204
2023-03-30,28.29,0.00497335701598578
2023-03-31,28.43,0.004948745139625288
2023-04-06,28.47,0.00140696447414701
2023-04-07,28.43,-0.0014049877063575522
2023-04-10,28.5,0.0024621878297572675
2023-04-11,28.7,0.007017543859649145
2023-04-12,28.85,0.005226480836237002
2023-04-13,28.71,-0.004852686308492227
2023-04-14,28.74,0.0010449320794148065
2023-04-17,28.8,0.0020876826722338038
2023-04-18,28.67,-0.004513888888888817
2023-04-19,28.55,-0.004185559818625784
2023-04-20,28.43,-0.004203152364273266
2023-04-21,28.19,-0.00844178684488206
2023-04-24,28.27,0.0028378857750974706
2023-04-25,27.8,-0.01662539794835516
2023-04-26,27.84,0.0014388489208632116
2023-04-27,28.02,0.006465517241379226
2023-04-28,28.23,0.007494646680942241
2023-05-02,28.44,0.007438894792773709
2023-05-03,28.42,-0.0007032348804500987
2023-05-04,28.45,0.001055594651653724
2023-05-05,28.47,0.0007029876977153737
2023-05-08,28.67,0.007024938531787983
2023-05-09,28.64,-0.001046389954656446
2023-05-10,28.54,-0.0034916201117318746
2023-05-11,28.4,-0.004905395935529078
2023-05-12,28.45,0.0017605633802817433
2023-05-15,28.42,-0.0010544815465728385
2023-05-16,28.65,0.008092892329345514
2023-05-17,28.76,0.0038394415357767553
2023-05-18,29.05,0.010083449235048558
2023-05-19,29.31,0.008950086058519657
2023-05-22,29.35,0.0013647219379051556
2023-05-23,29.37,0.0006814310051106443
2023-05-24,29.43,0.0020429009193054792
2023-05-25,29.78,0.011892626571525788
2023-05-26,30.13,0.011752854264607038
2023-05-29,30.65,0.017258546299369293
2023-05-30,30.52,-0.004241435562805873
2023-05-31,30.49,-0.000982961992136322
2023-06-01,30.47,-0.0006559527714004032
2023-06-02,30.93,0.015096816540859814
2023-06-05,31.1,0.005496281926931745
2023-06-06,31.15,0.001607717041800516
2023-06-07,31.46,0.009951845906902124
2023-06-08,31.24,-0.006993006993007089
2023-06-09,31.78,0.01728553137003841
2023-06-12,31.78,0.0
2023-06-13,32.2,0.013215859030837107
2023-06-14,32.32,0.003726708074534013
2023-06-15,32.69,0.01144801980198018
2023-06-16,32.78,0.002753135515448202
2023-06-19,32.73,-0.0015253203172667096
2023-06-20,32.48,-0.0076382523678582
2023-06-21,32.83,0.010775862068965525
2023-06-26,32.77,-0.0018275967103257296
2023-06-27,32.18,-0.01800427220018319
2023-06-28,32.3,0.003729024238657397
2023-06-29,32.53,0.007120743034055854
2023-06-30,32.67,0.004303719643406145
2023-07-03,33.24,0.017447199265381075
2023-07-04,33.91,0.020156438026474044
2023-07-05,33.71,-0.00589796520200514
2023-07-06,33.34,-0.010975971521803518
2023-07-07,33.08,-0.007798440311937771
2023-07-10,33.18,0.0030229746070133956
2023-07-11,33.8,0.01868595539481599
2023-07-12,34.3,0.014792899408283988
2023-07-13,34.82,0.015160349854227428
2023-07-14,35.54,0.020677771395749556
2023-07-17,35.94,0.011254924029262758
2023-07-18,35.11,0.004730105731775236
2023-07-19,34.36,-0.02136143548846481
2023-07-20,34.71,0.01018626309662407
2023-07-21,35.26,0.01584557764333039
2023-07-24,35.99,0.02070334656834949
2023-07-25,36.05,0.001667129758265995
2023-07-26,36.02,-0.0008321775312064572
2023-07-27,36.1,0.002220988339811214
2023-07-28,36.58,0.013296398891966765
2023-07-31,35.74,-0.02296336796063414
2023-08-01,35.73,-0.00027979854504767143
2023-08-02,34.51,-0.034144976210467415
2023-08-04,34.74,0.006664734859461063
2023-08-07,35.7,0.02763385146804831
2023-08-08,35.59,-0.003081232492997188
2023-08-09,35.35,-0.0067434672660859896
2023-08-10,34.43,-0.02602545968882608
2023-08-11,34.56,0.0037757769387163354
2023-08-14,34.28,-0.00810185185185186
2023-08-15,34.85,0.016627771295215865
2023-08-16,35.14,0.008321377331420354
2023-08-17,35.33,0.005406943653955443
2023-08-18,34.84,-0.013869232946504217
2023-08-21,34.85,0.0002870264064294137
2023-08-22,35.11,0.007460545193687107
2023-08-23,35.43,0.009114212475078265
2023-08-24,35.76,0.009314140558848383
2023-08-25,35.14,-0.01733780760626391
2023-08-28,35.06,-0.0022766078542970636
2023-08-29,35.16,0.0028522532800911993
2023-08-30,35.35,0.005403868031854442
2023-08-31,35.31,-0.0011315417256011484
2023-09-01,35.12,-0.005380911922968079
2023-09-04,35.27,0.0042710706150344
2023-09-05,35.43,0.00453643322937336
2023-09-06,35.6,0.004798193621224911
2023-09-07,35.45,-0.004213483146067398
2023-09-08,35.42,-0.0008462623413258985
2023-09-11,34.79,-0.017786561264822254
2023-09-12,34.8,0.00028743891922955456
2023-09-13,34.86,0.0017241379310346527
2023-09-14,35.31,0.012908777969019125
2023-09-15,35.58,0.007646559048428037
2023-09-18,35.31,-0.007588532883642363
2023-09-19,35.14,-0.004814500141603006
2023-09-20,35.05,-0.00256118383608428
2023-09-21,34.7,-0.00998573466476449
2023-09-22,34.89,0.005475504322766556
2023-09-25,35.08,0.005445686443106945
2023-09-26,34.76,-0.009122006841505104
2023-09-27,34.87,0.0031645569620253333
2023-09-28,35.06,0.005448809865213899
2023-10-02,35.74,0.0193953223046206
2023-10-03,35.6,-0.003917179630665957
2023-10-04,35.39,-0.00589887640449438
2023-10-05,35.69,0.008476970895733071
2023-10-06,35.79,0.0028019052956009816
2023-10-11,35.78,-0.0002794076557697256
2023-10-12,35.98,0.005589714924538747
2023-10-13,35.72,-0.007226236798221208
2023-10-16,35.52,-0.005599104143336975
2023-10-17,35.27,-0.007038288288288341
2023-10-18,34.9,-0.010490501842926103
2023-10-19,33.65,-0.0014326647564468775
2023-10-20,33.4,-0.007429420505200568
2023-10-23,33.08,-0.009580838323353325
2023-10-24,33.47,0.011789600967351932
2023-10-25,33.62,0.004481625336121953
2023-10-26,33.1,-0.01546698393813195
2023-10-27,33.13,0.0009063444108761143
2023-10-30,33.23,0.00301841231512201
2023-10-31,32.69,-0.01625037616611491
2023-11-01,32.89,0.006118078923218251
2023-11-02,33.52,0.019154758285193196
2023-11-03,33.69,0.00507159904534582
2023-11-06,34.24,0.016325319085782164
2023-11-07,34.23,-0.0002920560747664558
2023-11-08,34.54,0.009056383289512082
2023-11-09,34.55,0.0002895193977996424
2023-11-10,34.43,-0.0034732272069464276
2023-11-13,34.54,0.0031948881789136685
2023-11-14,34.68,0.004053271569195216
2023-11-15,34.83,0.004325259515570945
2023-11-16,34.77,-0.0017226528854434875
2023-11-17,34.82,0.001438021282714974
2023-11-20,34.9,0.0022975301550831606
2023-11-21,35.3,0.011461318051575908
2023-11-22,35.05,-0.007082152974504208
2023-11-23,34.97,-0.002282453637660442
2023-11-24,34.94,-0.0008578781812982328
2023-11-27,34.75,-0.005437893531768712
2023-11-28,34.9,0.004316546762589857
2023-11-29,35.09,0.005444126074498623
2023-11-30,35.08,-0.00028498147620414915
2023-12-01,35.13,0.0014253135689852314
2023-12-04,35.19,0.0017079419299741438
2023-12-05,35.05,-0.003978402955385096
2023-12-06,35.31,0.00741797432239677
2023-12-07,35.25,-0.001699235344095218
2023-12-08,35.42,0.0048226950354610665
2023-12-11,35.47,0.0014116318464143518
2023-12-12,35.58,0.003101212292077715
2023-12-13,36.06,0.013490725126475756
2023-12-14,36.55,0.013588463671658113
2023-12-15,36.36,-0.005198358413132653
2023-12-18,36.38,0.0005500550055006492
2023-12-19,36.1,-0.007696536558548739
2023-12-20,36.57,0.013019390581717527
2023-12-21,36.33,-0.00656275635767023
2023-12-22,36.37,0.0011010184420587876
2023-12-25,36.65,0.007698652735771194
2023-12-26,37.0,0.009549795361528002
2023-12-27,37.42,0.011351351351351457
2023-12-28,37.33,-0.0024051309460182413
2023-12-29,37.4,0.0018751674256629602
2024-01-02,37.17,-0.006149732620320814
2024-01-03,36.68,-0.013182674199623379
2024-01-04,36.59,-0.002453653217011853
2024-01-05,36.55,-0.0010931948619843368
2024-01-08,36.57,0.0005471956224352148
2024-01-09,36.49,-0.0021875854525567062
2024-01-10,36.24,-0.006851192107426685
2024-01-11,36.39,0.0041390728476820016
2024-01-12,36.33,-0.0016488046166529546
2024-01-15,36.42,0.0024772914946327163
2024-01-16,36.37,-0.0013728720483252577
2024-01-17,35.19,-0.013197690404179174
2024-01-18,35.12,-0.001989201477692548
2024-01-19,35.65,0.015091116173120867
2024-01-22,36.14,0.013744740532959376
2024-01-23,36.2,0.0016602102933038765
2024-01-24,36.23,0.0008287292817676928
2024-01-25,36.29,0.0016560861164780505
2024-01-26,36.07,-0.006062276109120912
2024-01-29,36.28,0.005822012752980443
2024-01-30,36.36,0.0022050716648289725
2024-01-31,36.2,-0.004400440044004306
2024-02-01,36.3,0.0027624309392264568
2024-02-02,36.45,0.004132231404958775
2024-02-05,36.45,0.0
2024-02-15,36.86,0.01124828532235922
2024-02-16,37.07,0.005697232772653216
2024-02-19,37.14,0.0018883193957377475
2024-02-20,37.39,0.006731287022078591
2024-02-21,37.29,-0.0026745119015779695
2024-02-22,37.65,0.0096540627514079
2024-02-23,37.59,-0.001593625498007789
2024-02-26,37.68,0.002394253790901635
2024-02-27,37.51,-0.004511677282378002
2024-02-29,37.7,0.005065315915755875
2024-03-01,37.74,0.001061007957559701
2024-03-04,38.0,0.006889242183359734
2024-03-05,38.16,0.004210526315789442
2024-03-06,38.53,0.00969601677148857
2024-03-07,38.68,0.0038930703348039053
2024-03-08,38.45,-0.005946225439503516
2024-03-11,38.43,-0.000520156046814102
2024-03-12,38.99,0.014571948998178597
2024-03-13,39.08,0.002308284175429609
2024-03-14,38.72,-0.0092118730808598
2024-03-15,39.02,0.00774793388429762
2024-03-18,39.36,0.00871348026652985
2024-03-19,39.7,0.008638211382113958
2024-03-20,39.63,-0.0017632241813602123
2024-03-21,39.93,0.007570022710068125
2024-03-22,39.8,-0.0032556974705735264
2024-03-25,39.62,-0.004522613065326642
2024-03-26,39.24,-0.009591115598182598
2024-03-27,39.55,0.00790010193679902
2024-03-28,39.74,0.004804045512010191
2024-03-29,39.86,0.003019627579265105
2024-04-01,39.59,-0.0067737079779226494
2024-04-02,39.88,0.0073250820914372294
2024-04-03,39.75,-0.003259779338014135
2024-04-08,39.92,0.00427672955974856
2024-04-09,39.99,0.0017535070140279885
2024-04-10,40.2,0.005251312828207011
2024-04-11,40.09,-0.002736318407960181
2024-04-12,39.98,-0.002743826390621318
2024-04-15,39.62,-0.00900450225112559
2024-04-16,38.49,-0.0285209490156485
2024-04-17,38.94,0.011691348402182333
2024-04-18,38.18,0.0007704160246533309
2024-04-19,37.27,-0.02383446830801461
2024-04-22,36.92,-0.009390931043734896
2024-04-23,37.12,0.005417118093174356
2024-04-24,37.85,0.0196659482758621
2024-04-25,37.51,-0.00898282694848096
2024-04-26,37.69,0.004798720341242291
2024-04-29,38.34,0.017245953833908256
2024-04-30,38.32,-0.0005216484089723972
2024-05-02,38.35,0.0007828810020877874
2024-05-03,38.45,0.0026075619295957697
2024-05-06,38.88,0.011183355006501916
2024-05-07,38.97,0.0023148148148146586
2024-05-08,39.02,0.0012830382345394575
2024-05-09,38.92,-0.0025627883136852825
2024-05-10,39.04,0.0030832476875641834
2024-05-13,39.04,0.0
2024-05-14,39.26,0.00563524590163933
2024-05-15,39.3,0.0010188487009679115
2024-05-16,39.6,0.007633587786259666
2024-05-17,39.51,-0.002272727272727315
2024-05-20,39.66,0.0037965072133636646
2024-05-21,39.5,-0.004034291477559182
2024-05-22,40.04,0.013670886075949351
2024-05-23,40.01,-0.0007492507492508071
2024-05-24,40.1,0.0022494376405899352
2024-05-27,40.74,0.015960099750623513
2024-05-28,40.81,0.0017182130584192379
2024-05-29,40.59,-0.005390835579514808
2024-05-30,40.03,-0.013796501601379685
2024-05-31,39.93,-0.0024981264051960883
2024-06-03,40.32,0.00976709241172058
2024-06-04,40.01,-0.007688492063492092
2024-06-05,39.86,-0.0037490627343164107
2024-06-06,40.05,0.0047666833918715845
2024-06-07,40.01,-0.0009987515605492936
2024-06-11,39.95,-0.0014996250937264755
2024-06-12,39.97,0.0005006257822277593
2024-06-13,40.42,0.011258443832874665
2024-06-14,40.55,0.003216229589312114
2024-06-17,40.79,0.005918618988902669
2024-06-18,40.96,0.0041676881588625925
2024-06-19,41.52,0.013671875
2024-06-20,41.95,0.010356454720616526
2024-06-21,41.9,-0.0011918951132301459
2024-06-24,41.41,-0.011694510739856834
2024-06-25,41.3,-0.0026563631972953416
2024-06-26,41.2,-0.002421307506053183
2024-06-27,40.91,-0.0070388349514564075
2024-06-28,41.12,0.005133219261794109
2024-07-01,41.35,0.005593385214007984
2024-07-02,41.1,-0.006045949214026569
2024-07-03,41.42,0.00778588807785896
2024-07-04,41.88,0.011105746016417228
2024-07-05,41.94,0.0014326647564468775
2024-07-08,42.14,0.004768717215069218
2024-07-09,42.09,-0.0011865211200758896
2024-07-10,42.34,0.005939653124257482
2024-07-11,42.65,0.007321681624940846
2024-07-12,42.39,-0.006096131301289498
2024-07-15,42.37,-0.0004718093890069275
2024-07-16,41.3,0.0
2024-07-17,41.0,-0.007263922518159771
2024-07-18,40.4,-0.014634146341463428
2024-07-19,39.81,-0.014603960396039506
2024-07-22,39.04,-0.019341873901029927
2024-07-23,39.47,0.011014344262294973
2024-07-26,38.82,-0.01646820369901192
2024-07-29,38.42,-0.010303967027305516
2024-07-30,38.37,-0.0013014055179595418
2024-07-31,38.37,0.0
2024-08-01,39.15,0.020328381548084362
2024-08-02,38.0,-0.02937420178799488
2024-08-05,35.11,-0.07605263157894737
2024-08-06,35.81,0.019937339789233954
2024-08-07,36.99,0.032951689472214385
2024-08-08,36.77,-0.005947553392808835
2024-08-09,37.35,0.0157737285830839
2024-08-12,37.88,0.01419009370816604
2024-08-13,37.98,0.00263991552270304
2024-08-14,38.36,0.010005265929436513
2024-08-15,38.17,-0.004953076120959299
2024-08-16,38.82,0.017029080429656673
2024-08-19,38.83,0.00025759917568257684
2024-08-20,38.91,0.00206026268349202
2024-08-21,38.66,-0.00642508352608584
2024-08-22,38.58,-0.0020693222969476732
2024-08-23,38.61,0.0007776049766718973
2024-08-26,39.02,0.010619010619010716
2024-08-27,38.87,-0.0038441824705280903
2024-08-28,38.99,0.00308721378955501
2024-08-29,39.01,0.0005129520389841602
2024-08-30,39.06,0.0012817226352217492
2024-09-02,39.06,0.0
2024-09-03,38.98,-0.0020481310803892594
2024-09-04,37.59,-0.03565931246793208
2024-09-05,37.63,0.0010641127959563068
2024-09-06,37.87,0.006377889981397766
2024-09-09,37.66,-0.005545286506469571
2024-09-10,37.18,-0.012745618693574046
2024-09-11,37.15,-0.0008068854222700317
2024-09-12,37.77,0.016689098250336487
2024-09-13,37.82,0.001323801959226767
2024-09-16,37.98,0.004230565838180711
2024-09-18,37.72,-0.006845708267509187
2024-09-19,37.97,0.006627783669141074
2024-09-20,38.15,0.004740584672109582
2024-09-23,38.25,0.002621231979030192
2024-09-24,38.24,-0.0002614379084966423
2024-09-25,38.73,0.012813807531380617
2024-09-26,38.75,0.0005163955589981839
2024-09-27,39.01,0.006709677419354687
2024-09-30,38.66,-0.008972058446552245
2024-10-01,38.57,-0.00232798758406616
2024-10-04,38.35,-0.005703914959813261
2024-10-07,38.64,0.007561929595827799
2024-10-08,38.43,-0.005434782608695676
2024-10-09,38.43,0.0
2024-10-11,38.6,0.0044236273744471255
2024-10-14,38.7,0.002590673575129543
2024-10-15,39.1,0.010335917312661369
2024-10-16,39.02,-0.002046035805626567
2024-10-17,38.12,0.004356740133264925
2024-10-18,38.06,-0.0015739769150051597
2024-10-21,38.09,0.0007882291119285512
2024-10-22,38.16,0.0018377526909947317
2024-10-23,38.01,-0.0039308176100628645
2024-10-24,37.81,-0.0052617732175742615
2024-10-25,37.97,0.004231684739486763
2024-10-28,37.94,-0.0007900974453516341
2024-10-29,37.49,-0.01186083289404316
2024-10-30,37.42,-0.0018671645772205814
2024-11-01,37.34,-0.002137894174238375
2024-11-04,37.48,0.003749330476700452
2024-11-05,37.68,0.005336179295624355
2024-11-06,37.79,0.0029193205944797462
2024-11-07,38.16,0.009790949986768993
2024-11-08,38.13,-0.0007861635220124397
2024-11-11,38.08,-0.001311303435615141
2024-11-12,37.52,-0.014705882352941013
2024-11-13,37.49,-0.0007995735607676524
2024-11-14,37.08,-0.010936249666577802
2024-11-15,37.14,0.0016181229773464256
2024-11-18,37.0,-0.003769520732364029
2024-11-19,37.25,0.006756756756756799
2024-11-20,37.1,-0.00402684563758382
2024-11-21,37.1,0.0
2024-11-22,37.33,0.006199460916441968
2024-11-25,37.48,0.004018215912134915
2024-11-26,37.31,-0.004535752401280568
2024-11-27,36.71,-0.016081479496113715
2024-11-28,36.5,-0.005720512122037613
2024-11-29,36.6,0.00273972602739736
2024-12-02,37.02,0.011475409836065653
2024-12-03,37.05,0.0008103727714747766
2024-12-04,37.09,0.0010796221322539878
2024-12-05,37.21,0.003235373416015097
2024-12-06,37.3,0.0024187046492876174
2024-12-09,37.3,0.0
2024-12-10,37.05,-0.006702412868632712
2024-12-11,36.91,-0.0037786774628879582
2024-12-12,37.02,0.0029802221620158775
2024-12-13,36.88,-0.0037817396002161052
2024-12-16,36.54,-0.009219088937093334
2024-12-17,36.48,-0.0016420361247948545
2024-12-18,36.8,0.00877192982456143
2024-12-19,36.63,-0.004619565217391153
2024-12-20,36.42,-0.005733005733005725
2024-12-23,36.85,0.011806699615595884
2024-12-24,36.96,0.0029850746268655914
2024-12-25,36.99,0.0008116883116884299
2024-12-26,37.09,0.002703433360367713
2024-12-27,37.05,-0.0010784578053385507
2024-12-30,36.83,-0.005937921727395379
2024-12-31,36.68,-0.004072766766223146
2025-01-02,36.7,0.0005452562704471031
2025-01-03,36.78,0.0021798365122616126
2025-01-06,37.22,0.011963023382272953
2025-01-07,37.3,0.0021493820526599094
2025-01-08,37.3,0.0
2025-01-09,36.73,-0.015281501340482562
2025-01-10,36.56,-0.004628369180506242
2025-01-13,36.0,-0.015317286652078876
2025-01-14,36.36,0.010000000000000009
2025-01-15,36.12,-0.0066006600660066805
2025-01-16,36.39,0.007475083056478482
2025-01-17,35.35,0.0008244023083265883
2025-01-20,35.52,0.0048090523338049085
2025-01-21,35.64,0.0033783783783782884
2025-01-22,35.78,0.003928170594837299
2025-02-03,35.45,-0.009223029625489043
2025-02-04,35.2,-0.007052186177715081
2025-02-05,35.62,0.011931818181817988
2025-02-06,35.71,0.0025266704098820814
2025-02-07,35.85,0.003920470456454828
2025-02-10,35.88,0.0008368200836821327
2025-02-11,36.02,0.0039018952062430667
2025-02-12,36.02,0.0
2025-02-13,36.34,0.008883953359244856
2025-02-14,36.29,-0.0013758943313154637
2025-02-17,36.6,0.008542298153761507
2025-02-18,36.68,0.002185792349726823
2025-02-19,36.84,0.004362050163577047
2025-02-20,36.83,-0.00027144408251911223
2025-02-21,37.0,0.0046158023350530986
2025-02-24,36.98,-0.000540540540540646
2025-02-25,36.9,-0.0021633315305570333
2025-02-26,37.09,0.005149051490515033
2025-02-27,36.71,-0.010245349150714511
2025-03-03,36.53,-0.004903296104603605
2025-03-04,36.46,-0.001916233232959197
2025-03-05,36.7,0.006582556226001124
2025-03-06,36.76,0.0016348773841960984
2025-03-07,36.6,-0.0043525571273121955
2025-03-10,36.42,-0.004918032786885185
2025-03-11,36.17,-0.006864360241625511
2025-03-12,36.17,0.0
2025-03-13,35.93,-0.006635333149018541
2025-03-14,35.89,-0.0011132758140829369
2025-03-17,36.13,0.0066870994706047515
2025-03-18,36.41,0.007749792416274381
2025-03-19,36.15,-0.007140895358417998
2025-03-20,36.46,0.008575380359612694
2025-03-21,36.4,-0.001645639056500392
2025-03-24,36.3,-0.0027472527472527375
2025-03-25,36.25,-0.0013774104683195176
2025-03-26,36.35,0.0027586206896552667
2025-03-27,36.07,-0.00770288858321877
2025-03-28,35.8,-0.007485444968117649
2025-03-31,34.76,-0.029050279329608908
2025-04-01,35.26,0.014384349827387899
2025-04-02,35.17,-0.0025524673851388124
2025-04-07,31.66,-0.09980096673301109
2025-04-08,30.6,-0.03348073278584962
2025-04-09,28.69,-0.06241830065359477
2025-04-10,31.55,0.09968630184733351
2025-04-11,32.21,0.02091917591125192
2025-04-14,32.66,0.013970816516609696
2025-04-15,33.14,0.014696876913655954
2025-04-16,32.85,-0.008750754375377201
2025-04-17,32.6,-0.007610350076103556
2025-04-18,32.69,0.0027607361963188914
2025-04-21,32.37,-0.009788926277149002
2025-04-22,31.98,-0.012048192771084265
2025-04-23,31.62,0.022201375859912442
2025-04-24,31.46,-0.005060088551549602
2025-04-25,31.97,0.01621106166560704
2025-04-28,32.15,0.005630278385986953
2025-04-29,32.34,0.005909797822706286
2025-04-30,32.22,-0.0037105751391467434
2025-05-02,32.64,0.013035381750465591
2025-05-05,32.37,-0.008272058823529549
2025-05-06,32.68,0.009576768612913344
2025-05-07,32.64,-0.001223990208078285
2025-05-08,32.84,0.006127450980392135
2025-05-09,33.11,0.008221680876979276
2025-05-12,33.47,0.0108728480821505
2025-05-13,33.88,0.012249775918733219
2025-05-14,34.44,0.016528925619834656
2025-05-15,34.39,-0.0014518002322879697
2025-05-16,34.51,0.0034893864495491034
2025-05-19,34.2,-0.008982903506229989
2025-05-20,34.19,-0.0002923976608188994
2025-05-21,34.56,0.010821877742029917
2025-05-22,34.45,-0.00318287037037035
2025-05-23,34.29,-0.00464441219158207
2025-05-26,34.2,-0.002624671916010346
2025-05-27,33.93,-0.007894736842105399
2025-05-28,33.94,0.00029472443265543546
2025-05-29,34.08,0.004124926340601132
2025-06-02,33.53,-0.01613849765258213
2025-06-03,33.79,0.007754249925439938
2025-06-04,34.09,0.008878366380586034
2025-06-05,34.01,-0.0023467292461133438
2025-06-06,34.01,0.0
2025-06-09,34.14,0.0038224051749486954
2025-06-10,34.53,0.011423550087873435
2025-06-11,34.59,0.0017376194613381024
2025-06-12,34.59,0.0
2025-06-13,34.59,0.0
2025-06-16,34.6,0.00028910089621270174
2025-06-17,34.65,0.0014450867052022698
2025-06-18,34.7,0.0014430014430015792
2025-06-19,34.41,-0.008357348703170175
2025-06-20,34.21,-0.005812263876779911
2025-06-23,33.9,-0.009061677871967322
2025-06-24,34.45,0.016224188790560534
2025-06-25,34.61,0.004644412191581848
2025-06-26,34.65,0.0011557353366078438
2025-06-27,34.69,0.0011544011544011301
2025-06-30,34.62,-0.0020178725857595836
2025-07-01,34.71,0.0025996533795495935
2025-07-02,34.85,0.004033419763756818
2025-07-03,35.15,0.008608321377331363
2025-07-04,34.89,-0.007396870554765234
2025-07-07,34.83,-0.0017196904557180703
2025-07-08,34.65,-0.0051679586563307955
2025-07-09,34.95,0.008658008658008809
2025-07-10,35.04,0.0025751072961373023
2025-07-11,35.2,0.004566210045662267
2025-07-14,35.03,-0.004829545454545503
2025-07-15,35.26,0.006565800742220906
2025-07-16,35.48,0.00623936471922848
2025-07-17,35.54,0.0016910935738445598
2025-07-18,35.6,0.0016882386043894915
2025-07-21,34.8,0.0018539325842694687
2025-07-22,34.42,-0.01091954022988495
2025-07-23,34.78,0.01045903544450888
2025-07-24,34.85,0.002012650948821193
2025-07-25,34.87,0.0005738880918220168
2025-07-28,34.96,0.0025810151993117536
2025-07-29,34.7,-0.007437070938214996
2025-07-30,34.77,0.002017291066282345
2025-07-31,34.79,0.0005752085130859008
2025-08-01,34.81,0.0005748778384593312
2025-08-04,34.79,-0.0005745475438093672
2025-08-05,35.11,0.009198045415349299
2025-08-06,35.1,-0.0002848191398461264
2025-08-07,35.19,0.002564102564102555
2025-08-08,35.24,0.0014208581983519153
2025-08-11,35.23,-0.00028376844494903963
2025-08-12,35.21,-0.0005676979846720442
2025-08-13,35.07,-0.003976143141153132
2025-08-14,35.05,-0.0005702879954377904
2025-08-15,35.03,-0.0005706134094149995
2025-08-18,35.1,0.001998287182415126
2025-08-19,35.01,-0.002564102564102666
2025-08-20,34.5,-0.014567266495287057
2025-08-21,34.71,0.006086956521739184
2025-08-22,34.6,-0.0031691155286660555
2025-08-25,34.94,0.009826589595375523
2025-08-26,34.91,-0.0008586147681740597
2025-08-27,35.04,0.0037238613577772472
2025-08-28,35.04,0.0
2025-08-29,34.99,-0.0014269406392692918
2025-09-01,34.66,-0.00943126607602185
2025-09-02,34.67,0.0002885170225044309
2025-09-03,34.76,0.0025959042399767984
2025-09-04,34.91,0.004315304948216303
2025-09-05,35.11,0.005729017473503406
2025-09-08,35.41,0.00854457419538579
2025-09-09,35.66,0.007060152499293926
2025-09-10,36.07,0.01149747616376895
2025-09-11,35.97,-0.002772387025228751
2025-09-12,36.18,0.005838198498749003
2025-09-15,36.22,0.001105583195135429
2025-09-16,36.31,0.002484815019326403
2025-09-17,36.18,-0.003580280914348699
2025-09-18,36.4,0.006080707573244748
2025-09-19,36.56,0.004395604395604602
2025-09-22,36.8,0.006564551422319376
2025-09-23,36.94,0.0038043478260869623
2025-09-24,36.89,-0.0013535462912830365
2025-09-25,36.96,0.00189753320683117
2025-09-26,36.51,-0.012175324675324783
2025-09-30,36.8,0.007943029307039051
2025-10-01,36.81,0.0002717391304349892
2025-10-02,37.04,0.0062483020918226995
2025-10-03,37.04,0.0
2025-10-07,37.46,0.011339092872570289
2025-10-08,37.43,-0.0008008542445274713
2025-10-09,37.42,-0.00026716537536730645
2025-10-13,36.94,-0.012827365045430361
2025-10-14,36.59,-0.009474824038982033
2025-10-15,36.67,0.0021863897239682295
2025-10-16,37.19,0.014180529042814083
2025-10-17,37.11,-0.002151115891368627
2025-10-20,37.49,0.010239827539746837
2025-10-21,37.66,0.004534542544678333
2025-10-22,37.75,0.0023898035050451405
2025-10-23,36.81,-0.0019602649006621453
2025-10-27,37.24,0.011681608258625298
2025-10-28,37.13,-0.0029538131041890736
2025-10-29,37.47,0.00915701589011575
2025-10-30,37.4,-0.0018681611956231636
2025-10-31,37.46,0.0016042780748664054
2025-11-03,37.33,-0.003470368392952561
2025-11-04,36.96,-0.009911599249933012
2025-11-05,36.78,-0.004870129870129913
2025-11-06,36.95,0.004622077215878262
2025-11-07,36.55,-0.010825439783491375
2025-11-10,36.57,0.0005471956224352148
2025-11-11,36.41,-0.0043751709051136345
2025-11-12,36.46,0.0013732491073881192
2025-11-13,36.51,0.0013713658804168638
2025-11-14,36.13,-0.010408107367844255
2025-11-17,35.79,-0.00941046221976205
2025-11-18,35.0,-0.022073204805811653
2025-11-19,34.74,-0.00742857142857134
2025-11-20,35.5,0.021876799078871523
2025-11-21,35.0,-0.014084507042253502
2025-11-24,35.15,0.004285714285714226
2025-11-25,35.15,0.0
2025-11-26,35.69,0.015362731152204878
2025-11-27,36.13,0.012328383300644674
2025-11-28,36.02,-0.003044561306393523
2025-12-01,36.0,-0.0005552470849529145
2025-12-02,36.11,0.003055555555555589
2025-12-03,36.31,0.005538631957906492
2025-12-04,36.4,0.0024786560176259798
2025-12-05,36.55,0.004120879120879106
2025-12-08,36.62,0.0019151846785225857
2025-12-09,36.58,-0.0010922992900054274
2025-12-10,36.59,0.00027337342810285215
2025-12-11,36.33,-0.007105766602897079
2025-12-12,36.46,0.003578309936691504
2025-12-15,36.28,-0.004936917169500843
2025-12-16,36.07,-0.005788313120176469
2025-12-17,36.2,0.003604103132797354
2025-12-18,36.11,-0.0024861878453039665
2025-12-19,36.38,0.007477153143173654
2025-12-22,36.72,0.009345794392523255
2025-12-23,36.54,-0.004901960784313708
2025-12-24,36.55,0.00027367268746569806
2025-12-26,36.61,0.0016415868673052003
2025-12-29,36.73,0.0032777929527449956
2025-12-30,36.69,-0.0010890280424720178
2025-12-31,36.73,0.0010902153175251783
2026-01-02,37.01,0.007623196297304791
2026-01-05,37.13,0.0032423669278573986
2026-01-06,37.26,0.0035012119579853618
2026-01-07,37.62,0.009661835748792313
2026-01-08,37.41,-0.005582137161084577
2026-01-09,37.4,-0.0002673082063618937
2026-01-12,37.67,0.007219251336898491
2026-01-13,37.74,0.0018582426333952906
2026-01-14,37.96,0.005829358770535142
2026-01-15,38.01,0.0013171759747101497
2026-01-16,38.26,0.006577216521967966
2026-01-19,38.42,0.004181913225300704
2026-01-20,38.45,0.0007808433107756585
2026-01-21,38.21,-0.006241872561768558
2026-01-22,37.76,0.01088720230306195
2026-01-23,37.73,-0.0007944915254237683
2026-01-26,38.23,0.013252054068380703
2026-01-27,38.51,0.0073240910279885885
2026-01-28,38.62,0.002856400934822201
2026-01-29,38.26,-0.009321595028482621
2026-01-30,37.58,-0.017773131207527437
2026-02-02,37.15,-0.011442256519425209
2026-02-03,37.63,0.012920592193808922
2026-02-04,37.84,0.005580653733723073
2026-02-05,37.55,-0.0076638477801269644
2026-02-06,37.52,-0.000798934753661662
2026-02-09,38.03,0.013592750533049092
2026-02-10,38.34,0.008151459374178271
2026-02-11,38.7,0.009389671361502261
2026-02-23,39.13,0.011111111111111072
2026-02-24,39.72,0.015077945310503438
2026-02-25,40.05,0.0083081570996979
2026-02-26,40.29,0.005992509363295984
2026-03-02,39.9,-0.00967982129560685
2026-03-03,39.13,-0.019298245614035037
2026-03-04,37.74,-0.035522616917965766
2026-03-05,38.5,0.02013778484366724
2026-03-06,38.63,0.0033766233766234777
2026-03-09,37.58,-0.027180947450168413
2026-03-10,37.88,0.007982969664715345
2026-03-11,38.64,0.020063357972544882
2026-03-12,38.53,-0.0028467908902691796
2026-03-13,38.5,-0.0007786140669608921
2026-03-16,38.81,0.008051948051948088
2026-03-17,39.13,0.0082452976037104
2026-03-18,39.42,0.007411193457705023
2026-03-19,38.88,-0.013698630136986245
2026-03-20,38.77,-0.002829218106995879
2026-03-23,37.97,-0.020634511220015583
2026-03-24,38.04,0.0018435607058204795
2026-03-25,38.58,0.014195583596214423
2026-03-26,38.56,-0.0005184033177810798
2026-03-27,38.43,-0.003371369294605908
2026-03-30,37.85,-0.015092375748113396
2026-03-31,37.13,-0.019022457067371157
2026-04-01,38.11,0.026393751683274846
2026-04-02,37.82,-0.007609551298871642
2026-04-07,38.07,0.0066102591221575135
2026-04-08,39.02,0.0249540320462307
2026-04-09,39.08,0.0015376729882110585
2026-04-10,39.41,0.008444216990788123
2026-04-13,39.52,0.0027911697538698377
2026-04-14,39.97,0.011386639676113308
2026-04-15,40.25,0.00700525394045548
2026-04-16,40.8,0.013664596273291751
2026-04-17,40.98,0.004411764705882337
2026-04-20,41.47,0.011957052220595399
2026-04-21,41.97,0.012056908608632844
2026-04-22,42.61,0.015248987371932365
2026-04-23,40.65,-0.022529922553391257
2026-04-24,40.95,0.0073800738007381295
2026-04-27,40.9,-0.0012210012210013277
2026-04-28,41.11,0.00513447432762848
2026-04-29,40.93,-0.004378496716127445
2026-04-30,40.9,-0.0007329587099926815
2026-05-04,41.92,0.024938875305623442
2026-05-05,42.62,0.016698473282442672
2026-05-06,43.86,0.029094321914594046
2026-05-07,44.72,0.019607843137254832
2026-05-08,44.85,0.0029069767441860517
2026-05-11,45.76,0.020289855072463725
2026-05-12,45.58,-0.00393356643356646
2026-05-13,45.15,-0.009433962264150941
2026-05-14,45.15,0.0
2026-05-15,44.45,-0.015503875968992165
2026-05-18,44.5,0.0011248593925758943
2026-05-19,44.01,-0.011011235955056264
2026-05-20,44.04,0.0006816632583503957
2026-05-21,45.44,0.031789282470481295
2026-05-22,46.35,0.020026408450704247
2026-05-25,48.35,0.0431499460625675
2026-05-26,48.32,-0.0006204756980351389
2026-05-27,49.64,0.0273178807947021
2026-05-28,48.83,-0.016317485898469042
2026-05-29,50.2,0.028056522629531067
2026-06-01,51.9,0.03386454183266929
2026-06-02,52.8,0.01734104046242768
2026-06-03,53.8,0.018939393939394034
2026-06-04,52.65,-0.021375464684014855
2026-06-05,51.8,-0.01614434947768284
2026-06-08,49.45,-0.04536679536679522
2026-06-09,51.25,0.03640040444893833
2026-06-10,49.62,-0.031804878048780516
2026-06-11,49.59,-0.0006045949214025237
2026-06-12,50.6,0.0203670094777173
2026-06-15,51.5,0.01778656126482203
2026-06-16,51.55,0.000970873786407811
2026-06-17,51.95,0.0077594568380214834
2026-06-18,52.8,0.016361886429258732
2026-06-22,54.05,0.02367424242424243
2026-06-23,53.6,-0.008325624421831601
2026-06-24,53.15,-0.00839552238805974
2026-06-25,53.2,0.0009407337723426057
2026-06-26,51.45,-0.03289473684210531
2026-06-29,51.8,0.00680272108843516
2026-06-30,53.25,0.027992277992278103
2026-07-01,52.75,-0.009389671361502372
2026-07-02,52.6,-0.0028436018957345155
2026-07-03,52.85,0.004752851711026684
2026-07-06,53.25,0.007568590350047311
2026-07-07,52.15,-0.020657276995305174
2026-07-08,52.35,0.003835091083413289
2026-07-09,52.65,0.005730659025787954
2026-07-13,52.4,-0.0047483380816714105
2026-07-14,51.75,-0.012404580152671763
2026-07-15,53.0,0.024154589371980784
2026-07-16,52.65,-0.006603773584905714
2026-07-17,50.75,-0.036087369420702675
2026-07-20,49.95,-0.015763546798029493
2026-07-21,49.55,0.019019019019018923
2026-07-22,50.95,0.028254288597376442
2026-07-23,50.65,-0.0058881256133465065
2026-07-24,50.2,-0.008884501480750151
2026-07-27,50.0,-0.003984063745020028
2026-07-28,48.19,-0.03620000000000001
2026-07-29,46.73,-0.030296742062668636
2026-07-30,46.29,-0.009415792852557225
2026-07-31,49.48,0.0689133722186217
2026-08-03,49.82,0.006871463217461571
2026-08-04,50.6,0.015656362906463217
2026-08-05,51.45,0.01679841897233203
2026-08-06,51.3,-0.00291545189504383
2026-08-07,51.05,-0.004873294346978585
2026-08-10,52.45,0.027424094025465307
2026-08-11,52.3,-0.0028598665395616063
2026-08-12,52.7,0.007648183556405508
2026-08-13,53.0,0.005692599620493288
2026-08-14,53.4,0.007547169811320753
2026-08-17,53.0,-0.0074906367041198685
2026-08-18,52.7,-0.005660377358490565
2026-08-19,52.0,-0.013282732447817858
2026-08-20,52.05,0.0009615384615384581
2026-08-21,52.4,0.00672430355427478
2026-08-24,52.3,-0.001908396946564861
2026-08-25,52.55,0.004780114722753304
2026-08-26,53.25,0.013320647002854402
2026-08-27,53.6,0.00657276995305156
2026-08-28,53.85,0.004664179104477695
2026-08-31,54.6,0.013927576601671321
2026-09-01,54.85,0.0045787545787545625
2026-09-02,55.1,0.004557885141294404
2026-09-03,54.5,-0.010889292196007316
2026-09-04,55.4,0.016513761467889854
2026-09-07,55.85,0.008122743682310585
2026-09-08,55.75,-0.0017905102954342
2026-09-09,55.75,0.0
2026-09-10,55.7,-0.0008968609865470656
2026-09-11,55.3,-0.007181328545781018
2026-09-14,55.4,0.001808318264014508
2026-09-15,55.0,-0.0072202166064981865
2026-09-16,55.55,0.010000000000000009
2026-09-17,56.3,0.013501350135013412
2026-09-18,56.85,0.009769094138543544
2026-09-21,57.15,0.005277044854881119
2026-09-22,56.85,-0.005249343832020914
2026-09-23,56.6,-0.004397537379067673
2026-09-24,56.65,0.0008833922261484162
2026-09-29,56.55,-0.001765225066195919
2026-09-30,56.95,0.007073386383731339
2026-10-01,56.85,-0.0017559262510974394
2026-10-02,57.05,0.0035180299032540052
