date,close_split_adj,total_ret
2012-07-17,29.13,0.0
2012-07-18,28.8,-0.011328527291452062
2012-07-19,29.43,0.021874999999999867
2012-07-20,29.44,0.00033978933061518113
2012-07-23,28.86,-0.01970108695652184
2012-07-24,28.77,-0.0031185031185031464
2012-07-25,28.63,-0.0048661800486617945
2012-07-26,28.68,0.0017464198393293273
2012-07-27,29.39,0.024755927475592854
2012-07-30,29.53,0.0047635250085062975
2012-07-31,29.93,0.01354554690145604
2012-08-01,30.08,0.005011693952555962
2012-08-03,29.81,-0.008976063829787218
2012-08-06,30.19,0.01274740020127485
2012-08-07,30.22,0.0009937065253393662
2012-08-08,30.43,0.006949040370615611
2012-08-09,31.0,0.018731514952349704
2012-08-10,31.02,0.00064516129032266
2012-08-13,31.07,0.001611863313990991
2012-08-14,31.25,0.0057933698101062525
2012-08-15,31.12,-0.0041599999999999415
2012-08-16,31.22,0.0032133676092545027
2012-08-17,31.07,-0.004804612427930732
2012-08-20,31.02,-0.0016092693916961442
2012-08-21,31.33,0.009993552546744056
2012-08-22,31.28,-0.0015959144589848817
2012-08-23,31.32,0.0012787723785165905
2012-08-24,31.2,-0.003831417624521105
2012-08-27,31.18,-0.0006410256410256387
2012-08-28,30.83,-0.011225144323284253
2012-08-29,30.97,0.0045410314628608894
2012-08-30,30.87,-0.003228931223764886
2012-08-31,30.86,-0.0003239390994493885
2012-09-03,31.16,0.009721322099805585
2012-09-04,31.15,-0.0003209242618742447
2012-09-05,30.7,-0.014446227929374
2012-09-06,30.55,-0.004885993485342022
2012-09-07,31.08,0.017348608837970403
2012-09-10,31.22,0.0045045045045044585
2012-09-11,31.22,0.0
2012-09-12,31.73,0.016335682254964734
2012-09-13,31.82,0.0028364323983611772
2012-09-14,32.57,0.023570081709616497
2012-09-17,32.6,0.000921093030396003
2012-09-18,32.57,-0.0009202453987730008
2012-09-19,32.66,0.002763279091188009
2012-09-20,32.48,-0.005511328842620955
2012-09-21,32.59,0.003386699507389457
2012-09-24,32.55,-0.001227370359005997
2012-09-25,32.5,-0.001536098310291778
2012-09-26,32.26,-0.007384615384615434
2012-09-27,32.29,0.00092994420334791
2012-09-28,32.31,0.0006193868070611952
2012-10-01,32.23,-0.0024760136180750347
2012-10-02,32.51,0.00868755817561273
2012-10-03,32.32,-0.005844355582897531
2012-10-04,32.29,-0.0009282178217822068
2012-10-05,32.32,0.0009290802105914597
2012-10-08,32.12,-0.006188118811881305
2012-10-09,31.93,-0.005915317559153088
2012-10-11,31.13,-0.025054807391168166
2012-10-12,31.11,-0.0006424670735624138
2012-10-15,31.16,0.0016072002571521082
2012-10-16,31.26,0.003209242618742003
2012-10-17,31.26,0.0
2012-10-18,31.43,0.005438259756877839
2012-10-19,31.14,-0.00922685332484885
2012-10-22,30.94,-0.006422607578676964
2012-10-23,30.8,-0.004524886877828038
2012-10-24,30.78,-0.0006493506493506773
2012-10-25,30.63,-0.004873294346978585
2012-10-26,30.18,-0.014691478942213454
2012-10-29,30.21,0.0009940357852882276
2012-10-30,30.56,0.011585567692816934
2012-10-31,30.43,-0.004253926701570654
2012-11-01,28.74,0.005060795267827878
2012-11-02,28.85,0.0038274182324287143
2012-11-05,28.72,-0.0045060658578857105
2012-11-06,29.0,0.009749303621169991
2012-11-07,29.13,0.0044827586206896974
2012-11-08,28.74,-0.013388259526261659
2012-11-09,29.17,0.014961725817675742
2012-11-12,29.0,-0.005827905382242093
2012-11-13,28.45,-0.018965517241379293
2012-11-14,28.5,0.0017574692442883233
2012-11-15,28.4,-0.0035087719298245723
2012-11-16,28.31,-0.0031690140845069825
2012-11-19,28.57,0.00918403391027911
2012-11-20,28.63,0.0021001050052502634
2012-11-21,28.42,-0.007334963325183241
2012-11-22,28.58,0.005629838142153343
2012-11-23,29.53,0.03324002799160253
2012-11-26,29.87,0.011513714866237645
2012-11-27,29.92,0.0016739203213926857
2012-11-28,29.95,0.00100267379679142
2012-11-29,30.3,0.011686143572620988
2012-11-30,30.6,0.00990099009900991
2012-12-03,30.55,-0.0016339869281045694
2012-12-04,30.55,0.0
2012-12-05,30.71,0.005237315875613824
2012-12-06,30.66,-0.0016281341582546904
2012-12-07,30.68,0.000652315720808927
2012-12-10,30.52,-0.0052151238591916504
2012-12-11,30.47,-0.00163826998689387
2012-12-12,30.96,0.016081391532655198
2012-12-13,31.26,0.009689922480620172
2012-12-14,31.0,-0.008317338451695466
2012-12-17,30.57,-0.013870967741935525
2012-12-18,30.56,-0.0003271180896303738
2012-12-19,30.6,0.0013089005235602524
2012-12-20,30.28,-0.010457516339869244
2012-12-21,30.02,-0.008586525759577301
2012-12-22,30.18,0.005329780146569041
2012-12-24,30.1,-0.002650762094101977
2012-12-25,30.5,0.013289036544850363
2012-12-26,30.5,0.0
2012-12-27,30.44,-0.0019672131147540073
2012-12-28,30.67,0.007555847568988083
2013-01-02,31.02,0.011411803064884207
2013-01-03,31.28,0.008381689232753065
2013-01-04,31.03,-0.007992327365728857
2013-01-07,30.95,-0.002578150177247829
2013-01-08,30.73,-0.007108239095314994
2013-01-09,30.86,0.004230393752033823
2013-01-10,31.18,0.010369410239792654
2013-01-11,31.13,-0.001603592046183433
2013-01-14,31.01,-0.003854802441374816
2013-01-15,30.8,-0.006772009029345383
2013-01-16,30.61,-0.006168831168831157
2013-01-17,30.3,-0.010127409343351768
2013-01-18,30.73,0.01419141914191413
2013-01-21,30.86,0.004230393752033823
2013-01-22,30.91,0.0016202203499675605
2013-01-23,30.83,-0.0025881591717891173
2013-01-24,30.53,-0.009730781706130287
2013-01-25,30.37,-0.005240746806419949
2013-01-28,30.71,0.011195258478762016
2013-01-29,31.21,0.01628134158254646
2013-01-30,31.2,-0.00032041012495998
2013-01-31,31.2,0.0
2013-02-01,31.32,0.0038461538461538325
2013-02-04,31.6,0.008939974457215838
2013-02-05,31.46,-0.004430379746835467
2013-02-06,31.58,0.0038143674507309377
2013-02-18,31.89,0.009816339455351653
2013-02-19,31.84,-0.0015678896205707504
2013-02-20,32.13,0.009108040201005085
2013-02-21,31.86,-0.008403361344537896
2013-02-22,31.75,-0.003452605147520438
2013-02-23,31.9,0.0047244094488188
2013-02-25,31.74,-0.005015673981191182
2013-02-26,31.4,-0.010712035286704502
2013-02-27,31.42,0.0006369426751593465
2013-03-01,31.62,0.006365372374283806
2013-03-04,31.22,-0.012650221378874171
2013-03-05,31.48,0.00832799487508007
2013-03-06,31.61,0.0041296060991105055
2013-03-07,31.6,-0.00031635558367604233
2013-03-08,31.82,0.006962025316455733
2013-03-11,31.95,0.004085480829666865
2013-03-12,31.78,-0.0053208137715179404
2013-03-13,31.77,-0.0003146633102580898
2013-03-14,31.67,-0.003147623544224043
2013-03-15,31.49,-0.005683612251342063
2013-03-18,30.91,-0.018418545570022204
2013-03-19,31.1,0.006146878032999181
2013-03-20,30.84,-0.00836012861736335
2013-03-21,30.93,0.0029182879377431803
2013-03-22,30.8,-0.004203039120594831
2013-03-25,31.0,0.006493506493506551
2013-03-26,31.01,0.000322580645161441
2013-03-27,31.17,0.0051596259271202705
2013-03-28,30.98,-0.006095604748155292
2013-03-29,31.33,0.011297611362169002
2013-04-01,31.26,-0.002234280242578879
2013-04-02,31.23,-0.0009596928982725794
2013-04-03,31.4,0.005443483829650875
2013-04-08,30.61,-0.025159235668789748
2013-04-09,30.58,-0.0009800718719372714
2013-04-10,30.58,0.0
2013-04-11,31.01,0.014061478090255264
2013-04-12,30.9,-0.003547242824895269
2013-04-15,30.65,-0.008090614886731351
2013-04-16,30.71,0.001957585644372095
2013-04-17,30.71,0.0
2013-04-18,30.64,-0.0022793878215564556
2013-04-19,31.54,0.02937336814621405
2013-04-22,31.67,0.004121750158528892
2013-04-23,31.4,-0.008525418377013039
2013-04-24,31.75,0.011146496815286566
2013-04-25,31.79,0.0012598425196850283
2013-04-26,31.87,0.0025165146272412287
2013-04-29,31.91,0.0012550988390336304
2013-04-30,32.19,0.008774678784080114
2013-05-02,32.29,0.003106554830692776
2013-05-03,32.39,0.003096934035305088
2013-05-06,32.5,0.0033961099104662384
2013-05-07,32.52,0.0006153846153846843
2013-05-08,32.92,0.012300123001230068
2013-05-09,33.13,0.006379100850546715
2013-05-10,32.91,-0.006640507093269132
2013-05-13,32.79,-0.003646308113035457
2013-05-14,32.78,-0.0003049710277522877
2013-05-15,32.91,0.003965832824893045
2013-05-16,33.2,0.008811911273169493
2013-05-17,32.97,-0.0069277108433736245
2013-05-21,32.85,-0.0036396724294812666
2013-05-22,32.86,0.0003044140030441511
2013-05-23,32.28,-0.017650639074862973
2013-05-24,31.85,-0.01332094175960341
2013-05-27,32.0,0.0047095761381474865
2013-05-28,32.11,0.0034374999999999822
2013-05-29,32.75,0.019931485518529968
2013-05-30,32.47,-0.008549618320610741
2013-05-31,32.49,0.000615953187557805
2013-06-03,32.23,-0.00800246229609125
2013-06-04,32.15,-0.002482159478746415
2013-06-05,32.21,0.0018662519440124647
2013-06-06,31.81,-0.012418503570319817
2013-06-07,31.95,0.004401131719585116
2013-06-10,32.16,0.00657276995305156
2013-06-11,32.0,-0.004975124378109319
2013-06-13,31.37,-0.01968749999999997
2013-06-14,31.3,-0.002231431303793441
2013-06-17,31.33,0.000958466453674145
2013-06-18,31.59,0.008298755186721962
2013-06-19,31.58,-0.00031655587211143477
2013-06-20,31.15,-0.013616212792906923
2013-06-21,30.6,-0.017656500802568087
2013-06-24,30.58,-0.0006535947712419388
2013-06-25,30.52,-0.0019620667102681066
2013-06-26,30.7,0.00589777195281771
2013-06-27,30.9,0.006514657980456029
2013-06-28,31.29,0.012621359223301098
2013-07-01,31.75,0.014701182486417386
2013-07-02,31.7,-0.0015748031496063408
2013-07-03,31.35,-0.011041009463722329
2013-07-04,31.3,-0.0015948963317384823
2013-07-05,31.75,0.01437699680511173
2013-07-08,31.25,-0.015748031496062964
2013-07-09,31.6,0.011200000000000099
2013-07-10,31.81,0.006645569620252978
2013-07-11,32.42,0.019176359635334927
2013-07-12,32.47,0.0015422578655150954
2013-07-15,32.68,0.006467508469356398
2013-07-16,32.65,-0.0009179926560587415
2013-07-17,32.76,0.0033690658499234694
2013-07-18,32.51,-0.007631257631257604
2013-07-19,31.92,-0.018148262073208077
2013-07-22,32.0,0.0025062656641603454
2013-07-23,32.35,0.010937500000000044
2013-07-24,32.53,0.005564142194744992
2013-07-25,32.42,-0.0033814940055333365
2013-07-26,32.52,0.0030845157310301907
2013-07-29,32.17,-0.010762607626076282
2013-07-30,32.2,0.000932545850170996
2013-07-31,32.37,0.005279503105589889
2013-08-01,32.3,-0.0021624961383998054
2013-08-02,32.45,0.004643962848297489
2013-08-05,32.44,-0.0003081664098615322
2013-08-06,32.0,-0.013563501849568338
2013-08-07,31.76,-0.007499999999999951
2013-08-08,31.65,-0.0034634760705291034
2013-08-09,31.49,-0.0050552922590837435
2013-08-12,31.69,0.0063512226103525915
2013-08-13,31.8,0.0034711265383402523
2013-08-14,31.73,-0.002201257861635275
2013-08-15,31.52,-0.006618342262842747
2013-08-16,31.5,-0.0006345177664974777
2013-08-19,31.69,0.006031746031746055
2013-08-20,31.48,-0.006626696118649411
2013-08-22,31.07,-0.013024142312579423
2013-08-23,31.35,0.009011908593498541
2013-08-26,31.38,0.000956937799043045
2013-08-27,31.3,-0.002549394518801762
2013-08-28,31.14,-0.005111821086261958
2013-08-29,31.51,0.011881824020552267
2013-08-30,31.8,0.009203427483338578
2013-09-02,32.07,0.008490566037735903
2013-09-03,32.25,0.00561272217025266
2013-09-04,32.1,-0.0046511627906976605
2013-09-05,32.31,0.006542056074766434
2013-09-06,32.36,0.0015475085112968134
2013-09-09,32.44,0.0024721878862792313
2013-09-10,32.49,0.0015413070283600838
2013-09-11,32.6,0.0033856571252692813
2013-09-12,32.54,-0.0018404907975461127
2013-09-14,32.53,-0.00030731407498452157
2013-09-16,32.72,0.005840762373193975
2013-09-17,32.0,-0.022004889975550057
2013-09-18,32.57,0.01781250000000001
2013-09-23,32.68,0.003377341111452159
2013-09-24,32.72,0.001223990208078396
2013-09-25,32.76,0.0012224938875304847
2013-09-26,32.51,-0.007631257631257604
2013-09-27,32.7,0.005844355582897753
2013-09-30,32.49,-0.006422018348623881
2013-10-01,32.5,0.0003077870113881165
2013-10-02,32.5,0.0
2013-10-03,32.9,0.012307692307692353
2013-10-04,33.01,0.0033434650455927972
2013-10-07,32.89,-0.0036352620418054205
2013-10-08,33.0,0.0033444816053511683
2013-10-09,32.98,-0.000606060606060721
2013-10-11,32.86,-0.003638568829593569
2013-10-14,32.36,-0.015216068167985375
2013-10-15,32.71,0.01081582200247233
2013-10-16,32.73,0.0006114338122897855
2013-10-17,32.91,0.005499541704858002
2013-10-18,33.0,0.0027347310847767314
2013-10-21,33.1,0.003030303030303161
2013-10-22,32.99,-0.0033232628398791597
2013-10-23,32.99,0.0
2013-10-24,33.01,0.0006062443164593923
2013-10-25,32.68,-0.009996970614965073
2013-10-28,32.88,0.006119951040391758
2013-10-29,32.95,0.0021289537712896323
2013-10-30,32.96,0.019393019726858807
2013-10-31,32.71,-0.007584951456310662
2013-11-01,32.72,0.0003057169061448928
2013-11-04,32.47,-0.007640586797066029
2013-11-05,32.3,-0.005235602094240899
2013-11-06,32.2,-0.003095975232197956
2013-11-07,32.1,-0.0031055900621118626
2013-11-08,31.9,-0.006230529595015688
2013-11-11,31.7,-0.006269592476489061
2013-11-12,31.6,-0.003154574132492094
2013-11-13,31.51,-0.0028481012658228
2013-11-14,31.5,-0.0003173595683910735
2013-11-15,31.67,0.005396825396825511
2013-11-18,31.77,0.003157562361856492
2013-11-19,32.23,0.01447906830343082
2013-11-20,32.1,-0.004033509152962966
2013-11-21,31.5,-0.01869158878504673
2013-11-22,31.53,0.0009523809523810378
2013-11-25,31.87,0.010783380907072537
2013-11-26,31.99,0.003765296517100669
2013-11-27,32.17,0.005626758361988227
2013-11-28,32.3,0.004041032017407353
2013-11-29,32.27,-0.0009287925696592758
2013-12-02,32.2,-0.002169197396963085
2013-12-03,32.2,0.0
2013-12-04,32.27,0.0021739130434783593
2013-12-05,32.11,-0.004958165478772925
2013-12-06,32.2,0.0028028651510434432
2013-12-09,32.4,0.006211180124223503
2013-12-10,32.51,0.003395061728395099
2013-12-11,32.55,0.0012303906490309657
2013-12-12,32.17,-0.011674347158218024
2013-12-16,32.06,-0.0034193347839601707
2013-12-17,32.33,0.008421709295071578
2013-12-18,32.11,-0.006804825239715373
2013-12-19,32.29,0.0056057303020866645
2013-12-20,32.4,0.0034066274388355744
2013-12-23,32.51,0.003395061728395099
2013-12-24,32.51,0.0
2013-12-25,32.5,-0.00030759766225774143
2013-12-26,32.5,0.0
2013-12-27,32.71,0.0064615384615385185
2013-12-30,33.04,0.010088657902781906
2013-12-31,33.01,-0.0009079903147699575
2014-01-02,32.89,-0.0036352620418054205
2014-01-03,32.7,-0.005776831863788301
2014-01-06,32.37,-0.010091743119266194
2014-01-07,32.44,0.0021624961383996943
2014-01-08,32.52,0.002466091245376223
2014-01-09,32.55,0.0009225092250919609
2014-01-10,32.59,0.0012288786482337333
2014-01-13,32.64,0.0015342129487572187
2014-01-14,32.28,-0.011029411764705843
2014-01-15,32.9,0.019206939281288582
2014-01-16,33.11,0.006382978723404209
2014-01-17,33.11,0.0
2014-01-20,33.15,0.001208094231349932
2014-01-21,33.01,-0.004223227752639502
2014-01-22,33.02,0.00030293850348384055
2014-01-23,33.01,-0.0003028467595398432
2014-01-24,32.97,-0.0012117540139351402
2014-01-27,32.5,-0.014255383682135192
2014-02-05,31.57,-0.028615384615384598
2014-02-06,31.75,0.005701615457712972
2014-02-07,32.08,0.010393700787401539
2014-02-10,32.2,0.0037406483790525247
2014-02-11,32.2,0.0
2014-02-12,32.47,0.00838509316770164
2014-02-13,32.49,0.000615953187557805
2014-02-14,32.9,0.012619267466912776
2014-02-17,32.89,-0.00030395136778105236
2014-02-20,32.8,-0.002736394040741996
2014-02-21,33.27,0.014329268292683217
2014-02-24,33.2,-0.0021039975954313395
2014-02-25,33.17,-0.000903614457831381
2014-02-26,33.37,0.006029544769369677
2014-02-27,33.37,0.0
2014-03-04,33.01,-0.010788133053641014
2014-03-05,33.3,0.008785216601030044
2014-03-06,33.71,0.012312312312312335
2014-03-07,33.86,0.004449718184514895
2014-03-10,33.56,-0.008860011813349056
2014-03-11,33.73,0.005065554231227454
2014-03-12,33.5,-0.006818855618143993
2014-03-13,34.0,0.014925373134328401
2014-03-17,33.61,-0.011470588235294121
2014-03-19,33.76,0.00446295745313896
2014-03-20,33.68,-0.0023696682464454666
2014-03-21,33.02,-0.019596199524940516
2014-03-24,33.29,0.008176862507571103
2014-03-25,33.66,0.011114448783418274
2014-03-26,33.92,0.007724301841949055
2014-03-27,34.06,0.004127358490566113
2014-03-28,34.05,-0.0002935995302408845
2014-03-31,34.35,0.008810572687224738
2014-04-01,34.4,0.0014556040756912303
2014-04-02,34.51,0.0031976744186046346
2014-04-03,34.45,-0.0017386264850766109
2014-04-07,34.32,-0.0037735849056604875
2014-04-08,34.53,0.006118881118881037
2014-04-09,34.7,0.004923255140457661
2014-04-10,34.69,-0.0002881844380404619
2014-04-11,34.65,-0.0011530700490054446
2014-04-14,34.67,0.0005772005772006761
2014-04-15,34.77,0.0028843380444187883
2014-04-16,34.79,0.0005752085130859008
2014-04-17,34.75,-0.0011497556769186623
2014-04-18,34.91,0.00460431654676241
2014-04-21,34.94,0.0008593526210254332
2014-04-22,35.01,0.002003434459072695
2014-04-23,35.02,0.00028563267637826684
2014-04-24,34.92,-0.002855511136493516
2014-04-25,34.46,-0.013172966781214268
2014-04-28,34.2,-0.007544979686593067
2014-04-30,34.76,0.016374269005847708
2014-05-02,34.7,-0.0017261219792863436
2014-05-06,34.81,0.0031700288184437486
2014-05-07,34.75,-0.0017236426314277686
2014-05-08,34.88,0.00374100719424475
2014-05-09,34.77,-0.0031536697247706025
2014-05-12,34.47,-0.008628127696290067
2014-05-14,34.78,0.008993327531186646
2014-05-15,34.8,0.0005750431282345314
2014-05-16,34.96,0.0045977011494253706
2014-05-19,35.03,0.0020022883295194305
2014-05-20,35.08,0.0014273479874391537
2014-05-21,34.96,-0.0034207525655644
2014-05-22,35.3,0.0097254004576659
2014-05-23,35.42,0.0033994334277622773
2014-05-26,35.57,0.0042348955392432774
2014-05-27,35.63,0.0016868147315154403
2014-05-28,36.0,0.010384507437552593
2014-05-29,35.88,-0.0033333333333332993
2014-05-30,35.8,-0.0022296544035675936
2014-06-04,35.94,0.003910614525139744
2014-06-06,35.92,-0.0005564830272675181
2014-06-09,36.1,0.0050111358574609355
2014-06-10,36.2,0.0027700831024930483
2014-06-13,36.11,-0.0024861878453039665
2014-06-16,36.1,-0.0002769315978952136
2014-06-17,36.47,0.010249307479224257
2014-06-18,36.69,0.006032355360570341
2014-06-19,36.88,0.005178522758244819
2014-06-20,36.83,-0.0013557483731020392
2014-06-23,36.79,-0.0010860711376594612
2014-06-25,36.81,0.0005436259853222047
2014-06-26,37.01,0.005433306166802376
2014-06-27,37.07,0.0016211834639288103
2014-06-30,37.45,0.010250876719719582
2014-07-01,37.84,0.010413885180240445
2014-07-02,38.2,0.009513742071881603
2014-07-03,38.5,0.00785340314136107
2014-07-04,38.45,-0.0012987012987012436
2014-07-07,38.25,-0.005201560468140465
2014-07-08,38.5,0.006535947712418277
2014-07-10,38.73,0.005974025974025965
2014-07-11,39.0,0.006971340046475705
2014-07-15,39.14,0.0035897435897436214
2014-07-16,38.87,-0.006898313745528961
2014-07-17,38.47,-0.010290712631849774
2014-07-18,38.3,-0.004419027813881038
2014-07-21,38.78,0.012532637075718167
2014-07-25,38.77,-0.00025786487880341546
2014-07-28,37.91,-0.022182099561516844
2014-07-31,37.77,-0.003692957003428976
2014-08-01,37.59,-0.004765687053216783
2014-08-05,37.09,-0.013301409949454612
2014-08-11,37.54,0.012132650310056503
2014-08-12,37.51,-0.0007991475759190347
2014-08-13,37.65,0.003732338043188399
2014-08-15,37.85,0.005312084993359889
2014-08-19,38.35,0.013210039630118908
2014-08-21,38.5,0.003911342894393766
2014-08-22,38.99,0.012727272727272698
2014-08-26,39.1,0.0028212362144139913
2014-08-27,39.38,0.00716112531969304
2014-08-28,39.39,0.0002539360081259545
2014-08-29,39.21,-0.004569687738004591
2014-09-01,39.66,0.011476664116296664
2014-09-02,39.23,-0.010842158345940489
2014-09-03,39.47,0.006117767015039632
2014-09-05,39.02,-0.01140106409931585
2014-09-09,39.19,0.004356740133264925
2014-09-10,38.75,-0.011227353916815508
2014-09-12,38.55,-0.005161290322580725
2014-09-15,38.27,-0.00726329442282736
2014-09-17,38.33,0.001567807682257616
2014-09-19,38.47,0.0036524915210018882
2014-09-22,37.65,-0.021315310631661033
2014-09-23,37.65,0.0
2014-09-24,37.67,0.0005312084993360777
2014-09-25,37.55,-0.0031855588001062918
2014-09-26,37.19,-0.009587217043941387
2014-09-29,37.03,-0.004302231782737254
2014-09-30,37.08,0.0013502565487442109
2014-10-03,37.64,0.015102481121898714
2014-10-06,37.82,0.004782146652497321
2014-10-07,37.54,-0.007403490216816522
2014-10-08,37.42,-0.003196590303676028
2014-10-09,37.5,0.002137894174238264
2014-10-13,36.5,-0.026666666666666616
2014-10-15,36.53,0.0008219178082191636
2014-10-16,36.33,-0.005474952094169261
2014-10-17,36.14,-0.005229837599779685
2014-10-20,36.39,0.006917542888766004
2014-10-21,36.5,0.003022808463863713
2014-10-22,37.0,0.013698630136986356
2014-10-24,36.7,-0.008108108108108025
2014-10-27,36.9,0.005449591280653809
2014-10-28,37.41,0.013821138211381978
2014-10-29,37.59,0.03720930232558173
2014-10-30,36.33,-0.033519553072625885
2014-10-31,36.52,0.005229837599779907
2014-11-03,36.98,0.01259583789704255
2014-11-04,36.98,0.0
2014-11-05,36.67,-0.00838290968090849
2014-11-06,36.73,0.001636214889555454
2014-11-07,36.5,-0.006261911244214491
2014-11-10,37.3,0.021917808219177992
2014-11-12,36.76,-0.014477211796246614
2014-11-14,36.94,0.00489662676822622
2014-11-17,36.75,-0.005143475906875916
2014-11-18,36.57,-0.004897959183673417
2014-11-19,37.14,0.015586546349466879
2014-11-20,37.44,0.008077544426494221
2014-11-21,37.45,0.00026709401709412717
2014-11-24,37.87,0.01121495327102795
2014-11-25,37.85,-0.0005281225244255783
2014-11-26,37.67,-0.004755614266842789
2014-11-27,38.1,0.011414919033713833
2014-11-28,38.0,-0.002624671916010568
2014-12-01,37.82,-0.00473684210526315
2014-12-02,37.28,-0.014278159703860371
2014-12-03,37.64,0.00965665236051505
2014-12-08,37.65,0.0002656748140275056
2014-12-09,37.47,-0.004780876494023922
2014-12-10,36.92,-0.014678409394181968
2014-12-12,36.87,-0.0013542795232937
2014-12-15,36.35,-0.014103607268782126
2014-12-16,36.35,0.0
2014-12-17,35.7,-0.017881705639614776
2014-12-18,36.04,0.00952380952380949
2014-12-19,36.65,0.016925638179800195
2014-12-22,37.08,0.011732605729877221
2014-12-23,37.03,-0.0013484358144552067
2014-12-24,37.31,0.007561436672967936
2014-12-27,37.49,0.00482444384883407
2014-12-29,37.9,0.010936249666577691
2014-12-31,37.68,-0.005804749340369342
2015-01-05,37.54,-0.0037154989384289294
2015-01-06,36.56,-0.026105487480021283
2015-01-07,36.74,0.004923413566739532
2015-01-08,37.44,0.019052803483941005
2015-01-09,37.44,0.0
2015-01-12,37.27,-0.0045405982905981634
2015-01-13,37.27,0.0
2015-01-14,37.09,-0.004829621679635077
2015-01-16,37.13,0.0010784578053384397
2015-01-19,37.41,0.0075410719095070355
2015-01-20,37.6,0.005078855920876979
2015-01-21,37.89,0.007712765957446743
2015-01-22,38.13,0.0063341250989708
2015-01-23,38.69,0.01468659847888798
2015-01-27,38.9,0.005427759110881336
2015-01-28,38.99,0.002313624678663251
2015-01-29,38.8,-0.00487304437035152
2015-01-30,38.61,-0.004896907216494828
2015-02-02,38.42,-0.00492100492100489
2015-02-03,38.62,0.005205622071837501
2015-02-04,39.03,0.010616261004660954
2015-02-05,39.12,0.002305918524212025
2015-02-06,38.8,-0.008179959100204526
2015-02-10,38.61,-0.004896907216494828
2015-02-11,38.99,0.009842009842010002
2015-02-12,39.0,0.0002564760194920801
2015-02-13,39.26,0.006666666666666599
2015-02-24,39.85,0.015028018339276805
2015-02-25,40.0,0.0037641154328731385
2015-02-26,39.81,-0.004749999999999921
2015-03-02,39.56,-0.006279829188646113
2015-03-03,39.37,-0.004802831142568409
2015-03-04,39.37,0.0
2015-03-05,39.54,0.004318008636017279
2015-03-06,39.49,-0.0012645422357105973
2015-03-09,39.17,-0.008103317295517831
2015-03-10,38.96,-0.005361245851416951
2015-03-11,39.11,0.0038501026694044427
2015-03-12,39.3,0.004858092559447691
2015-03-16,38.99,-0.00788804071246807
2015-03-17,39.21,0.005642472428827983
2015-03-18,39.41,0.005100739607242888
2015-03-19,40.0,0.014970819588936868
2015-03-23,40.14,0.0035000000000000586
2015-03-24,39.95,-0.004733432984553976
2015-03-26,39.26,-0.017271589486858696
2015-03-27,38.95,-0.007896077432501203
2015-04-01,38.8,-0.0038510911424904926
2015-04-02,39.32,0.013402061855670278
2015-04-09,39.1,-0.005595116988809767
2015-04-10,39.29,0.004859335038363222
2015-04-13,39.31,0.0005090353779588774
2015-04-15,38.86,-0.011447468837445962
2015-04-16,39.33,0.012094698919197011
2015-04-17,39.23,-0.002542588354945363
2015-04-20,39.0,-0.0058628600560795
2015-04-21,39.01,0.0002564102564102111
2015-04-22,39.41,0.010253781081773772
2015-04-23,40.32,0.023090586145648517
2015-04-24,41.0,0.016865079365079305
2015-04-27,41.31,0.007560975609756104
2015-04-28,41.31,0.0
2015-04-29,40.71,-0.01452432824981853
2015-04-30,40.46,-0.006140997297961137
2015-05-05,40.12,-0.008403361344537896
2015-05-07,39.8,-0.0079760717846461
2015-05-08,39.66,-0.0035175879396984744
2015-05-11,39.72,0.001512859304084735
2015-05-12,39.63,-0.0022658610271902857
2015-05-13,39.88,0.006308352258390215
2015-05-14,39.69,-0.004764292878636001
2015-05-15,39.5,-0.004787100025195223
2015-05-19,40.1,0.0151898734177216
2015-05-21,39.52,-0.014463840399002503
2015-05-22,40.03,0.012904858299595201
2015-05-25,39.82,-0.005246065450911885
2015-05-26,39.91,0.0022601707684579697
2015-05-27,40.1,0.004760711601102585
2015-05-28,40.43,0.00822942643391511
2015-05-29,40.16,-0.0066782092505566215
2015-06-01,39.77,-0.00971115537848588
2015-06-03,39.65,-0.003017349761126553
2015-06-04,38.89,-0.019167717528373207
2015-06-05,38.76,-0.003342761635381941
2015-06-08,38.95,0.00490196078431393
2015-06-09,38.56,-0.010012836970474948
2015-06-10,38.87,0.008039419087136901
2015-06-11,38.95,0.0020581425263701547
2015-06-16,38.41,-0.013863928112965551
2015-06-17,38.6,0.004946628482166204
2015-06-23,39.42,0.021243523316062163
2015-06-24,39.12,-0.007610350076103556
2015-06-25,39.46,0.008691206543967267
2015-06-26,39.6,0.00354789660415622
2015-06-29,38.77,-0.020959595959595956
2015-06-30,38.83,0.0015475883415010383
2015-07-01,39.51,0.01751223280968328
2015-07-02,39.51,0.0
2015-07-03,39.55,0.001012401923563555
2015-07-06,39.35,-0.00505689001264209
2015-07-07,39.35,0.0
2015-07-08,38.3,-0.026683608640406753
2015-07-09,37.86,-0.011488250652741505
2015-07-13,38.52,0.017432646592710155
2015-07-14,38.67,0.003894080996884597
2015-07-16,38.78,0.0028445823635894207
2015-07-17,38.96,0.004641567818463033
2015-07-20,38.61,-0.008983572895277292
2015-07-21,38.6,-0.0002590002590001639
2015-07-22,38.59,-0.0002590673575129099
2015-07-23,37.85,-0.01917595231925373
2015-07-24,37.67,-0.004755614266842789
2015-07-27,36.94,-0.019378816033979396
2015-07-28,37.02,0.0021656740660531693
2015-07-29,37.01,-0.0002701242571584439
2015-07-30,37.5,0.013239664955417618
2015-08-03,36.92,-0.015466666666666629
2015-08-04,36.85,-0.001895991332611091
2015-08-05,37.08,0.006241519674355489
2015-08-06,36.71,-0.009978425026968663
2015-08-10,36.41,-0.008172160174339527
2015-08-11,36.5,0.0024718483932986146
2015-08-12,35.75,-0.020547945205479423
2015-08-13,36.05,0.00839160839160824
2015-08-14,35.92,-0.0036061026352287584
2015-08-17,35.57,-0.009743875278396485
2015-08-18,35.42,-0.004217036828788268
2015-08-19,34.88,-0.015245623941276043
2015-08-20,34.74,-0.004013761467889898
2015-08-21,33.91,-0.023891767415083587
2015-08-24,32.74,-0.034503096431730884
2015-08-25,33.45,0.02168601099572398
2015-08-26,33.89,0.01315396113602385
2015-08-27,34.1,0.006196518146946106
2015-08-28,35.15,0.030791788856304958
2015-08-31,34.93,-0.006258890469416745
2015-09-01,35.0,0.002004008016032177
2015-09-02,35.15,0.004285714285714226
2015-09-03,35.2,0.0014224751066858055
2015-09-04,34.85,-0.009943181818181879
2015-09-07,34.78,-0.002008608321377392
2015-09-08,34.78,0.0
2015-09-09,36.08,0.03737780333525009
2015-09-10,35.94,-0.0038802660753880502
2015-09-11,36.1,0.004451864218141477
2015-09-14,36.08,-0.0005540166204986985
2015-09-15,35.8,-0.0077605321507761005
2015-09-16,36.2,0.011173184357541999
2015-09-17,36.6,0.011049723756906049
2015-09-21,35.98,-0.0169398907103826
2015-09-22,36.12,0.0038910505836575737
2015-09-23,35.42,-0.019379844961240233
2015-09-24,35.13,-0.00818746470920384
2015-09-25,35.1,-0.0008539709649871829
2015-09-30,35.2,0.002849002849002913
2015-10-01,35.79,0.01676136363636349
2015-10-02,35.96,0.004749930148086001
2015-10-05,36.0,0.0011123470522802492
2015-10-06,36.43,0.011944444444444535
2015-10-07,36.55,0.0032939884710403433
2015-10-08,36.69,0.0038303693570451713
2015-10-12,37.3,0.016625783592259413
2015-10-13,37.0,-0.008042895442359144
2015-10-14,36.97,-0.0008108108108108025
2015-10-15,37.33,0.009737625101433611
2015-10-16,37.35,0.0005357621216179886
2015-10-19,37.3,-0.0013386880856761652
2015-10-20,37.08,-0.0058981233243967646
2015-10-21,37.01,-0.0018878101402373115
2015-10-22,37.1,0.0024317751958931044
2015-10-23,37.46,0.009703504043126587
2015-10-26,37.68,0.005872931126534864
2015-10-27,37.36,-0.00849256900212314
2015-10-28,37.34,-0.0005353319057814776
2015-10-29,36.23,-0.007096946973754847
2015-10-30,36.13,-0.0027601435274632324
2015-11-02,36.03,-0.0027677830058123742
2015-11-03,36.39,0.009991673605328932
2015-11-04,37.05,0.018136850783182057
2015-11-05,37.2,0.004048582995951566
2015-11-06,36.68,-0.013978494623655968
2015-11-09,36.5,-0.004907306434023928
2015-11-10,36.2,-0.008219178082191747
2015-11-11,35.55,-0.017955801104972524
2015-11-13,35.35,-0.005625879043600457
2015-11-16,34.93,-0.011881188118811892
2015-11-17,35.7,0.02204408817635284
2015-11-18,35.21,-0.013725490196078494
2015-11-19,35.38,0.004828173814257264
2015-11-20,35.51,0.0036743923120405864
2015-11-23,35.56,0.0014080540692764654
2015-11-25,35.3,-0.007311586051743646
2015-11-26,35.64,0.009631728045325971
2015-11-27,35.46,-0.005050505050505083
2015-11-30,34.67,-0.02227862380146639
2015-12-01,35.4,0.021055667724257265
2015-12-02,35.57,0.0048022598870056665
2015-12-04,35.24,-0.009277481023334255
2015-12-07,35.62,0.010783200908058843
2015-12-08,35.27,-0.009825940482874662
2015-12-09,34.79,-0.013609299688120302
2015-12-10,34.46,-0.009485484334578853
2015-12-11,34.31,-0.004352872896111415
2015-12-14,34.13,-0.0052462838822500135
2015-12-15,34.05,-0.002343978904190025
2015-12-16,34.22,0.004992657856093929
2015-12-17,34.51,0.008474576271186418
2015-12-18,34.52,0.00028977108084626835
2015-12-23,34.75,0.006662804171494674
2015-12-24,34.65,-0.0028776978417266452
2015-12-25,34.98,0.00952380952380949
2015-12-28,35.6,0.017724413950829243
2015-12-30,35.1,-0.014044943820224698
2015-12-31,34.68,-0.011965811965812034
2016-01-05,33.73,-0.02739331026528269
2016-01-06,33.09,-0.018974206937444227
2016-01-07,32.44,-0.01964339679661542
2016-01-08,32.71,0.008323057953144364
2016-01-11,32.27,-0.013451543870375948
2016-01-12,32.09,-0.005577936163619457
2016-01-13,32.4,0.009660330320972133
2016-01-14,32.0,-0.012345679012345623
2016-01-15,32.1,0.0031250000000000444
2016-01-18,32.21,0.003426791277258534
2016-01-19,32.17,-0.0012418503570319483
2016-01-20,31.39,-0.02424619210444512
2016-01-21,31.6,0.00669002867155144
2016-01-25,32.62,0.03227848101265818
2016-01-26,32.28,-0.01042305334150817
2016-01-28,32.9,0.019206939281288582
2016-01-29,33.25,0.010638297872340496
2016-01-30,33.57,0.009624060150375868
2016-02-01,33.88,0.009234435507893934
2016-02-02,33.88,0.0
2016-02-03,33.51,-0.010920897284533826
2016-02-15,33.4,-0.003282602208296015
2016-02-16,33.96,0.016766467065868262
2016-02-17,34.25,0.008539458186101356
2016-02-19,34.58,0.009635036496350224
2016-02-22,34.66,0.0023134759976863872
2016-02-25,34.8,0.0040392383150607
2016-02-26,34.82,0.0005747126436781436
2016-03-01,34.82,0.0
2016-03-02,35.53,0.02039058012636419
2016-03-03,35.8,0.007599211933577044
2016-03-04,35.95,0.0041899441340784715
2016-03-07,36.0,0.0013908205841446364
2016-03-11,36.1,0.002777777777777768
2016-03-14,36.56,0.012742382271468067
2016-03-15,36.3,-0.007111597374179546
2016-03-16,36.1,-0.0055096418732780705
2016-03-17,36.38,0.007756232686980669
2016-03-21,36.82,0.01209455744914778
2016-03-22,36.5,-0.00869092884302014
2016-03-25,36.22,-0.007671232876712342
2016-03-28,36.37,0.004141358365543857
2016-03-29,36.07,-0.008248556502611915
2016-03-31,36.45,0.01053507069586912
2016-04-01,36.23,-0.006035665294924719
2016-04-06,35.71,-0.014352746342809697
2016-04-07,35.5,-0.00588070568468213
2016-04-11,35.54,0.0011267605633802358
2016-04-12,35.66,0.003376477208778761
2016-04-13,36.54,0.024677509814918785
2016-04-19,36.43,-0.003010399562123678
2016-04-20,36.09,-0.009332967334614195
2016-04-21,36.0,-0.0024937655860349794
2016-04-22,35.8,-0.005555555555555647
2016-04-25,36.13,0.009217877094972238
2016-04-26,36.21,0.002214226404649855
2016-04-28,35.64,-0.0157415078707539
2016-04-29,35.21,-0.012065095398428705
2016-05-03,34.5,-0.02016472593013352
2016-05-04,34.34,-0.004637681159420204
2016-05-05,34.25,-0.002620850320326218
2016-05-06,34.05,-0.00583941605839422
2016-05-09,33.84,-0.00616740088105705
2016-05-11,33.86,0.0005910165484632746
2016-05-12,34.11,0.007383343177790991
2016-05-13,33.74,-0.010847258868367016
2016-05-17,34.2,0.013633669235328938
2016-05-18,33.92,-0.008187134502923965
2016-05-19,33.92,0.0
2016-05-20,34.0,0.002358490566037652
2016-05-23,35.0,0.02941176470588225
2016-05-25,35.5,0.014285714285714235
2016-05-26,35.4,-0.0028169014084507005
2016-05-27,35.5,0.0028248587570622874
2016-05-30,35.9,0.011267605633802802
2016-06-01,36.1,0.005571030640668662
2016-06-02,36.2,0.0027700831024930483
2016-06-03,36.12,-0.0022099447513813653
2016-06-07,36.7,0.01605758582502781
2016-06-08,36.98,0.007629427792915422
2016-06-13,36.25,-0.019740400216333054
2016-06-15,36.34,0.0024827586206896957
2016-06-23,36.92,0.015960374243258135
2016-06-24,35.75,-0.03169014084507049
2016-06-27,36.32,0.015944055944056013
2016-06-30,36.98,0.018171806167400772
2016-07-01,37.51,0.014332071389940637
2016-07-04,37.66,0.003998933617701983
2016-07-06,36.97,-0.01832182687201267
2016-07-07,37.0,0.000811468758452838
2016-07-11,37.92,0.024864864864864833
2016-07-12,37.92,0.0
2016-07-13,38.1,0.004746835443038
2016-07-14,38.33,0.006036745406823973
2016-07-15,38.79,0.012001043569006109
2016-07-18,39.08,0.007476153647847372
2016-07-20,38.94,-0.003582395087001089
2016-07-21,39.46,0.01335387776065744
2016-07-22,39.26,-0.005068423720223092
2016-07-25,38.8,-0.011716760061130982
2016-07-26,39.26,0.011855670103092741
2016-07-27,39.55,0.007386653082017247
2016-07-28,39.5,-0.0012642225031604948
2016-07-29,39.2,-0.007594936708860689
2016-08-01,39.8,0.015306122448979442
2016-08-02,39.6,-0.0039447236180903955
2016-08-04,39.22,-0.009595959595959713
2016-08-05,39.58,0.009178990311065727
2016-08-08,39.79,0.005305709954522397
2016-08-09,40.0,0.0052777079668258065
2016-08-10,40.15,0.00374999999999992
2016-08-12,39.9,-0.0062266500622665255
2016-08-15,40.01,0.002756892230576513
2016-08-16,40.08,0.0017495626093477767
2016-08-18,39.83,-0.006237524950099771
2016-08-19,40.0,0.004268139593271547
2016-08-22,39.4,-0.015000000000000013
2016-08-23,39.42,0.0005076142131981154
2016-08-24,39.22,-0.005073566717402445
2016-08-25,39.81,0.015043345232024663
2016-08-26,40.06,0.006279829188646113
2016-08-29,39.57,-0.012231652521218273
2016-08-30,39.96,0.009855951478392688
2016-09-01,39.63,-0.008258258258258211
2016-09-05,40.0,0.009336361342417332
2016-09-06,40.0,0.0
2016-09-07,40.76,0.018999999999999906
2016-09-12,39.35,-0.034592737978410115
2016-09-19,40.25,0.02287166454891998
2016-09-20,40.49,0.005962732919254643
2016-09-21,40.29,-0.004939491232403115
2016-09-29,40.53,0.005956813104988967
2016-10-05,40.94,0.01011596348383903
2016-10-07,40.61,-0.008060576453346346
2016-10-11,40.68,0.0017237133710907848
2016-10-12,40.68,0.0
2016-10-13,40.93,0.006145526057030448
2016-10-17,40.4,-0.012948937209870559
2016-10-19,41.07,0.01658415841584171
2016-10-21,41.2,0.0031653274896519257
2016-10-24,41.19,-0.00024271844660206376
2016-10-25,41.82,0.015294974508375914
2016-10-26,41.39,-0.010282161645145838
2016-10-27,41.39,0.0
2016-10-28,41.27,-0.002899251026817984
2016-11-03,40.46,-0.019626847589047758
2016-11-07,40.57,0.002718734552644486
2016-11-08,40.79,0.005422726152329194
2016-11-09,40.2,-0.014464329492522632
2016-11-10,40.73,0.013184079601989973
2016-11-11,40.1,-0.015467714215565809
2016-11-15,40.0,-0.0024937655860349794
2016-11-18,39.84,-0.0039999999999998925
2016-11-28,40.94,0.027610441767068172
2016-11-30,40.72,-0.005373717635564268
2016-12-06,40.62,-0.0024557956777996326
2016-12-08,41.09,0.011570654849827777
2016-12-09,41.7,0.014845461182769526
2016-12-12,41.41,-0.006954436450839485
2016-12-13,41.37,-0.0009659502535619424
2016-12-14,41.62,0.006043026347594793
2016-12-19,40.8,-0.01970206631427196
2016-12-23,40.12,-0.016666666666666607
2016-12-27,40.4,0.006979062811565351
2016-12-28,40.55,0.003712871287128605
2016-12-30,40.6,0.0012330456226881115
2017-01-03,40.7,0.0024630541871921707
2017-01-04,40.7,0.0
2017-01-05,40.93,0.0056511056511054925
2017-01-06,41.0,0.0017102369899828496
2017-01-09,41.1,0.0024390243902439046
2017-01-10,41.34,0.005839416058394109
2017-01-11,41.05,-0.00701499758103552
2017-01-12,41.34,0.007064555420219332
2017-01-16,41.0,-0.00822447992259323
2017-01-20,41.05,0.0012195121951219523
2017-01-23,41.25,0.004872107186358221
2017-01-24,41.6,0.00848484848484854
2017-02-02,41.51,-0.0021634615384615863
2017-02-03,41.51,0.0
2017-02-06,41.9,0.009395326427366957
2017-02-07,42.01,0.002625298329355541
2017-02-08,42.02,0.0002380385622471337
2017-02-09,42.08,0.0014278914802474674
2017-02-10,42.5,0.009980988593155882
2017-02-13,42.75,0.00588235294117645
2017-02-14,42.84,0.002105263157894832
2017-02-15,43.18,0.007936507936507908
2017-02-16,43.14,-0.0009263547938860306
2017-02-17,43.18,0.0009272137227631649
2017-02-18,43.13,-0.0011579434923575382
2017-02-20,43.12,-0.00023185717597973277
2017-02-21,43.06,-0.0013914656771798484
2017-02-22,43.18,0.0027868091035763154
2017-02-23,43.14,-0.0009263547938860306
2017-02-24,43.1,-0.0009272137227630539
2017-03-01,42.85,-0.0058004640371229765
2017-03-02,42.8,-0.001166861143524045
2017-03-03,42.68,-0.002803738317756932
2017-03-06,42.68,0.0
2017-03-07,42.79,0.002577319587628857
2017-03-08,42.9,0.0025706940874035134
2017-03-09,42.73,-0.0039627039627040395
2017-03-10,42.55,-0.004212497074654764
2017-03-13,42.84,0.006815511163337451
2017-03-14,43.11,0.006302521008403339
2017-03-15,43.11,0.0
2017-03-16,43.6,0.011366272326606364
2017-03-17,43.79,0.004357798165137483
2017-03-20,43.81,0.00045672527974427446
2017-03-21,44.22,0.00935859392832672
2017-03-22,43.8,-0.009497964721845387
2017-03-23,43.84,0.0009132420091324533
2017-03-24,43.93,0.0020529197080290107
2017-03-27,43.93,0.0
2017-03-29,43.73,-0.004552697473252931
2017-03-30,43.72,-0.00022867596615594454
2017-03-31,43.72,0.0
2017-04-05,44.05,0.0075480329368708965
2017-04-06,43.96,-0.0020431328036321084
2017-04-07,43.71,-0.005686988171064611
2017-04-11,43.86,0.0034317089910775866
2017-04-13,43.82,-0.0009119927040583953
2017-04-17,43.38,-0.010041077133728815
2017-04-18,43.39,0.0002305209774089434
2017-04-19,43.0,-0.008988246139663536
2017-04-20,43.04,0.0009302325581395099
2017-04-21,43.27,0.005343866171003908
2017-04-24,43.3,0.000693321007626313
2017-04-25,43.75,0.010392609699769073
2017-04-26,43.9,0.0034285714285713365
2017-04-27,43.8,-0.002277904328018221
2017-05-03,44.45,0.014840182648401923
2017-05-04,44.56,0.002474690663667012
2017-05-05,44.37,-0.0042639138240575525
2017-05-08,44.47,0.0022537750732476436
2017-05-10,44.8,0.007420733078479902
2017-05-11,44.92,0.00267857142857153
2017-05-15,44.75,-0.0037845057880676602
2017-05-16,44.85,0.0022346368715084886
2017-05-17,44.78,-0.0015607580824972267
2017-05-18,44.62,-0.003573023671281872
2017-05-23,44.92,0.006723442402510216
2017-05-24,44.92,0.0
2017-05-25,45.2,0.006233303650934996
2017-05-26,45.17,-0.0006637168141593319
2017-06-01,45.1,-0.0015497011290679374
2017-06-02,45.31,0.004656319290465616
2017-06-03,45.3,-0.00022070183182532066
2017-06-05,45.79,0.010816777041942727
2017-06-06,45.7,-0.0019654946494866987
2017-06-07,45.7,0.0
2017-06-08,45.86,0.0035010940919035782
2017-06-14,45.21,-0.014173571740078494
2017-06-16,45.61,0.00884760008847607
2017-06-19,46.08,0.010304757728568203
2017-06-20,46.68,0.01302083333333326
2017-06-21,46.45,-0.004927163667523549
2017-06-23,46.89,0.009472551130247586
2017-06-26,47.54,0.013862230752825777
2017-06-27,47.54,0.0
2017-06-28,47.3,-0.005048380311316825
2017-06-29,47.55,0.005285412262156397
2017-06-30,47.37,-0.003785488958990557
2017-07-03,47.14,-0.004855393709098488
2017-07-04,47.31,0.0036062791684345896
2017-07-05,47.1,-0.00443880786303108
2017-07-06,47.27,0.0036093418259024457
2017-07-07,47.15,-0.0025386079966153163
2017-07-12,47.85,0.014846235418876086
2017-07-13,48.44,0.012330198537094939
2017-07-14,48.29,-0.0030966143682906733
2017-07-17,48.53,0.004969973079312462
2017-07-18,48.47,-0.0012363486503194077
2017-07-19,48.94,0.009696719620383654
2017-07-20,48.84,-0.002043318348998624
2017-07-21,48.65,-0.003890253890253992
2017-07-24,48.68,0.0006166495375128367
2017-07-26,48.6,-0.0016433853738700988
2017-07-27,48.03,0.008847736625514413
2017-07-28,47.68,-0.007287112221528225
2017-07-31,47.52,-0.003355704697986517
2017-08-02,48.2,0.014309764309764272
2017-08-03,47.96,-0.004979253112033288
2017-08-04,48.1,0.0029190992493743906
2017-08-07,52.9,0.0997920997920998
2017-08-08,48.7,-0.07939508506616244
2017-08-09,48.58,-0.00246406570841895
2017-08-10,48.04,-0.011115685467270486
2017-08-11,47.78,-0.005412156536219737
2017-08-14,47.61,-0.003557974047718737
2017-08-15,47.61,0.0
2017-08-16,47.6,-0.00021003990758239333
2017-08-17,47.67,0.0014705882352941124
2017-08-18,47.6,-0.001468428781204123
2017-08-22,47.73,0.00273109243697478
2017-08-23,47.96,0.004818772260632764
2017-08-24,48.2,0.005004170141784892
2017-08-25,48.5,0.006224066390041472
2017-08-28,48.7,0.004123711340206171
2017-08-29,48.72,0.00041067761806967695
2017-08-30,48.72,0.0
2017-09-01,49.5,0.016009852216748888
2017-09-05,48.67,-0.016767676767676765
2017-09-06,48.67,0.0
2017-09-07,48.76,0.0018491884117526336
2017-09-08,48.81,0.001025430680886119
2017-09-11,48.8,-0.00020487604998986608
2017-09-12,48.89,0.0018442622950820553
2017-09-13,48.76,-0.0026590304765801154
2017-09-14,48.63,-0.002666119770303399
2017-09-15,48.43,-0.004112687641373736
2017-09-18,48.88,0.009291761304976331
2017-09-19,48.69,-0.003887070376432211
2017-09-20,48.44,-0.005134524543027319
2017-09-21,48.7,0.005367464905037256
2017-09-22,48.02,-0.01396303901437368
2017-09-25,47.48,-0.011245314452311694
2017-09-26,47.25,-0.00484414490311702
2017-09-27,47.42,0.0035978835978836
2017-09-28,47.27,-0.00316322226908472
2017-09-29,47.45,0.003807911994922808
2017-09-30,47.46,0.00021074815595367724
2017-10-02,47.78,0.006742520016856268
2017-10-05,48.09,0.006488070322310691
2017-10-06,48.35,0.005406529423996664
2017-10-11,48.78,0.008893485005170731
2017-10-12,49.3,0.010660106601065866
2017-10-13,49.23,-0.0014198782961460932
2017-10-16,49.65,0.008531383302864182
2017-10-17,49.5,-0.0030211480362537513
2017-10-19,49.73,0.004646464646464565
2017-10-20,49.73,0.0
2017-10-23,49.73,0.0
2017-10-24,49.38,-0.007038005228232391
2017-10-26,49.66,0.005670311867152611
2017-10-27,49.45,-0.004228755537655893
2017-10-30,50.15,0.01415571284125372
2017-10-31,50.1,-0.0009970089730807485
2017-11-01,50.0,-0.001996007984031989
2017-11-03,49.9,-0.0020000000000000018
2017-11-06,49.67,-0.004609218436873674
2017-11-07,49.9,0.004630561707267944
2017-11-08,49.97,0.001402805611222524
2017-11-09,49.81,-0.003201921152691578
2017-11-10,49.66,-0.0030114434852440697
2017-11-13,49.4,-0.005235602094240788
2017-11-15,49.15,-0.005060728744939236
2017-11-16,49.03,-0.0024415055951169107
2017-11-17,49.4,0.007546400163165323
2017-11-20,49.4,0.0
2017-11-21,49.85,0.009109311740890691
2017-11-22,50.1,0.005015045135406293
2017-11-23,50.0,-0.001996007984031989
2017-11-24,50.0,0.0
2017-11-27,49.77,-0.0045999999999999375
2017-11-28,49.28,-0.00984528832630105
2017-11-29,49.13,-0.0030438311688311126
2017-11-30,47.3,-0.0036637492367190827
2017-12-01,46.8,-0.010570824524312905
2017-12-04,47.22,0.008974358974358942
2017-12-05,46.81,-0.008682761541719541
2017-12-06,45.71,-0.023499252296517836
2017-12-07,45.37,-0.007438197330999818
2017-12-08,45.73,0.007934758651090945
2017-12-12,45.9,0.003717472118959231
2017-12-14,46.42,0.011328976034858496
2017-12-15,46.02,-0.00861697544161999
2017-12-18,46.02,0.0
2017-12-19,45.68,-0.00738809213385494
2017-12-21,45.98,0.006567425569176777
2017-12-22,45.99,0.0002174858634189647
2017-12-26,45.7,-0.006305718634485702
2017-12-27,45.69,-0.00021881838074411242
2017-12-29,46.66,0.021230028452615457
2018-01-02,46.73,0.0015002143163309611
2018-01-03,47.23,0.010699764605178741
2018-01-04,47.23,0.0
2018-01-05,47.02,-0.004446326487401953
2018-01-08,47.65,0.01339855380689059
2018-01-09,47.38,-0.0056663168940187525
2018-01-10,47.55,0.0035880118193329924
2018-01-11,46.9,-0.013669821240799185
2018-01-12,47.57,0.014285714285714235
2018-01-15,47.63,0.0012612991381122374
2018-01-16,47.9,0.005668696199873979
2018-01-17,47.9,0.0
2018-01-18,48.53,0.013152400835073186
2018-01-19,49.6,0.02204821759736242
2018-01-22,49.6,0.0
2018-01-23,49.88,0.005645161290322553
2018-01-24,49.11,-0.01543704891740183
2018-01-25,49.54,0.008755854204846258
2018-01-26,49.31,-0.004642712959224804
2018-01-29,49.07,-0.004867166903265052
2018-01-30,49.0,-0.0014265335235378318
2018-01-31,49.08,0.0016326530612245094
2018-02-01,49.08,0.0
2018-02-02,49.08,0.0
2018-02-05,48.56,-0.010594947025264756
2018-02-06,46.46,-0.04324546952224051
2018-02-07,47.06,0.012914334911751979
2018-02-08,46.78,-0.005949851253718719
2018-02-09,46.5,-0.005985463873450225
2018-02-12,46.92,0.00903225806451613
2018-02-21,47.81,0.018968456947996648
2018-02-22,47.32,-0.01024890190336758
2018-02-23,47.96,0.013524936601859716
2018-02-26,48.42,0.009591326105087505
2018-02-27,48.15,-0.005576208178438735
2018-03-01,47.6,-0.011422637590861817
2018-03-05,47.3,-0.00630252100840345
2018-03-06,47.68,0.008033826638477848
2018-03-07,47.47,-0.004404362416107421
2018-03-12,49.02,0.032652201390351854
2018-03-13,49.15,0.002651978784169673
2018-03-14,49.13,-0.00040691759918609627
2018-03-16,49.06,-0.0014247913698350878
2018-03-19,48.93,-0.002649816551161921
2018-03-20,48.79,-0.0028612303290415086
2018-03-21,48.66,-0.002664480426316951
2018-03-23,47.7,-0.01972872996300845
2018-03-26,47.68,-0.00041928721174011585
2018-03-27,48.17,0.010276845637583909
2018-03-28,47.88,-0.00602034461282952
2018-03-29,47.77,-0.0022974101921470202
2018-03-30,48.14,0.007745446933221656
2018-04-02,47.98,-0.0033236393851268087
2018-04-03,47.8,-0.0037515631513130865
2018-04-09,48.04,0.00502092050209213
2018-04-10,48.09,0.0010407993338885646
2018-04-11,48.22,0.002703264711998221
2018-04-13,48.29,0.001451679800912542
2018-04-16,48.27,-0.00041416442327590897
2018-04-17,47.49,-0.01615910503418272
2018-04-18,47.52,0.0006317119393557391
2018-04-19,48.11,0.012415824915824825
2018-04-20,47.17,-0.019538557472458917
2018-04-23,46.7,-0.009963960144159345
2018-04-24,46.5,-0.004282655246252709
2018-04-25,46.36,-0.0030107526881720803
2018-04-26,46.09,-0.0058239861949955785
2018-04-27,46.0,-0.0019527012367108743
2018-04-30,46.9,0.019565217391304346
2018-05-02,46.48,-0.008955223880596996
2018-05-03,45.98,-0.01075731497418242
2018-05-04,45.9,-0.0017398869073509404
2018-05-07,46.58,0.014814814814814836
2018-05-08,46.59,0.00021468441391170323
2018-05-09,47.0,0.008800171710667382
2018-05-10,47.23,0.004893617021276553
2018-05-11,47.82,0.012492060131272575
2018-05-14,48.14,0.006691760769552468
2018-05-15,48.0,-0.00290818446198593
2018-05-16,47.85,-0.0031249999999999334
2018-05-17,47.46,-0.008150470219435713
2018-05-18,47.45,-0.00021070375052667512
2018-05-21,47.78,0.006954689146470017
2018-05-22,48.07,0.006069485140226094
2018-05-23,47.76,-0.006448928645724994
2018-05-24,47.83,0.0014656616415409385
2018-05-25,47.86,0.0006272214091573858
2018-05-28,48.27,0.008566652737150182
2018-05-29,47.8,-0.009736896623161462
2018-05-30,47.16,-0.013389121338912124
2018-05-31,47.1,-0.0012722646310431296
2018-06-01,47.2,0.002123142250530785
2018-06-04,47.92,0.015254237288135464
2018-06-05,48.09,0.003547579298831316
2018-06-06,48.54,0.009357454772301876
2018-06-07,48.65,0.002266172229089314
2018-06-08,48.45,-0.004110996916752208
2018-06-11,48.45,0.0
2018-06-12,48.37,-0.0016511867905057986
2018-06-13,48.46,0.0018606574322928005
2018-06-14,48.07,-0.00804787453569955
2018-06-15,47.75,-0.006656958602038743
2018-06-19,47.65,-0.0020942408376963817
2018-06-20,47.65,0.0
2018-06-21,47.75,0.0020986358866736943
2018-06-22,47.78,0.0006282722513089034
2018-06-25,47.89,0.0023022185014649477
2018-06-26,47.34,-0.011484652328252132
2018-06-27,47.34,0.0
2018-06-28,47.11,-0.004858470637938428
2018-06-29,47.55,0.009339842920823571
2018-07-02,47.55,0.0
2018-07-03,47.39,-0.0033648790746582113
2018-07-04,47.42,0.000633044946191097
2018-07-05,47.38,-0.000843525938422629
2018-07-06,47.51,0.0027437737441957655
2018-07-09,47.77,0.0054725320985056225
2018-07-10,47.91,0.002930709650408092
2018-07-11,47.72,-0.003965769150490406
2018-07-12,48.0,0.005867560771165126
2018-07-13,48.22,0.004583333333333384
2018-07-16,48.5,0.005806719203649946
2018-07-17,48.0,-0.010309278350515427
2018-07-18,48.17,0.003541666666666776
2018-07-19,48.1,-0.0014531866306830565
2018-07-20,48.8,0.014553014553014387
2018-07-23,49.08,0.0057377049180327155
2018-07-24,49.06,-0.00040749796251016157
2018-07-25,49.08,0.00040766408479409044
2018-07-26,49.1,0.013651181744091412
2018-07-27,49.06,-0.0008146639511201759
2018-07-30,49.14,0.0016306563391765838
2018-07-31,49.15,0.00020350020350012876
2018-08-01,49.27,0.0024415055951170217
2018-08-02,48.7,-0.011568906028008974
2018-08-03,49.12,0.008624229979466103
2018-08-06,49.54,0.008550488599348594
2018-08-07,49.43,-0.002220427937020597
2018-08-08,49.66,0.004653044709690413
2018-08-09,49.46,-0.004027386226339025
2018-08-10,49.33,-0.0026283865750101887
2018-08-13,48.45,-0.017839043178593084
2018-08-14,48.51,0.0012383900928791824
2018-08-15,48.17,-0.007008864151721195
2018-08-16,48.43,0.00539755034253675
2018-08-17,48.57,0.0028907701837703748
2018-08-20,48.58,0.0002058884084825685
2018-08-21,48.85,0.005557842733635354
2018-08-22,48.98,0.002661207778914987
2018-08-23,49.15,0.0034708044099633906
2018-08-24,49.14,-0.00020345879959304813
2018-08-27,49.57,0.008750508750508645
2018-08-28,49.88,0.006253782529755947
2018-08-29,50.45,0.011427425821972648
2018-08-30,50.7,0.0049554013875123815
2018-08-31,50.2,-0.009861932938856066
2018-09-03,49.99,-0.00418326693227089
2018-09-04,50.1,0.0022004400880175634
2018-09-05,50.4,0.0059880239520957446
2018-09-06,50.25,-0.0029761904761904656
2018-09-07,49.8,-0.008955223880597107
2018-09-10,49.61,-0.003815261044176621
2018-09-11,49.6,-0.00020157226365646874
2018-09-12,49.55,-0.0010080645161291146
2018-09-13,49.4,-0.003027245206861706
2018-09-14,50.2,0.01619433198380582
2018-09-17,49.98,-0.004382470119522086
2018-09-18,49.6,-0.0076030412164864725
2018-09-19,49.8,0.004032258064516014
2018-09-20,49.95,0.003012048192771122
2018-09-21,50.3,0.00700700700700696
2018-09-25,50.55,0.00497017892644136
2018-09-26,50.8,0.004945598417408492
2018-09-27,50.85,0.0009842519685039353
2018-09-28,50.7,-0.002949852507374562
2018-10-01,51.05,0.006903353057199135
2018-10-02,50.4,-0.012732615083251742
2018-10-03,50.35,-0.0009920634920634885
2018-10-04,49.86,-0.009731876861966304
2018-10-05,49.1,-0.01524267950260727
2018-10-08,48.81,-0.0059063136456211085
2018-10-09,48.31,-0.010243802499487864
2018-10-11,45.2,-0.0643759056096046
2018-10-12,46.17,0.021460176991150437
2018-10-15,45.84,-0.007147498375568495
2018-10-16,46.09,0.005453752181500793
2018-10-17,46.45,0.007810804946843053
2018-10-18,46.2,-0.005382131324004336
2018-10-19,45.98,-0.004761904761904856
2018-10-22,46.16,0.00391474554153981
2018-10-23,45.54,-0.013431542461005197
2018-10-24,45.2,-0.00746596398770305
2018-10-25,44.32,-0.019469026548672663
2018-10-26,44.11,-0.004738267148014508
2018-10-29,44.11,0.0
2018-10-30,44.45,0.007708002720471674
2018-10-31,45.1,0.01462317210348707
2018-11-01,45.65,0.012195121951219523
2018-11-02,45.9,0.005476451259583737
2018-11-05,45.43,-0.010239651416121931
2018-11-06,45.32,-0.002421307506053294
2018-11-07,45.54,0.004854368932038833
2018-11-08,45.85,0.0068072024593763825
2018-11-09,45.15,-0.01526717557251911
2018-11-12,45.25,0.00221483942414169
2018-11-13,44.82,-0.009502762430939171
2018-11-14,44.64,-0.004016064257028051
2018-11-15,44.83,0.0042562724014336695
2018-11-16,44.78,-0.0011153245594467398
2018-11-19,44.61,-0.0037963376507369473
2018-11-20,44.31,-0.006724949562878169
2018-11-21,44.4,0.0020311442112388445
2018-11-22,44.42,0.00045045045045055687
2018-11-23,43.96,-0.010355695632597972
2018-11-26,44.34,0.008644222020018244
2018-11-27,44.08,-0.0058637798827244625
2018-11-28,44.61,0.012023593466424787
2018-11-29,42.9,0.006500784577448959
2018-11-30,42.84,-0.0013986013986012624
2018-12-03,43.69,0.01984126984126977
2018-12-04,43.5,-0.004348821240558465
2018-12-05,42.67,-0.019080459770114855
2018-12-06,41.9,-0.01804546519803152
2018-12-07,42.05,0.0035799522673030104
2018-12-10,41.46,-0.014030915576694336
2018-12-11,41.51,0.001205981669078593
2018-12-12,42.1,0.014213442543965282
2018-12-13,42.25,0.0035629453681709222
2018-12-14,42.0,-0.00591715976331364
2018-12-17,42.03,0.0007142857142856673
2018-12-18,41.72,-0.007375684035213048
2018-12-19,41.83,0.002636625119846636
2018-12-20,41.42,-0.009801577814965268
2018-12-21,41.7,0.006760019314340893
2018-12-22,41.52,-0.004316546762589968
2018-12-24,41.46,-0.0014450867052023808
2018-12-25,40.88,-0.013989387361312056
2018-12-26,40.97,0.0022015655577298787
2018-12-27,41.62,0.015865267268733163
2018-12-28,41.58,-0.0009610764055741905
2019-01-02,41.17,-0.009860509860509792
2019-01-03,40.78,-0.009472917172698603
2019-01-04,40.02,-0.018636586562040147
2019-01-07,41.07,0.026236881559220215
2019-01-08,40.9,-0.0041392744095447576
2019-01-09,41.72,0.02004889975550128
2019-01-10,41.45,-0.006471716203259703
2019-01-11,41.9,0.010856453558504064
2019-01-14,41.59,-0.007398568019092999
2019-01-15,42.04,0.010819908631882535
2019-01-16,42.15,0.002616555661274944
2019-01-17,42.11,-0.0009489916963226763
2019-01-18,42.2,0.0021372595582997977
2019-01-21,42.64,0.010426540284360186
2019-01-22,42.45,-0.004455909943714809
2019-01-23,42.35,-0.002355712603062443
2019-01-24,42.51,0.0037780401416764864
2019-01-25,42.66,0.003528581510232831
2019-01-28,43.13,0.011017346460384658
2019-01-29,42.57,-0.012984001854857485
2019-01-30,42.61,0.0009396288466054781
2019-02-11,43.13,0.012203708049753681
2019-02-12,43.15,0.00046371435195902144
2019-02-13,43.15,0.0
2019-02-14,43.05,-0.002317497103128674
2019-02-15,42.96,-0.002090592334494712
2019-02-18,43.34,0.008845437616387342
2019-02-19,43.28,-0.0013844023996308907
2019-02-20,43.65,0.008548983364140339
2019-02-21,43.92,0.006185567010309256
2019-02-22,43.86,-0.001366120218579292
2019-02-25,44.19,0.007523939808481428
2019-02-26,44.51,0.007241457343290403
2019-02-27,44.3,-0.004718040889687747
2019-03-04,44.15,-0.003386004514672636
2019-03-05,43.95,-0.0045300113250281715
2019-03-06,44.11,0.003640500568828031
2019-03-07,44.04,-0.001586941736567704
2019-03-08,43.65,-0.008855585831062718
2019-03-11,43.63,-0.00045819014891168575
2019-03-12,44.19,0.012835205134081873
2019-03-13,44.2,0.00022629554197783897
2019-03-14,44.18,-0.00045248868778291484
2019-03-15,44.46,0.006337709370755951
2019-03-18,44.79,0.007422402159244168
2019-03-19,44.84,0.0011163206072783982
2019-03-20,44.94,0.00223015165031204
2019-03-21,45.15,0.004672897196261738
2019-03-22,45.49,0.007530454042081969
2019-03-25,44.81,-0.014948340294570261
2019-03-26,45.28,0.010488730194152973
2019-03-27,45.19,-0.0019876325088340474
2019-03-28,45.12,-0.0015490152688647507
2019-03-29,45.45,0.007313829787234161
2019-04-01,45.73,0.006160616061606117
2019-04-02,45.88,0.003280122457905321
2019-04-03,45.9,0.00043591979075841003
2019-04-08,46.43,0.011546840958605697
2019-04-09,46.65,0.004738315744130972
2019-04-10,46.6,-0.001071811361200381
2019-04-11,46.49,-0.0023605150214591752
2019-04-12,46.41,-0.0017208001720800947
2019-04-15,46.7,0.006248653307477037
2019-04-16,47.02,0.006852248394004334
2019-04-17,47.42,0.008507018290089263
2019-04-18,47.36,-0.001265288907633999
2019-04-19,47.33,-0.0006334459459459429
2019-04-22,47.43,0.0021128248468202937
2019-04-23,47.54,0.0023192072527935537
2019-04-24,47.6,0.0012620950778292617
2019-04-25,47.65,0.0010504201680672232
2019-04-26,47.34,-0.00650577124868823
2019-04-29,47.34,0.0
2019-04-30,47.33,-0.00021123785382348714
2019-05-02,47.57,0.005070779632368572
2019-05-03,47.9,0.006937145259617417
2019-05-06,47.3,-0.012526096033402934
2019-05-07,47.62,0.006765327695560153
2019-05-08,47.4,-0.004619907601847939
2019-05-09,46.65,-0.015822784810126556
2019-05-10,46.61,-0.0008574490889603492
2019-05-13,45.88,-0.01566187513409134
2019-05-14,45.56,-0.006974716652136004
2019-05-15,45.55,-0.00021949078138727707
2019-05-16,45.36,-0.004171240395170139
2019-05-17,44.68,-0.014991181657848296
2019-05-20,44.68,0.0
2019-05-21,44.7,0.00044762757385852225
2019-05-22,44.69,-0.00022371364653250847
2019-05-23,43.83,-0.019243678675318843
2019-05-24,43.98,0.003422313483915085
2019-05-27,43.95,-0.0006821282401090478
2019-05-28,43.88,-0.0015927189988623747
2019-05-29,43.7,-0.004102096627164986
2019-05-30,44.1,0.009153318077803174
2019-05-31,44.72,0.014058956916099818
2019-06-03,44.84,0.0026833631484795006
2019-06-04,44.55,-0.006467439785905582
2019-06-05,44.59,0.0008978675645343603
2019-06-06,44.26,-0.007400762502803415
2019-06-10,45.14,0.019882512426570242
2019-06-11,45.43,0.006424457244129433
2019-06-12,45.45,0.0004402377283734271
2019-06-13,45.14,-0.006820682068206851
2019-06-14,44.94,-0.00443066016836513
2019-06-17,44.91,-0.0006675567423231055
2019-06-18,44.97,0.0013360053440214514
2019-06-19,46.02,0.023348899266177447
2019-06-20,46.0,-0.0004345936549327023
2019-06-21,46.0,0.0
2019-06-24,46.35,0.007608695652173925
2019-06-25,46.0,-0.007551240560949357
2019-06-26,45.9,-0.0021739130434782483
2019-06-27,46.52,0.01350762527233118
2019-06-28,46.24,-0.006018916595012969
2019-07-01,47.18,0.020328719723183397
2019-07-02,47.03,-0.003179313268333983
2019-07-03,46.48,-0.01169466298107602
2019-07-04,46.7,0.004733218588640398
2019-07-05,46.72,0.0004282655246252709
2019-07-08,46.7,-0.00042808219178069873
2019-07-09,46.55,-0.0032119914346896428
2019-07-10,46.95,0.008592910848550073
2019-07-11,47.4,0.009584664536741228
2019-07-12,47.34,-0.0012658227848100223
2019-07-15,47.51,0.003591043514997727
2019-07-16,47.78,0.005683014102294326
2019-07-17,47.41,-0.007743825868564369
2019-07-18,46.71,-0.0008226112634464045
2019-07-19,47.1,0.008349389852279954
2019-07-22,47.36,0.005520169851380041
2019-07-23,47.4,0.0008445945945945166
2019-07-24,47.39,-0.00021097046413498521
2019-07-25,47.47,0.00168811985650974
2019-07-26,47.38,-0.0018959342742783658
2019-07-29,47.35,-0.0006331785563529202
2019-07-30,47.25,-0.002111932418162654
2019-07-31,47.14,-0.00232804232804229
2019-08-01,46.8,-0.007212558336868957
2019-08-02,46.1,-0.014957264957264904
2019-08-05,45.74,-0.007809110629067195
2019-08-06,45.51,-0.005028421512899062
2019-08-07,45.35,-0.0035157108327839026
2019-08-08,45.73,0.008379272326350495
2019-08-12,45.73,0.0
2019-08-13,45.28,-0.009840367373715186
2019-08-14,45.55,0.005962897526501587
2019-08-15,45.09,-0.010098792535674916
2019-08-16,45.57,0.01064537591483683
2019-08-19,45.85,0.006144393241167556
2019-08-20,45.9,0.0010905125408942062
2019-08-21,45.91,0.0002178649237472019
2019-08-22,45.89,-0.0004356349379219804
2019-08-23,45.9,0.00021791239921542527
2019-08-26,45.35,-0.011982570806100101
2019-08-27,45.36,0.00022050716648291946
2019-08-28,45.62,0.0057319223985889955
2019-08-29,45.74,0.002630425252082569
2019-08-30,46.28,0.011805859204197633
2019-09-02,46.43,0.003241140881590221
2019-09-03,46.11,-0.0068920956278268886
2019-09-04,46.49,0.008241162437649052
2019-09-05,46.88,0.00838890083888999
2019-09-06,47.12,0.005119453924914641
2019-09-09,47.25,0.002758913412563624
2019-09-10,47.02,-0.004867724867724799
2019-09-11,47.12,0.002126754572522316
2019-09-12,47.35,0.0048811544991511635
2019-09-16,47.51,0.003379091869060158
2019-09-17,47.52,0.0002104820037887034
2019-09-18,47.9,0.007996632996633002
2019-09-19,47.64,-0.00542797494780789
2019-09-20,47.72,0.0016792611251048584
2019-09-23,47.7,-0.0004191114836545884
2019-09-24,47.68,-0.00041928721174011585
2019-09-25,47.44,-0.005033557046979942
2019-09-26,47.63,0.004005059021922497
2019-09-27,47.76,0.002729372244383743
2019-10-01,48.42,0.013819095477386911
2019-10-02,48.3,-0.0024783147459728205
2019-10-03,48.0,-0.006211180124223503
2019-10-04,48.1,0.002083333333333437
2019-10-07,48.42,0.006652806652806653
2019-10-08,48.81,0.008054522924411334
2019-10-09,48.47,-0.006965785699651783
2019-10-14,49.23,0.015679801939343818
2019-10-15,49.46,0.004671947999187465
2019-10-16,49.75,0.005863323898099404
2019-10-17,49.67,-0.0016080402010050232
2019-10-18,49.64,-0.0006039863096436449
2019-10-21,49.66,0.00040290088638195165
2019-10-22,50.05,0.007853403141361293
2019-10-23,49.95,-0.0019980019980019303
2019-10-24,50.3,0.00700700700700696
2019-10-25,50.35,0.0009940357852884496
2019-10-28,50.6,0.0049652432969216065
2019-10-29,50.75,0.0029644268774702276
2019-10-30,51.0,0.0049261083743843415
2019-10-31,51.15,0.002941176470588225
2019-11-01,51.3,0.0029325513196480912
2019-11-04,52.45,0.022417153996101558
2019-11-05,52.7,0.004766444232602529
2019-11-06,52.9,0.003795066413662118
2019-11-07,52.65,-0.00472589792060496
2019-11-08,52.45,-0.003798670465337106
2019-11-11,51.65,-0.015252621544328049
2019-11-12,52.15,0.00968054211035807
2019-11-13,51.9,-0.0047938638542665
2019-11-14,51.85,-0.0009633911368014392
2019-11-15,52.25,0.0077145612343296754
2019-11-18,52.65,0.00765550239234436
2019-11-19,53.1,0.008547008547008517
2019-11-20,51.75,-0.003992467043314574
2019-11-21,51.55,-0.0038647342995169476
2019-11-22,51.35,-0.0038797284190106307
2019-11-25,51.35,0.0
2019-11-26,51.45,0.0019474196689386325
2019-11-27,51.6,0.002915451895043608
2019-11-28,51.55,-0.0009689922480621282
2019-11-29,50.85,-0.013579049466537207
2019-12-02,50.95,0.001966568338249708
2019-12-03,50.95,0.0
2019-12-04,50.9,-0.0009813542688911214
2019-12-05,51.5,0.011787819253438192
2019-12-06,51.5,0.0
2019-12-09,51.9,0.007766990291262044
2019-12-10,51.6,-0.00578034682080919
2019-12-11,51.9,0.005813953488372103
2019-12-12,53.0,0.021194605009633882
2019-12-13,53.6,0.01132075471698113
2019-12-16,53.55,-0.00093283582089565
2019-12-17,54.25,0.013071895424836555
2019-12-18,54.3,0.0009216589861751334
2019-12-19,54.0,-0.0055248618784530246
2019-12-20,53.7,-0.005555555555555536
2019-12-23,53.7,0.0
2019-12-24,53.65,-0.0009310986964619072
2019-12-25,53.75,0.0018639328984155767
2019-12-26,53.75,0.0
2019-12-27,54.1,0.006511627906976791
2019-12-30,53.95,-0.0027726432532346745
2019-12-31,53.6,-0.006487488415199305
2020-01-02,54.1,0.009328358208955168
2020-01-03,54.05,-0.0009242144177450395
2020-01-06,53.65,-0.007400555041628065
2020-01-07,53.25,-0.00745573159366264
2020-01-08,53.0,-0.0046948356807511304
2020-01-09,53.75,0.014150943396226356
2020-01-10,53.85,0.0018604651162790198
2020-01-13,54.2,0.006499535747446661
2020-01-14,54.6,0.007380073800737907
2020-01-15,54.15,-0.008241758241758323
2020-01-16,53.9,-0.004616805170821747
2020-01-17,53.9,0.0
2020-01-20,54.05,0.002782931354359919
2020-01-30,52.0,-0.037927844588344084
2020-01-31,51.5,-0.009615384615384581
2020-02-03,50.9,-0.011650485436893177
2020-02-04,51.85,0.01866404715127712
2020-02-05,52.0,0.0028929604628735728
2020-02-06,52.9,0.017307692307692246
2020-02-07,52.2,-0.013232514177693666
2020-02-10,51.95,-0.004789272030651381
2020-02-11,52.45,0.009624639076034613
2020-02-12,53.05,0.011439466158245759
2020-02-13,53.1,0.0009425070688031667
2020-02-14,53.15,0.0009416195856872811
2020-02-17,52.8,-0.006585136406397019
2020-02-18,52.15,-0.012310606060606077
2020-02-19,52.6,0.0086289549376799
2020-02-20,52.5,-0.0019011406844107182
2020-02-21,52.3,-0.003809523809523818
2020-02-24,51.7,-0.011472275334607929
2020-02-25,51.7,0.0
2020-02-26,51.25,-0.008704061895551285
2020-02-27,50.75,-0.009756097560975618
2020-03-02,50.15,-0.011822660098522175
2020-03-03,50.8,0.012961116650049842
2020-03-04,50.9,0.0019685039370078705
2020-03-05,51.45,0.01080550098231825
2020-03-06,50.6,-0.016520894071914483
2020-03-09,49.55,-0.020750988142292592
2020-03-10,49.24,-0.006256306760847541
2020-03-11,48.65,-0.011982128350934262
2020-03-12,47.0,-0.03391572456320657
2020-03-13,45.88,-0.0238297872340425
2020-03-16,44.1,-0.0387968613775066
2020-03-17,43.03,-0.02426303854875289
2020-03-18,41.55,-0.03439460841273534
2020-03-19,39.61,-0.046690734055354954
2020-03-20,42.0,0.060338298409492674
2020-03-23,40.8,-0.028571428571428692
2020-03-24,42.57,0.04338235294117654
2020-03-25,43.8,0.028893587033121948
2020-03-26,44.21,0.009360730593607425
2020-03-27,43.9,-0.007011988237955236
2020-03-30,43.36,-0.012300683371298415
2020-03-31,43.54,0.004151291512915156
2020-04-01,43.54,0.0
2020-04-06,43.95,0.00941662838768953
2020-04-07,44.82,0.019795221843003308
2020-04-08,45.5,0.015171798304328465
2020-04-09,45.4,-0.00219780219780219
2020-04-10,45.34,-0.001321585903083622
2020-04-13,45.16,-0.003970004411116168
2020-04-14,46.27,0.024579273693534187
2020-04-15,46.5,0.0049708234277068275
2020-04-16,46.35,-0.003225806451612856
2020-04-17,47.63,0.027615965480043192
2020-04-20,47.54,-0.0018895653999581041
2020-04-21,46.25,-0.027135044173327683
2020-04-22,46.17,-0.0017297297297297343
2020-04-23,46.45,0.006064544076239908
2020-04-24,46.39,-0.001291711517761085
2020-04-27,47.31,0.01983186031472295
2020-04-28,47.23,-0.001690974424012004
2020-04-29,47.9,0.014185898793140028
2020-04-30,48.93,0.0215031315240084
2020-05-04,47.7,-0.02513795217657877
2020-05-05,47.78,0.0016771488469602414
2020-05-06,47.74,-0.000837170364169082
2020-05-07,48.04,0.006284038542103021
2020-05-08,48.29,0.005203996669442157
2020-05-11,48.72,0.008904535100434874
2020-05-12,48.1,-0.012725779967159179
2020-05-13,48.25,0.0031185031185030354
2020-05-14,47.7,-0.011398963730569922
2020-05-15,47.91,0.004402515723270328
2020-05-18,47.5,-0.008557712377374127
2020-05-19,47.95,0.0094736842105263
2020-05-20,47.95,0.0
2020-05-21,48.37,0.008759124087591053
2020-05-22,47.56,-0.016745916890634538
2020-05-25,47.68,0.002523128679562614
2020-05-26,48.38,0.01468120805369133
2020-05-27,48.28,-0.0020669698222406385
2020-05-28,48.0,-0.0057995028997515075
2020-05-29,48.23,0.0047916666666665275
2020-06-01,48.56,0.00684221438938426
2020-06-02,48.9,0.007001647446457815
2020-06-03,49.71,0.016564417177914237
2020-06-04,49.97,0.005230335948501308
2020-06-05,50.35,0.0076045627376426506
2020-06-08,51.0,0.012909632571995955
2020-06-09,51.2,0.0039215686274509665
2020-06-10,51.65,0.0087890625
2020-06-11,50.85,-0.015488867376573068
2020-06-12,50.35,-0.009832841691248762
2020-06-15,49.76,-0.011717974180734947
2020-06-16,50.9,0.02290996784565924
2020-06-17,50.8,-0.0019646365422396617
2020-06-18,50.85,0.0009842519685039353
2020-06-19,50.8,-0.000983284169124965
2020-06-22,51.0,0.003937007874015741
2020-06-23,51.2,0.0039215686274509665
2020-06-24,51.4,0.00390625
2020-06-29,51.0,-0.0077821011673151474
2020-06-30,51.35,0.006862745098039191
2020-07-01,51.75,0.00778967867575453
2020-07-02,52.2,0.008695652173912993
2020-07-03,52.8,0.011494252873563093
2020-07-06,53.75,0.01799242424242431
2020-07-07,53.9,0.0027906976744185297
2020-07-08,54.35,0.008348794063079756
2020-07-09,54.4,0.0009199632014718073
2020-07-10,54.05,-0.006433823529411797
2020-07-13,54.8,0.013876040703052706
2020-07-14,55.2,0.007299270072992803
2020-07-15,55.4,0.0036231884057971175
2020-07-16,54.95,-0.008122743682310363
2020-07-17,55.4,0.008189262966332933
2020-07-20,55.5,0.0018050541516245744
2020-07-21,56.3,0.02308108108108109
2020-07-22,56.45,0.002664298401421128
2020-07-23,56.4,-0.0008857395925598865
2020-07-24,56.2,-0.0035460992907800915
2020-07-27,58.95,0.048932384341636936
2020-07-28,59.1,0.0025445292620864812
2020-07-29,58.55,-0.009306260575296155
2020-07-30,59.5,0.016225448334756587
2020-07-31,59.3,-0.003361344537815225
2020-08-03,58.4,-0.015177065767284947
2020-08-04,59.1,0.011986301369863117
2020-08-05,59.6,0.008460236886632888
2020-08-06,60.25,0.01090604026845643
2020-08-07,59.85,-0.00663900414937757
2020-08-10,60.35,0.00835421888053478
2020-08-11,59.95,-0.006628003314001596
2020-08-12,59.1,-0.014178482068390341
2020-08-13,59.75,0.010998307952622577
2020-08-14,59.7,-0.0008368200836819106
2020-08-17,60.35,0.010887772194304812
2020-08-18,60.05,-0.004971002485501308
2020-08-19,59.6,-0.007493755203996644
2020-08-20,57.8,-0.030201342281879318
2020-08-21,58.85,0.018166089965397925
2020-08-24,59.05,0.003398470688190214
2020-08-25,59.3,0.0042337002540220325
2020-08-26,59.7,0.006745362563237878
2020-08-27,59.7,0.0
2020-08-28,59.25,-0.007537688442211143
2020-08-31,58.55,-0.011814345991561281
2020-09-01,58.95,0.006831767719897686
2020-09-02,58.9,-0.0008481764206955678
2020-09-03,59.05,0.002546689303905003
2020-09-04,58.5,-0.009314140558848383
2020-09-07,58.5,0.0
2020-09-08,58.9,0.006837606837606813
2020-09-09,58.6,-0.005093378607809784
2020-09-10,59.0,0.0068259385665527805
2020-09-11,59.0,0.0
2020-09-14,59.55,0.009322033898305104
2020-09-15,59.9,0.005877413937867448
2020-09-16,60.7,0.013355592654424209
2020-09-17,60.0,-0.011532125205930832
2020-09-18,60.0,0.0
2020-09-21,59.5,-0.008333333333333304
2020-09-22,58.9,-0.010084033613445453
2020-09-23,58.75,-0.002546689303904892
2020-09-24,57.45,-0.02212765957446805
2020-09-25,57.45,0.0
2020-09-28,58.3,0.014795474325500324
2020-09-29,58.5,0.0034305317324185847
2020-09-30,58.75,0.004273504273504258
2020-10-05,58.9,0.002553191489361728
2020-10-06,59.55,0.011035653650254718
2020-10-07,59.9,0.005877413937867448
2020-10-08,60.55,0.01085141903171949
2020-10-12,61.1,0.009083402146986108
2020-10-13,60.95,-0.002454991816693952
2020-10-14,60.75,-0.003281378178835115
2020-10-15,60.4,-0.0057613168724279795
2020-10-16,60.1,-0.004966887417218513
2020-10-19,60.6,0.008319467554076532
2020-10-20,60.5,-0.0016501650165017256
2020-10-21,60.4,-0.0016528925619835322
2020-10-22,60.55,0.002483443708609201
2020-10-23,60.6,0.0008257638315443128
2020-10-26,60.65,0.0008250825082507518
2020-10-27,60.3,-0.00577081615828523
2020-10-28,59.95,-0.005804311774460946
2020-10-29,59.25,-0.011676396997498006
2020-10-30,58.8,-0.0075949367088608
2020-11-02,59.0,0.003401360544217802
2020-11-03,59.85,0.014406779661017
2020-11-04,60.7,0.014202172096908994
2020-11-05,60.75,0.0008237232289949326
2020-11-06,61.0,0.004115226337448652
2020-11-09,61.75,0.012295081967213184
2020-11-10,61.5,-0.004048582995951455
2020-11-11,62.15,0.010569105691056846
2020-11-12,62.35,0.0032180209171359664
2020-11-13,62.5,0.002405773857257376
2020-11-16,64.5,0.03200000000000003
2020-11-17,63.7,0.005255813953488397
2020-11-18,64.5,0.012558869701726705
2020-11-19,64.2,-0.0046511627906976605
2020-11-20,64.0,-0.0031152647975077885
2020-11-23,64.8,0.012499999999999956
2020-11-24,64.55,-0.0038580246913579863
2020-11-25,63.95,-0.009295120061967421
2020-11-26,64.45,0.007818608287724738
2020-11-27,64.45,0.0
2020-11-30,63.65,-0.01241272304111718
2020-12-01,64.15,0.00785545954438338
2020-12-02,64.8,0.01013250194855786
2020-12-03,64.8,0.0
2020-12-04,65.7,0.013888888888889062
2020-12-07,66.45,0.011415525114155223
2020-12-08,67.3,0.012791572610985513
2020-12-09,67.3,0.0
2020-12-10,66.65,-0.009658246656760627
2020-12-11,66.7,0.0007501875468867159
2020-12-14,66.5,-0.002998500749625266
2020-12-15,65.75,-0.011278195488721776
2020-12-16,66.65,0.013688212927756682
2020-12-17,66.55,-0.0015003750937735427
2020-12-18,66.35,-0.003005259203606392
2020-12-21,67.05,0.010550113036925435
2020-12-22,66.2,-0.012677106636838076
2020-12-23,66.4,0.0030211480362538623
2020-12-24,66.65,0.003765060240963791
2020-12-25,66.8,0.0022505626406601476
2020-12-28,67.45,0.009730538922155807
2020-12-29,67.4,-0.000741289844329085
2020-12-30,68.3,0.013353115727002818
2020-12-31,68.75,0.0065885797950220315
2021-01-04,70.0,0.018181818181818077
2021-01-05,70.25,0.0035714285714285587
2021-01-06,70.8,0.00782918149466183
2021-01-07,72.4,0.02259887005649719
2021-01-08,74.1,0.023480662983425216
2021-01-11,74.35,0.003373819163292824
2021-01-12,74.45,0.0013449899125757003
2021-01-13,76.0,0.02081934184016121
2021-01-14,75.3,-0.009210526315789558
2021-01-15,75.55,0.0033200531208499307
2021-01-18,75.65,0.001323626737260275
2021-01-19,77.5,0.024454725710508773
2021-01-20,77.85,0.004516129032257954
2021-01-21,80.2,0.030186255619781832
2021-01-22,79.2,-0.012468827930174564
2021-01-25,78.3,-0.011363636363636465
2021-01-26,76.55,-0.022349936143039595
2021-01-27,76.5,-0.0006531678641410466
2021-01-28,74.9,-0.020915032679738488
2021-01-29,73.55,-0.018024032042723737
2021-02-01,75.2,0.022433718558803717
2021-02-02,77.35,0.02859042553191471
2021-02-03,77.4,0.0006464124111185132
2021-02-04,76.85,-0.007105943152454941
2021-02-05,77.6,0.009759271307742345
2021-02-17,80.8,0.04123711340206193
2021-02-18,80.7,-0.0012376237623761277
2021-02-19,79.95,-0.009293680297397744
2021-02-22,79.9,-0.0006253908692932519
2021-02-23,79.6,-0.003754693366708528
2021-02-24,78.3,-0.01633165829145722
2021-02-25,79.1,0.010217113665389466
2021-02-26,77.45,-0.020859671302149052
2021-03-02,76.75,-0.009038089089735357
2021-03-03,78.0,0.016286644951140072
2021-03-04,76.4,-0.02051282051282044
2021-03-05,75.7,-0.009162303664921545
2021-03-08,75.65,-0.0006605019815059121
2021-03-09,75.5,-0.001982815598149501
2021-03-10,75.75,0.0033112582781456013
2021-03-11,77.3,0.020462046204620332
2021-03-12,77.6,0.0038809831824062613
2021-03-15,77.5,-0.0012886597938143174
2021-03-16,77.9,0.005161290322580614
2021-03-17,77.2,-0.00898587933247752
2021-03-18,77.45,0.0032383419689119286
2021-03-19,76.35,-0.014202711426727022
2021-03-22,76.75,0.0052390307793059865
2021-03-23,76.7,-0.0006514657980455363
2021-03-24,75.6,-0.014341590612777178
2021-03-25,75.85,0.003306878306878369
2021-03-26,77.2,0.017798286090969118
2021-03-29,77.7,0.006476683937823857
2021-03-30,77.95,0.003217503217503248
2021-03-31,77.35,-0.007697241821680634
2021-04-01,77.9,0.007110536522301425
2021-04-06,79.0,0.014120667522464547
2021-04-07,79.1,0.0012658227848101333
2021-04-08,79.4,0.0037926675094817064
2021-04-09,79.15,-0.0031486146095718315
2021-04-12,78.8,-0.00442198357548973
2021-04-13,78.8,0.0
2021-04-14,79.2,0.005076142131979822
2021-04-15,80.0,0.010101010101010166
2021-04-16,80.0,0.0
2021-04-19,80.0,0.0
2021-04-20,80.15,0.001875000000000071
2021-04-21,79.3,-0.010605115408608978
2021-04-22,79.05,-0.0031525851197982124
2021-04-23,79.8,0.009487666034155628
2021-04-26,81.0,0.015037593984962516
2021-04-27,80.9,-0.0012345679012345512
2021-04-28,80.55,-0.004326328800988932
2021-04-29,80.75,0.0024829298572315306
2021-05-03,79.35,-0.017337461300309664
2021-05-04,78.8,-0.006931316950220534
2021-05-05,78.05,-0.009517766497461944
2021-05-06,78.8,0.009609224855861687
2021-05-07,80.1,0.016497461928933976
2021-05-10,79.45,-0.00811485642946308
2021-05-11,77.1,-0.029578351164254335
2021-05-12,75.8,-0.016861219195849486
2021-05-13,73.1,-0.03562005277044855
2021-05-14,74.1,0.013679890560875485
2021-05-17,72.55,-0.020917678812415574
2021-05-18,75.95,0.04686423156443831
2021-05-19,75.4,-0.007241606319947302
2021-05-20,75.2,-0.0026525198938992522
2021-05-21,76.05,0.011303191489361541
2021-05-24,76.05,0.0
2021-05-25,77.5,0.019066403681788247
2021-05-26,77.55,0.000645161290322438
2021-05-27,77.0,-0.007092198581560294
2021-05-28,78.05,0.013636363636363669
2021-05-31,78.9,0.010890454836643304
2021-06-01,79.1,0.0025348542458807355
2021-06-02,78.85,-0.003160556257901348
2021-06-03,79.1,0.003170577045022105
2021-06-04,78.6,-0.006321112515802807
2021-06-07,78.75,0.001908396946564972
2021-06-08,78.35,-0.005079365079365128
2021-06-09,77.75,-0.00765794511805995
2021-06-10,79.1,0.017363344051446905
2021-06-11,79.4,0.0037926675094817064
2021-06-15,79.8,0.005037783375314797
2021-06-16,79.7,-0.0012531328320801727
2021-06-17,79.6,-0.0012547051442911572
2021-06-18,79.2,-0.005025125628140614
2021-06-21,77.5,-0.02146464646464652
2021-06-22,77.35,-0.001935483870967869
2021-06-23,78.8,0.018745959922430444
2021-06-24,78.65,-0.001903553299492322
2021-06-25,78.9,0.0031786395422759295
2021-06-28,79.2,0.0038022813688212143
2021-06-29,79.3,0.0012626262626262985
2021-06-30,79.9,0.007566204287515976
2021-07-01,79.6,-0.003754693366708528
2021-07-02,79.5,-0.0012562814070351536
2021-07-05,80.3,0.010062893081761004
2021-07-06,80.4,0.001245330012453305
2021-07-07,80.0,-0.004975124378109541
2021-07-08,79.85,-0.001875000000000071
2021-07-09,78.95,-0.011271133375078124
2021-07-12,79.85,0.011399620012666034
2021-07-13,80.35,0.006261740763932266
2021-07-14,80.65,0.0037336652146859883
2021-07-15,81.25,0.007439553626782391
2021-07-16,80.15,-0.009673846153846144
2021-07-19,79.5,-0.008109794135995108
2021-07-20,78.75,-0.009433962264150941
2021-07-21,78.65,-0.0012698412698411987
2021-07-22,79.15,0.006357279084551859
2021-07-23,79.05,-0.0012634238787113672
2021-07-26,78.5,-0.006957621758380772
2021-07-27,78.35,-0.0019108280254778176
2021-07-28,78.6,0.0031908104658582293
2021-07-29,78.7,0.0012722646310434627
2021-07-30,78.3,-0.0050825921219822545
2021-08-02,79.5,0.01532567049808442
2021-08-03,79.6,0.0012578616352201255
2021-08-04,80.0,0.005025125628140836
2021-08-05,79.95,-0.0006249999999999867
2021-08-06,79.8,-0.0018761726078799779
2021-08-09,79.65,-0.001879699248120148
2021-08-10,79.1,-0.006905210295040987
2021-08-11,79.0,-0.0012642225031604948
2021-08-12,78.75,-0.0031645569620253333
2021-08-13,78.1,-0.008253968253968291
2021-08-16,77.8,-0.003841229193341844
2021-08-17,77.2,-0.007712082262210762
2021-08-18,77.7,0.006476683937823857
2021-08-19,75.95,-0.022522522522522515
2021-08-20,75.2,-0.009874917709019049
2021-08-23,77.05,0.024601063829787106
2021-08-24,77.4,0.00454250486696961
2021-08-25,78.35,0.012273901808785403
2021-08-26,78.75,0.0051052967453733
2021-08-27,79.5,0.00952380952380949
2021-08-30,80.15,0.008176100628930927
2021-08-31,80.8,0.008109794135994886
2021-09-01,80.9,0.0012376237623763497
2021-09-02,80.2,-0.008652657601977753
2021-09-03,81.2,0.012468827930174564
2021-09-06,81.6,0.004926108374384119
2021-09-07,81.25,-0.0042892156862744946
2021-09-08,80.65,-0.007384615384615323
2021-09-09,80.6,-0.000619962802231977
2021-09-10,81.4,0.00992555831265518
2021-09-13,81.05,-0.004299754299754377
2021-09-14,81.2,0.0018507094386182033
2021-09-15,80.6,-0.007389162561576512
2021-09-16,80.5,-0.001240694789081842
2021-09-17,80.55,0.0006211180124222615
2021-09-22,78.8,-0.021725636250775948
2021-09-23,79.4,0.0076142131979697325
2021-09-24,80.2,0.010075566750629594
2021-09-27,80.4,0.0024937655860348684
2021-09-28,79.9,-0.006218905472636815
2021-09-29,78.6,-0.016270337922403177
2021-09-30,78.55,-0.0006361323155216203
2021-10-01,77.45,-0.01400381922342453
2021-10-04,76.7,-0.009683666881859287
2021-10-05,76.4,-0.003911342894393655
2021-10-06,76.35,-0.0006544502617802372
2021-10-07,77.75,0.018336607727570398
2021-10-08,77.25,-0.006430868167202619
2021-10-12,76.5,-0.009708737864077666
2021-10-13,76.15,-0.004575163398692683
2021-10-14,76.3,0.001969796454366346
2021-10-15,78.35,0.026867627785059023
2021-10-18,78.05,-0.0038289725590299195
2021-10-19,78.65,0.0076873798846894825
2021-10-20,78.55,-0.0012714558169104606
2021-10-21,78.35,-0.0025461489497136114
2021-10-22,78.45,0.0012763241863433805
2021-10-25,78.3,-0.0019120458891014325
2021-10-26,79.0,0.008939974457215838
2021-10-27,79.0,0.0
2021-10-28,78.8,-0.0025316455696202667
2021-10-29,78.15,-0.008248730964466877
2021-11-01,78.45,0.0038387715930900956
2021-11-02,78.4,-0.0006373486297004405
2021-11-03,78.65,0.0031887755102040227
2021-11-04,78.4,-0.0031786395422759295
2021-11-05,79.4,0.012755102040816313
2021-11-08,80.05,0.008186397984886629
2021-11-09,80.75,0.008744534665833914
2021-11-10,80.5,-0.003095975232198178
2021-11-11,79.85,-0.008074534161490732
2021-11-12,80.2,0.004383218534752764
2021-11-15,80.9,0.008728179551122262
2021-11-16,79.55,0.003597033374536318
2021-11-17,79.7,0.0018856065367693908
2021-11-18,80.2,0.006273525721455453
2021-11-19,80.45,0.0031172069825435855
2021-11-22,80.3,-0.0018645121193288094
2021-11-23,79.65,-0.008094645080946372
2021-11-24,79.25,-0.005021971123666091
2021-11-25,79.25,0.0
2021-11-26,78.1,-0.014511041009463765
2021-11-29,77.8,-0.003841229193341844
2021-11-30,77.9,0.0012853470437019787
2021-12-01,79.0,0.014120667522464547
2021-12-02,79.9,0.0113924050632912
2021-12-03,79.85,-0.0006257822277848657
2021-12-06,79.75,-0.0012523481527864089
2021-12-07,79.95,0.0025078369905957576
2021-12-08,80.2,0.0031269543464664817
2021-12-09,80.25,0.0006234413965087171
2021-12-10,80.0,-0.0031152647975077885
2021-12-13,79.7,-0.00374999999999992
2021-12-14,79.0,-0.008782936010037656
2021-12-15,79.0,0.0
2021-12-16,79.95,0.012025316455696267
2021-12-17,79.95,0.0
2021-12-20,79.25,-0.008755472170106304
2021-12-21,79.85,0.007570977917980892
2021-12-22,79.95,0.001252348152786631
2021-12-23,80.4,0.0056285178236397115
2021-12-24,80.45,0.0006218905472636926
2021-12-27,81.05,0.007458048477315016
2021-12-28,81.7,0.008019740900678585
2021-12-29,82.0,0.003671970624234966
2021-12-30,81.85,-0.0018292682926830395
2022-01-03,82.35,0.006108735491753281
2022-01-04,84.1,0.021250758955676963
2022-01-05,84.5,0.0047562425683711496
2022-01-06,83.45,-0.01242603550295851
2022-01-07,82.7,-0.0089874176153385
2022-01-10,82.9,0.002418379685610761
2022-01-11,83.3,0.004825090470446325
2022-01-12,84.2,0.010804321728691502
2022-01-13,84.6,0.004750593824227822
2022-01-14,84.6,0.0
2022-01-17,85.45,0.010047281323877222
2022-01-18,84.45,-0.011702750146284413
2022-01-19,83.45,-0.011841326228537619
2022-01-20,83.75,0.0035949670461352667
2022-01-21,82.0,-0.020895522388059695
2022-01-24,82.9,0.01097560975609757
2022-01-25,81.65,-0.015078407720144793
2022-01-26,81.4,-0.0030618493570115923
2022-02-07,81.95,0.006756756756756799
2022-02-08,82.2,0.003050640634533197
2022-02-09,82.55,0.0042579075425790425
2022-02-10,83.6,0.012719563900666309
2022-02-11,83.45,-0.0017942583732056816
2022-02-14,82.3,-0.013780707010185855
2022-02-15,82.0,-0.0036452004860266785
2022-02-16,83.3,0.01585365853658538
2022-02-17,83.25,-0.0006002400960384291
2022-02-18,82.95,-0.003603603603603567
2022-02-21,82.8,-0.001808318264014508
2022-02-22,81.75,-0.0126811594202898
2022-02-23,81.85,0.0012232415902140303
2022-02-24,79.9,-0.023824068417837352
2022-02-25,79.85,-0.0006257822277848657
2022-03-01,80.8,0.01189730745147144
2022-03-02,80.45,-0.00433168316831678
2022-03-03,80.55,0.0012430080795524656
2022-03-04,79.7,-0.01055245189323395
2022-03-07,78.45,-0.015683814303638632
2022-03-08,75.9,-0.03250478011472269
2022-03-09,76.3,0.005270092226613787
2022-03-10,78.5,0.028833551769331667
2022-03-11,77.55,-0.012101910828025475
2022-03-14,77.3,-0.003223726627981982
2022-03-15,75.85,-0.01875808538163004
2022-03-16,76.1,0.003295978905734964
2022-03-17,78.6,0.03285151116951379
2022-03-18,78.3,-0.003816793893129722
2022-03-21,78.8,0.0063856960408683605
2022-03-22,78.7,-0.0012690355329948444
2022-03-23,79.55,0.010800508259212194
2022-03-24,79.45,-0.0012570710245127792
2022-03-25,79.65,0.0025173064820642743
2022-03-28,78.75,-0.011299435028248705
2022-03-29,78.85,0.0012698412698410877
2022-03-30,79.75,0.011414077362079889
2022-03-31,79.6,-0.0018808777429467627
2022-04-01,78.95,-0.008165829145728498
2022-04-06,78.55,-0.005066497783407287
2022-04-07,77.3,-0.015913430935709738
2022-04-08,77.35,0.0006468305304010435
2022-04-11,76.35,-0.012928248222365823
2022-04-12,76.3,-0.0006548788474132206
2022-04-13,77.7,0.01834862385321112
2022-04-14,77.5,-0.002574002574002643
2022-04-15,76.15,-0.0174193548387096
2022-04-18,75.65,-0.006565988181221227
2022-04-19,76.0,0.004626569729015095
2022-04-20,76.35,0.004605263157894557
2022-04-21,76.35,0.0
2022-04-22,75.95,-0.0052390307793057644
2022-04-25,74.45,-0.01974983541803821
2022-04-26,74.4,-0.000671591672263272
2022-04-27,72.8,-0.021505376344086113
2022-04-28,73.25,0.006181318681318659
2022-04-29,74.25,0.013651877133105783
2022-05-03,73.5,-0.010101010101010055
2022-05-04,73.65,0.0020408163265306367
2022-05-05,74.4,0.010183299389002087
2022-05-06,73.0,-0.018817204301075363
2022-05-09,71.7,-0.017808219178082174
2022-05-10,71.5,-0.002789400278940035
2022-05-11,71.5,0.0
2022-05-12,69.8,-0.023776223776223793
2022-05-13,70.5,0.01002865329512903
2022-05-16,70.8,0.004255319148936065
2022-05-17,71.55,0.010593220338983134
2022-05-18,72.35,0.011180992313067684
2022-05-19,71.1,-0.01727712508638568
2022-05-20,71.85,0.010548523206751037
2022-05-23,72.0,0.0020876826722338038
2022-05-24,71.1,-0.012500000000000067
2022-05-25,71.6,0.007032348804500765
2022-05-26,70.75,-0.011871508379888152
2022-05-27,72.3,0.021908127208480455
2022-05-30,73.95,0.022821576763485618
2022-05-31,74.5,0.007437457741717335
2022-06-01,74.4,-0.0013422818791946067
2022-06-02,73.7,-0.009408602150537626
2022-06-06,74.2,0.006784260515603879
2022-06-07,73.35,-0.011455525606469119
2022-06-08,74.2,0.011588275391956504
2022-06-09,73.95,-0.003369272237196741
2022-06-10,73.35,-0.00811359026369185
2022-06-13,71.35,-0.02726653033401505
2022-06-14,71.25,-0.0014015416958653715
2022-06-15,70.8,-0.006315789473684275
2022-06-16,70.6,-0.0028248587570621764
2022-06-17,69.8,-0.011331444759206777
2022-06-20,69.0,-0.011461318051575908
2022-06-21,70.25,0.018115942028985588
2022-06-22,68.8,-0.020640569395017794
2022-06-23,67.8,-0.014534883720930258
2022-06-24,68.0,0.002949852507374784
2022-06-27,69.5,0.022058823529411686
2022-06-28,69.0,-0.007194244604316502
2022-06-29,68.3,-0.010144927536231974
2022-06-30,66.75,-0.022693997071742245
2022-07-01,64.45,-0.03445692883895124
2022-07-04,63.65,-0.01241272304111718
2022-07-05,64.15,0.00785545954438338
2022-07-06,63.1,-0.016367887763055422
2022-07-07,64.85,0.02773375594294758
2022-07-08,65.55,0.010794140323824308
2022-07-11,65.05,-0.0076277650648359785
2022-07-12,63.5,-0.023827824750192073
2022-07-13,65.6,0.03307086614173227
2022-07-14,65.8,0.0030487804878049918
2022-07-15,66.8,0.015197568389057725
2022-07-18,65.75,0.0029640718562875534
2022-07-19,65.8,0.0007604562737641984
2022-07-20,66.0,0.003039513677811634
2022-07-21,66.95,0.014393939393939403
2022-07-22,67.25,0.004480955937266495
2022-07-25,67.2,-0.0007434944237917351
2022-07-26,66.55,-0.00967261904761918
2022-07-27,67.1,0.008264462809917328
2022-07-28,67.3,0.0029806259314455463
2022-07-29,67.9,0.008915304606240904
2022-08-01,67.7,-0.002945508100147265
2022-08-02,66.6,-0.01624815361890708
2022-08-03,66.9,0.0045045045045046805
2022-08-04,67.1,0.002989536621823552
2022-08-05,68.75,0.024590163934426368
2022-08-08,68.6,-0.0021818181818182847
2022-08-09,68.45,-0.0021865889212826506
2022-08-10,67.8,-0.009495982468955555
2022-08-11,69.05,0.018436578171091345
2022-08-12,69.55,0.007241129616220032
2022-08-15,70.2,0.009345794392523477
2022-08-16,70.25,0.0007122507122505617
2022-08-17,70.4,0.002135231316725994
2022-08-18,69.8,-0.008522727272727404
2022-08-19,69.95,0.0021489971346706493
2022-08-22,68.95,-0.014295925661186537
2022-08-23,68.1,-0.012327773749093662
2022-08-24,67.9,-0.002936857562408024
2022-08-25,68.5,0.008836524300441795
2022-08-26,68.85,0.005109489051094762
2022-08-29,67.25,-0.02323892519970938
2022-08-30,67.25,0.0
2022-08-31,67.7,0.006691449814126393
2022-09-01,66.3,-0.020679468242245314
2022-09-02,65.7,-0.009049773755656076
2022-09-05,65.7,0.0
2022-09-06,66.1,0.006088280060882578
2022-09-07,64.65,-0.021936459909228323
2022-09-08,65.0,0.005413766434648082
2022-09-12,66.35,0.02076923076923065
2022-09-13,66.7,0.005275056518462717
2022-09-14,65.4,-0.019490254872563728
2022-09-15,65.5,0.001529051987767538
2022-09-16,64.85,-0.009923664122137521
2022-09-19,64.45,-0.006168080185042224
2022-09-20,65.0,0.00853374709076804
2022-09-21,64.5,-0.007692307692307665
2022-09-22,63.7,-0.012403100775193798
2022-09-23,63.0,-0.010989010989011061
2022-09-26,61.8,-0.01904761904761909
2022-09-27,61.7,-0.0016181229773462036
2022-09-28,60.4,-0.021069692058346856
2022-09-29,60.2,-0.0033112582781456013
2022-09-30,59.35,-0.014119601328903664
2022-10-03,58.7,-0.010951979780960408
2022-10-04,60.05,0.022998296422487075
2022-10-05,61.55,0.02497918401332222
2022-10-06,62.0,0.007311129163281915
2022-10-07,60.95,-0.01693548387096766
2022-10-11,57.9,-0.05004101722723553
2022-10-12,57.55,-0.006044905008635637
2022-10-13,56.85,-0.012163336229365718
2022-10-14,58.45,0.028144239226033374
2022-10-17,57.3,-0.019674935842600605
2022-10-18,58.0,0.01221640488656206
2022-10-19,57.25,-0.012931034482758674
2022-10-20,57.1,-0.0026200873362445254
2022-10-21,56.75,-0.0061295971978984065
2022-10-24,56.75,0.0
2022-10-25,55.5,-0.022026431718061623
2022-10-26,56.15,0.011711711711711592
2022-10-27,56.9,0.013357079252003468
2022-10-28,56.2,-0.012302284710017486
2022-10-31,56.95,0.013345195729537407
2022-11-01,57.25,0.005267778753292207
2022-11-02,57.5,0.004366812227074135
2022-11-03,56.8,-0.012173913043478257
2022-11-04,56.9,0.0017605633802817433
2022-11-07,57.85,0.016695957820738183
2022-11-08,58.5,0.011235955056179803
2022-11-09,60.0,0.02564102564102555
2022-11-10,59.45,-0.009166666666666656
2022-11-11,62.55,0.052144659377628244
2022-11-14,63.25,0.011191047162270262
2022-11-15,65.8,0.04031620553359683
2022-11-16,64.7,-0.0010638297872339608
2022-11-17,64.7,0.0
2022-11-18,64.55,-0.0023183925811438577
2022-11-21,64.25,-0.004647560030983655
2022-11-22,64.85,0.009338521400778177
2022-11-23,65.3,0.006939090208172738
2022-11-24,65.9,0.009188361408882129
2022-11-25,65.8,-0.0015174506828529166
2022-11-28,64.7,-0.01671732522796343
2022-11-29,65.1,0.0061823802163831765
2022-11-30,65.75,0.009984639016897168
2022-12-01,66.75,0.015209125475285079
2022-12-02,66.3,-0.006741573033707926
2022-12-05,66.25,-0.0007541478129713397
2022-12-06,65.2,-0.01584905660377356
2022-12-07,64.75,-0.006901840490797562
2022-12-08,64.0,-0.01158301158301156
2022-12-09,64.95,0.014843750000000044
2022-12-12,64.5,-0.006928406466512715
2022-12-13,64.15,-0.005426356589147252
2022-12-14,65.0,0.013250194855806585
2022-12-15,65.05,0.0007692307692306333
2022-12-16,63.9,-0.017678708685626376
2022-12-19,63.6,-0.0046948356807511304
2022-12-20,62.5,-0.01729559748427678
2022-12-21,62.65,0.0023999999999999577
2022-12-22,63.7,0.016759776536312998
2022-12-23,62.8,-0.014128728414442793
2022-12-26,62.95,0.0023885350318473275
2022-12-27,63.1,0.002382843526608447
2022-12-28,62.1,-0.015847860538827252
2022-12-29,61.85,-0.004025764895330131
2022-12-30,62.1,0.004042037186742009
2023-01-03,62.6,0.008051529790660261
2023-01-04,62.35,-0.003993610223642197
2023-01-05,62.8,0.007217321571772128
2023-01-06,63.2,0.006369426751592355
2023-01-09,65.25,0.032436708860759556
2023-01-10,65.75,0.00766283524904221
2023-01-11,65.6,-0.0022813688212928174
2023-01-12,65.55,-0.0007621951219511924
2023-01-13,66.3,0.011441647597254079
2023-01-16,66.85,0.008295625942684737
2023-01-17,66.75,-0.0014958863126401933
2023-01-30,69.75,0.04494382022471921
2023-01-31,68.6,-0.016487455197132683
2023-02-01,68.95,0.005102040816326703
2023-02-02,69.95,0.014503263234227681
2023-02-03,69.95,0.0
2023-02-06,69.0,-0.013581129378127277
2023-02-07,68.85,-0.0021739130434783593
2023-02-08,69.85,0.014524328249818419
2023-02-09,69.9,0.000715819613457569
2023-02-10,70.0,0.0014306151645206988
2023-02-13,69.85,-0.002142857142857224
2023-02-14,70.25,0.005726556907659441
2023-02-15,68.85,-0.01992882562277587
2023-02-16,69.6,0.01089324618736387
2023-02-17,68.7,-0.012931034482758452
2023-02-20,68.85,0.0021834061135370675
2023-02-21,68.75,-0.001452432824981753
2023-02-22,68.05,-0.01018181818181818
2023-02-23,69.05,0.014695077149154967
2023-02-24,68.7,-0.005068790731354023
2023-03-01,69.05,0.00509461426491975
2023-03-02,68.85,-0.002896451846488124
2023-03-03,69.0,0.002178649237472907
2023-03-06,69.75,0.010869565217391353
2023-03-07,70.1,0.00501792114695343
2023-03-08,69.65,-0.0064194008559199656
2023-03-09,69.55,-0.001435750179468842
2023-03-10,68.55,-0.014378145219266725
2023-03-13,68.75,0.0029175784099197966
2023-03-14,68.0,-0.010909090909090868
2023-03-15,68.0,0.0
2023-03-16,67.65,-0.0051470588235292825
2023-03-17,68.55,0.013303769401330268
2023-03-20,68.2,-0.0051057622173594774
2023-03-21,68.5,0.004398826979472137
2023-03-22,69.8,0.01897810218978102
2023-03-23,70.25,0.006446991404011504
2023-03-24,70.65,0.005693950177936058
2023-03-27,70.2,-0.006369426751592355
2023-03-28,69.6,-0.008547008547008628
2023-03-29,69.8,0.00287356321839094
2023-03-30,70.05,0.003581661891117527
2023-03-31,70.25,0.002855103497501732
2023-04-06,70.05,-0.002846975088968029
2023-04-07,69.95,-0.001427551748750866
2023-04-10,70.05,0.0014295925661185205
2023-04-11,69.95,-0.001427551748750866
2023-04-12,69.8,-0.002144388849178114
2023-04-13,69.2,-0.00859598853868182
2023-04-14,69.85,0.009393063583814865
2023-04-17,69.75,-0.0014316392269146938
2023-04-18,69.5,-0.0035842293906810374
2023-04-19,69.0,-0.007194244604316502
2023-04-20,68.9,-0.0014492753623187582
2023-04-21,68.7,-0.002902757619738794
2023-04-24,68.45,-0.00363901018922852
2023-04-25,67.6,-0.012417823228634162
2023-04-26,67.05,-0.008136094674556227
2023-04-27,67.2,0.0022371364653244186
2023-04-28,67.95,0.01116071428571419
2023-05-02,68.05,0.0014716703458423908
2023-05-03,67.85,-0.0029390154298309934
2023-05-04,67.95,0.0014738393515107973
2023-05-05,68.2,0.003679175864606421
2023-05-08,68.6,0.00586510263929596
2023-05-09,68.8,0.00291545189504383
2023-05-10,68.3,-0.007267441860465129
2023-05-11,68.0,-0.004392386530014614
2023-05-12,67.8,-0.002941176470588225
2023-05-15,67.8,0.0
2023-05-16,68.6,0.01179941002949847
2023-05-17,69.65,0.015306122448979664
2023-05-18,70.55,0.012921751615218913
2023-05-19,70.7,0.002126151665485576
2023-05-22,70.65,-0.0007072135785006761
2023-05-23,70.65,0.0
2023-05-24,70.3,-0.004953998584571906
2023-05-25,71.05,0.010668563300142209
2023-05-26,72.7,0.023223082336382816
2023-05-29,73.05,0.004814305364511551
2023-05-30,73.2,0.002053388090349051
2023-05-31,72.8,-0.005464480874317057
2023-06-01,72.2,-0.008241758241758212
2023-06-02,73.1,0.012465373961218829
2023-06-05,72.9,-0.002735978112174964
2023-06-06,73.15,0.003429355281207025
2023-06-07,73.95,0.010936431989063466
2023-06-08,73.25,-0.009465855307640325
2023-06-09,73.9,0.00887372013651877
2023-06-12,74.45,0.007442489851150258
2023-06-13,76.0,0.02081934184016121
2023-06-14,75.85,-0.0019736842105263497
2023-06-15,76.15,0.0039551746868822235
2023-06-16,75.9,-0.0032829940906106136
2023-06-19,75.85,-0.0006587615283268899
2023-06-20,75.4,-0.005932762030322891
2023-06-21,75.45,0.0006631299734747298
2023-06-26,75.0,-0.005964214711729698
2023-06-27,74.75,-0.0033333333333332993
2023-06-28,74.65,-0.0013377926421404007
2023-06-29,74.65,0.0
2023-06-30,74.75,0.0013395847287340779
2023-07-03,75.6,0.011371237458193795
2023-07-04,75.9,0.003968253968254176
2023-07-05,75.6,-0.0039525691699606735
2023-07-06,74.25,-0.017857142857142794
2023-07-07,74.0,-0.0033670033670033517
2023-07-10,73.8,-0.002702702702702786
2023-07-11,74.85,0.014227642276422703
2023-07-12,74.95,0.0013360053440214514
2023-07-13,75.75,0.010673782521681163
2023-07-14,76.3,0.007260726072607193
2023-07-17,76.45,0.001965923984272644
2023-07-18,75.0,-0.0012818835840417986
2023-07-19,74.7,-0.0040000000000000036
2023-07-20,74.7,0.0
2023-07-21,73.6,-0.014725568942436484
2023-07-24,73.7,0.0013586956521740579
2023-07-25,74.5,0.01085481682496603
2023-07-26,74.4,-0.0013422818791946067
2023-07-27,74.75,0.0047043010752687575
2023-07-28,74.8,0.0006688963210701449
2023-07-31,74.5,-0.004010695187165791
2023-08-01,74.85,0.004697986577181235
2023-08-02,74.0,-0.011356045424181671
2023-08-04,73.6,-0.005405405405405461
2023-08-07,74.1,0.006793478260869623
2023-08-08,73.4,-0.00944669365721984
2023-08-09,73.5,0.0013623978201633413
2023-08-10,73.1,-0.0054421768707483276
2023-08-11,72.95,-0.0020519835841311673
2023-08-14,72.05,-0.01233721727210424
2023-08-15,72.1,0.000693962526023606
2023-08-16,71.8,-0.004160887656033285
2023-08-17,71.9,0.001392757660167332
2023-08-18,71.55,-0.004867872044506338
2023-08-21,71.3,-0.0034940600978337066
2023-08-22,71.65,0.004908835904628539
2023-08-23,72.2,0.007676203768318235
2023-08-24,73.4,0.016620498614958512
2023-08-25,72.15,-0.017029972752043543
2023-08-28,72.4,0.0034650034650034467
2023-08-29,72.75,0.004834254143646355
2023-08-30,73.1,0.004810996563573866
2023-08-31,72.6,-0.0068399452804377425
2023-09-01,72.7,0.0013774104683197397
2023-09-04,73.2,0.00687757909215958
2023-09-05,73.1,-0.001366120218579403
2023-09-06,72.85,-0.0034199726402188713
2023-09-07,72.2,-0.008922443376801481
2023-09-08,71.9,-0.0041551246537395725
2023-09-11,71.65,-0.003477051460361591
2023-09-12,72.2,0.007676203768318235
2023-09-13,72.25,0.0006925207756232066
2023-09-14,73.25,0.01384083044982698
2023-09-15,73.5,0.0034129692832765013
2023-09-18,72.8,-0.009523809523809601
2023-09-19,72.5,-0.004120879120879106
2023-09-20,72.05,-0.006206896551724128
2023-09-21,71.1,-0.013185287994448291
2023-09-22,70.9,-0.002812939521800173
2023-09-25,71.45,0.007757404795486478
2023-09-26,70.6,-0.011896431070678948
2023-09-27,70.6,0.0
2023-09-28,70.85,0.003541076487252104
2023-10-02,71.8,0.013408609738885024
2023-10-03,71.45,-0.004874651810584885
2023-10-04,70.55,-0.01259622113365999
2023-10-05,71.4,0.012048192771084487
2023-10-06,71.75,0.004901960784313708
2023-10-11,72.85,0.015331010452961591
2023-10-12,73.45,0.008236101578586341
2023-10-13,73.3,-0.002042205582028722
2023-10-16,72.9,-0.005457025920873049
2023-10-17,72.9,0.0
2023-10-18,72.1,-0.010973936899863035
2023-10-19,72.25,0.0020804438280166426
2023-10-20,72.35,0.0013840830449827202
2023-10-23,71.55,-0.011057360055286791
2023-10-24,71.6,0.0006988120195667857
2023-10-25,71.7,0.0013966480446927498
2023-10-26,70.55,-0.016039051603905286
2023-10-27,70.65,0.0014174344436570507
2023-10-30,70.55,-0.0014154281670206714
2023-10-31,70.1,-0.006378454996456506
2023-11-01,70.3,0.0028530670470756636
2023-11-02,72.0,0.024182076813655806
2023-11-03,72.4,0.005555555555555536
2023-11-06,73.05,0.008977900552486151
2023-11-07,73.0,-0.000684462696783017
2023-11-08,73.35,0.004794520547945158
2023-11-09,73.45,0.0013633265167007913
2023-11-10,73.15,-0.004084411164057111
2023-11-13,74.25,0.015037593984962294
2023-11-14,74.5,0.0033670033670034627
2023-11-15,75.3,0.010738255033557076
2023-11-16,74.6,0.0021381142098273465
2023-11-17,74.75,0.00201072386058998
2023-11-20,74.65,-0.0013377926421404007
2023-11-21,75.55,0.0120562625586067
2023-11-22,75.0,-0.007279947054930513
2023-11-23,74.9,-0.0013333333333332975
2023-11-24,74.85,-0.0006675567423232165
2023-11-27,74.2,-0.00868403473613888
2023-11-28,74.85,0.008760107816711438
2023-11-29,74.8,-0.0006680026720106147
2023-11-30,74.95,0.0020053475935830622
2023-12-01,75.05,0.0013342228152100066
2023-12-04,74.9,-0.0019986675549632515
2023-12-05,74.4,-0.006675567423230944
2023-12-06,74.6,0.0026881720430105283
2023-12-07,74.2,-0.005361930294906059
2023-12-08,74.65,0.006064690026954311
2023-12-11,74.8,0.002009377093101117
2023-12-12,74.95,0.0020053475935830622
2023-12-13,75.05,0.0013342228152100066
2023-12-14,75.8,0.009993337774816702
2023-12-15,76.05,0.0032981530343008103
2023-12-18,76.1,0.0006574621959236637
2023-12-19,75.95,-0.001971090670170761
2023-12-20,76.1,0.0019749835418036987
2023-12-21,75.5,-0.007884362680683266
2023-12-22,75.65,0.001986754966887494
2023-12-25,76.0,0.004626569729015095
2023-12-26,76.4,0.0052631578947368585
2023-12-27,77.1,0.009162303664921323
2023-12-28,77.2,0.0012970168612194133
2023-12-29,77.15,-0.0006476683937823857
2024-01-02,76.9,-0.003240440699935232
2024-01-03,75.6,-0.016905071521456594
2024-01-04,75.55,-0.000661375661375585
2024-01-05,75.35,-0.002647253474520217
2024-01-08,75.9,0.007299270072992803
2024-01-09,75.85,-0.0006587615283268899
2024-01-10,75.55,-0.0039551746868820015
2024-01-11,75.9,0.0046326935804104075
2024-01-12,75.7,-0.0026350461133070047
2024-01-15,75.95,0.0033025099075296716
2024-01-16,75.2,-0.009874917709019049
2024-01-17,74.7,-0.0066489361702127825
2024-01-18,75.0,0.004016064257028162
2024-01-19,77.5,0.03333333333333344
2024-01-22,77.9,0.005161290322580614
2024-01-23,78.15,0.003209242618742003
2024-01-24,78.2,0.000639795265515053
2024-01-25,79.1,0.011508951406649537
2024-01-26,79.1,0.0
2024-01-29,79.6,0.006321112515802696
2024-01-30,79.45,-0.0018844221105526193
2024-01-31,78.45,-0.012586532410320928
2024-02-01,78.45,0.0
2024-02-02,78.95,0.006373486297004405
2024-02-05,79.55,0.007599746675110763
2024-02-15,82.95,0.04274041483343827
2024-02-16,82.5,-0.005424954792043413
2024-02-19,82.4,-0.001212121212121109
2024-02-20,82.7,0.00364077669902918
2024-02-21,82.4,-0.0036275695284159193
2024-02-22,83.35,0.011529126213592145
2024-02-23,83.9,0.006598680263947276
2024-02-26,84.15,0.0029797377830751426
2024-02-27,83.85,-0.0035650623885918886
2024-02-29,83.95,0.0011926058437687903
2024-03-01,83.7,-0.0029779630732579276
2024-03-04,85.85,0.025686977299880454
2024-03-05,86.65,0.009318578916715392
2024-03-06,87.15,0.0057703404500866196
2024-03-07,88.95,0.0206540447504302
2024-03-08,90.1,0.012928611579539062
2024-03-11,89.3,-0.008879023307436174
2024-03-12,90.2,0.010078387458006821
2024-03-13,90.8,0.006651884700665134
2024-03-14,90.55,-0.002753303964757703
2024-03-15,89.8,-0.008282716731087825
2024-03-18,90.3,0.0055679287305121505
2024-03-19,90.3,0.0
2024-03-20,89.9,-0.00442967884828338
2024-03-21,92.0,0.023359288097886566
2024-03-22,92.05,0.0005434782608695343
2024-03-25,92.1,0.0005431830526887449
2024-03-26,92.2,0.0010857763300760048
2024-03-27,92.25,0.0005422993492407713
2024-03-28,91.8,-0.004878048780487809
2024-03-29,92.25,0.004901960784313708
2024-04-01,91.85,-0.0043360433604336945
2024-04-02,93.2,0.01469787697332614
2024-04-03,92.8,-0.0042918454935623185
2024-04-08,93.1,0.003232758620689724
2024-04-09,95.45,0.025241675617615478
2024-04-10,95.35,-0.0010476689366161196
2024-04-11,94.95,-0.004195070791819577
2024-04-12,94.8,-0.0015797788309637184
2024-04-15,93.8,-0.010548523206751037
2024-04-16,91.3,-0.026652452025586304
2024-04-17,92.35,0.01150054764512598
2024-04-18,93.05,0.007579859231185759
2024-04-19,88.5,-0.04889844169801183
2024-04-22,88.0,-0.005649717514124242
2024-04-23,88.75,0.008522727272727293
2024-04-24,91.4,0.02985915492957747
2024-04-25,89.95,-0.015864332603938713
2024-04-26,91.35,0.015564202334630295
2024-04-29,92.75,0.01532567049808442
2024-04-30,92.7,-0.0005390835579514031
2024-05-02,91.5,-0.012944983818770295
2024-05-03,92.0,0.005464480874316946
2024-05-06,93.3,0.014130434782608559
2024-05-07,93.75,0.004823151125401992
2024-05-08,94.1,0.0037333333333333663
2024-05-09,94.0,-0.0010626992561104665
2024-05-10,94.75,0.007978723404255428
2024-05-13,95.4,0.0068601583113456766
2024-05-14,96.15,0.007861635220125729
2024-05-15,97.5,0.014040561622464809
2024-05-16,98.1,0.006153846153846176
2024-05-17,97.8,-0.003058103975535187
2024-05-20,97.65,-0.0015337423312882237
2024-05-21,97.6,-0.0005120327700973704
2024-05-22,99.5,0.01946721311475419
2024-05-23,100.2,0.007035175879396949
2024-05-24,99.9,-0.0029940119760478723
2024-05-27,101.1,0.012012012012011963
2024-05-28,101.15,0.0004945598417409602
2024-05-29,100.05,-0.010874938210578389
2024-05-30,98.3,-0.017491254372813625
2024-05-31,97.5,-0.008138351983723258
2024-06-03,99.15,0.01692307692307704
2024-06-04,97.8,-0.013615733736762614
2024-06-05,98.75,0.009713701431492971
2024-06-06,101.8,0.030886075949366987
2024-06-07,101.05,-0.007367387033398787
2024-06-11,101.3,0.002474022761009387
2024-06-12,103.15,0.018262586377097767
2024-06-13,104.55,0.013572467280659195
2024-06-14,105.25,0.006695361071257899
2024-06-17,105.2,-0.00047505938242276
2024-06-18,106.95,0.016634980988593062
2024-06-19,110.25,0.030855539971949453
2024-06-20,110.85,0.0054421768707482165
2024-06-21,110.0,-0.007668019846639562
2024-06-24,107.6,-0.021818181818181848
2024-06-25,107.45,-0.0013940520446096283
2024-06-26,108.45,0.009306654257794422
2024-06-27,108.25,-0.0018441678192715472
2024-06-28,109.2,0.00877598152424941
2024-07-01,109.4,0.001831501831501825
2024-07-02,108.6,-0.007312614259597949
2024-07-03,109.85,0.011510128913443829
2024-07-04,112.65,0.025489303595812585
2024-07-05,112.4,-0.002219263204616073
2024-07-08,115.6,0.028469750889679624
2024-07-09,115.75,0.001297577854671328
2024-07-10,116.25,0.004319654427645814
2024-07-11,118.9,0.022795698924731322
2024-07-12,115.6,-0.02775441547518931
2024-07-15,115.4,-0.0017301038062282892
2024-07-16,115.2,0.005051993067590965
2024-07-17,113.7,-0.01302083333333337
2024-07-18,111.4,-0.020228671943711474
2024-07-19,109.0,-0.021543985637342944
2024-07-22,105.6,-0.031192660550458773
2024-07-23,108.65,0.028882575757575912
2024-07-26,104.8,-0.03543488265071337
2024-07-29,105.65,0.008110687022900853
2024-07-30,105.75,0.0009465215333648302
2024-07-31,105.65,-0.0009456264775413725
2024-08-01,107.55,0.017983909133932663
2024-08-02,102.4,-0.0478847047884704
2024-08-05,93.7,-0.0849609375
2024-08-06,97.55,0.041088580576307265
2024-08-07,101.5,0.040492055356227574
2024-08-08,99.7,-0.017733990147783207
2024-08-09,102.7,0.030090270812437314
2024-08-12,104.05,0.01314508276533588
2024-08-13,104.4,0.0033637674195099443
2024-08-14,105.65,0.011973180076628287
2024-08-15,105.05,-0.005679129200189426
2024-08-16,107.35,0.02189433603046176
2024-08-19,107.45,0.0009315323707499434
2024-08-20,107.5,0.0004653327128896212
2024-08-21,106.25,-0.011627906976744207
2024-08-22,105.8,-0.004235294117647115
2024-08-23,105.95,0.0014177693761814325
2024-08-26,105.9,-0.00047192071731949614
2024-08-27,105.5,-0.0037771482530689626
2024-08-28,106.95,0.013744075829383862
2024-08-29,105.75,-0.011220196353436185
2024-08-30,105.75,0.0
2024-09-02,105.65,-0.0009456264775413725
2024-09-03,105.35,-0.002839564600094713
2024-09-04,100.3,-0.04793545325106785
2024-09-05,100.75,0.004486540378863424
2024-09-06,102.15,0.013895781637717208
2024-09-09,100.5,-0.016152716593245242
2024-09-10,100.55,0.0004975124378108209
2024-09-11,100.3,-0.0024863252113376255
2024-09-12,104.0,0.03688933200398803
2024-09-13,104.4,0.0038461538461538325
2024-09-16,104.8,0.003831417624520883
2024-09-18,103.9,-0.00858778625954193
2024-09-19,105.35,0.013955726660250134
2024-09-20,106.6,0.01186521120075934
2024-09-23,107.0,0.0037523452157599557
2024-09-24,108.05,0.00981308411214954
2024-09-25,109.8,0.016196205460434987
2024-09-26,110.55,0.006830601092896238
2024-09-27,110.3,-0.0022614201718679228
2024-09-30,107.5,-0.025385312783318237
2024-10-01,107.5,0.0
2024-10-04,107.5,0.0
2024-10-07,109.95,0.022790697674418547
2024-10-08,109.45,-0.004547521600727578
2024-10-09,110.75,0.01187756966651432
2024-10-11,112.65,0.017155756207674955
2024-10-14,112.8,0.0013315579227695107
2024-10-15,114.95,0.019060283687943214
2024-10-16,113.15,-0.01565898216615913
2024-10-17,113.2,0.00044189129474148103
2024-10-18,115.9,0.023851590106007015
2024-10-21,116.2,0.0025884383088869978
2024-10-22,115.6,-0.005163511187607606
2024-10-23,114.9,-0.006055363321799234
2024-10-24,114.2,-0.006092254134029584
2024-10-25,115.0,0.007005253940455258
2024-10-28,114.85,-0.0013043478260870156
2024-10-29,112.75,-0.018284719198955135
2024-10-30,112.2,-0.004878048780487809
2024-11-01,111.65,-0.004901960784313708
2024-11-04,113.15,0.01343484102104786
2024-11-05,113.45,0.002651347768448886
2024-11-06,114.4,0.008373732921992172
2024-11-07,115.4,0.00874125874125875
2024-11-08,116.45,0.009098786828422911
2024-11-11,116.45,0.0
2024-11-12,113.7,-0.02361528553027048
2024-11-13,112.95,-0.006596306068601621
2024-11-14,112.05,-0.007968127490039945
2024-11-15,112.3,0.002231146809460016
2024-11-18,110.4,-0.008904719501335534
2024-11-19,111.45,0.009510869565217295
2024-11-20,111.2,-0.0022431583669807464
2024-11-21,109.9,-0.011690647482014316
2024-11-22,111.65,0.015923566878981
2024-11-25,111.45,-0.0017913121361397
2024-11-26,109.9,-0.013907581875280406
2024-11-27,108.55,-0.012283894449499622
2024-11-28,108.3,-0.002303086135421517
2024-11-29,108.25,-0.0004616805170821747
2024-12-02,111.15,0.026789838337182514
2024-12-03,112.45,0.011695906432748426
2024-12-04,113.35,0.008003557136505135
2024-12-05,113.85,0.004411116012351224
2024-12-06,113.5,-0.0030742204655247463
2024-12-09,113.6,0.0008810572687223406
2024-12-10,113.1,-0.004401408450704247
2024-12-11,111.9,-0.010610079575596676
2024-12-12,113.15,0.011170688114387817
2024-12-13,113.45,0.002651347768448886
2024-12-16,113.75,0.002644336712207984
2024-12-17,114.2,0.003956043956043986
2024-12-18,114.4,0.0017513134851139256
2024-12-19,113.1,-0.011363636363636465
2024-12-20,111.9,-0.010610079575596676
2024-12-23,114.3,0.02144772117962468
2024-12-24,114.55,0.0021872265966753623
2024-12-25,114.9,0.0030554343081623525
2024-12-26,115.0,0.0008703220191470518
2024-12-27,115.3,0.002608695652173809
2024-12-30,114.95,-0.0030355594102341454
2024-12-31,114.1,-0.007394519356241913
2025-01-02,112.8,-0.011393514460999121
2025-01-03,113.5,0.006205673758865382
2025-01-06,117.0,0.03083700440528636
2025-01-07,118.25,0.010683760683760646
2025-01-08,116.8,-0.012262156448202943
2025-01-09,115.5,-0.011130136986301387
2025-01-10,115.15,-0.003030303030302939
2025-01-13,112.8,-0.020408163265306145
2025-01-14,113.25,0.003989361702127603
2025-01-15,112.75,-0.004415011037527616
2025-01-16,114.8,0.018181818181818077
2025-01-17,115.3,0.00435540069686402
2025-01-20,116.55,0.010841283607979202
2025-01-21,116.7,0.0012870012870014325
2025-01-22,118.4,0.014567266495287168
2025-02-03,113.15,-0.04434121621621623
2025-02-04,113.55,0.0035351303579318483
2025-02-05,115.45,0.016732716864817254
2025-02-06,115.9,0.0038977912516240387
2025-02-07,116.55,0.00560828300258831
2025-02-10,115.45,-0.009438009438009431
2025-02-11,115.95,0.004330879168471302
2025-02-12,115.9,-0.0004312203536006587
2025-02-13,115.35,-0.00474547023295957
2025-02-14,114.0,-0.011703511053315907
2025-02-17,115.6,0.01403508771929829
2025-02-18,116.15,0.004757785467128128
2025-02-19,115.5,-0.0055962117950926205
2025-02-20,115.5,0.0
2025-02-21,116.15,0.005627705627705648
2025-02-24,115.2,-0.00817907877744295
2025-02-25,113.7,-0.01302083333333337
2025-02-26,113.95,0.0021987686895339476
2025-02-27,113.15,-0.007020623080298383
2025-03-03,110.45,-0.023862129916040642
2025-03-04,109.7,-0.006790402897238534
2025-03-05,111.1,0.012762078395624377
2025-03-06,110.3,-0.007200720072007227
2025-03-07,109.3,-0.00906618313689933
2025-03-10,108.75,-0.005032021957913968
2025-03-11,106.6,-0.019770114942528783
2025-03-12,107.05,0.004221388367729784
2025-03-13,106.35,-0.006539000467071454
2025-03-14,105.9,-0.004231311706628937
2025-03-17,106.95,0.009915014164305846
2025-03-18,107.35,0.003740065451145247
2025-03-19,106.05,-0.012109920819748488
2025-03-20,108.3,0.021216407355021172
2025-03-21,107.55,-0.006925207756232732
2025-03-24,107.15,-0.003719200371919973
2025-03-25,108.65,0.013999066728884735
2025-03-26,108.4,-0.0023009664058905033
2025-03-27,106.25,-0.019833948339483487
2025-03-28,105.15,-0.010352941176470565
2025-03-31,101.5,-0.03471231573941991
2025-04-01,103.75,0.022167487684729092
2025-04-02,103.7,-0.00048192771084332175
2025-04-07,93.35,-0.09980713596914181
2025-04-08,89.9,-0.036957686127477074
2025-04-09,85.9,-0.04449388209121241
2025-04-10,94.45,0.09953434225844005
2025-04-11,96.8,0.024880889359449432
2025-04-14,95.95,-0.008780991735537147
2025-04-15,97.0,0.010943199583116181
2025-04-16,95.1,-0.019587628865979423
2025-04-17,94.45,-0.006834910620399537
2025-04-18,94.55,0.001058761249338236
2025-04-21,93.2,-0.014278159703860371
2025-04-22,91.65,-0.016630901287553623
2025-04-23,95.65,0.04364429896344779
2025-04-24,95.1,-0.005750130684788357
2025-04-25,97.5,0.025236593059936974
2025-04-28,98.1,0.006153846153846176
2025-04-29,98.7,0.006116207951070374
2025-04-30,98.9,0.0020263424518744966
2025-05-02,102.0,0.03134479271991908
2025-05-05,100.7,-0.012745098039215641
2025-05-06,100.15,-0.005461767626613656
2025-05-07,100.05,-0.0009985022466301174
2025-05-08,101.5,0.01449275362318847
2025-05-09,102.45,0.009359605911330116
2025-05-12,103.55,0.010736944851146735
2025-05-13,105.1,0.014968614196040564
2025-05-14,107.4,0.021883920076118057
2025-05-15,107.3,-0.0009310986964619072
2025-05-16,107.4,0.0009319664492080104
2025-05-19,105.95,-0.013500931098696434
2025-05-20,106.15,0.0018876828692779846
2025-05-21,107.55,0.013188883655204764
2025-05-22,106.35,-0.01115760111576014
2025-05-23,106.1,-0.002350728725905027
2025-05-26,105.85,-0.0023562676720075837
2025-05-27,104.75,-0.010392064241851573
2025-05-28,105.4,0.006205250596658773
2025-05-29,105.45,0.0004743833017077925
2025-06-02,103.25,-0.020862968231389334
2025-06-03,103.9,0.006295399515738653
2025-06-04,106.55,0.02550529355149167
2025-06-05,106.95,0.0037541060534960202
2025-06-06,107.1,0.0014025245441795509
2025-06-09,108.1,0.00933706816059754
2025-06-10,110.65,0.023589269195189777
2025-06-11,111.7,0.009489380930863156
2025-06-12,111.4,-0.0026857654431512445
2025-06-13,109.9,-0.013464991023339312
2025-06-16,110.25,0.0031847133757960666
2025-06-17,110.7,0.004081632653061273
2025-06-18,111.5,0.0072267389340558985
2025-06-19,110.45,-0.009417040358744355
2025-06-20,110.4,-0.00045269352648258376
2025-06-23,109.4,-0.009057971014492794
2025-06-24,111.45,0.01873857404021928
2025-06-25,112.95,0.013458950201884257
2025-06-26,112.9,-0.0004426737494466204
2025-06-27,113.25,0.003100088573959159
2025-06-30,113.05,-0.0017660044150110688
2025-07-01,114.05,0.00884564352056616
2025-07-02,114.25,0.0017536168347216385
2025-07-03,115.35,0.009628008752735173
2025-07-04,114.5,-0.007368877329865575
2025-07-07,114.0,-0.004366812227074246
2025-07-08,113.3,-0.0061403508771930015
2025-07-09,114.45,0.010150044130626812
2025-07-10,115.75,0.011358671909130535
2025-07-11,116.25,0.004319654427645814
2025-07-14,115.35,-0.007741935483871032
2025-07-15,117.0,0.014304291287386306
2025-07-16,117.2,0.010162393162393313
2025-07-17,117.55,0.002986348122866911
2025-07-18,119.25,0.01446193109315197
2025-07-21,118.75,-0.004192872117400381
2025-07-22,117.95,-0.006736842105263152
2025-07-23,118.65,0.005934718100890191
2025-07-24,119.15,0.004214075010535279
2025-07-25,118.9,-0.0020981955518254436
2025-07-28,119.3,0.003364171572750152
2025-07-29,117.8,-0.012573344509639539
2025-07-30,119.1,0.011035653650254718
2025-07-31,120.6,0.012594458438287104
2025-08-01,119.35,-0.01036484245439473
2025-08-04,118.65,-0.0058651026392960715
2025-08-05,120.25,0.013485040033712536
2025-08-06,119.1,-0.00956340956340962
2025-08-07,123.0,0.032745591939546737
2025-08-08,122.95,-0.00040650406504061376
2025-08-11,123.75,0.006506710044733577
2025-08-12,123.9,0.00121212121212122
2025-08-13,124.95,0.008474576271186418
2025-08-14,124.25,-0.0056022408963585235
2025-08-15,124.25,0.0
2025-08-18,124.7,0.003621730382293853
2025-08-19,124.4,-0.002405773857257376
2025-08-20,120.7,-0.029742765273311877
2025-08-21,121.6,0.007456503728251684
2025-08-22,120.85,-0.00616776315789469
2025-08-25,123.4,0.0211005378568474
2025-08-26,123.35,-0.0004051863857374993
2025-08-27,124.25,0.007296311309282544
2025-08-28,122.9,-0.010865191146881226
2025-08-29,122.75,-0.0012205044751830707
2025-09-01,121.6,-0.009368635437881911
2025-09-02,121.55,-0.0004111842105263275
2025-09-03,121.4,-0.0012340600575894145
2025-09-04,122.2,0.006589785831960349
2025-09-05,123.35,0.009410801963993354
2025-09-08,124.85,0.012160518848804314
2025-09-09,125.85,0.00800961153384061
2025-09-10,128.5,0.02105681366706391
2025-09-11,129.6,0.008560311284046662
2025-09-12,130.75,0.008873456790123413
2025-09-15,130.7,-0.0003824091778203975
2025-09-16,132.5,0.01377199693955622
2025-09-17,131.5,-0.007547169811320753
2025-09-18,132.75,0.009505703422053147
2025-09-19,132.7,-0.00037664783427504567
2025-09-22,133.7,0.007535795026375247
2025-09-23,136.3,0.01944652206432318
2025-09-24,136.35,0.0003668378576668907
2025-09-25,135.75,-0.004400440044004306
2025-09-26,133.4,-0.017311233885819455
2025-09-30,134.8,0.010494752623688264
2025-10-01,135.35,0.004080118694361978
2025-10-02,138.2,0.02105652013298842
2025-10-03,140.4,0.01591895803183796
2025-10-07,144.05,0.025997150997151053
2025-10-08,142.4,-0.011454356126345044
2025-10-09,143.85,0.010182584269662787
2025-10-13,142.05,-0.012513034410844504
2025-10-14,141.8,-0.0017599436818022118
2025-10-15,144.65,0.020098730606487925
2025-10-16,147.35,0.018665744901486203
2025-10-17,145.1,-0.015269765863590079
2025-10-20,147.45,0.016195727084769018
2025-10-21,147.6,0.0010172939979653517
2025-10-22,146.85,-0.005081300813008172
2025-10-23,145.7,-0.007831120190670782
2025-10-27,149.35,0.025051475634866094
2025-10-28,148.45,-0.006026113157013735
2025-10-29,150.95,0.016840687100033724
2025-10-30,150.9,-0.0003312355084463814
2025-10-31,151.8,0.005964214711729587
2025-11-03,150.2,-0.01054018445322813
2025-11-04,149.75,-0.0029960053262315656
2025-11-05,147.55,-0.014691151919866363
2025-11-06,148.4,0.0057607590647237306
2025-11-07,146.25,-0.014487870619946164
2025-11-10,148.0,0.011965811965811923
2025-11-11,147.1,-0.0060810810810810745
2025-11-12,148.05,0.006458191706322447
2025-11-13,147.05,-0.006754474839581248
2025-11-14,144.2,-0.019381162869772317
2025-11-17,144.8,0.004160887656033507
2025-11-18,138.25,-0.02142265193370163
2025-11-19,137.3,-0.00687160940325493
2025-11-20,141.55,0.030954115076474942
2025-11-21,136.55,-0.03532320734722716
2025-11-24,135.9,-0.004760161113145367
2025-11-25,138.2,0.016924208977189048
2025-11-26,140.6,0.01736613603473236
2025-11-27,141.7,0.007823613086771042
2025-11-28,142.85,0.008115737473535667
2025-12-01,140.7,-0.015050752537626888
2025-12-02,141.35,0.004619758351101622
2025-12-03,142.45,0.0077821011673151474
2025-12-04,142.35,-0.0007020007020006602
2025-12-05,143.55,0.008429926238145535
2025-12-08,145.7,0.014977359804945856
2025-12-09,145.45,-0.0017158544955387933
2025-12-10,146.5,0.007218975592987453
2025-12-11,144.7,-0.012286689419795271
2025-12-12,145.5,0.005528680027643507
2025-12-15,143.8,-0.011683848797250818
2025-12-16,142.45,-0.009388038942976462
2025-12-17,142.05,-0.002808002808002641
2025-12-18,141.65,-0.002815909890883539
2025-12-19,143.05,0.009883515707730384
2025-12-22,145.2,0.015029709891646093
2025-12-23,146.0,0.005509641873278293
2025-12-24,146.3,0.00205479452054802
2025-12-26,147.55,0.008544087491455965
2025-12-29,149.2,0.01118264994916962
2025-12-30,149.15,-0.00033512064343155235
2025-12-31,150.1,0.006369426751592355
2026-01-02,152.95,0.018987341772151778
2026-01-05,158.65,0.037267080745341685
2026-01-06,160.5,0.011660888748818099
2026-01-07,159.0,-0.009345794392523366
2026-01-08,159.55,0.0034591194968554007
2026-01-09,159.15,-0.0025070510811657787
2026-01-12,160.15,0.006283380458686816
2026-01-13,160.85,0.004370902279113187
2026-01-14,161.45,0.003730183400683762
2026-01-15,160.95,-0.003096934035305088
2026-01-16,164.2,0.020192606399503044
2026-01-19,165.5,0.007917174177831887
2026-01-20,165.5,0.0
2026-01-21,164.1,-0.008459214501510659
2026-01-22,165.85,0.010664229128580116
2026-01-23,167.15,0.007838408200181002
2026-01-26,167.3,0.0008973975471133766
2026-01-27,169.0,0.010161386730424216
2026-01-28,171.7,0.01597633136094667
2026-01-29,170.75,-0.005532906231799584
2026-01-30,168.05,-0.015812591508052587
2026-02-02,165.35,-0.016066646831300324
2026-02-03,168.8,0.020864832174176007
2026-02-04,168.85,0.0002962085308055862
2026-02-05,166.55,-0.013621557595498879
2026-02-06,166.5,-0.0003002101471030194
2026-02-09,171.25,0.028528528528528607
2026-02-10,174.8,0.020729927007299365
2026-02-11,178.65,0.022025171624713957
2026-02-23,179.05,0.0022390148334732185
2026-02-24,184.0,0.02764590896397645
2026-02-25,187.75,0.020380434782608647
2026-02-26,188.0,0.0013315579227697327
2026-03-02,186.35,-0.008776595744680926
2026-03-03,182.4,-0.02119667292728733
2026-03-04,175.05,-0.04029605263157887
2026-03-05,179.35,0.024564410168523176
2026-03-06,178.2,-0.006412043490381936
2026-03-09,170.45,-0.043490460157126876
2026-03-10,174.0,0.020827222059254913
2026-03-11,181.2,0.04137931034482745
2026-03-12,177.85,-0.018487858719646755
2026-03-13,176.25,-0.008996345234748349
2026-03-16,175.5,-0.004255319148936176
2026-03-17,177.75,0.012820512820512775
2026-03-18,180.5,0.015471167369901506
2026-03-19,176.6,-0.02160664819944602
2026-03-20,176.2,-0.0022650056625141968
2026-03-23,172.25,-0.022417707150964694
2026-03-24,172.75,0.002902757619738683
2026-03-25,176.55,0.021997105643994264
2026-03-26,176.15,-0.0022656471254602906
2026-03-27,174.45,-0.00965086573942675
2026-03-30,171.35,-0.017770134709085617
2026-03-31,168.1,-0.018967026553837196
2026-04-01,175.3,0.042831647828673436
2026-04-02,171.6,-0.02110667427267554
2026-04-07,174.8,0.018648018648018683
2026-04-08,183.6,0.05034324942791746
2026-04-09,183.95,0.0019063180827887383
2026-04-10,187.3,0.018211470508290528
2026-04-13,186.95,-0.0018686599038976182
2026-04-14,192.05,0.02728002139609531
2026-04-15,195.05,0.015620932048945546
2026-04-16,196.8,0.008972058446552245
2026-04-17,194.85,-0.009908536585365946
2026-04-20,196.0,0.005901975878881194
2026-04-21,199.55,0.01811224489795915
2026-04-22,199.95,0.002004510147832539
2026-04-23,200.1,0.0007501875468867159
2026-04-24,208.95,0.04422788605697159
2026-04-27,215.45,0.031107920555156765
2026-04-28,213.15,-0.010675330703179275
2026-04-29,210.45,-0.012667135819845243
2026-04-30,209.75,-0.003326205749584199
2026-05-04,219.2,0.045053635280095206
2026-05-05,219.6,0.0018248175182482562
2026-05-06,222.0,0.010928961748633892
2026-05-07,226.8,0.021621621621621623
2026-05-08,224.3,-0.011022927689594342
2026-05-11,224.45,0.0006687472135531447
2026-05-12,224.55,0.0004455335263979787
2026-05-13,221.2,-0.014918726341572097
2026-05-14,222.5,0.005877034358046984
2026-05-15,220.4,-0.009438202247190941
2026-05-18,219.4,-0.00453720508166966
2026-05-19,215.65,-0.017092069279854183
2026-05-20,214.1,-0.007187572455367497
2026-05-21,221.55,0.03479682391405903
2026-05-22,225.05,0.01579778830963674
2026-05-25,233.15,0.03599200177738271
2026-05-26,232.55,-0.0025734505683036035
2026-05-27,237.6,0.021715760051601807
2026-05-28,233.15,-0.018728956228956206
2026-05-29,241.25,0.03474158267209959
2026-06-01,243.9,0.010984455958549244
2026-06-02,244.55,0.0026650266502665776
2026-06-03,248.8,0.01737885912901249
2026-06-04,245.95,-0.01145498392282962
2026-06-05,241.05,-0.01992274852612308
2026-06-08,233.85,-0.02986932171748602
2026-06-09,239.55,0.02437459910198858
2026-06-10,232.05,-0.03130870381966189
2026-06-11,231.0,-0.004524886877828149
2026-06-12,236.1,0.02207792207792214
2026-06-15,244.1,0.03388394747988133
2026-06-16,245.35,0.005120852109790963
2026-06-17,246.3,0.0038720195638883848
2026-06-18,249.1,0.01136825010150222
2026-06-22,257.45,0.0335206744279406
2026-06-23,254.35,-0.012041173043309317
2026-06-24,247.95,-0.025162178101041932
2026-06-25,248.1,0.000604960677555999
2026-06-26,238.7,-0.03788794840790011
2026-06-29,242.75,0.0169669040636784
2026-06-30,250.2,0.03069001029866114
2026-07-01,253.65,0.013788968824940184
2026-07-02,252.3,-0.0053222945002956434
2026-07-03,251.35,-0.0037653586999604194
2026-07-06,251.35,0.0
2026-07-07,246.5,-0.01929580266560571
2026-07-08,246.15,-0.0014198782961459822
2026-07-09,245.7,-0.001828153564899515
2026-07-13,246.75,0.004273504273504258
2026-07-14,242.8,-0.016008105369807457
2026-07-15,246.6,0.01565074135090594
2026-07-16,242.5,0.0026358475263585923
2026-07-17,227.75,-0.06082474226804124
2026-07-20,226.0,-0.007683863885839748
2026-07-21,234.55,0.03783185840707959
2026-07-22,237.4,0.01215092730761036
2026-07-23,237.9,0.002106149957876946
2026-07-24,233.0,-0.020596889449348454
2026-07-27,232.75,-0.0010729613733905241
2026-07-28,222.1,-0.045757250268528504
2026-07-29,214.05,-0.036244934714092625
2026-07-30,214.4,0.0016351319785097296
2026-07-31,235.35,0.09771455223880587
2026-08-03,232.9,-0.010410027618440565
2026-08-04,230.15,-0.01180764276513524
2026-08-05,238.25,0.03519443840973269
2026-08-06,236.55,-0.0071353620146904495
2026-08-07,235.35,-0.005072923272035568
2026-08-10,238.7,0.014234119396643319
2026-08-11,238.9,0.000837871805613899
2026-08-12,240.9,0.008371703641691042
2026-08-13,244.4,0.014528850145288486
2026-08-14,243.45,-0.0038870703764321
2026-08-17,244.05,0.0024645717806532907
2026-08-18,240.7,-0.013726695349313811
2026-08-19,236.75,-0.016410469464063104
2026-08-20,237.85,0.004646251319957662
2026-08-21,239.3,0.00609627916754274
2026-08-24,238.2,-0.004596740493104989
2026-08-25,239.45,0.0052476910159529044
2026-08-26,242.85,0.014199206514930118
2026-08-27,243.15,0.001235330450895633
2026-08-28,245.1,0.008019740900678585
2026-08-31,242.9,-0.008975928192574423
2026-09-01,248.35,0.022437216961712636
2026-09-02,245.2,-0.012683712502516653
2026-09-03,243.8,-0.005709624796084722
2026-09-04,247.25,0.014150943396226356
2026-09-07,251.65,0.017795753286147686
2026-09-08,250.05,-0.00635803695608983
2026-09-09,250.3,0.0009998000399920048
2026-09-10,249.55,-0.0029964043148221764
2026-09-11,246.1,-0.01382488479262678
2026-09-14,244.65,-0.00589191385615595
2026-09-15,243.5,-0.004700592683425375
2026-09-16,244.6,0.004517453798768001
2026-09-17,247.4,0.011447260834014816
2026-09-18,251.2,0.015359741309620034
2026-09-21,254.7,0.013933121019108263
2026-09-22,255.7,0.0039261876717706645
2026-09-23,257.0,0.005084082909659893
2026-09-24,256.85,-0.000583657587548525
2026-09-29,255.2,-0.0064239828693791745
2026-09-30,256.3,0.004310344827586299
2026-10-01,258.25,0.007608271556769353
2026-10-02,258.3,0.00019361084220714808
